# 3ds Max Wavefront OBJ Exporter v0.97b - (c)2007 guruware
# File Created: 04.04.2021 15:28:32

mtllib SM_HiRezTV.mtl

#
# object SM_HiRezTV
#

v  -107.9057 45.3161 88.7258
v  -107.9057 43.2722 88.7258
v  -107.9057 43.2722 104.6587
v  -107.9057 45.3161 104.6587
v  -111.5606 11.2072 -133.0610
v  -107.7342 10.1198 -134.0656
v  -107.7342 10.1198 131.8687
v  -111.5606 11.2072 130.8642
v  -112.7462 12.6394 -131.0841
v  -111.5606 11.4688 -133.7774
v  -112.7462 12.8921 -131.9061
v  -111.5606 12.1450 -134.4753
v  -112.7462 15.4970 -128.0828
v  -112.7462 12.6394 128.8873
v  -112.7462 12.8921 129.7093
v  -111.5606 11.4688 131.5805
v  -112.7462 15.7539 126.6091
v  -112.7462 15.4970 125.8860
v  -112.7462 15.7539 -128.8059
v  -112.7462 13.7512 -132.8595
v  -111.5606 12.8346 -134.7440
v  -112.7462 14.4857 -133.1391
v  -112.7462 16.4772 -129.5735
v  -112.7462 17.1627 -129.8469
v  -112.7462 166.2890 -129.8469
v  -112.7462 168.9293 -133.1391
v  -111.5606 170.6196 -134.7440
v  -111.5606 171.5226 -134.3928
v  -112.7462 169.8901 -132.7738
v  -112.7462 167.1839 -129.4896
v  -112.7462 170.7897 -131.7754
v  -111.5606 172.2102 -133.6832
v  -111.5606 172.5523 -132.7385
v  -112.7462 171.4080 -130.6989
v  -112.7462 167.9269 -128.7012
v  -112.7462 168.2625 -127.7580
v  -112.7462 168.2626 125.5611
v  -112.7462 171.1202 128.5020
v  -111.5606 172.5523 130.5417
v  -111.5606 172.2102 131.4864
v  -112.7462 170.7897 129.5785
v  -112.7462 167.9269 126.5043
v  -112.7462 169.8901 130.5769
v  -111.5606 171.5226 132.1960
v  -111.5606 170.6196 132.5471
v  -112.7462 168.9293 130.9422
v  -112.7462 167.1840 127.2927
v  -112.7462 166.2891 127.6500
v  -112.7462 17.1627 127.6501
v  -112.7462 14.4857 130.9423
v  -111.5606 12.8346 132.5471
v  -111.5606 12.1450 132.2784
v  -112.7462 13.7512 130.6627
v  -112.7462 16.4772 127.3767
v  -108.7357 45.9761 105.3187
v  -108.7357 45.9761 88.0658
v  -108.7357 42.6122 88.0658
v  -108.7357 42.6122 105.3187
v  -107.9508 10.4341 132.4667
v  -27.5032 10.4918 131.8097
v  -108.5292 11.2730 133.0368
v  -27.5032 11.3069 132.9877
v  -27.5032 10.7579 132.4470
v  -26.7631 10.9442 132.1596
v  -26.7536 10.7247 131.4317
v  -26.7623 11.4680 132.7185
v  -25.2781 12.2468 131.4169
v  -25.2978 11.8284 130.7833
v  -25.3113 11.8404 129.7047
v  -24.9605 12.3614 129.9502
v  -24.9603 12.6589 130.7282
v  -24.9693 24.5521 110.8505
v  -24.9604 13.2895 130.8642
v  -25.2701 12.8935 131.5682
v  -26.7622 12.1085 132.9637
v  -27.5032 11.9472 133.2507
v  -108.7462 11.9690 133.2507
v  -108.7462 171.5178 133.2507
v  -27.5032 171.5441 133.2507
v  -26.7622 171.3834 132.9637
v  -25.2690 170.6007 131.5667
v  -24.9601 170.2078 130.8658
v  -24.9667 158.9893 110.8550
v  -24.9608 12.3451 128.6432
v  -108.7462 172.3621 132.9050
v  -27.5032 172.3789 132.9051
v  -26.7620 172.2164 132.6372
v  -25.2770 171.4298 131.3414
v  -24.9601 171.0159 130.6597
v  -24.9602 171.2952 129.8778
v  -25.3014 171.8437 130.7255
v  -26.7623 172.7251 132.0878
v  -27.5032 172.9102 132.3737
v  -108.7462 172.9101 132.3570
v  -108.7462 173.2559 131.5116
v  -27.5032 173.2559 131.5389
v  -26.7635 173.0092 131.1816
v  -25.3041 171.8403 129.4742
v  -24.9604 171.2928 128.4115
v  -24.9667 161.0565 -116.0646
v  -24.9604 171.2912 -130.6085
v  -25.3041 171.8407 -131.6711
v  -26.7635 173.0093 -133.3784
v  -27.5032 173.2559 -133.7357
v  -108.7462 173.2559 -133.7085
v  -108.7462 172.9101 -134.5538
v  -27.5032 172.9102 -134.5706
v  -26.7623 172.7252 -134.2847
v  -25.3014 171.8437 -132.9224
v  -24.9602 171.2952 -132.0747
v  -24.9601 171.0159 -132.8565
v  -25.2770 171.4298 -133.5383
v  -26.7620 172.2164 -134.8340
v  -27.5032 172.3789 -135.1019
v  -108.7462 172.3621 -135.1018
v  -108.7462 171.5178 -135.4476
v  -27.5032 171.5441 -135.4475
v  -26.7622 171.3834 -135.1605
v  -25.2690 170.6007 -133.7635
v  -24.9601 170.2078 -133.0626
v  -25.0620 22.8830 -116.1001
v  -24.9703 12.4127 -134.4027
v  -25.2007 12.2727 -135.4905
v  -26.7628 12.0320 -136.1536
v  -27.5032 11.9473 -136.3706
v  -108.7462 11.9690 -135.4476
v  -108.5292 11.2730 -135.2337
v  -27.5032 11.3069 -136.2241
v  -26.7628 11.3898 -136.0402
v  -25.1963 11.5860 -135.3163
v  -24.9771 11.7994 -134.2652
v  -24.9712 11.4973 -133.6066
v  -24.9748 11.4217 -132.3938
v  -25.3042 11.1997 -134.8556
v  -26.7637 10.8717 -135.5828
v  -25.3211 11.0186 -134.1037
v  -26.7530 10.5384 -134.8141
v  -27.5032 10.7579 -135.6373
v  -107.9508 10.4341 -134.6636
v  -27.5032 10.4918 -134.9999
v  -30.7158 7.9431 126.6731
v  -31.3915 7.9474 127.3798
v  -31.3915 -1.2173 123.2492
v  -30.7158 -1.1948 122.5505
v  -30.2215 -1.1120 121.3297
v  -30.7158 7.9430 125.4537
v  -30.5512 -1.1120 -125.1147
v  -30.7155 7.8570 -127.5236
v  -30.7158 -1.1851 -126.3384
v  -30.7158 7.8560 -128.9924
v  -31.3915 -1.2075 -127.0371
v  -31.3915 7.8827 -129.7245
v  -32.5847 -1.1905 -127.5581
v  -32.5847 7.8890 -130.2559
v  -101.1208 7.9536 -130.0944
v  -101.1208 -1.1905 -125.2507
v  -102.3140 7.9474 -129.5766
v  -102.3140 -1.2695 -124.7111
v  -102.9897 7.9388 -128.8686
v  -102.9897 -1.2470 -124.0124
v  -103.4840 7.9328 -127.6212
v  -103.4840 -1.1120 -122.8073
v  -103.4840 7.9329 125.4244
v  -103.4840 -1.1120 121.3297
v  -102.9897 -1.1543 122.5626
v  -102.9897 7.9388 126.6718
v  -102.3140 -1.1768 123.2613
v  -102.3140 7.9474 127.3797
v  -101.1208 -1.1905 123.7731
v  -101.1208 7.9536 127.8975
v  -32.5847 7.9536 127.8975
v  -32.5847 -1.1905 123.7731
v  -101.2200 154.0148 -111.7457
v  -101.2200 153.4261 -113.5493
v  -101.2212 148.4025 -111.6311
v  -108.7357 157.5682 120.4113
v  -108.7357 159.0931 119.7875
v  -108.7357 159.9599 118.9207
v  -108.7357 26.1914 120.4113
v  -108.7357 160.5775 117.4202
v  -108.7357 24.6665 119.7875
v  -108.7357 160.8281 73.6701
v  -108.7357 23.7997 118.9208
v  -108.7357 23.1821 117.4202
v  -108.7357 23.1821 73.9095
v  -108.7357 23.8050 72.3882
v  -108.7357 24.6720 71.5211
v  -108.7357 26.1749 70.9029
v  -108.7357 157.7627 70.6632
v  -108.7357 160.2051 72.1484
v  -108.7357 159.3614 71.3047
v  -31.3245 8.2561 127.5354
v  -30.6611 8.2547 126.8409
v  -31.1989 8.5068 127.7290
v  -30.6613 8.2534 125.6489
v  -30.5618 8.4995 125.8237
v  -30.5612 8.5018 127.0509
v  -31.0153 8.6999 127.9600
v  -30.4112 8.6960 127.3132
v  -30.4119 8.6945 126.0173
v  -30.3668 8.6804 -128.1342
v  -30.5584 8.4424 -127.8589
v  -30.6507 8.2200 -127.7154
v  -30.6513 8.2191 -129.1912
v  -30.5587 8.4419 -129.3871
v  -30.3667 8.6805 -129.7268
v  -31.1988 8.4580 -130.0831
v  -31.3245 8.1999 -129.8842
v  -32.4840 8.2055 -130.4146
v  -32.2831 8.4823 -130.6254
v  -31.0154 8.6561 -130.3199
v  -32.0042 8.6918 -130.8656
v  -101.4961 8.5032 -130.4475
v  -101.2494 8.2556 -130.2494
v  -102.3991 8.2501 -129.7275
v  -102.5501 8.4765 -129.9023
v  -101.8420 8.6837 -130.6754
v  -102.7772 8.6457 -130.1138
v  -103.1927 8.4715 -129.2226
v  -103.0654 8.2489 -129.0340
v  -103.5683 8.2533 -127.8321
v  -103.7075 8.4859 -128.0914
v  -103.3917 8.6445 -129.4650
v  -103.9256 8.6754 -128.4452
v  -103.7075 8.4859 125.8945
v  -103.9256 8.6754 126.2483
v  -103.1927 8.4715 127.0258
v  -103.3917 8.6445 127.2681
v  -102.7772 8.6457 127.9169
v  -102.5501 8.4765 127.7055
v  -102.3991 8.2501 127.5307
v  -103.0654 8.2489 126.8372
v  -103.5683 8.2533 125.6353
v  -101.2494 8.2556 128.0526
v  -101.4961 8.5032 128.2507
v  -101.8420 8.6837 128.4786
v  -32.0042 8.7345 128.4915
v  -32.2831 8.5307 128.2575
v  -32.4840 8.2615 128.0522
v  -109.0063 72.2139 100.9122
v  -109.0063 73.5566 103.5972
v  -109.0063 75.3755 106.0082
v  -109.0063 80.1949 109.7094
v  -109.0063 77.6123 108.0677
v  -109.0063 71.3906 92.1032
v  -109.0063 71.1132 95.0714
v  -109.0063 71.3906 98.0395
v  -109.0063 77.6123 82.0750
v  -109.0063 73.5565 86.5455
v  -109.0063 72.2139 89.2305
v  -109.0063 75.3755 84.1345
v  -109.0063 138.3303 83.0564
v  -109.0063 127.1690 78.4643
v  -109.0063 83.0405 79.2620
v  -109.0063 80.1949 80.4333
v  -109.0063 86.0505 78.6004
v  -109.0063 133.1858 79.7861
v  -109.0063 130.2426 78.8652
v  -109.0063 135.9108 81.1983
v  -109.0063 140.3663 104.8420
v  -109.0063 143.5934 93.5813
v  -109.0063 141.9535 87.8589
v  -109.0063 140.3663 85.3006
v  -109.0063 143.0409 90.6490
v  -109.0063 143.0409 99.4937
v  -109.0063 143.5934 96.5614
v  -109.0063 141.9535 102.2838
v  -109.0063 130.2426 111.2775
v  -109.0063 135.9108 108.9444
v  -109.0063 138.3303 107.0863
v  -109.0063 133.1858 110.3566
v  -109.0063 86.0505 111.5423
v  -109.0063 127.1690 111.6784
v  -109.0063 83.0405 110.8807
v  -111.8891 138.6029 103.0980
v  -111.8891 139.8474 101.0151
v  -111.4001 139.8474 101.0151
v  -111.4001 138.6029 103.0980
v  -111.4001 137.0064 104.9252
v  -111.8891 137.0064 104.9252
v  -108.7357 20.8328 71.2935
v  -108.7462 16.4970 125.1694
v  -108.7357 20.8328 119.4589
v  -108.7357 21.4504 120.9595
v  -108.7357 20.8328 61.8331
v  -108.7357 21.4577 63.3624
v  -108.7357 21.4557 69.7721
v  -108.7357 22.3239 64.2284
v  -108.7357 22.3227 68.9050
v  -108.7357 23.8221 64.8452
v  -108.7357 23.8256 68.2866
v  -108.7357 159.9371 64.8208
v  -108.7357 159.9341 68.4232
v  -108.7357 161.4357 64.2034
v  -108.7357 161.4368 69.0413
v  -108.7357 162.3038 69.9082
v  -108.7357 162.3022 63.3367
v  -108.7357 162.9268 71.4299
v  -108.7357 162.9268 61.8084
v  -108.7462 167.2626 124.8955
v  -108.7357 162.9268 119.4589
v  -108.7462 167.2625 -127.0924
v  -108.7357 162.9268 -121.6494
v  -108.7357 162.3069 -123.1585
v  -108.7462 166.9166 -127.9353
v  -108.7462 166.3508 -128.5011
v  -108.7357 161.4369 -124.0285
v  -108.7462 165.5061 -128.8469
v  -108.7357 159.9337 -124.6469
v  -108.7357 23.8242 -124.6469
v  -108.7462 17.9790 -128.8469
v  -108.7357 22.3232 -124.0291
v  -108.7462 17.3322 -128.5823
v  -108.7357 21.4543 -123.1602
v  -108.7462 16.7617 -128.0117
v  -108.7462 16.4970 -127.3662
v  -108.7357 20.8327 -121.6443
v  -108.7462 16.7617 125.8149
v  -108.7462 17.3322 126.3855
v  -108.7357 22.3172 121.8263
v  -108.7462 17.9790 126.6501
v  -108.7357 23.8421 122.8613
v  -108.7357 159.0801 122.8613
v  -108.7462 165.5061 126.6500
v  -108.7357 161.4424 121.8262
v  -108.7462 166.3508 126.3043
v  -108.7462 166.9166 125.7385
v  -108.7357 162.3091 120.9595
v  -109.5887 23.1821 117.2239
v  -109.5887 23.8163 118.7397
v  -110.4887 22.3405 117.5877
v  -109.5887 23.1821 74.1584
v  -109.5887 23.7999 72.6201
v  -110.4887 22.9201 72.1909
v  -110.4887 22.3218 73.9031
v  -110.4887 21.6672 117.8318
v  -110.4887 22.8804 119.2018
v  -109.5887 24.9059 119.7953
v  -109.5887 26.4468 120.4113
v  -110.4887 24.4916 120.6594
v  -110.4887 22.4367 119.5621
v  -110.4887 24.0598 121.0206
v  -110.4887 26.2180 121.2476
v  -110.4887 157.5415 121.2476
v  -109.5887 157.3128 120.4113
v  -109.5887 158.8536 119.7953
v  -110.4887 158.9378 120.6593
v  -110.4887 158.0473 122.0249
v  -110.4887 25.9089 122.0250
v  -109.5887 22.5538 121.8313
v  -109.5887 21.4577 120.7695
v  -109.5887 20.8328 119.1605
v  -109.5887 24.2825 122.8613
v  -109.5887 158.8901 122.8613
v  -110.4887 159.6998 121.0206
v  -110.4887 160.7047 119.2018
v  -109.5887 159.9433 118.7397
v  -109.5887 160.5775 117.2238
v  -109.5887 160.6125 73.9196
v  -110.4887 161.4467 117.5877
v  -110.4887 161.3230 119.5621
v  -109.5887 161.2058 121.8313
v  -109.5887 162.3019 120.7695
v  -110.4887 162.0682 117.8319
v  -110.4887 161.4364 73.9059
v  -110.4887 162.0675 73.4478
v  -109.5887 162.9268 119.1605
v  -109.5887 162.9268 71.8533
v  -110.4887 161.4733 71.4701
v  -110.4887 160.8388 72.1924
v  -109.5887 160.1800 72.4082
v  -109.5887 158.9631 71.2702
v  -110.4887 159.3571 70.5922
v  -110.4887 160.0010 69.8670
v  -109.5887 162.3080 70.1398
v  -109.5887 161.2418 69.0467
v  -110.4887 158.2435 69.2281
v  -109.5887 159.6218 68.4232
v  -109.5887 24.1393 68.2866
v  -110.4887 25.5220 69.2350
v  -110.4887 26.0231 69.9545
v  -110.4887 157.7023 69.9531
v  -109.5887 157.3452 70.6632
v  -109.5887 26.3786 70.9029
v  -109.5887 24.8595 71.5347
v  -110.4887 24.3958 70.6009
v  -110.4887 23.7621 69.8732
v  -109.5887 22.5182 68.9102
v  -109.5887 21.4515 70.0031
v  -110.4887 22.2880 71.4745
v  -109.5887 20.8328 71.7150
v  -110.4887 21.6934 73.4483
v  -109.5887 20.8327 -121.2449
v  -109.5887 21.4516 -122.9435
v  -110.4887 21.6398 -119.6138
v  -109.5887 20.8328 61.3703
v  -109.5887 21.4517 63.1191
v  -110.4887 22.2406 61.5653
v  -110.4887 21.6512 59.5101
v  -110.4887 22.3518 -119.0788
v  -110.4887 22.2414 -121.5549
v  -109.5887 22.5104 -124.0242
v  -109.5887 24.1329 -124.6469
v  -110.4887 23.7144 -123.1266
v  -110.4887 22.9531 -120.7768
v  -110.4887 24.4275 -122.3409
v  -110.4887 25.4902 -123.7599
v  -110.4887 158.3149 -123.8092
v  -109.5887 159.6178 -124.6469
v  -109.5887 161.2463 -124.0270
v  -110.4887 160.0671 -123.1720
v  -110.4887 157.7110 -122.9296
v  -110.4887 26.0630 -122.9808
v  -109.5887 24.8615 -121.4600
v  -109.5887 23.7971 -120.3780
v  -109.5887 23.1820 -118.8678
v  -108.7357 23.1820 -118.8036
v  -108.7357 23.7842 -120.3989
v  -108.7357 24.8035 -121.4609
v  -109.5887 26.3686 -122.0861
v  -109.5887 157.4016 -122.0861
v  -110.4887 159.3218 -122.2802
v  -110.4887 161.5238 -121.6013
v  -109.5887 162.3058 -122.9586
v  -109.5887 162.9268 -121.2725
v  -110.4887 162.1231 -119.6344
v  -110.4887 160.7630 -120.7125
v  -109.5887 158.9063 -121.4621
v  -108.7357 157.3968 -122.0861
v  -108.7357 26.3234 -122.0861
v  -106.0412 26.6727 -119.9725
v  -106.0412 25.4798 -118.6579
v  -106.0412 24.8907 -116.9042
v  -106.0412 24.8907 56.5864
v  -108.7357 23.1821 58.8129
v  -109.5887 23.1821 58.7706
v  -108.7357 23.7905 60.3785
v  -106.0412 25.4924 58.2561
v  -103.2199 27.5432 55.8454
v  -103.2199 26.9455 54.1304
v  -103.2199 26.9455 -114.3460
v  -103.2199 27.5258 -116.1598
v  -103.2199 28.7987 -117.6048
v  -106.0412 28.2392 -120.6167
v  -106.0412 155.2048 -120.6168
v  -108.7357 158.9332 -121.4675
v  -109.5887 159.9591 -120.3932
v  -108.7357 159.9719 -120.4041
v  -106.0412 156.8128 -119.9879
v  -103.2199 152.7830 -119.2541
v  -103.2199 30.3794 -118.2603
v  -101.2200 31.4618 -115.4258
v  -101.2200 30.0936 -113.8397
v  -101.2200 29.5027 -111.7596
v  -101.2200 29.0003 51.7056
v  -101.2200 29.5953 53.4619
v  -101.2200 30.9501 54.9003
v  -103.2199 28.8301 57.1986
v  -106.0412 26.6882 59.4979
v  -103.2199 30.4536 57.8257
v  -101.2200 32.5967 55.5306
v  -101.2205 34.9287 52.1217
v  -101.2212 33.9040 51.0722
v  -101.2226 33.1749 49.2821
v  -101.2508 31.1154 13.2827
v  -101.2746 30.2039 -29.2857
v  -101.2508 31.1154 -71.8542
v  -101.2226 33.1749 -109.8413
v  -101.2212 33.9040 -111.6311
v  -101.2205 34.9287 -112.6804
v  -101.2200 33.1005 -116.1073
v  -101.0379 91.1533 -116.3369
v  -101.0379 62.2606 -115.1553
v  -101.2200 36.7365 -113.4418
v  -101.2200 36.7364 52.8830
v  -101.2200 62.2606 54.5965
v  -101.2200 91.1533 55.4887
v  -101.2200 150.2654 55.5306
v  -101.2200 120.0459 54.5965
v  -101.2200 145.5706 52.8829
v  -101.2205 147.3779 52.1216
v  -101.2200 151.9782 54.9209
v  -101.2212 148.4026 51.0722
v  -103.2199 152.6918 57.8257
v  -103.2199 154.3727 57.2158
v  -101.2200 153.4019 53.5052
v  -101.2200 154.0148 51.8026
v  -101.2226 149.1317 49.2820
v  -103.2199 155.7198 55.8750
v  -106.0412 156.7927 59.5104
v  -106.0412 155.1463 60.1208
v  -106.0412 28.2863 60.1208
v  -108.7357 24.8086 61.4131
v  -108.7357 26.3403 62.0294
v  -108.7357 157.3753 62.0293
v  -108.7357 158.9270 61.4183
v  -106.0412 158.0377 58.2698
v  -103.2199 156.3325 54.2027
v  -106.0412 158.6502 56.6303
v  -108.7357 159.9644 60.3825
v  -109.5887 158.9082 61.3958
v  -109.5887 157.4065 62.0293
v  -109.5887 26.3515 62.0294
v  -109.5887 24.8496 61.3950
v  -109.5887 23.7900 60.2915
v  -110.4887 22.3632 58.9554
v  -110.4887 22.9421 60.7000
v  -110.4887 24.3806 62.3420
v  -110.4887 25.9799 63.0106
v  -110.4887 157.7748 63.0068
v  -110.4887 159.3771 62.3405
v  -109.5887 159.9688 60.2936
v  -108.7357 160.5775 58.8284
v  -106.0412 158.6502 -116.9613
v  -103.2199 156.3325 -115.4318
v  -103.2199 155.7404 -117.1922
v  -106.0412 158.0529 -118.6767
v  -108.7357 160.5775 -118.8236
v  -109.5887 160.5775 -118.8878
v  -109.5887 160.5775 58.7724
v  -110.4887 160.8190 60.7045
v  -110.4887 160.0689 63.1914
v  -110.4887 158.3569 63.8436
v  -110.4887 25.3876 63.8637
v  -110.4887 23.6816 63.2098
v  -109.5887 22.5078 64.2187
v  -109.5887 24.1037 64.8452
v  -109.5887 159.6520 64.8208
v  -109.5887 161.2505 64.1943
v  -110.4887 161.5142 61.5524
v  -110.4887 161.3993 58.9637
v  -110.4887 161.3600 -118.9968
v  -103.2199 154.4120 -118.6196
v  -101.2200 152.0333 -115.0640
v  -101.2200 150.3843 -115.7026
v  -101.2200 120.0459 -115.1553
v  -101.2200 145.5704 -113.4418
v  -101.2205 147.3780 -112.6805
v  -101.2226 149.1316 -109.8413
v  -101.2508 151.1911 -71.8542
v  -101.2746 152.1025 -29.2858
v  -101.2508 151.1911 13.2826
v  -110.4887 162.1046 59.5086
v  -109.5887 162.3081 63.0950
v  -109.5887 162.9268 61.3508
v  -47.1918 149.3507 -71.0137
v  -47.1987 150.2343 -29.2866
v  -100.1825 151.2482 -29.2859
v  -47.1917 149.3508 12.4405
v  -100.1894 150.3495 -71.4355
v  -47.1836 147.3618 -108.1581
v  -100.1976 148.3257 -108.9503
v  -47.1832 146.6153 -109.9343
v  -100.1980 147.5778 -110.7463
v  -47.1830 145.4291 -111.0931
v  -100.1983 146.3916 -111.9036
v  -47.1828 142.0250 -109.9540
v  -100.1984 144.5032 -112.6539
v  -100.1984 119.6410 -114.3300
v  -47.1113 119.1605 -113.4983
v  -100.1984 91.1534 -115.2133
v  -47.1112 91.1538 -114.3728
v  -47.1827 63.1471 -113.4983
v  -100.1985 62.6657 -114.3299
v  -47.1827 38.6922 -111.8381
v  -100.1985 37.8046 -112.6538
v  -47.1829 36.8791 -111.0933
v  -100.1983 35.9156 -111.9036
v  -47.1831 35.6924 -109.9346
v  -100.1981 34.7291 -110.7464
v  -47.1835 34.9459 -108.1585
v  -100.1977 33.9810 -108.9507
v  -100.1895 31.9571 -71.4354
v  -47.1917 32.9569 -71.0137
v  -100.1826 31.0585 -29.2859
v  -47.1986 32.0734 -29.2866
v  -47.1916 32.9569 12.4406
v  -100.1896 31.9572 12.8635
v  -47.1834 34.9457 47.5971
v  -100.1978 33.9811 48.3904
v  -47.1830 35.6921 49.3736
v  -100.1982 34.7290 50.1867
v  -47.1827 36.8786 50.5328
v  -100.1985 35.9153 51.3444
v  -47.1826 38.6914 51.2777
v  -100.1986 37.8037 52.0947
v  -100.1986 62.6658 53.7709
v  -47.1826 63.1471 52.9380
v  -100.1986 91.1534 54.6543
v  -47.1826 91.1538 53.8124
v  -47.1826 118.2369 50.6293
v  -100.1986 119.6410 53.7709
v  -47.1827 142.0259 49.0117
v  -100.1985 144.5042 52.0947
v  -47.1828 145.4296 50.5326
v  -100.1984 146.3919 51.3443
v  -47.1831 146.6157 49.3733
v  -100.1981 147.5779 50.1865
v  -47.1835 147.3620 47.5966
v  -100.1977 148.3257 48.3899
v  -100.1895 150.3495 12.8636
v  -111.4001 140.6999 98.7434
v  -111.8891 140.6999 98.7434
v  -111.4001 141.1332 96.3560
v  -112.0601 140.8654 98.7891
v  -112.0601 140.0020 101.0896
v  -112.0601 138.7417 103.1989
v  -112.0601 137.1251 105.0493
v  -112.0601 137.2668 105.1975
v  -112.0601 138.9077 103.3194
v  -112.0601 140.1868 101.1785
v  -112.0601 141.0631 98.8436
v  -112.0601 141.3042 96.3714
v  -111.8891 141.1332 96.3560
v  -111.4001 141.1332 93.9296
v  -111.8891 141.1332 93.9296
v  -112.0601 141.3042 93.9142
v  -112.0601 141.5084 96.3898
v  -111.7779 141.7905 96.4152
v  -111.7779 141.3362 98.9190
v  -111.7779 140.4420 101.3014
v  -111.7779 139.1368 103.4859
v  -111.7779 137.4626 105.4023
v  -112.0601 135.3170 106.7525
v  -112.0601 135.2040 106.5813
v  -111.8891 135.1094 106.4381
v  -111.4001 135.1094 106.4381
v  -111.8891 132.9727 107.5878
v  -111.4001 132.9727 107.5878
v  -112.0601 133.0402 107.7457
v  -111.8891 130.6651 108.3376
v  -111.4001 130.6651 108.3376
v  -111.8891 128.2607 108.6633
v  -112.0601 130.7033 108.5050
v  -112.0601 130.7489 108.7049
v  -112.0601 133.1208 107.9343
v  -111.7779 135.4730 106.9889
v  -111.7779 133.2321 108.1947
v  -111.7779 130.8120 108.9811
v  -112.0601 128.2776 109.0397
v  -112.0601 128.2684 108.8349
v  -111.8891 125.8367 108.5545
v  -111.4001 128.2607 108.6633
v  -111.4001 125.8367 108.5545
v  -111.8891 123.4712 108.0146
v  -112.0601 125.8137 108.7246
v  -112.0601 125.7862 108.9278
v  -111.7779 128.2903 109.3227
v  -111.4001 128.2903 109.3227
v  -111.4001 130.8120 108.9811
v  -111.4001 133.2321 108.1947
v  -111.4001 135.4730 106.9889
v  -110.8212 133.3941 108.5736
v  -110.8212 130.9037 109.3828
v  -110.8212 128.3088 109.7343
v  -110.8212 125.6928 109.6168
v  -111.4001 125.7481 109.2085
v  -111.7779 125.7481 109.2085
v  -112.0601 123.3548 108.3729
v  -112.0601 123.4181 108.1778
v  -111.8891 121.2401 107.0609
v  -111.4001 123.4712 108.0146
v  -111.4001 121.2401 107.0609
v  -111.8891 119.2151 105.7242
v  -112.0601 121.1587 107.2121
v  -112.0601 121.0615 107.3927
v  -111.7779 123.2672 108.6423
v  -111.4001 123.2672 108.6423
v  -110.8212 123.1399 109.0341
v  -109.9515 123.1399 109.0341
v  -109.9515 125.6928 109.6168
v  -109.9515 128.3088 109.7343
v  -109.9515 130.9037 109.3828
v  -108.7908 128.2903 109.3227
v  -108.7908 125.7481 109.2085
v  -108.7908 123.2672 108.6423
v  -108.7908 120.9273 107.6421
v  -109.9515 120.7321 108.0049
v  -110.8212 120.7321 108.0049
v  -111.4001 120.9273 107.6421
v  -111.7779 120.9273 107.6421
v  -112.0601 118.9802 106.0188
v  -112.0601 119.1080 105.8585
v  -111.8891 117.4613 104.0475
v  -111.4001 119.2151 105.7242
v  -111.4001 117.4613 104.0475
v  -111.8891 116.0351 102.0845
v  -112.0601 117.3320 104.1604
v  -112.0601 117.1776 104.2953
v  -111.7779 118.8036 106.2402
v  -111.4001 118.8036 106.2402
v  -110.8212 118.5467 106.5623
v  -109.9515 118.5467 106.5623
v  -108.7908 118.8036 106.2402
v  -108.7908 116.9642 104.4817
v  -109.9515 116.6540 104.7528
v  -110.8212 116.6540 104.7528
v  -111.4001 116.9642 104.4817
v  -111.7779 116.9642 104.4817
v  -112.0601 115.7117 102.2777
v  -112.0601 115.8877 102.1725
v  -111.8891 114.9823 99.8984
v  -111.4001 116.0351 102.0845
v  -111.4001 114.9823 99.8984
v  -111.8891 114.3368 97.5594
v  -112.0601 114.8216 99.9587
v  -112.0601 114.6296 100.0307
v  -111.7779 115.4685 102.4230
v  -111.4001 115.4685 102.4230
v  -110.8212 115.1148 102.6343
v  -109.9515 115.1148 102.6343
v  -108.7908 115.4685 102.4230
v  -108.7908 114.3644 100.1303
v  -109.9515 113.9787 100.2750
v  -110.8212 113.9787 100.2750
v  -111.4001 114.3644 100.1303
v  -111.7779 114.3644 100.1303
v  -112.0601 113.9661 97.6267
v  -112.0601 114.1679 97.5901
v  -111.8891 114.1193 95.1428
v  -111.4001 114.3368 97.5594
v  -111.4001 114.1193 95.1428
v  -111.8891 114.3368 92.7262
v  -112.0601 113.9476 95.1428
v  -112.0601 113.7426 95.1428
v  -111.7779 113.6874 97.6773
v  -111.4001 113.6874 97.6773
v  -110.8212 113.2821 97.7508
v  -109.9515 113.2821 97.7508
v  -108.7908 113.6874 97.6773
v  -108.7908 113.4593 95.1428
v  -109.9515 113.0473 95.1428
v  -110.8212 113.0473 95.1428
v  -111.4001 113.4593 95.1428
v  -111.7779 113.4593 95.1428
v  -112.0601 113.9661 92.6589
v  -112.0601 114.1679 92.6955
v  -111.8891 114.9823 90.3872
v  -111.4001 114.3368 92.7262
v  -111.4001 114.9823 90.3872
v  -111.8891 116.0351 88.2011
v  -112.0601 114.8216 90.3269
v  -112.0601 114.6296 90.2549
v  -111.7779 113.6874 92.6083
v  -111.4001 113.6874 92.6083
v  -110.8212 113.2821 92.5348
v  -109.9515 113.2821 92.5348
v  -108.7908 113.6874 92.6083
v  -108.7908 114.3644 90.1553
v  -109.9515 113.9787 90.0106
v  -110.8212 113.9787 90.0106
v  -111.4001 114.3644 90.1553
v  -111.7779 114.3644 90.1553
v  -112.0601 115.7117 88.0079
v  -112.0601 115.8877 88.1131
v  -111.8891 117.4613 86.2381
v  -111.4001 116.0351 88.2011
v  -111.4001 117.4613 86.2381
v  -111.8891 119.2151 84.5614
v  -112.0601 117.3320 86.1252
v  -112.0601 117.1776 85.9903
v  -111.7779 115.4685 87.8626
v  -111.4001 115.4685 87.8626
v  -110.8212 115.1148 87.6513
v  -109.9515 115.1148 87.6513
v  -108.7908 115.4685 87.8626
v  -108.7908 116.9643 85.8039
v  -109.9515 116.6540 85.5328
v  -110.8212 116.6540 85.5328
v  -111.4001 116.9643 85.8039
v  -111.7779 116.9643 85.8039
v  -112.0601 118.9802 84.2668
v  -112.0601 119.1080 84.4271
v  -111.8891 121.2401 83.2247
v  -111.4001 119.2151 84.5614
v  -111.4001 121.2401 83.2247
v  -111.8891 123.4712 82.2710
v  -112.0601 121.1587 83.0735
v  -112.0601 121.0615 82.8929
v  -111.7779 118.8036 84.0453
v  -111.4001 118.8036 84.0453
v  -110.8212 118.5467 83.7233
v  -109.9515 118.5467 83.7233
v  -108.7908 118.8036 84.0453
v  -108.7908 120.9273 82.6435
v  -109.9515 120.7321 82.2807
v  -110.8212 120.7321 82.2807
v  -111.4001 120.9273 82.6435
v  -111.7779 120.9273 82.6435
v  -112.0601 123.3548 81.9127
v  -112.0601 123.4181 82.1078
v  -111.8891 125.8368 81.7311
v  -111.4001 123.4712 82.2710
v  -111.4001 125.8368 81.7311
v  -111.8891 128.2607 81.6223
v  -112.0601 125.8137 81.5610
v  -112.0601 125.7862 81.3578
v  -111.7779 123.2672 81.6433
v  -111.4001 123.2672 81.6433
v  -110.8212 123.1399 81.2515
v  -109.9515 123.1399 81.2515
v  -108.7908 123.2672 81.6433
v  -108.7908 125.7482 81.0771
v  -109.9515 125.6929 80.6688
v  -110.8212 125.6929 80.6688
v  -111.4001 125.7482 81.0771
v  -111.7779 125.7482 81.0771
v  -112.0601 128.2776 81.2459
v  -112.0601 128.2684 81.4508
v  -111.8891 130.6651 81.9480
v  -111.4001 128.2607 81.6223
v  -111.4001 130.6651 81.9480
v  -111.8891 132.9727 82.6978
v  -112.0601 130.7033 81.7806
v  -112.0601 130.7489 81.5807
v  -111.7779 128.2903 80.9629
v  -111.4001 128.2903 80.9629
v  -110.8212 128.3088 80.5513
v  -109.9515 128.3088 80.5513
v  -108.7908 128.2903 80.9629
v  -108.7908 130.8120 81.3045
v  -109.9515 130.9037 80.9028
v  -110.8212 130.9037 80.9028
v  -111.4001 130.8120 81.3045
v  -111.7779 130.8120 81.3045
v  -112.0601 133.1208 82.3513
v  -112.0601 133.0402 82.5399
v  -111.8891 135.1094 83.8475
v  -111.4001 132.9727 82.6978
v  -111.4001 135.1094 83.8475
v  -111.8891 137.0065 85.3604
v  -112.0601 135.2040 83.7043
v  -112.0601 135.3170 83.5331
v  -111.7779 133.2321 82.0909
v  -111.4001 133.2321 82.0909
v  -110.8212 133.3941 81.7120
v  -109.9515 133.3941 81.7120
v  -108.7908 133.2321 82.0909
v  -108.7908 135.4730 83.2967
v  -109.9515 135.7000 82.9529
v  -110.8212 135.7000 82.9529
v  -111.4001 135.4730 83.2967
v  -111.7779 135.4730 83.2967
v  -112.0601 137.2668 85.0881
v  -112.0601 137.1251 85.2363
v  -111.8891 138.6029 87.1876
v  -111.4001 137.0065 85.3604
v  -111.4001 138.6029 87.1876
v  -111.8891 139.8474 89.2705
v  -112.0601 138.7418 87.0867
v  -112.0601 138.9077 86.9662
v  -111.7779 137.4626 84.8833
v  -111.4001 137.4626 84.8833
v  -110.8212 137.7473 84.5855
v  -109.9515 137.7473 84.5855
v  -108.7908 137.4626 84.8833
v  -108.7908 139.1368 86.7997
v  -109.9515 139.4701 86.5575
v  -110.8212 139.4701 86.5575
v  -111.4001 139.1368 86.7997
v  -111.7779 139.1368 86.7997
v  -112.0601 140.1868 89.1071
v  -112.0601 140.0020 89.1961
v  -111.8891 140.6999 91.5422
v  -111.4001 139.8474 89.2705
v  -111.4001 140.6999 91.5422
v  -112.0601 140.8654 91.4965
v  -112.0601 141.0631 91.4420
v  -111.7779 140.4420 88.9842
v  -111.4001 140.4420 88.9842
v  -110.8212 140.8132 88.8054
v  -109.9515 140.8132 88.8054
v  -108.7908 140.4420 88.9842
v  -108.7908 141.3362 91.3666
v  -109.9515 141.7333 91.2570
v  -110.8212 141.7333 91.2570
v  -111.4001 141.3362 91.3666
v  -111.7779 141.3362 91.3666
v  -112.0601 141.5084 93.8958
v  -108.7908 141.7905 93.8705
v  -109.9515 142.2009 93.8335
v  -110.8212 142.2009 93.8335
v  -111.4001 141.7905 93.8705
v  -111.7779 141.7905 93.8705
v  -111.4001 141.7905 96.4152
v  -110.8212 142.2009 96.4521
v  -109.9515 142.2009 96.4521
v  -108.7908 141.7905 96.4152
v  -108.7908 141.3362 98.9190
v  -109.9515 141.7333 99.0286
v  -110.8212 141.7333 99.0286
v  -111.4001 141.3362 98.9190
v  -111.4001 140.4420 101.3014
v  -110.8212 140.8132 101.4802
v  -109.9515 140.8132 101.4802
v  -108.7908 140.4420 101.3014
v  -108.7908 139.1368 103.4859
v  -109.9515 139.4701 103.7281
v  -110.8212 139.4701 103.7281
v  -111.4001 139.1368 103.4859
v  -111.4001 137.4626 105.4023
v  -110.8212 137.7473 105.7001
v  -109.9515 137.7473 105.7001
v  -108.7908 137.4626 105.4023
v  -108.7908 135.4730 106.9889
v  -109.9515 135.7000 107.3327
v  -110.8212 135.7000 107.3327
v  -109.9515 133.3941 108.5736
v  -108.7908 133.2321 108.1947
v  -108.7908 130.8120 108.9811
v  -27.4434 14.1778 126.5604
v  -27.4434 14.1778 -131.2090
v  16.3911 25.6249 106.9651
v  -27.4434 14.5592 127.5651
v  16.8569 26.1165 107.7620
v  -27.4434 15.0280 128.0620
v  17.0982 26.6622 108.1820
v  -27.4434 15.9760 128.4662
v  17.8004 26.3492 106.9508
v  17.1370 25.8197 106.3304
v  17.9889 26.0421 105.0311
v  18.2608 26.1132 -108.3752
v  18.2608 26.1131 104.1236
v  18.7980 26.5963 105.4243
v  18.1693 26.9414 107.2924
v  17.2836 27.6426 108.5185
v  17.2989 48.0880 109.0455
v  -27.4434 46.1450 128.4662
v  19.0040 48.2569 107.8361
v  18.4496 27.9259 107.5458
v  19.2733 27.2249 105.6476
v  19.1458 26.6794 104.2570
v  19.1458 26.6794 -108.5078
v  19.6790 27.3266 104.3330
v  19.6265 28.2072 105.8006
v  20.7204 48.4303 105.8415
v  19.6116 49.3570 107.6026
v  18.0225 49.2448 108.7639
v  19.7610 50.6977 108.0527
v  21.4476 51.6926 107.3520
v  20.9353 50.5798 107.0632
v  21.2011 49.4743 105.6617
v  21.3721 48.5001 104.2945
v  20.0664 28.3046 104.3807
v  19.6790 27.3266 -108.5833
v  20.0664 28.3046 -108.6307
v  21.3721 48.5002 -108.5444
v  21.7638 49.5081 104.1498
v  22.0850 50.4382 105.3070
v  22.1679 51.3462 106.5513
v  23.0911 51.1232 104.8929
v  22.3930 50.3161 103.8982
v  21.7635 49.5080 -108.3998
v  20.7253 48.4309 -110.0928
v  19.6291 28.2077 -110.0520
v  19.2755 27.2254 -109.8999
v  18.7994 26.5966 -109.6779
v  17.8021 26.3494 -111.2160
v  18.1727 26.9422 -111.5563
v  18.4539 27.9266 -111.8086
v  19.0101 48.2576 -112.1047
v  21.2045 49.4743 -109.9136
v  22.3917 50.3153 -108.1487
v  23.2596 50.9662 103.5408
v  56.9953 64.6255 89.3540
v  57.1349 65.1912 90.6505
v  57.1534 66.3328 91.8446
v  58.8829 67.3059 90.7654
v  58.8760 66.2641 89.6906
v  58.8218 65.7890 88.5050
v  56.9953 64.6255 -93.6039
v  23.2582 50.9657 -107.7913
v  22.0834 50.4352 -109.5610
v  19.6143 49.3565 -111.8726
v  17.3133 48.0895 -112.3290
v  17.2929 27.6445 -111.7942
v  17.1055 26.6642 -111.4588
v  16.8614 26.1173 -112.0334
v  -27.4434 14.5589 -132.2165
v  -27.4434 15.0281 -132.7154
v  -27.4434 15.9757 -133.1206
v  -27.4434 46.1450 -133.1206
v  18.0339 49.2452 -112.0486
v  20.9265 50.5732 -111.3375
v  23.0893 51.1209 -109.1469
v  57.1350 65.1912 -94.9007
v  58.8218 65.7890 -92.7550
v  59.9928 66.8804 87.8948
v  60.0375 67.2869 88.8490
v  60.0431 68.1622 89.7329
v  60.7988 69.2152 88.3078
v  60.7988 68.7124 87.8015
v  60.7988 68.5163 87.3060
v  59.9928 66.8804 -92.1447
v  58.8761 66.2640 -93.9406
v  57.1542 66.3330 -96.0961
v  22.1551 51.3388 -110.8268
v  19.7623 50.6933 -111.3405
v  21.4406 51.6848 -111.6358
v  -27.4434 166.4615 -132.1272
v  57.0259 67.5741 -96.6891
v  58.8832 67.3059 -95.0163
v  60.0375 67.2869 -93.0989
v  60.7988 68.5163 -91.5560
v  60.7988 68.7124 -92.0514
v  60.0433 68.1622 -93.9831
v  58.8329 68.4618 -95.5077
v  56.9749 145.9142 -96.7518
v  57.0070 147.2204 -96.1772
v  -27.4434 167.7755 -131.5663
v  58.8231 145.3790 -95.5381
v  60.0027 69.1032 -94.3941
v  60.7988 69.2152 -92.5577
v  60.7988 69.7090 -92.7539
v  59.9835 144.9751 -94.4442
v  58.8314 146.5347 -95.0443
v  56.9394 148.3543 -95.0240
v  -27.4434 168.8930 -130.3841
v  -27.4434 168.8930 -128.7300
v  56.7959 148.9193 -93.6956
v  58.7881 147.5337 -93.9948
v  59.9904 145.9036 -94.0440
v  60.7988 144.5199 -92.8362
v  60.7988 144.9501 -92.6525
v  59.9747 146.7054 -93.1448
v  58.7441 148.0008 -92.7745
v  56.7946 148.9196 89.4328
v  -27.4434 168.8927 125.2760
v  -27.4434 168.8927 126.7261
v  56.9358 148.3549 90.7609
v  58.7441 148.0010 88.5200
v  59.9198 147.1176 -92.1580
v  60.7988 145.3282 -92.0822
v  60.7988 145.5395 -91.5280
v  59.9192 147.1191 87.9092
v  58.7873 147.5338 89.7387
v  57.0015 147.2218 91.9129
v  -27.4434 167.7756 127.9061
v  56.9686 145.9154 92.4870
v  58.8293 146.5353 90.7865
v  59.9734 146.7072 88.8948
v  60.7988 145.5430 87.2829
v  60.7988 145.3321 87.8348
v  60.7988 144.5201 88.5856
v  60.7988 69.7090 88.5040
v  60.0023 69.1032 90.1438
v  59.9814 144.9757 90.1919
v  60.7988 144.9517 88.4016
v  59.9887 145.9047 89.7915
v  58.8206 145.3793 91.2798
v  58.8325 68.4619 91.2564
v  57.0248 67.5741 92.4367
v  -27.4434 166.4612 128.4662
v  16.3910 25.6249 -111.2397
v  17.1362 25.8195 -110.5987
v  17.9895 26.0423 -109.2870
v  -112.2881 129.0945 86.3340
v  -112.2881 125.8186 86.3331
v  -115.9951 126.3359 88.0797
v  -112.3825 125.5020 86.9303
v  -115.9951 128.5792 88.0800
v  -112.3825 129.4112 86.9314
v  -115.9007 129.0591 88.5725
v  -112.3826 129.4116 103.2605
v  -115.9007 129.0578 101.6188
v  -112.2881 129.0950 103.8578
v  -115.9951 128.5777 102.1111
v  -112.2881 125.8190 103.8568
v  -115.9951 126.3343 102.1109
v  -112.3826 125.5024 103.2594
v  -115.9007 125.8544 101.6184
v  -115.9007 125.8559 88.5721
v  -116.3114 128.4840 88.8118
v  -116.3114 128.4827 101.3793
v  -116.3114 126.4309 88.8115
v  -116.3114 126.4296 101.3791
v  -112.2881 95.0660 90.7064
v  -112.2881 92.9572 88.1996
v  -115.9951 91.9540 89.7201
v  -112.3825 92.2964 88.3419
v  -115.9951 93.3984 91.4365
v  -112.3825 94.8129 91.3334
v  -115.9007 93.3307 92.1208
v  -112.3826 82.3203 101.8489
v  -115.9007 83.3486 100.5210
v  -112.2881 81.6595 101.9913
v  -115.9951 82.6627 100.4708
v  -112.2881 79.5507 99.4844
v  -115.9951 81.2183 98.7543
v  -112.3826 79.8038 98.8574
v  -115.9007 81.2860 98.0700
v  -115.9007 91.2682 89.6699
v  -116.3114 92.7772 91.8350
v  -116.3114 83.1614 99.9268
v  -116.3114 91.4553 90.2640
v  -116.3114 81.8395 98.3559
v  -109.5178 70.0040 101.7004
v  -110.1382 70.9367 101.4490
v  -110.1411 70.0423 98.3116
v  -109.5178 69.0697 98.4400
v  -110.1421 69.7411 95.0714
v  -109.5178 68.7548 95.0714
v  -110.1411 70.0423 91.8311
v  -107.3739 67.9526 95.0714
v  -107.3739 68.2742 98.5124
v  -107.3739 69.2287 101.8429
v  -109.5178 71.5279 104.7477
v  -110.1333 72.3959 104.3836
v  -109.5178 73.5923 107.4840
v  -107.3739 70.7853 104.9558
v  -107.3739 72.8941 107.7509
v  -109.5178 76.1309 109.8214
v  -110.1265 74.3738 107.0221
v  -110.1178 76.8082 109.2803
v  -109.5178 79.0620 111.6846
v  -107.3739 75.4873 110.1386
v  -107.3739 78.4815 112.0419
v  -109.5178 82.2915 113.0139
v  -110.1075 79.6220 111.0857
v  -110.0955 82.7261 112.3803
v  -109.5151 85.7559 113.7724
v  -107.3739 81.7804 113.3998
v  -107.3719 85.3200 114.1744
v  -109.5207 127.3484 113.9151
v  -110.0813 86.0522 113.1251
v  -110.0762 127.1075 113.2743
v  -109.5178 130.7883 113.4643
v  -107.3761 127.7285 114.3206
v  -107.3739 131.2416 113.8599
v  -109.5178 134.1285 112.4191
v  -110.0882 130.4305 112.8229
v  -110.1001 133.6444 111.8016
v  -109.5178 137.2213 110.8164
v  -107.3739 134.6537 112.7922
v  -107.3739 137.8130 111.1550
v  -109.5178 139.9672 108.7076
v  -110.1107 136.6163 110.2457
v  -110.1198 139.2519 108.2057
v  -109.5177 142.2780 106.1605
v  -107.3739 140.6180 109.0008
v  -107.3739 142.9785 106.3990
v  -109.5178 144.0794 103.2570
v  -110.1272 141.4678 105.7474
v  -110.1328 143.1940 102.9492
v  -109.5178 145.3135 100.0904
v  -107.3739 144.8186 103.4330
v  -107.3739 146.0792 100.1983
v  -109.5178 145.9406 96.7625
v  -110.1365 144.3760 99.9005
v  -110.1384 144.9765 96.6983
v  -109.5178 145.9406 93.3802
v  -107.3739 146.7198 96.7988
v  -107.3739 146.7198 93.3438
v  -109.5178 145.3135 90.0523
v  -110.1384 144.9765 93.4444
v  -110.1365 144.3760 90.2422
v  -109.5178 144.0794 86.8857
v  -107.3739 146.0792 89.9444
v  -107.3739 144.8186 86.7097
v  -109.5177 142.2780 83.9822
v  -110.1328 143.1940 87.1935
v  -110.1272 141.4678 84.3953
v  -109.5178 139.9672 81.4351
v  -107.3739 142.9785 83.7437
v  -107.3739 140.6180 81.1418
v  -109.5178 137.2213 79.3263
v  -110.1198 139.2519 81.9370
v  -110.1107 136.6163 79.8970
v  -109.5178 134.1285 77.7236
v  -107.3739 137.8130 78.9877
v  -107.3739 134.6537 77.3505
v  -109.5178 130.7883 76.6784
v  -110.1001 133.6444 78.3411
v  -110.0882 130.4305 77.3197
v  -109.5207 127.3484 76.2276
v  -107.3739 131.2416 76.2828
v  -107.3761 127.7285 75.8221
v  -109.5151 85.7559 76.3703
v  -110.0762 127.1075 76.8684
v  -110.0813 86.0522 77.0176
v  -109.5178 82.2915 77.1288
v  -107.3719 85.3200 75.9682
v  -107.3739 81.7804 76.7429
v  -109.5178 79.0620 78.4581
v  -110.0955 82.7260 77.7624
v  -110.1075 79.6220 79.0570
v  -109.5178 76.1309 80.3214
v  -107.3739 78.4814 78.1008
v  -107.3739 75.4873 80.0041
v  -109.5178 73.5923 82.6587
v  -110.1178 76.8082 80.8624
v  -110.1265 74.3738 83.1206
v  -109.5178 71.5279 85.3950
v  -107.3739 72.8941 82.3918
v  -107.3739 70.7853 85.1869
v  -109.5178 70.0040 88.4423
v  -110.1333 72.3959 85.7591
v  -110.1382 70.9367 88.6938
v  -109.5178 69.0697 91.7027
v  -107.3739 69.2287 88.2998
v  -107.3739 68.2742 91.6303
v  -109.9134 70.6118 95.0714
v  -109.9144 70.9001 98.1618
v  -109.9172 71.7559 101.1537
v  -109.9144 70.9001 91.9809
v  -109.9172 71.7559 88.9890
v  -109.9218 73.1520 86.1912
v  -109.9281 75.0443 83.6768
v  -109.9359 77.3727 81.5266
v  -109.9449 80.0630 79.8096
v  -109.9549 83.0297 78.5813
v  -109.9674 86.1908 77.8811
v  -109.9692 127.0126 77.7381
v  -109.9608 130.2010 78.1630
v  -109.9511 133.2708 79.1306
v  -109.9421 136.1108 80.6090
v  -109.9341 138.6304 82.5504
v  -109.9274 140.7494 84.8921
v  -109.9222 142.4005 87.5591
v  -109.9187 143.5312 90.4659
v  -109.9169 144.1056 93.5197
v  -109.9169 144.1056 96.6230
v  -109.9187 143.5312 99.6768
v  -109.9222 142.4005 102.5836
v  -109.9274 140.7494 105.2506
v  -109.9341 138.6304 107.5923
v  -109.9421 136.1108 109.5337
v  -109.9511 133.2708 111.0121
v  -109.9608 130.2010 111.9797
v  -109.9692 127.0126 112.4046
v  -109.9674 86.1908 112.2616
v  -109.9549 83.0297 111.5614
v  -109.9449 80.0630 110.3331
v  -109.9359 77.3727 108.6161
v  -109.9281 75.0443 106.4659
v  -109.9218 73.1521 103.9516
v  -111.3958 114.3502 92.7286
v  -111.3958 114.1329 95.1428
v  -111.7670 114.1329 95.1428
v  -111.7670 114.3502 92.7286
v  -111.3958 114.9951 90.3920
v  -111.7670 114.9951 90.3920
v  -111.3958 116.0468 88.2081
v  -112.2245 115.4251 90.5534
v  -112.2245 114.8021 92.8106
v  -112.2245 114.5922 95.1428
v  -111.7670 114.3502 97.5570
v  -111.3958 114.3502 97.5570
v  -111.7670 114.9951 99.8936
v  -112.2245 114.8021 97.4750
v  -112.2245 115.1101 97.4191
v  -112.2245 114.9053 95.1428
v  -112.2245 115.1101 92.8665
v  -112.2245 115.7181 90.6634
v  -112.2245 116.4411 88.4437
v  -111.7670 116.0468 88.2081
v  -111.3958 117.4715 86.2471
v  -111.7670 117.4715 86.2471
v  -112.2245 117.8174 86.5493
v  -112.2245 116.7098 88.6042
v  -111.7670 117.1041 88.8398
v  -111.7670 116.1482 90.8248
v  -111.7670 115.5621 92.9485
v  -111.7670 115.3646 95.1428
v  -111.7670 115.5620 97.3371
v  -112.2245 115.7181 99.6222
v  -112.2245 115.4251 99.7322
v  -111.7670 116.0468 102.0775
v  -111.3958 114.9951 99.8936
v  -111.3958 116.0468 102.0775
v  -111.7670 117.4715 104.0385
v  -112.2245 116.4411 101.8419
v  -112.2245 116.7098 101.6814
v  -111.7670 116.1482 99.4608
v  -111.7477 116.1482 99.4608
v  -111.7477 115.5620 97.3371
v  -111.7477 115.3646 95.1428
v  -111.7477 115.5621 92.9485
v  -111.7477 116.1482 90.8248
v  -111.7477 117.1041 88.8398
v  -111.7670 118.3990 87.0574
v  -112.2245 118.0532 86.7552
v  -111.7670 119.9915 85.5349
v  -111.7477 118.3990 87.0574
v  -111.2541 117.4301 89.0346
v  -111.2541 116.5038 90.9582
v  -111.2541 115.9358 93.0164
v  -111.2541 115.7444 95.1428
v  -111.2541 115.9358 97.2692
v  -111.2541 116.5038 99.3273
v  -111.2541 117.4301 101.2510
v  -111.7477 117.1041 101.4458
v  -111.7670 117.1041 101.4458
v  -111.7477 118.3990 103.2281
v  -111.2541 118.6851 102.9783
v  -111.2541 120.2283 104.4537
v  -111.7477 119.9915 104.7507
v  -111.7670 118.3990 103.2281
v  -112.2245 118.0531 103.5303
v  -112.2245 117.8174 103.7363
v  -112.2245 119.7051 105.1098
v  -111.7670 119.9915 104.7507
v  -111.7477 121.8301 105.9644
v  -111.2541 122.0101 105.6299
v  -111.2541 123.9734 106.4690
v  -111.7477 123.8560 106.8303
v  -111.7670 121.8301 105.9644
v  -112.2245 121.6125 106.3688
v  -112.2245 119.5099 105.3545
v  -111.7670 119.2235 105.7136
v  -111.3958 117.4715 104.0385
v  -111.3958 119.2235 105.7136
v  -111.7670 121.2465 107.0490
v  -112.2245 121.4642 106.6445
v  -112.2245 123.7141 107.2671
v  -111.7670 123.8560 106.8303
v  -111.7477 126.0039 107.3205
v  -111.2541 126.0549 106.9441
v  -111.2541 128.1878 107.0399
v  -111.7477 128.2048 107.4194
v  -111.7670 126.0039 107.3205
v  -112.2245 125.9422 107.7757
v  -112.2245 123.6173 107.5648
v  -111.7670 123.4754 108.0016
v  -111.3958 121.2465 107.0490
v  -111.3958 123.4754 108.0016
v  -111.7670 125.8386 108.5410
v  -112.2245 125.9002 108.0858
v  -112.2245 128.2254 107.8782
v  -111.7670 128.2048 107.4194
v  -111.7477 130.3880 107.1236
v  -111.2541 130.3035 106.7533
v  -111.2541 132.3341 106.0936
v  -111.7477 132.4833 106.4428
v  -111.7670 130.3880 107.1236
v  -112.2245 130.4902 107.5714
v  -112.2245 128.2395 108.1909
v  -111.7670 128.2601 108.6497
v  -111.3958 125.8386 108.5410
v  -111.3958 128.2601 108.6497
v  -111.7670 130.6621 108.3244
v  -112.2245 130.5599 107.8766
v  -112.2245 132.6639 106.8652
v  -111.7670 132.4833 106.4428
v  -111.7477 134.4234 105.3988
v  -111.2541 134.2142 105.0818
v  -111.2541 135.8834 103.7506
v  -111.7477 136.1459 104.0252
v  -111.7670 134.4234 105.3988
v  -112.2245 134.6765 105.7821
v  -112.2245 132.7869 107.1530
v  -111.7670 132.9674 107.5753
v  -111.3958 130.6621 108.3244
v  -111.3958 132.9674 107.5753
v  -111.7670 135.1019 106.4267
v  -112.2245 134.8489 106.0434
v  -112.2245 136.4633 104.3572
v  -111.7670 136.1459 104.0252
v  -111.7477 137.5954 102.3661
v  -111.2541 137.2881 102.1428
v  -111.2541 138.3832 100.3100
v  -111.7477 138.7254 100.4748
v  -111.7670 137.5954 102.3661
v  -112.2245 137.9670 102.6360
v  -112.2245 136.6796 104.5834
v  -111.7670 136.9970 104.9154
v  -111.3958 135.1019 106.4267
v  -111.3958 136.9970 104.9154
v  -111.7670 138.5918 103.0900
v  -112.2245 138.2203 102.8200
v  -112.2245 139.1393 100.6741
v  -111.7670 138.7254 100.4748
v  -111.7477 139.4996 98.4121
v  -111.2541 139.1334 98.3111
v  -111.2541 139.5146 96.2103
v  -111.7477 139.8929 96.2444
v  -111.7670 139.4996 98.4121
v  -112.2245 139.9423 98.5343
v  -112.2245 139.4213 100.8099
v  -111.7670 139.8351 101.0092
v  -111.3958 138.5918 103.0900
v  -111.3958 139.8351 101.0092
v  -111.7670 140.6868 98.7398
v  -112.2245 140.2440 98.6176
v  -112.2245 140.3504 96.2856
v  -111.7670 139.8929 96.2444
v  -111.7477 139.8929 94.0412
v  -111.2541 139.5146 94.0753
v  -111.2541 139.1334 91.9745
v  -111.7477 139.4996 91.8735
v  -111.7670 139.8929 94.0412
v  -112.2245 140.3504 94.0001
v  -112.2245 140.6622 96.3136
v  -111.7670 141.1196 96.3548
v  -111.3958 140.6868 98.7398
v  -111.3958 141.1196 96.3548
v  -111.7670 141.1196 93.9308
v  -112.2245 140.6622 93.9720
v  -112.2245 139.9423 91.7513
v  -111.7670 139.4996 91.8735
v  -111.7477 138.7254 89.8108
v  -111.2541 138.3832 89.9756
v  -111.2541 137.2881 88.1428
v  -111.7477 137.5954 87.9196
v  -111.7670 138.7254 89.8108
v  -112.2245 139.1393 89.6116
v  -112.2245 140.2440 91.6680
v  -111.7670 140.6868 91.5458
v  -111.3958 141.1196 93.9308
v  -111.3958 140.6868 91.5458
v  -111.7670 139.8351 89.2764
v  -112.2245 139.4213 89.4757
v  -112.2245 137.9670 87.6496
v  -111.7670 137.5954 87.9196
v  -111.7477 136.1459 86.2604
v  -111.2541 135.8834 86.5350
v  -111.2541 134.2142 85.2038
v  -111.7477 134.4234 84.8868
v  -111.7670 136.1459 86.2604
v  -112.2245 136.4633 85.9284
v  -112.2245 138.2203 87.4656
v  -111.7670 138.5919 87.1956
v  -111.3958 139.8351 89.2764
v  -111.3958 138.5919 87.1956
v  -111.7670 136.9970 85.3702
v  -112.2245 136.6796 85.7022
v  -112.2245 134.6765 84.5035
v  -111.7670 134.4234 84.8868
v  -111.7477 132.4833 83.8428
v  -111.2541 132.3341 84.1920
v  -111.2541 130.3035 83.5323
v  -111.7477 130.3880 83.1620
v  -111.7670 132.4833 83.8428
v  -112.2245 132.6639 83.4204
v  -112.2245 134.8489 84.2422
v  -111.7670 135.1019 83.8589
v  -111.3958 136.9970 85.3702
v  -111.3958 135.1019 83.8589
v  -111.7670 132.9674 82.7103
v  -112.2245 132.7869 83.1326
v  -112.2245 130.4902 82.7142
v  -111.7670 130.3880 83.1620
v  -111.7477 128.2048 82.8663
v  -111.2541 128.1878 83.2457
v  -111.2541 126.0549 83.3415
v  -111.7477 126.0039 82.9651
v  -111.7670 128.2048 82.8663
v  -112.2245 128.2254 82.4074
v  -112.2245 130.5599 82.4090
v  -111.7670 130.6621 81.9612
v  -111.3958 132.9674 82.7103
v  -111.3958 130.6621 81.9612
v  -111.7670 128.2601 81.6358
v  -112.2245 128.2395 82.0947
v  -112.2245 125.9422 82.5099
v  -111.7670 126.0039 82.9651
v  -111.7477 123.8560 83.4553
v  -111.2541 123.9734 83.8166
v  -111.2541 122.0101 84.6557
v  -111.7477 121.8302 84.3212
v  -111.7670 123.8560 83.4553
v  -112.2245 123.7141 83.0185
v  -112.2245 125.9002 82.1998
v  -111.7670 125.8386 81.7446
v  -111.3958 128.2601 81.6358
v  -111.3958 125.8386 81.7446
v  -111.7670 123.4754 82.2840
v  -112.2245 123.6173 82.7208
v  -112.2245 121.6125 83.9168
v  -111.7670 121.8302 84.3212
v  -111.7477 119.9915 85.5349
v  -111.2541 120.2283 85.8319
v  -111.2541 118.6851 87.3073
v  -112.2245 119.7051 85.1758
v  -112.2245 121.4642 83.6411
v  -111.7670 121.2465 83.2367
v  -111.3958 123.4754 82.2840
v  -111.3958 121.2465 83.2367
v  -111.7670 119.2236 84.5720
v  -112.2245 119.5099 84.9311
v  -111.3958 119.2236 84.5720
v  -111.7268 117.4765 93.2960
v  -111.7268 117.3103 95.1428
v  -111.7268 117.4765 96.9896
v  -112.1995 118.5005 96.8038
v  -112.1995 118.3510 95.1428
v  -112.1995 118.5005 93.4818
v  -111.7268 117.9698 91.5085
v  -111.7268 118.7744 89.8378
v  -112.1995 118.9441 91.8741
v  -112.6722 119.5244 93.6676
v  -112.6722 119.3916 95.1428
v  -112.6722 119.5244 96.6180
v  -112.6722 119.9184 98.0458
v  -112.1995 118.9441 98.4115
v  -111.7268 117.9698 98.7771
v  -111.7268 118.7744 100.4478
v  -112.1995 119.6677 99.9140
v  -112.6722 120.5611 99.3803
v  -113.1449 121.1684 99.0175
v  -113.1449 120.5808 97.7972
v  -113.1449 120.2205 96.4917
v  -113.1449 120.0990 95.1428
v  -113.1449 120.2205 93.7939
v  -112.6722 119.9184 92.2398
v  -112.1995 119.6677 90.3715
v  -111.7268 119.8643 88.3376
v  -111.7268 121.2046 87.0562
v  -112.1995 120.6480 89.0223
v  -112.6722 120.5611 90.9053
v  -113.1449 120.5808 92.4884
v  -113.1449 122.9434 101.0491
v  -113.1449 121.9644 100.1132
v  -112.6722 121.4317 100.5786
v  -112.1995 120.6480 101.2633
v  -112.6722 122.5023 101.6022
v  -112.1995 121.8535 102.4158
v  -111.7268 119.8643 101.9480
v  -111.7268 121.2046 103.2294
v  -112.1995 123.2453 103.3346
v  -111.7268 122.7522 104.2509
v  -111.7268 124.4573 104.9797
v  -112.1995 124.7788 103.9900
v  -112.6722 125.1004 103.0003
v  -112.6722 123.7384 102.4182
v  -113.1449 124.0737 101.7952
v  -113.1449 125.3190 102.3275
v  -113.1449 126.6394 102.6289
v  -112.6722 126.5445 103.3299
v  -112.1995 126.4048 104.3611
v  -111.7268 126.2651 105.3924
v  -111.7268 128.1175 105.4756
v  -112.1995 128.0708 104.4360
v  -112.6722 128.0242 103.3964
v  -113.1449 127.9924 102.6896
v  -113.1449 132.8741 100.6031
v  -113.1449 130.6226 102.0893
v  -113.1449 129.3345 102.5078
v  -112.6722 129.4919 103.1975
v  -112.1995 129.7235 104.2121
v  -112.6722 130.9006 102.7398
v  -113.1449 131.8152 101.4475
v  -112.6722 132.2049 102.0379
v  -112.1995 131.3096 103.6967
v  -111.7268 129.9551 105.2267
v  -111.7268 131.7186 104.6536
v  -112.1995 132.7782 102.9064
v  -112.6722 133.3630 101.1145
v  -112.1995 134.0821 101.8666
v  -111.7268 133.3515 103.7749
v  -111.7268 134.8013 102.6188
v  -112.1995 135.1794 100.6107
v  -112.6722 134.3375 99.9990
v  -113.1449 133.7652 99.5832
v  -113.1449 134.4598 98.4205
v  -112.6722 135.0972 98.7275
v  -112.1995 136.0348 99.1790
v  -111.7268 136.0213 101.2224
v  -111.7268 136.9724 99.6305
v  -112.1995 136.6208 97.6176
v  -111.7268 137.6239 97.8945
v  -111.7268 137.9550 96.0700
v  -112.1995 136.9186 95.9767
v  -112.6722 135.8821 95.8834
v  -112.6722 135.6176 97.3408
v  -113.1449 134.9357 97.1526
v  -113.1449 135.1775 95.8200
v  -113.1449 135.1775 94.4656
v  -112.6722 135.8821 94.4022
v  -112.1995 136.9186 94.3089
v  -111.7268 137.9550 94.2157
v  -111.7268 137.6239 92.3911
v  -112.1995 136.6208 92.6680
v  -112.6722 135.6176 92.9448
v  -113.1449 134.9357 93.1330
v  -113.1449 133.7652 90.7024
v  -113.1449 134.4598 91.8651
v  -112.6722 135.0972 91.5581
v  -112.1995 136.0348 91.1066
v  -112.6722 134.3375 90.2866
v  -112.1995 135.1794 89.6749
v  -111.7268 136.9724 90.6551
v  -111.7268 136.0213 89.0632
v  -112.1995 134.0821 88.4190
v  -112.6722 133.3630 89.1712
v  -113.1449 132.8741 89.6825
v  -113.1449 131.8152 88.8381
v  -112.6722 132.2049 88.2477
v  -112.1995 132.7782 87.3792
v  -111.7268 134.8013 87.6668
v  -111.7268 133.3515 86.5107
v  -112.1995 131.3096 86.5889
v  -111.7268 131.7186 85.6320
v  -111.7268 129.9551 85.0590
v  -112.1995 129.7235 86.0735
v  -112.6722 129.4919 87.0881
v  -112.6722 130.9006 87.5458
v  -113.1449 130.6226 88.1963
v  -113.1449 129.3345 87.7778
v  -113.1449 124.0737 88.4904
v  -113.1449 121.9645 90.1724
v  -113.1449 121.1684 91.2681
v  -112.6722 121.4317 89.7070
v  -112.1995 121.8535 87.8698
v  -112.6722 122.5023 88.6834
v  -113.1449 122.9434 89.2365
v  -112.6722 123.7384 87.8674
v  -112.1995 123.2453 86.9510
v  -111.7268 122.7522 86.0347
v  -111.7268 124.4573 85.3059
v  -112.1995 124.7788 86.2956
v  -112.6722 125.1004 87.2853
v  -112.1995 126.4048 85.9245
v  -111.7268 126.2651 84.8932
v  -111.7268 128.1175 84.8100
v  -112.1995 128.0708 85.8496
v  -112.6722 126.5445 86.9557
v  -113.1449 125.3190 87.9581
v  -113.1449 126.6394 87.6567
v  -112.6722 128.0242 86.8892
v  -113.1449 127.9924 87.5960
v  -111.7670 73.8637 95.1428
v  -111.7670 74.0810 92.7286
v  -111.3958 74.0810 92.7286
v  -111.3958 74.7259 90.3920
v  -111.3958 73.8637 95.1428
v  -111.7670 74.0810 97.5570
v  -111.3958 74.0810 97.5570
v  -112.2245 74.3230 95.1428
v  -112.2245 74.5329 92.8106
v  -112.2245 75.1559 90.5534
v  -111.7670 74.7259 90.3920
v  -111.3958 75.7776 88.2081
v  -111.7670 75.7776 88.2081
v  -112.2245 76.1719 88.4437
v  -112.2245 75.4489 90.6634
v  -112.2245 74.8409 92.8665
v  -112.2245 74.6360 95.1428
v  -112.2245 74.8409 97.4191
v  -112.2245 74.5329 97.4750
v  -111.7670 74.7259 99.8936
v  -111.3958 74.7259 99.8936
v  -111.7670 75.7776 102.0775
v  -112.2245 75.1559 99.7322
v  -112.2245 75.4489 99.6222
v  -111.7670 75.2928 97.3371
v  -111.7670 75.0954 95.1428
v  -111.7670 75.2929 92.9485
v  -111.7670 75.8790 90.8248
v  -111.7670 76.8349 88.8398
v  -112.2245 76.4406 88.6042
v  -112.2245 77.5482 86.5493
v  -111.7670 77.2023 86.2471
v  -111.3958 77.2023 86.2471
v  -111.3958 78.9544 84.5720
v  -111.7670 78.9544 84.5720
v  -112.2245 79.2407 84.9311
v  -112.2245 77.7840 86.7552
v  -111.7670 78.1298 87.0574
v  -111.7477 76.8349 88.8398
v  -111.7477 75.8790 90.8248
v  -111.7477 75.2929 92.9485
v  -111.7477 75.0954 95.1428
v  -111.7477 75.2928 97.3371
v  -111.7477 75.8790 99.4608
v  -111.7670 75.8790 99.4608
v  -112.2245 76.4406 101.6814
v  -111.7670 76.8349 101.4458
v  -111.7477 76.8349 101.4458
v  -111.2541 77.1609 101.2510
v  -111.2541 76.2346 99.3273
v  -111.2541 75.6666 97.2692
v  -111.2541 75.4752 95.1428
v  -111.2541 75.6666 93.0164
v  -111.2541 76.2346 90.9582
v  -111.2541 77.1609 89.0346
v  -111.7477 78.1298 87.0574
v  -111.7670 79.7223 85.5349
v  -111.7477 79.7223 85.5349
v  -111.2541 78.4159 87.3073
v  -111.2541 79.9591 85.8319
v  -111.7477 81.5610 84.3212
v  -111.7670 81.5610 84.3212
v  -112.2245 79.4359 85.1758
v  -112.2245 81.1950 83.6411
v  -112.2245 81.3433 83.9168
v  -111.7670 83.5868 83.4553
v  -111.7477 83.5868 83.4553
v  -111.2541 81.7409 84.6557
v  -111.2541 83.7042 83.8166
v  -111.7477 85.7347 82.9651
v  -111.7670 85.7347 82.9651
v  -112.2245 83.4449 83.0185
v  -112.2245 83.3481 82.7208
v  -111.7670 80.9773 83.2367
v  -111.3958 80.9773 83.2367
v  -111.3958 83.2062 82.2840
v  -111.7670 83.2062 82.2840
v  -112.2245 85.6310 82.1998
v  -112.2245 85.6730 82.5099
v  -111.7670 87.9356 82.8663
v  -111.7477 87.9356 82.8663
v  -111.2541 85.7857 83.3415
v  -111.2541 87.9186 83.2457
v  -111.7477 90.1188 83.1620
v  -111.7670 90.1188 83.1620
v  -112.2245 87.9562 82.4074
v  -112.2245 87.9703 82.0947
v  -111.7670 85.5694 81.7446
v  -111.3958 85.5694 81.7446
v  -111.3958 87.9909 81.6358
v  -111.7670 87.9909 81.6358
v  -112.2245 90.2907 82.4090
v  -112.2245 90.2210 82.7142
v  -111.7670 92.2141 83.8428
v  -111.7477 92.2141 83.8428
v  -111.2541 90.0343 83.5323
v  -111.2541 92.0649 84.1920
v  -111.7477 94.1542 84.8868
v  -111.7670 94.1542 84.8868
v  -112.2245 92.3947 83.4204
v  -112.2245 92.5177 83.1326
v  -111.7670 90.3929 81.9612
v  -111.3958 90.3929 81.9612
v  -111.3958 92.6982 82.7103
v  -111.7670 92.6982 82.7103
v  -112.2245 94.5797 84.2422
v  -112.2245 94.4072 84.5035
v  -111.7670 95.8767 86.2604
v  -111.7477 95.8767 86.2604
v  -111.2541 93.9450 85.2038
v  -111.2541 95.6142 86.5350
v  -111.7477 97.3262 87.9196
v  -111.7670 97.3262 87.9196
v  -112.2245 96.1941 85.9284
v  -112.2245 96.4104 85.7022
v  -111.7670 94.8327 83.8589
v  -111.3958 94.8327 83.8589
v  -111.3958 96.7278 85.3702
v  -111.7670 96.7278 85.3702
v  -112.2245 97.9511 87.4656
v  -112.2245 97.6978 87.6496
v  -111.7670 98.4562 89.8108
v  -111.7477 98.4562 89.8108
v  -111.2541 97.0189 88.1428
v  -111.2541 98.1140 89.9756
v  -111.7477 99.2304 91.8735
v  -111.7670 99.2304 91.8735
v  -112.2245 98.8700 89.6116
v  -112.2245 99.1521 89.4757
v  -111.7670 98.3227 87.1956
v  -111.3958 98.3227 87.1956
v  -111.3958 99.5659 89.2764
v  -111.7670 99.5659 89.2764
v  -112.2245 99.9748 91.6680
v  -112.2245 99.6731 91.7513
v  -111.7670 99.6237 94.0412
v  -111.7477 99.6237 94.0412
v  -111.2541 98.8642 91.9745
v  -111.2541 99.2454 94.0753
v  -111.7477 99.6237 96.2444
v  -111.7670 99.6237 96.2444
v  -112.2245 100.0812 94.0001
v  -112.2245 100.3930 93.9720
v  -111.7670 100.4176 91.5458
v  -111.3958 100.4176 91.5458
v  -111.3958 100.8504 93.9308
v  -111.7670 100.8504 93.9308
v  -112.2245 100.3930 96.3136
v  -112.2245 100.0812 96.2856
v  -111.7670 99.2304 98.4121
v  -111.7477 99.2304 98.4121
v  -111.2541 99.2454 96.2103
v  -111.2541 98.8642 98.3111
v  -111.7477 98.4562 100.4748
v  -111.7670 98.4562 100.4748
v  -112.2245 99.6731 98.5343
v  -112.2245 99.9748 98.6176
v  -111.7670 100.8504 96.3548
v  -111.3958 100.8504 96.3548
v  -111.3958 100.4176 98.7398
v  -111.7670 100.4176 98.7398
v  -112.2245 99.1521 100.8099
v  -112.2245 98.8700 100.6741
v  -111.7670 97.3262 102.3661
v  -111.7477 97.3262 102.3661
v  -111.2541 98.1140 100.3100
v  -111.2541 97.0189 102.1428
v  -111.7477 95.8767 104.0252
v  -111.7670 95.8767 104.0252
v  -112.2245 97.6978 102.6360
v  -112.2245 97.9511 102.8200
v  -111.7670 99.5659 101.0092
v  -111.3958 99.5659 101.0092
v  -111.3958 98.3226 103.0900
v  -111.7670 98.3226 103.0900
v  -112.2245 96.4104 104.5834
v  -112.2245 96.1941 104.3572
v  -111.7670 94.1542 105.3988
v  -111.7477 94.1542 105.3988
v  -111.2541 95.6142 103.7506
v  -111.2541 93.9450 105.0818
v  -111.7477 92.2141 106.4428
v  -111.7670 92.2141 106.4428
v  -112.2245 94.4072 105.7821
v  -112.2245 94.5797 106.0434
v  -111.7670 96.7278 104.9154
v  -111.3958 96.7278 104.9154
v  -111.3958 94.8327 106.4267
v  -111.7670 94.8327 106.4267
v  -112.2245 92.5177 107.1530
v  -112.2245 92.3947 106.8652
v  -111.7670 90.1188 107.1236
v  -111.7477 90.1188 107.1236
v  -111.2541 92.0649 106.0936
v  -111.2541 90.0343 106.7533
v  -111.7477 87.9356 107.4194
v  -111.7670 87.9356 107.4194
v  -112.2245 90.2210 107.5714
v  -112.2245 90.2907 107.8766
v  -111.7670 92.6982 107.5753
v  -111.3958 92.6982 107.5753
v  -111.3958 90.3929 108.3244
v  -111.7670 90.3929 108.3244
v  -112.2245 87.9703 108.1909
v  -112.2245 87.9562 107.8782
v  -111.7670 85.7347 107.3205
v  -111.7477 85.7347 107.3205
v  -111.2541 87.9186 107.0399
v  -111.2541 85.7857 106.9441
v  -111.7477 83.5868 106.8303
v  -111.7670 83.5868 106.8303
v  -112.2245 85.6730 107.7757
v  -112.2245 85.6310 108.0858
v  -111.7670 87.9909 108.6497
v  -111.3958 87.9909 108.6497
v  -111.3958 85.5694 108.5410
v  -111.7670 85.5694 108.5410
v  -112.2245 83.3481 107.5648
v  -112.2245 83.4449 107.2671
v  -111.7670 81.5609 105.9644
v  -111.7477 81.5609 105.9644
v  -111.2541 83.7042 106.4690
v  -111.2541 81.7409 105.6299
v  -111.7477 79.7223 104.7507
v  -111.7670 79.7223 104.7507
v  -112.2245 81.3433 106.3688
v  -112.2245 81.1950 106.6445
v  -111.7670 83.2062 108.0016
v  -111.3958 83.2062 108.0016
v  -111.3958 80.9773 107.0490
v  -111.7670 80.9773 107.0490
v  -112.2245 79.2407 105.3545
v  -112.2245 79.4359 105.1098
v  -111.7670 78.1298 103.2281
v  -111.7477 78.1298 103.2281
v  -111.2541 79.9591 104.4537
v  -111.2541 78.4159 102.9783
v  -112.2245 77.7839 103.5303
v  -112.2245 77.5482 103.7363
v  -111.7670 78.9543 105.7136
v  -111.3958 78.9543 105.7136
v  -111.3958 77.2023 104.0385
v  -111.7670 77.2023 104.0385
v  -112.2245 76.1719 101.8419
v  -111.3958 75.7776 102.0775
v  -111.4001 73.8501 95.1428
v  -111.4001 74.0676 92.7262
v  -111.4001 74.7131 90.3872
v  -111.4001 75.7659 88.2011
v  -111.4001 77.1921 86.2381
v  -111.4001 78.9459 84.5614
v  -111.4001 80.9709 83.2247
v  -111.4001 83.2020 82.2710
v  -111.4001 85.5676 81.7311
v  -111.4001 87.9915 81.6223
v  -111.4001 90.3959 81.9480
v  -111.4001 92.7035 82.6978
v  -111.4001 94.8402 83.8475
v  -111.4001 96.7373 85.3604
v  -111.4001 98.3337 87.1876
v  -111.4001 99.5781 89.2705
v  -111.4001 100.4307 91.5422
v  -111.4001 100.8640 93.9296
v  -111.4001 100.8640 96.3560
v  -111.4001 100.4307 98.7434
v  -111.4001 99.5781 101.0151
v  -111.4001 98.3337 103.0980
v  -111.4001 96.7372 104.9252
v  -111.4001 94.8402 106.4381
v  -111.4001 92.7035 107.5878
v  -111.4001 90.3959 108.3376
v  -111.4001 87.9915 108.6633
v  -111.4001 85.5675 108.5545
v  -111.4001 83.2020 108.0146
v  -111.4001 80.9709 107.0609
v  -111.4001 78.9459 105.7242
v  -111.4001 77.1921 104.0475
v  -111.4001 75.7659 102.0845
v  -111.4001 74.7131 99.8984
v  -111.4001 74.0676 97.5594
v  -111.8891 73.8501 95.1428
v  -111.8891 74.0676 92.7262
v  -111.8891 74.7131 90.3872
v  -112.0601 73.8987 92.6955
v  -112.0601 73.6784 95.1428
v  -112.0601 73.8987 97.5901
v  -111.8891 74.0676 97.5594
v  -111.8891 74.7131 99.8984
v  -112.0601 74.5524 99.9587
v  -112.0601 73.6969 97.6267
v  -112.0601 73.4734 95.1428
v  -112.0601 73.6969 92.6589
v  -112.0601 74.3604 90.2549
v  -112.0601 74.5524 90.3269
v  -111.8891 75.7659 88.2011
v  -111.8891 77.1921 86.2381
v  -112.0601 75.6185 88.1131
v  -112.0601 75.4425 88.0079
v  -111.7779 74.0952 90.1553
v  -111.7779 73.4182 92.6083
v  -111.7779 73.1901 95.1428
v  -111.7779 73.4182 97.6773
v  -111.7779 74.0952 100.1303
v  -112.0601 74.3604 100.0307
v  -112.0601 75.6185 102.1725
v  -111.8891 75.7659 102.0845
v  -111.8891 77.1921 104.0475
v  -112.0601 77.0628 104.1604
v  -112.0601 75.4425 102.2777
v  -111.7779 75.1993 102.4230
v  -111.4001 74.0952 100.1303
v  -111.4001 73.4182 97.6773
v  -111.4001 73.1901 95.1428
v  -111.4001 73.4182 92.6083
v  -111.4001 74.0952 90.1553
v  -111.4001 75.1993 87.8626
v  -111.7779 75.1993 87.8626
v  -112.0601 76.9084 85.9903
v  -111.7779 76.6951 85.8039
v  -111.4001 76.6951 85.8039
v  -110.8212 76.3848 85.5328
v  -110.8212 74.8456 87.6513
v  -110.8212 73.7095 90.0106
v  -110.8212 73.0128 92.5348
v  -110.8212 72.7781 95.1428
v  -110.8212 73.0128 97.7508
v  -110.8212 73.7095 100.2750
v  -111.4001 75.1993 102.4230
v  -111.7779 76.6950 104.4817
v  -111.4001 76.6950 104.4817
v  -110.8212 74.8456 102.6343
v  -109.9515 73.7095 100.2750
v  -109.9515 73.0128 97.7508
v  -109.9515 72.7781 95.1428
v  -109.9515 73.0128 92.5348
v  -109.9515 73.7095 90.0106
v  -109.9515 74.8456 87.6513
v  -109.9515 76.3848 85.5328
v  -109.9515 78.2775 83.7233
v  -110.8212 78.2775 83.7233
v  -111.4001 78.5344 84.0453
v  -110.8212 80.4629 82.2807
v  -109.9515 80.4629 82.2807
v  -108.7908 80.6581 82.6435
v  -108.7908 78.5344 84.0453
v  -108.7908 76.6951 85.8039
v  -108.7908 75.1993 87.8626
v  -108.7908 74.0952 90.1553
v  -108.7908 73.4182 92.6083
v  -108.7908 73.1901 95.1428
v  -108.7908 73.4182 97.6773
v  -108.7908 74.0952 100.1303
v  -109.9515 74.8456 102.6343
v  -108.7908 75.1993 102.4230
v  -110.8212 76.3848 104.7528
v  -109.9515 76.3848 104.7528
v  -108.7908 76.6950 104.4817
v  -109.9515 78.2775 106.5623
v  -110.8212 78.2775 106.5623
v  -111.4001 78.5344 106.2402
v  -111.7779 78.5344 106.2402
v  -111.7779 80.6581 107.6421
v  -111.4001 80.6581 107.6421
v  -110.8212 80.4629 108.0049
v  -109.9515 80.4629 108.0049
v  -108.7908 78.5344 106.2402
v  -108.7908 80.6581 107.6421
v  -109.9515 82.8707 109.0341
v  -110.8212 82.8707 109.0341
v  -111.4001 82.9980 108.6423
v  -111.7779 82.9980 108.6423
v  -112.0601 80.7923 107.3927
v  -112.0601 78.7110 106.0188
v  -112.0601 76.9084 104.2953
v  -112.0601 78.8388 105.8585
v  -112.0601 80.8895 107.2121
v  -112.0601 83.1489 108.1778
v  -112.0601 83.0856 108.3729
v  -111.7779 85.4789 109.2085
v  -111.4001 85.4789 109.2085
v  -110.8212 85.4236 109.6168
v  -109.9515 85.4236 109.6168
v  -108.7908 82.9980 108.6423
v  -108.7908 85.4789 109.2085
v  -109.9515 88.0396 109.7343
v  -110.8212 88.0396 109.7343
v  -111.4001 88.0211 109.3227
v  -111.7779 88.0211 109.3227
v  -112.0601 85.5170 108.9278
v  -112.0601 85.5445 108.7246
v  -111.8891 83.2020 108.0146
v  -111.8891 80.9709 107.0609
v  -111.8891 78.9459 105.7242
v  -111.8891 85.5675 108.5545
v  -112.0601 87.9992 108.8349
v  -112.0601 88.0084 109.0397
v  -111.7779 90.5428 108.9811
v  -111.4001 90.5428 108.9811
v  -110.8212 90.6345 109.3828
v  -109.9515 90.6345 109.3828
v  -108.7908 88.0211 109.3227
v  -108.7908 90.5428 108.9811
v  -109.9515 93.1249 108.5736
v  -110.8212 93.1249 108.5736
v  -111.4001 92.9629 108.1947
v  -111.7779 92.9629 108.1947
v  -112.0601 90.4797 108.7049
v  -112.0601 90.4341 108.5050
v  -111.8891 87.9915 108.6633
v  -111.8891 90.3959 108.3376
v  -112.0601 92.7710 107.7457
v  -112.0601 92.8516 107.9343
v  -111.7779 95.2038 106.9889
v  -111.4001 95.2038 106.9889
v  -110.8212 95.4308 107.3327
v  -109.9515 95.4308 107.3327
v  -108.7908 92.9629 108.1947
v  -108.7908 95.2038 106.9889
v  -109.9515 97.4781 105.7001
v  -110.8212 97.4781 105.7001
v  -111.4001 97.1934 105.4023
v  -111.7779 97.1934 105.4023
v  -112.0601 95.0478 106.7525
v  -112.0601 94.9348 106.5813
v  -111.8891 92.7035 107.5878
v  -111.8891 94.8402 106.4381
v  -112.0601 96.8559 105.0493
v  -112.0601 96.9976 105.1975
v  -111.7779 98.8676 103.4859
v  -111.4001 98.8676 103.4859
v  -110.8212 99.2009 103.7281
v  -109.9515 99.2009 103.7281
v  -108.7908 97.1934 105.4023
v  -108.7908 98.8676 103.4859
v  -109.9515 100.5440 101.4802
v  -110.8212 100.5440 101.4802
v  -111.4001 100.1728 101.3014
v  -111.7779 100.1728 101.3014
v  -112.0601 98.6385 103.3194
v  -112.0601 98.4725 103.1989
v  -111.8891 96.7372 104.9252
v  -111.8891 98.3337 103.0980
v  -112.0601 99.7328 101.0896
v  -112.0601 99.9176 101.1785
v  -111.7779 101.0669 98.9190
v  -111.4001 101.0669 98.9190
v  -110.8212 101.4641 99.0286
v  -109.9515 101.4641 99.0286
v  -108.7908 100.1728 101.3014
v  -108.7908 101.0669 98.9190
v  -109.9515 101.9316 96.4521
v  -110.8212 101.9316 96.4521
v  -111.4001 101.5213 96.4152
v  -111.7779 101.5213 96.4152
v  -112.0601 100.7939 98.8436
v  -112.0601 100.5962 98.7891
v  -111.8891 99.5781 101.0151
v  -111.8891 100.4307 98.7434
v  -112.0601 101.0350 96.3714
v  -112.0601 101.2392 96.3898
v  -111.7779 101.5213 93.8705
v  -111.4001 101.5213 93.8705
v  -110.8212 101.9316 93.8335
v  -109.9515 101.9316 93.8335
v  -108.7908 101.5213 96.4152
v  -108.7908 101.5213 93.8705
v  -109.9515 101.4641 91.2570
v  -110.8212 101.4641 91.2570
v  -111.4001 101.0669 91.3666
v  -111.7779 101.0669 91.3666
v  -112.0601 101.2392 93.8958
v  -112.0601 101.0350 93.9142
v  -111.8891 100.8640 96.3560
v  -111.8891 100.8640 93.9296
v  -112.0601 100.5962 91.4965
v  -112.0601 100.7939 91.4420
v  -111.7779 100.1728 88.9842
v  -111.4001 100.1728 88.9842
v  -110.8212 100.5440 88.8054
v  -109.9515 100.5440 88.8054
v  -108.7908 101.0669 91.3666
v  -108.7908 100.1728 88.9842
v  -109.9515 99.2009 86.5575
v  -110.8212 99.2009 86.5575
v  -111.4001 98.8676 86.7997
v  -111.7779 98.8676 86.7997
v  -112.0601 99.9176 89.1071
v  -112.0601 99.7328 89.1961
v  -111.8891 100.4307 91.5422
v  -111.8891 99.5781 89.2705
v  -112.0601 98.4726 87.0867
v  -112.0601 98.6385 86.9662
v  -111.7779 97.1934 84.8833
v  -111.4001 97.1934 84.8833
v  -110.8212 97.4781 84.5855
v  -109.9515 97.4781 84.5855
v  -108.7908 98.8676 86.7997
v  -108.7908 97.1934 84.8833
v  -109.9515 95.4308 82.9529
v  -110.8212 95.4308 82.9529
v  -111.4001 95.2038 83.2967
v  -111.7779 95.2038 83.2967
v  -112.0601 96.9976 85.0881
v  -112.0601 96.8559 85.2363
v  -111.8891 98.3337 87.1876
v  -111.8891 96.7373 85.3604
v  -112.0601 94.9348 83.7043
v  -112.0601 95.0478 83.5331
v  -111.7779 92.9629 82.0909
v  -111.4001 92.9629 82.0909
v  -110.8212 93.1249 81.7120
v  -109.9515 93.1249 81.7120
v  -108.7908 95.2038 83.2967
v  -108.7908 92.9629 82.0909
v  -109.9515 90.6345 80.9028
v  -110.8212 90.6345 80.9028
v  -111.4001 90.5428 81.3045
v  -111.7779 90.5428 81.3045
v  -112.0601 92.8516 82.3513
v  -112.0601 92.7710 82.5399
v  -111.8891 94.8402 83.8475
v  -111.8891 92.7035 82.6978
v  -112.0601 90.4341 81.7806
v  -112.0601 90.4797 81.5807
v  -111.7779 88.0211 80.9629
v  -111.4001 88.0211 80.9629
v  -110.8212 88.0396 80.5513
v  -109.9515 88.0396 80.5513
v  -108.7908 90.5428 81.3045
v  -108.7908 88.0211 80.9629
v  -109.9515 85.4237 80.6688
v  -110.8212 85.4237 80.6688
v  -111.4001 85.4790 81.0771
v  -111.7779 85.4790 81.0771
v  -112.0601 88.0084 81.2459
v  -112.0601 87.9992 81.4508
v  -111.8891 90.3959 81.9480
v  -111.8891 87.9915 81.6223
v  -112.0601 85.5445 81.5610
v  -112.0601 85.5170 81.3578
v  -111.7779 82.9980 81.6433
v  -111.4001 82.9980 81.6433
v  -110.8212 82.8707 81.2515
v  -109.9515 82.8707 81.2515
v  -108.7908 85.4790 81.0771
v  -108.7908 82.9980 81.6433
v  -111.4001 80.6581 82.6435
v  -111.7779 80.6581 82.6435
v  -112.0601 83.0856 81.9127
v  -112.0601 83.1489 82.1078
v  -111.8891 85.5676 81.7311
v  -111.8891 83.2020 82.2710
v  -112.0601 80.8895 83.0735
v  -112.0601 80.7923 82.8929
v  -111.7779 78.5344 84.0453
v  -112.0601 78.7110 84.2668
v  -112.0601 78.8388 84.4271
v  -111.8891 80.9709 83.2247
v  -111.8891 78.9459 84.5614
v  -112.0601 77.0628 86.1252
v  -111.7268 77.2073 93.2960
v  -111.7268 77.0411 95.1428
v  -111.7268 77.2073 96.9896
v  -112.1995 78.2313 96.8038
v  -112.1995 78.0818 95.1428
v  -112.1995 78.2313 93.4818
v  -111.7268 77.7006 91.5085
v  -111.7268 78.5052 89.8378
v  -112.1995 78.6749 91.8741
v  -112.6722 79.2552 93.6676
v  -112.6722 79.1224 95.1428
v  -112.6722 79.2552 96.6180
v  -112.6722 79.6492 98.0458
v  -112.1995 78.6749 98.4115
v  -111.7268 77.7006 98.7771
v  -111.7268 78.5052 100.4478
v  -112.1995 79.3985 99.9140
v  -112.6722 80.2919 99.3803
v  -113.1449 80.8992 99.0175
v  -113.1449 80.3116 97.7972
v  -113.1449 79.9512 96.4917
v  -113.1449 79.8298 95.1428
v  -113.1449 79.9512 93.7939
v  -112.6722 79.6492 92.2398
v  -112.1995 79.3985 90.3715
v  -111.7268 79.5951 88.3376
v  -111.7268 80.9354 87.0562
v  -112.1995 80.3788 89.0223
v  -112.6722 80.2919 90.9053
v  -113.1449 80.3116 92.4884
v  -113.1449 82.6742 101.0491
v  -113.1449 81.6952 100.1132
v  -112.6722 81.1625 100.5786
v  -112.1995 80.3788 101.2633
v  -112.6722 82.2331 101.6022
v  -112.1995 81.5843 102.4158
v  -111.7268 79.5951 101.9480
v  -111.7268 80.9354 103.2294
v  -112.1995 82.9761 103.3346
v  -112.6722 83.4692 102.4182
v  -113.1449 83.8045 101.7952
v  -113.1449 85.0498 102.3275
v  -112.6722 84.8312 103.0003
v  -112.1995 84.5096 103.9900
v  -111.7268 82.4830 104.2509
v  -111.7268 84.1881 104.9797
v  -112.1995 86.1356 104.3611
v  -112.6722 86.2753 103.3299
v  -113.1449 86.3702 102.6289
v  -113.1449 87.7232 102.6896
v  -112.6722 87.7550 103.3964
v  -112.1995 87.8016 104.4360
v  -111.7268 85.9959 105.3924
v  -111.7268 87.8483 105.4756
v  -112.1995 89.4543 104.2121
v  -112.6722 89.2227 103.1975
v  -113.1449 89.0653 102.5078
v  -113.1449 90.3534 102.0893
v  -113.1449 92.6049 100.6031
v  -113.1449 83.8045 88.4904
v  -113.1449 81.6953 90.1724
v  -113.1449 80.8992 91.2681
v  -112.6722 81.1625 89.7070
v  -112.6722 82.2331 88.6834
v  -113.1449 82.6742 89.2365
v  -112.6722 83.4692 87.8674
v  -112.1995 82.9761 86.9510
v  -112.1995 81.5843 87.8698
v  -111.7268 82.4830 86.0347
v  -111.7268 84.1881 85.3059
v  -112.1995 84.5096 86.2956
v  -112.6722 84.8312 87.2853
v  -112.1995 86.1356 85.9245
v  -111.7268 85.9959 84.8932
v  -111.7268 87.8483 84.8100
v  -112.1995 87.8016 85.8496
v  -111.7268 89.6859 85.0590
v  -111.7268 91.4494 85.6320
v  -112.1995 89.4543 86.0735
v  -112.6722 87.7550 86.8892
v  -112.6722 86.2753 86.9557
v  -113.1449 85.0498 87.9581
v  -113.1449 86.3702 87.6567
v  -113.1449 87.7232 87.5960
v  -112.6722 89.2227 87.0881
v  -112.1995 91.0404 86.5889
v  -111.7268 93.0823 86.5107
v  -111.7268 94.5321 87.6668
v  -112.1995 92.5090 87.3792
v  -112.6722 90.6314 87.5458
v  -113.1449 89.0653 87.7778
v  -113.1449 93.4959 90.7024
v  -113.1449 91.5460 88.8381
v  -113.1449 90.3534 88.1963
v  -112.6722 91.9357 88.2477
v  -112.1995 93.8129 88.4190
v  -112.6722 93.0938 89.1712
v  -113.1449 92.6049 89.6825
v  -112.6722 94.0683 90.2866
v  -112.1995 94.9102 89.6749
v  -111.7268 95.7521 89.0632
v  -111.7268 96.7032 90.6551
v  -112.1995 95.7656 91.1066
v  -112.6722 94.8280 91.5581
v  -112.1995 96.3516 92.6680
v  -111.7268 97.3547 92.3911
v  -111.7268 97.6858 94.2157
v  -112.1995 96.6494 94.3089
v  -111.7268 97.6858 96.0700
v  -111.7268 97.3547 97.8945
v  -112.1995 96.6494 95.9767
v  -112.6722 95.6129 94.4022
v  -112.6722 95.3484 92.9448
v  -113.1449 94.1906 91.8651
v  -113.1449 94.6665 93.1330
v  -113.1449 94.9083 94.4656
v  -112.6722 95.6129 95.8834
v  -112.1995 96.3516 97.6176
v  -111.7268 96.7032 99.6305
v  -111.7268 95.7521 101.2224
v  -112.1995 95.7656 99.1790
v  -112.6722 95.3484 97.3408
v  -113.1449 94.9083 95.8200
v  -113.1449 94.1906 98.4205
v  -113.1449 94.6665 97.1526
v  -112.6722 94.8280 98.7275
v  -112.1995 94.9102 100.6107
v  -112.6722 94.0683 99.9990
v  -113.1449 93.4959 99.5832
v  -112.6722 93.0938 101.1145
v  -112.1995 93.8129 101.8666
v  -111.7268 94.5321 102.6188
v  -111.7268 93.0823 103.7749
v  -112.1995 92.5090 102.9064
v  -112.6722 91.9357 102.0379
v  -113.1449 91.5460 101.4475
v  -112.6722 90.6314 102.7398
v  -112.1995 91.0404 103.6967
v  -111.7268 91.4494 104.6536
v  -111.7268 89.6859 105.2267
v  -107.6737 28.4203 80.6861
v  -107.6737 28.1678 82.1184
v  -112.4466 28.1678 82.1184
v  -112.4466 28.4203 80.6861
v  -107.6737 29.1475 79.4266
v  -112.4466 29.1475 79.4266
v  -107.6737 30.2616 78.4918
v  -112.6260 29.2265 79.4929
v  -112.6260 28.5172 80.7214
v  -112.6260 28.2708 82.1184
v  -112.4466 28.4203 83.5507
v  -107.6737 28.4203 83.5507
v  -112.4466 29.1475 84.8102
v  -112.6260 28.5172 83.5154
v  -112.6260 28.7214 83.4411
v  -112.6260 28.4882 82.1184
v  -112.6260 28.7214 80.7957
v  -112.6260 29.3930 79.6326
v  -112.6260 30.3131 78.5810
v  -112.4466 30.2616 78.4918
v  -107.6737 31.6283 77.9943
v  -112.4466 31.6283 77.9943
v  -112.6260 31.6462 78.0959
v  -112.6260 30.4218 78.7693
v  -112.8594 29.3930 79.6326
v  -112.8594 28.7214 80.7957
v  -112.8594 28.4882 82.1184
v  -112.8594 28.7214 83.4411
v  -112.8594 29.3930 84.6042
v  -112.6260 29.3930 84.6042
v  -112.6260 29.2265 84.7439
v  -112.4466 30.2616 85.7450
v  -107.6737 29.1475 84.8102
v  -107.6737 30.2616 85.7450
v  -112.4466 31.6283 86.2424
v  -112.6260 30.3131 85.6557
v  -112.6260 30.4218 85.4675
v  -112.8594 30.4218 85.4675
v  -112.8594 30.3131 85.6557
v  -112.8594 29.2265 84.7439
v  -112.8594 28.5172 83.5154
v  -112.8594 28.2708 82.1184
v  -112.8594 28.5172 80.7214
v  -112.8594 29.2265 79.4929
v  -112.8594 30.4218 78.7693
v  -112.6260 31.6839 78.3099
v  -112.8594 31.6839 78.3099
v  -112.8594 30.3131 78.5810
v  -112.9812 30.2237 78.4262
v  -112.9812 29.0895 79.3779
v  -112.9812 28.3492 80.6602
v  -112.9812 28.0921 82.1184
v  -112.9812 28.3492 83.5766
v  -112.9812 29.0895 84.8588
v  -112.9812 30.2237 85.8106
v  -112.8594 31.6462 86.1409
v  -112.8594 31.6839 85.9269
v  -112.8594 33.0647 86.1409
v  -112.9812 31.6151 86.3170
v  -113.5211 31.5568 86.6476
v  -113.5211 30.0559 86.1013
v  -113.5211 28.8323 85.0746
v  -113.5211 28.0337 83.6914
v  -113.5211 27.7563 82.1184
v  -113.5211 28.0337 80.5454
v  -113.5211 28.8323 79.1622
v  -113.5211 30.0559 78.1355
v  -112.9812 31.6151 77.9198
v  -112.8594 31.6462 78.0959
v  -112.9812 33.0958 77.9198
v  -113.5211 31.5568 77.5892
v  -114.3542 30.2616 78.4918
v  -114.3542 29.1475 79.4266
v  -114.3542 28.4203 80.6861
v  -114.3542 28.1678 82.1184
v  -114.3542 28.4203 83.5507
v  -114.3542 29.1475 84.8102
v  -114.3542 30.2616 85.7450
v  -114.3542 31.6283 86.2424
v  -114.3542 33.0826 86.2424
v  -113.5211 33.1541 86.6476
v  -112.9812 33.0958 86.3170
v  -113.5211 34.6550 86.1013
v  -114.3542 34.4493 85.7450
v  -114.9477 33.6484 84.3579
v  -114.9477 32.8045 84.6650
v  -114.9477 31.9064 84.6650
v  -114.9477 31.0625 84.3579
v  -114.9477 30.3745 83.7806
v  -114.9477 29.9255 83.0028
v  -114.9477 29.7695 82.1184
v  -114.9477 30.3745 80.4562
v  -114.9477 34.7854 83.0028
v  -114.9477 34.3364 83.7806
v  -114.3542 35.5634 84.8102
v  -113.5211 35.8786 85.0746
v  -112.9812 34.4871 85.8106
v  -112.8594 34.3977 85.6557
v  -112.8594 33.0270 85.9269
v  -112.8594 34.2891 85.4675
v  -112.8594 35.4844 84.7439
v  -112.9812 35.6214 84.8588
v  -113.5211 36.6772 83.6914
v  -114.3542 36.2906 83.5507
v  -114.9477 34.9414 82.1184
v  -114.3542 36.5431 82.1184
v  -114.9477 34.7854 81.2340
v  -114.9477 33.6484 79.8789
v  -114.9477 34.3364 80.4562
v  -114.3542 36.2906 80.6861
v  -113.5211 36.9545 82.1184
v  -112.9812 36.3617 83.5766
v  -112.8594 36.1937 83.5154
v  -112.8594 35.3179 84.6042
v  -112.6260 34.2891 85.4675
v  -112.6260 33.0270 85.9269
v  -112.6260 31.6839 85.9269
v  -112.6260 31.6462 86.1409
v  -112.6260 33.0647 86.1409
v  -112.6260 34.3977 85.6557
v  -112.6260 35.3179 84.6042
v  -112.8594 35.9894 83.4411
v  -112.8594 36.4400 82.1184
v  -112.9812 36.6188 82.1184
v  -113.5211 36.6772 80.5454
v  -114.3542 35.5634 79.4266
v  -114.3542 34.4493 78.4918
v  -113.5211 35.8786 79.1622
v  -112.9812 36.3617 80.6602
v  -112.8594 36.1937 80.7214
v  -112.8594 36.2227 82.1184
v  -112.6260 35.9894 83.4411
v  -112.6260 35.4844 84.7439
v  -112.4466 35.5634 84.8102
v  -112.4466 34.4493 85.7450
v  -112.4466 33.0826 86.2424
v  -107.6737 31.6283 86.2424
v  -107.6737 33.0826 86.2424
v  -107.6737 34.4493 85.7450
v  -107.6737 35.5634 84.8102
v  -112.4466 36.2906 83.5507
v  -112.6260 36.1937 83.5154
v  -112.6260 36.2227 82.1184
v  -112.8594 35.9894 80.7957
v  -112.8594 35.4844 79.4929
v  -112.9812 35.6214 79.3779
v  -113.5211 34.6550 78.1355
v  -112.9812 34.4871 78.4262
v  -112.8594 34.3977 78.5810
v  -112.8594 35.3179 79.6326
v  -112.6260 35.9894 80.7957
v  -112.6260 36.4400 82.1184
v  -112.4466 36.5431 82.1184
v  -107.6737 36.2906 83.5507
v  -107.6737 36.5431 82.1184
v  -112.4466 36.2906 80.6861
v  -112.6260 36.1937 80.7214
v  -112.6260 35.3179 79.6326
v  -112.8594 34.2890 78.7693
v  -112.8594 33.0647 78.0959
v  -113.5211 33.1541 77.5892
v  -114.3542 33.0826 77.9943
v  -114.3542 31.6283 77.9943
v  -112.8594 33.0270 78.3099
v  -112.6260 34.2890 78.7693
v  -112.6260 35.4844 79.4929
v  -112.4466 35.5634 79.4266
v  -107.6737 36.2906 80.6861
v  -107.6737 35.5634 79.4266
v  -112.4466 34.4493 78.4918
v  -112.6260 34.3977 78.5810
v  -112.6260 33.0270 78.3099
v  -112.6260 33.0647 78.0959
v  -112.4466 33.0826 77.9943
v  -107.6737 34.4493 78.4918
v  -107.6737 33.0826 77.9943
v  -114.9477 31.0625 79.8789
v  -114.9477 31.9064 79.5718
v  -114.9477 32.8045 79.5718
v  -114.9477 29.9255 81.2340
v  -107.6737 34.3828 107.0802
v  -107.6737 33.0073 106.6078
v  -112.4466 33.0073 106.6078
v  -112.4466 31.5532 106.6344
v  -107.6737 31.5532 106.6344
v  -112.4466 30.1958 107.1567
v  -107.6737 30.1958 107.1567
v  -112.6260 31.5729 106.7355
v  -112.6260 32.9912 106.7096
v  -112.6260 34.3329 107.1704
v  -112.4466 34.3828 107.0802
v  -107.6737 35.5138 107.9946
v  -112.4466 35.5138 107.9946
v  -112.6260 35.4360 108.0622
v  -112.6260 34.2277 107.3606
v  -112.6260 32.9574 106.9244
v  -112.6260 31.6145 106.9489
v  -112.6260 30.3611 107.4312
v  -112.6260 30.2490 107.2450
v  -112.4466 29.0989 108.1117
v  -107.6737 29.0989 108.1117
v  -112.4466 28.3949 109.3843
v  -112.6260 29.1791 108.1765
v  -112.6260 29.3481 108.3132
v  -112.8594 29.3481 108.3132
v  -112.8594 30.3611 107.4312
v  -112.8594 31.6145 106.9489
v  -112.8594 32.9574 106.9244
v  -112.8594 34.2277 107.3606
v  -112.6260 35.2721 108.2050
v  -112.6260 36.1676 109.2776
v  -112.4466 36.2638 109.2406
v  -107.6737 36.2638 109.2406
v  -107.6737 36.5425 110.6680
v  -112.4466 36.5425 110.6680
v  -112.6260 36.4394 110.6699
v  -112.6260 35.9648 109.3557
v  -112.8594 35.2721 108.2050
v  -112.8594 34.3329 107.1704
v  -112.8594 32.9912 106.7096
v  -112.8594 31.5729 106.7355
v  -112.8594 30.2490 107.2450
v  -112.8594 29.1791 108.1765
v  -112.8594 28.4924 109.4178
v  -112.8594 28.6980 109.4884
v  -112.6260 28.6980 109.4884
v  -112.8594 28.4889 110.8151
v  -112.8594 28.2716 110.8190
v  -112.9812 28.3233 109.3597
v  -112.9812 29.0401 108.0641
v  -112.9812 30.1568 107.0918
v  -112.9812 31.5386 106.5601
v  -112.9812 33.0191 106.5330
v  -112.9812 34.4194 107.0139
v  -112.9812 35.5709 107.9448
v  -112.8594 35.4360 108.0622
v  -112.8594 35.9648 109.3557
v  -112.8594 36.1676 109.2776
v  -112.9812 36.3345 109.2134
v  -113.5211 35.8241 107.7244
v  -113.5211 34.5819 106.7202
v  -113.5211 33.0713 106.2014
v  -113.5211 31.4743 106.2306
v  -113.5211 29.9836 106.8042
v  -113.5211 28.7790 107.8530
v  -113.5211 28.0058 109.2506
v  -113.5211 27.7572 110.8284
v  -112.9812 28.0928 110.8223
v  -112.8594 28.5434 112.2113
v  -112.9812 28.3765 112.2755
v  -113.5211 28.0632 112.3961
v  -114.3542 28.4472 112.2483
v  -114.3542 28.1685 110.8209
v  -114.3542 28.3949 109.3843
v  -114.3542 29.0989 108.1117
v  -114.3542 30.1958 107.1567
v  -114.3542 31.5532 106.6344
v  -114.3542 33.0073 106.6078
v  -114.3542 34.3828 107.0802
v  -114.3542 35.5138 107.9946
v  -113.5211 36.6478 109.0928
v  -112.9812 36.6182 110.6666
v  -113.5211 36.9538 110.6605
v  -114.3542 36.2638 109.2406
v  -114.9477 34.3058 109.0464
v  -114.9477 33.6074 108.4818
v  -114.9477 32.7580 108.1900
v  -114.9477 31.8600 108.2064
v  -114.9477 31.0219 108.5290
v  -114.9477 30.3446 109.1187
v  -114.9477 29.9098 109.9045
v  -114.9477 29.7700 110.7917
v  -114.9477 31.9530 113.2989
v  -114.9477 34.8012 111.5844
v  -114.9477 34.7689 109.8158
v  -114.3542 36.5425 110.6680
v  -114.9477 34.9410 110.6972
v  -114.3542 36.3161 112.1046
v  -113.5211 36.7053 112.2383
v  -112.9812 36.3877 112.1292
v  -112.8594 36.4394 110.6699
v  -112.8594 36.2221 110.6738
v  -112.8594 36.0130 112.0005
v  -112.8594 36.2186 112.0712
v  -112.9812 35.6709 113.4248
v  -113.5211 35.9320 113.6359
v  -114.3542 35.6121 113.3772
v  -114.9477 34.3665 112.3702
v  -114.9477 33.6891 112.9599
v  -114.3542 34.5152 114.3323
v  -113.5211 34.7274 114.6847
v  -112.9812 34.5543 114.3971
v  -112.8594 35.5319 113.3124
v  -112.8594 35.3629 113.1758
v  -112.6260 35.3629 113.1758
v  -112.6260 36.0130 112.0005
v  -112.6260 36.2221 110.6738
v  -112.6260 36.2186 112.0712
v  -112.6260 35.5319 113.3124
v  -112.6260 34.4620 114.2439
v  -112.6260 34.3499 114.0577
v  -112.8594 34.3499 114.0577
v  -112.8594 34.4620 114.2439
v  -112.9812 33.1724 114.9288
v  -113.5211 33.2367 115.2583
v  -114.3542 33.1579 114.8545
v  -114.9477 32.8510 113.2825
v  -114.3542 31.7038 114.8811
v  -113.5211 31.6397 115.2875
v  -112.9812 31.6920 114.9559
v  -112.8594 33.1381 114.7534
v  -112.8594 33.0965 114.5400
v  -112.6260 33.0965 114.5400
v  -112.6260 33.1381 114.7534
v  -112.4466 34.5152 114.3323
v  -112.4466 35.6121 113.3772
v  -112.4466 36.3161 112.1046
v  -107.6737 36.3161 112.1046
v  -107.6737 35.6121 113.3772
v  -107.6737 34.5152 114.3323
v  -107.6737 33.1579 114.8545
v  -112.4466 33.1579 114.8545
v  -112.6260 31.7198 114.7793
v  -112.6260 31.7536 114.5645
v  -112.8594 31.7536 114.5645
v  -112.8594 31.7198 114.7793
v  -112.9812 30.2916 114.4750
v  -113.5211 30.1291 114.7687
v  -112.9812 29.1402 113.5441
v  -112.8594 30.3781 114.3185
v  -112.8594 30.4834 114.1283
v  -112.6260 30.4834 114.1283
v  -112.6260 30.3781 114.3185
v  -112.4466 31.7038 114.8811
v  -107.6737 31.7038 114.8811
v  -107.6737 30.3282 114.4087
v  -112.4466 30.3282 114.4087
v  -112.6260 29.2750 113.4267
v  -112.6260 29.4389 113.2839
v  -112.8594 29.4389 113.2839
v  -112.8594 29.2750 113.4267
v  -113.5211 28.8870 113.7645
v  -114.3542 30.3282 114.4087
v  -114.9477 31.1037 113.0072
v  -114.3542 29.1972 113.4944
v  -114.9477 30.4053 112.4426
v  -114.9477 29.9421 111.6731
v  -107.6737 29.1972 113.4944
v  -112.4466 29.1972 113.4944
v  -112.6260 28.5434 112.2113
v  -112.6260 28.7463 112.1333
v  -112.8594 28.7463 112.1333
v  -112.6260 28.4889 110.8151
v  -112.6260 28.2716 110.8190
v  -112.4466 28.4472 112.2483
v  -107.6737 28.4472 112.2483
v  -107.6737 28.1685 110.8209
v  -112.4466 28.1685 110.8209
v  -112.6260 28.4924 109.4178
v  -107.6737 28.3949 109.3843
# 2681 vertices

vn -1.0000 0.0000 -0.0000
vn -0.6647 -0.7424 -0.0837
vn -0.2734 -0.9619 -0.0000
vn -0.6609 -0.7459 0.0833
vn -0.9391 -0.3427 -0.0269
vn -0.8838 -0.3881 -0.2611
vn -0.9580 -0.2571 -0.1274
vn -0.8858 -0.2662 -0.3801
vn -0.9392 -0.3424 0.0259
vn -0.9591 -0.2535 0.1263
vn -0.8807 -0.3931 0.2641
vn -0.9613 -0.1491 -0.2317
vn -0.8543 -0.1238 -0.5048
vn -0.9473 -0.0351 -0.3184
vn -0.9474 0.0347 -0.3182
vn -0.8560 0.1239 -0.5019
vn -0.8858 0.2644 -0.3813
vn -0.9619 0.1462 -0.2309
vn -0.9643 0.2211 -0.1458
vn -0.8823 0.3908 -0.2625
vn -0.8301 0.5375 -0.1484
vn -0.9182 0.3931 -0.0480
vn -0.9391 0.3425 0.0265
vn -0.8456 0.5184 0.1275
vn -0.8855 0.3856 0.2591
vn -0.9583 0.2563 0.1263
vn -0.9618 0.1479 0.2305
vn -0.8874 0.2648 0.3775
vn -0.8554 0.1237 0.5030
vn -0.9474 0.0345 0.3181
vn -0.9473 -0.0353 0.3184
vn -0.8548 -0.1240 0.5040
vn -0.8843 -0.2659 0.3839
vn -0.9615 -0.1474 0.2320
vn -0.6224 -0.7827 -0.0000
vn -0.6224 0.0000 0.7827
vn -0.6224 0.7827 -0.0000
vn -0.6224 0.0000 -0.7827
vn -0.3508 -0.7966 0.4923
vn -0.3362 -0.8846 0.3231
vn -0.1414 -0.8969 0.4190
vn -0.1617 -0.7761 0.6096
vn -0.3426 -0.5100 0.7890
vn 0.2591 -0.9488 0.1809
vn -0.1898 -0.5062 0.8413
vn -0.2809 -0.1511 0.9478
vn 0.1974 -0.5372 0.8200
vn 0.1928 -0.8105 0.5531
vn 0.5440 -0.7222 0.4272
vn 0.4833 -0.8687 0.1086
vn 0.5586 -0.4557 0.6931
vn 0.8246 -0.3290 0.4602
vn 0.7792 -0.6097 0.1455
vn 0.7226 -0.6913 -0.0031
vn 0.9570 -0.2892 0.0202
vn 0.9718 -0.1556 0.1770
vn 1.0000 0.0004 -0.0003
vn 0.9772 -0.0182 0.2115
vn 0.8216 -0.0705 0.5657
vn 0.5495 -0.1546 0.8210
vn 0.1946 -0.1965 0.9610
vn -0.1644 -0.1889 0.9681
vn -0.1476 0.2036 0.9679
vn -0.2839 0.1475 0.9474
vn 0.1920 0.1957 0.9617
vn 0.5460 0.1521 0.8239
vn 0.8223 0.0725 0.5645
vn 0.9771 0.0197 0.2117
vn 1.0000 -0.0003 -0.0002
vn 0.9562 -0.2928 0.0013
vn -0.3519 0.5074 0.7866
vn -0.1762 0.5504 0.8161
vn 0.1977 0.5470 0.8134
vn 0.5580 0.4746 0.6807
vn 0.8238 0.3564 0.4409
vn 0.9681 0.1871 0.1665
vn 0.9603 0.2779 0.0255
vn 0.7618 0.6306 0.1485
vn 0.5479 0.7281 0.4119
vn 0.2029 0.8145 0.5435
vn -0.1788 0.8169 0.5484
vn -0.3478 0.8030 0.4840
vn -0.2811 0.9496 0.1390
vn -0.1518 0.9669 0.2053
vn 0.2001 0.9571 0.2098
vn 0.5370 0.8325 0.1362
vn 0.7419 0.6705 0.0068
vn 0.9610 0.2764 -0.0003
vn 1.0000 -0.0006 0.0000
vn 0.9613 0.2756 0.0002
vn 0.7461 0.6658 0.0013
vn 0.5014 0.8574 -0.1162
vn 0.1827 0.9629 -0.1984
vn -0.1483 0.9678 -0.2035
vn -0.2840 0.9492 -0.1356
vn -0.3545 0.7994 -0.4850
vn -0.1756 0.8167 -0.5496
vn 0.1898 0.8138 -0.5493
vn 0.5434 0.7222 -0.4280
vn 0.7849 0.6003 -0.1538
vn 0.9602 0.2785 -0.0198
vn 0.9718 0.1614 -0.1716
vn 0.8248 0.3371 -0.4539
vn 0.5578 0.4608 -0.6903
vn 0.1960 0.5422 -0.8171
vn -0.1761 0.5493 -0.8169
vn -0.3509 0.5052 -0.7884
vn -0.2826 0.1491 -0.9476
vn -0.1499 0.2054 -0.9671
vn 0.1947 0.2005 -0.9601
vn 0.5501 0.1608 -0.8195
vn 0.8228 0.0818 -0.5624
vn 0.9772 0.0225 -0.2113
vn 1.0000 0.0041 0.0021
vn 0.9942 -0.0167 -0.1062
vn 0.7588 -0.0728 -0.6472
vn 0.3492 -0.0831 -0.9333
vn 0.1347 -0.1066 -0.9851
vn -0.1674 -0.1878 -0.9678
vn -0.2827 -0.1491 -0.9475
vn -0.3468 -0.5100 -0.7872
vn -0.1931 -0.5074 -0.8398
vn 0.1142 -0.4839 -0.8676
vn 0.3584 -0.4152 -0.8362
vn 0.7367 -0.4025 -0.5434
vn 0.9817 -0.1556 -0.1103
vn 0.9359 -0.3502 -0.0391
vn 0.9452 -0.3265 -0.0014
vn 0.6438 -0.7091 -0.2876
vn 0.3186 -0.7703 -0.5523
vn 0.5986 -0.7974 -0.0759
vn 0.2532 -0.9482 -0.1919
vn 0.0793 -0.8363 -0.5424
vn -0.1668 -0.7780 -0.6058
vn -0.3506 -0.7978 -0.4905
vn -0.3339 -0.8847 -0.3253
vn -0.1465 -0.8965 -0.4181
vn 0.0723 -0.9780 -0.1956
vn 0.8697 -0.1859 0.4573
vn 0.5375 -0.3466 0.7688
vn 0.5378 -0.3465 0.7686
vn 0.8426 -0.2215 0.4909
vn 0.9916 -0.0212 0.1274
vn 0.9985 0.0543 -0.0005
vn 0.9984 0.0035 -0.0567
vn 1.0000 0.0069 -0.0057
vn 0.9175 -0.1012 -0.3847
vn 0.8985 -0.1244 -0.4210
vn 0.5723 -0.2318 -0.7866
vn 0.5451 -0.2383 -0.8038
vn 0.2002 -0.2873 -0.9367
vn 0.1905 -0.2796 -0.9410
vn -0.1836 -0.4519 -0.8730
vn -0.2034 -0.4577 -0.8655
vn -0.4956 -0.4061 -0.7677
vn -0.5535 -0.3890 -0.7364
vn -0.7784 -0.2932 -0.5551
vn -0.8396 -0.2545 -0.4800
vn -0.9622 -0.1274 -0.2408
vn -0.9883 -0.0717 -0.1347
vn -0.9663 -0.1060 0.2346
vn -0.9882 -0.0631 0.1394
vn -0.8427 -0.2218 0.4905
vn -0.7912 -0.2516 0.5573
vn -0.5610 -0.3407 0.7545
vn -0.5109 -0.3535 0.7836
vn -0.1959 -0.4033 0.8939
vn -0.1757 -0.4048 0.8974
vn 0.1757 -0.4048 0.8974
vn 0.1957 -0.4031 0.8940
vn -1.0000 0.0002 -0.0001
vn 0.4671 -0.5889 0.6595
vn 0.5056 -0.4757 0.7197
vn 0.9167 -0.3022 0.2614
vn 0.8396 -0.4523 0.3009
vn 0.3723 -0.7704 0.5176
vn 0.9613 -0.2754 0.0001
vn 0.9849 -0.1730 0.0000
vn 0.8679 -0.4968 0.0003
vn 0.6992 -0.6740 0.2384
vn 0.2502 -0.9020 0.3519
vn 0.4765 -0.8642 0.1616
vn 0.6699 -0.7424 0.0003
vn 0.2638 -0.9317 0.2495
vn 0.2259 -0.9429 -0.2448
vn 0.6659 -0.7461 0.0001
vn 0.8600 -0.5103 0.0000
vn 0.9597 -0.2812 -0.0000
vn 0.9844 -0.1757 0.0000
vn 0.9182 -0.3029 -0.2552
vn 0.8373 -0.4595 -0.2965
vn 0.6889 -0.6860 -0.2340
vn 0.4716 -0.8687 -0.1515
vn 0.3668 -0.7689 -0.5236
vn 0.4668 -0.5846 -0.6636
vn 0.5197 -0.4697 -0.7137
vn 0.1611 -0.4805 -0.8621
vn 0.1577 -0.5802 -0.7991
vn -0.1447 -0.4999 -0.8539
vn 0.1312 -0.7464 -0.6524
vn 0.2422 -0.9073 -0.3439
vn 0.0929 -0.8941 -0.4382
vn -0.1859 -0.9653 -0.1836
vn -0.1184 -0.7812 -0.6129
vn -0.1464 -0.6052 -0.7825
vn -0.5036 -0.4984 -0.7057
vn -0.4515 -0.6206 -0.6411
vn -0.7748 -0.4343 -0.4593
vn -0.3451 -0.8092 -0.4755
vn -0.0802 -0.9124 -0.4013
vn -0.2072 -0.9348 -0.2884
vn -0.5081 -0.7935 -0.3349
vn -0.6838 -0.5804 -0.4422
vn -0.9387 -0.3227 -0.1215
vn -0.8547 -0.4941 -0.1591
vn -0.9386 -0.3243 0.1175
vn -0.6576 -0.7424 -0.1283
vn -0.2981 -0.9339 -0.1972
vn -0.3969 -0.9142 -0.0818
vn -0.1854 -0.9652 0.1847
vn -0.6628 -0.7385 0.1237
vn -0.4020 -0.9121 0.0803
vn -0.5019 -0.7949 0.3408
vn -0.2973 -0.9336 0.2001
vn -0.2032 -0.9359 0.2878
vn -0.3388 -0.8085 0.4811
vn -0.4456 -0.6190 0.6468
vn -0.6778 -0.5829 0.4481
vn -0.8575 -0.4908 0.1539
vn -0.7682 -0.4405 0.4646
vn -0.4999 -0.4948 0.7108
vn -0.1487 -0.4974 0.8547
vn -0.1509 -0.6064 0.7807
vn -0.1228 -0.7842 0.6083
vn -0.0794 -0.9134 0.3992
vn 0.0917 -0.8753 0.4748
vn 0.1253 -0.7456 0.6545
vn 0.1511 -0.5807 0.8000
vn 0.1541 -0.4834 0.8617
vn 0.0000 -0.8584 -0.5129
vn 0.0000 -0.7530 -0.6580
vn -0.0042 -0.9881 -0.1536
vn -0.0010 -0.9995 -0.0303
vn 0.0014 -0.9998 0.0201
vn 0.0011 -1.0000 0.0072
vn 0.0025 -0.9988 0.0496
vn 0.0031 -0.9959 0.0905
vn 0.0014 -0.9996 0.0292
vn 0.0015 -0.9989 0.0472
vn -0.0002 -0.9996 -0.0290
vn 0.0000 -0.9999 -0.0148
vn -0.0002 -0.9994 -0.0337
vn -0.0006 -0.9983 -0.0577
vn -0.0006 -0.9998 -0.0203
vn -0.0005 -0.9995 -0.0307
vn -0.0006 -0.9988 0.0496
vn 0.0000 -0.9996 -0.0268
vn -1.0000 0.0022 -0.0000
vn -1.0000 0.0018 -0.0005
vn -1.0000 0.0022 -0.0002
vn -1.0000 0.0014 -0.0008
vn -1.0000 -0.0022 -0.0000
vn -1.0000 -0.0022 0.0000
vn -1.0000 -0.0018 -0.0005
vn -1.0000 -0.0022 -0.0002
vn -1.0000 -0.0018 0.0005
vn -1.0000 -0.0022 0.0002
vn -1.0000 -0.0014 0.0009
vn -1.0000 -0.0013 0.0009
vn -1.0000 -0.0009 0.0013
vn -1.0000 -0.0009 0.0014
vn -1.0000 -0.0005 0.0018
vn -1.0000 -0.0002 0.0022
vn -1.0000 0.0002 0.0022
vn -1.0000 0.0005 0.0018
vn -1.0000 0.0008 0.0014
vn -1.0000 0.0009 0.0013
vn -1.0000 0.0014 0.0008
vn -1.0000 0.0013 0.0009
vn -1.0000 0.0018 0.0005
vn -1.0000 0.0022 0.0002
vn -1.0000 0.0013 -0.0009
vn -1.0000 0.0009 -0.0013
vn -1.0000 0.0010 -0.0012
vn -1.0000 0.0005 -0.0018
vn -1.0000 0.0003 -0.0023
vn -1.0000 -0.0002 -0.0025
vn -1.0000 -0.0005 -0.0018
vn -1.0000 -0.0009 -0.0014
vn -1.0000 -0.0009 -0.0013
vn -1.0000 -0.0013 -0.0009
vn -1.0000 -0.0014 -0.0009
vn -0.2710 -0.9459 0.1782
vn -0.2659 -0.9484 0.1730
vn -0.2697 -0.9479 -0.1694
vn -0.2969 -0.7981 0.5242
vn -0.2662 -0.9478 -0.1755
vn -0.3033 -0.8103 0.5015
vn -0.3028 -0.5262 0.7947
vn -0.3054 -0.5393 0.7848
vn -0.2707 -0.1684 0.9478
vn -0.2738 -0.1966 0.9415
vn -0.2762 0.1975 0.9406
vn -0.2712 0.1680 0.9478
vn -0.3080 0.5224 0.7952
vn -0.3069 0.5376 0.7854
vn -0.3073 0.7952 0.5227
vn -0.3005 0.8104 0.5029
vn -0.2708 0.9478 0.1685
vn -0.2683 0.9471 0.1763
vn -0.2677 0.9481 -0.1713
vn -0.2723 0.9455 -0.1784
vn -0.3008 0.7972 -0.5235
vn -0.3061 0.8093 -0.5014
vn -0.3059 0.5251 -0.7942
vn -0.3087 0.5389 -0.7838
vn -0.2717 0.1675 -0.9477
vn -0.2754 0.1971 -0.9409
vn -0.2748 -0.1971 -0.9411
vn -0.2701 -0.1690 -0.9479
vn -0.3048 -0.5233 -0.7958
vn -0.3038 -0.5379 -0.7864
vn -0.3045 -0.7955 -0.5240
vn -0.2969 -0.8113 -0.5037
vn 0.1346 0.8124 -0.5673
vn 0.0507 0.9741 -0.2203
vn -0.3801 0.9113 -0.1583
vn 0.0628 0.9728 0.2231
vn -0.3673 0.7775 -0.5105
vn 0.1462 0.5661 -0.8113
vn -0.9397 0.3354 -0.0674
vn -0.3808 0.9127 0.1482
vn -0.3579 0.7891 0.4992
vn 0.1452 0.8111 0.5666
vn -0.9456 0.2779 0.1691
vn -0.9373 0.3432 0.0611
vn -0.9138 -0.4038 0.0430
vn -0.9539 0.2543 -0.1592
vn -0.3525 0.4968 -0.7930
vn 0.0641 0.2232 -0.9727
vn -0.3731 0.1477 -0.9160
vn -0.9437 0.1697 -0.2841
vn -0.9517 -0.2575 0.1671
vn -0.9584 -0.1584 0.2376
vn -0.9343 0.0606 -0.3514
vn -0.9368 -0.0694 -0.3429
vn -0.3690 -0.1561 -0.9162
vn 0.0678 -0.2263 -0.9717
vn 0.1544 -0.5684 -0.8082
vn -0.2929 -0.5268 -0.7979
vn 0.1418 -0.8094 -0.5699
vn -0.9271 -0.1910 -0.3224
vn -0.9096 0.0776 0.4082
vn -0.9148 -0.0465 0.4012
vn -0.5547 -0.5040 0.6620
vn -0.5262 -0.7081 0.4709
vn -0.4494 -0.8772 0.1692
vn -0.0715 -0.9719 0.2244
vn -0.1394 -0.8086 0.5716
vn -0.1846 -0.6219 0.7610
vn -0.4848 -0.2229 0.8458
vn -0.4285 0.2006 0.8810
vn -0.9551 0.1569 0.2512
vn -0.9426 -0.2685 -0.1988
vn -0.3280 -0.7783 -0.5355
vn 0.0548 -0.9733 -0.2228
vn -0.3856 -0.9080 -0.1638
vn -0.2499 -0.9579 0.1416
vn -0.9442 -0.3207 -0.0755
vn -0.9534 0.2529 0.1644
vn -0.5336 0.4665 0.7055
vn -0.0540 0.2342 0.9707
vn -0.1878 -0.3637 0.9124
vn -0.1491 0.5739 0.8053
vn -0.5203 0.7154 0.4664
vn -0.9169 0.3971 0.0394
vn -0.9281 -0.3685 0.0534
vn -0.9179 0.3960 -0.0254
vn -0.4439 0.8801 0.1683
vn -0.1378 0.8155 0.5621
vn -0.0813 0.9692 0.2325
vn -0.0966 0.9692 -0.2266
vn -0.4503 0.8812 -0.1443
vn -0.9467 0.2877 -0.1450
vn -0.9203 -0.3348 0.2022
vn -0.2510 -0.8284 0.5008
vn 0.2178 -0.8139 0.5386
vn 0.2961 -0.9325 0.2066
vn 0.2191 -0.5642 0.7960
vn -0.2603 -0.5031 0.8241
vn -0.9323 -0.2005 0.3009
vn -0.9434 0.1646 -0.2878
vn -0.5218 0.7219 -0.4545
vn -0.1457 0.8112 -0.5664
vn -0.5094 0.4680 -0.7222
vn -0.1400 0.5617 -0.8154
vn -0.9105 0.0357 -0.4119
vn -0.4384 0.1690 -0.8828
vn -0.0858 0.2343 -0.9684
vn -0.0743 -0.2244 -0.9717
vn -0.4586 -0.1580 -0.8745
vn -0.9265 -0.0331 -0.3748
vn -0.9480 0.0655 0.3113
vn -0.9263 -0.0762 0.3691
vn -0.3261 -0.1329 0.9359
vn 0.1039 -0.2297 0.9677
vn 0.0530 0.2218 0.9736
vn -0.4074 0.1576 0.8995
vn 0.1366 0.5674 0.8121
vn -0.3720 0.5128 0.7737
vn -0.9516 0.1689 0.2566
vn -0.9516 -0.1587 -0.2633
vn -0.5273 -0.4683 -0.7090
vn -0.1397 -0.5711 -0.8089
vn -0.5274 -0.7229 -0.4464
vn -0.9467 -0.2910 -0.1380
vn -0.1591 -0.8138 -0.5589
vn -0.4649 -0.8718 -0.1540
vn -0.9182 -0.3952 -0.0263
vn -0.1207 -0.9622 -0.2442
vn -0.1506 -0.8155 -0.5589
vn -0.1135 -0.9635 -0.2424
vn -0.4520 -0.8779 -0.1581
vn -0.1048 -0.9682 0.2270
vn -0.5153 -0.7274 -0.4531
vn -0.1331 -0.5703 -0.8106
vn -0.9115 -0.4103 -0.0283
vn -0.4542 -0.8796 0.1411
vn -0.5331 -0.7182 0.4473
vn -0.1486 -0.8118 0.5647
vn -0.9490 -0.2856 0.1332
vn -0.9135 -0.4062 0.0217
vn -0.9339 0.3519 0.0624
vn -0.9425 -0.3006 -0.1462
vn -0.5159 -0.4722 -0.7148
vn -0.0725 -0.2239 -0.9719
vn -0.4473 -0.1603 -0.8799
vn -0.9473 -0.1632 -0.2756
vn -0.9420 0.2858 0.1758
vn -0.9475 0.1744 0.2680
vn -0.9203 -0.0339 -0.3897
vn -0.9143 0.0367 -0.4033
vn -0.4390 0.1659 -0.8830
vn -0.0868 0.2343 -0.9683
vn -0.1343 0.5611 -0.8167
vn -0.5040 0.4659 -0.7273
vn -0.1326 0.8128 -0.5672
vn -0.9438 0.1653 -0.2863
vn -0.9389 -0.0697 0.3371
vn -0.9433 0.0669 0.3252
vn -0.4024 0.5134 0.7580
vn -0.4012 0.7670 0.5007
vn -0.3988 0.9007 0.1724
vn -0.3162 0.9298 0.1882
vn -0.3270 0.7947 0.5114
vn -0.3158 0.5467 0.7755
vn -0.4053 0.1696 0.8983
vn -0.3979 -0.1722 0.9011
vn -0.9429 -0.1871 0.2757
vn -0.9447 0.2928 -0.1479
vn -0.5128 0.7221 -0.4643
vn -0.0859 0.9705 -0.2251
vn -0.4419 0.8842 -0.1516
vn -0.9113 0.4110 -0.0255
vn -0.9379 -0.2985 0.1766
vn -0.3903 -0.5208 0.7593
vn -0.2984 -0.2061 0.9319
vn -0.2862 0.2100 0.9349
vn -0.6928 0.4069 0.5953
vn -0.6913 0.6236 0.3650
vn -0.6219 0.7733 0.1237
vn -0.6255 0.7702 -0.1246
vn -0.3155 0.9281 -0.1976
vn -0.3769 0.9107 -0.1692
vn -0.3333 0.7823 -0.5262
vn -0.7085 0.6019 -0.3684
vn -0.7772 0.5403 -0.3226
vn -0.7077 0.6981 -0.1085
vn -0.7338 0.6728 0.0939
vn -0.7913 0.5374 0.2917
vn -0.7994 0.3505 0.4880
vn -0.6173 0.1397 0.7742
vn -0.5495 -0.1486 0.8222
vn -0.3347 -0.5340 0.7764
vn -0.3698 -0.7752 0.5122
vn -0.3478 -0.7846 0.5132
vn -0.6642 -0.4142 0.6223
vn -0.7109 -0.1039 0.6956
vn -0.7465 0.1278 0.6530
vn -0.9520 0.1693 0.2549
vn -0.9536 0.2695 0.1340
vn -0.9434 0.3305 0.0294
vn -0.9235 0.3820 -0.0365
vn -0.9443 0.2890 -0.1576
vn -0.9473 0.1721 -0.2702
vn -0.7868 0.3399 -0.5153
vn -0.7179 0.3823 -0.5818
vn -0.7372 0.1151 -0.6658
vn -0.9326 0.0434 -0.3584
vn -1.0000 0.0001 0.0003
vn -1.0000 -0.0000 0.0006
vn -1.0000 -0.0002 0.0008
vn -1.0000 -0.0031 0.0006
vn -0.9984 -0.0560 -0.0002
vn -1.0000 -0.0033 -0.0006
vn -1.0000 -0.0003 -0.0008
vn -1.0000 -0.0001 -0.0006
vn -1.0000 0.0001 -0.0003
vn -0.9287 0.0441 0.3681
vn -0.7597 0.0047 0.6503
vn -0.9967 0.0036 0.0817
vn -1.0000 0.0046 -0.0063
vn -1.0000 0.0000 0.0001
vn -0.9334 -0.0374 -0.3569
vn -1.0000 -0.0000 0.0001
vn -1.0000 -0.0002 0.0003
vn -0.9504 -0.1568 -0.2686
vn -1.0000 -0.0000 0.0005
vn -0.7406 -0.1067 -0.6634
vn -0.7986 -0.3182 -0.5108
vn -0.9505 -0.2674 -0.1580
vn -0.9342 -0.3547 -0.0380
vn -1.0000 0.0001 0.0008
vn -0.7993 -0.5090 -0.3195
vn -0.7333 -0.3629 -0.5750
vn -0.6617 -0.1227 -0.7397
vn -0.6572 0.1311 -0.7422
vn -0.3402 0.5296 -0.7770
vn -0.3307 0.2008 -0.9221
vn -0.3422 -0.1913 -0.9200
vn -0.3602 -0.5218 -0.7733
vn -0.7332 -0.5747 -0.3636
vn -0.7434 -0.6602 -0.1077
vn -0.6645 -0.7368 -0.1242
vn -0.3519 -0.7773 -0.5215
vn -0.4192 -0.5155 -0.7473
vn -0.4338 -0.1699 -0.8848
vn -0.4342 0.1708 -0.8844
vn -0.4151 0.5227 -0.7447
vn -0.3807 0.7806 -0.4956
vn -0.9336 0.3524 -0.0642
vn -0.9449 0.2832 -0.1640
vn -0.9531 0.1731 -0.2481
vn -0.9508 0.0651 -0.3030
vn -0.9505 -0.0653 -0.3036
vn -0.9522 -0.1717 -0.2527
vn -0.3926 -0.7774 -0.4916
vn -0.3351 -0.9207 -0.2001
vn -0.6454 -0.7549 0.1164
vn -0.7515 -0.6505 0.1102
vn -0.8980 -0.4388 0.0319
vn -0.9319 -0.3250 0.1614
vn -0.7954 -0.5161 0.3177
vn -0.6918 -0.6198 0.3704
vn -0.3363 -0.9242 0.1812
vn -0.3704 -0.9108 0.1822
vn -0.3839 -0.9092 -0.1612
vn -0.9422 -0.2889 -0.1699
vn -0.9519 0.1646 0.2586
vn -0.9291 0.0365 0.3681
vn -0.9293 -0.0372 0.3674
vn -0.9522 -0.1615 0.2593
vn -0.5226 -0.4656 0.7142
vn -0.1352 -0.5624 0.8157
vn -0.4596 -0.1657 0.8725
vn -0.4596 0.1624 0.8732
vn -0.5264 0.4727 0.7067
vn -0.9449 0.2986 0.1340
vn -0.9319 -0.3577 -0.0596
vn -0.9291 -0.3639 0.0662
vn -0.7819 -0.3310 0.5282
vn -0.9692 -0.1389 0.2035
vn -0.9652 -0.0380 0.2587
vn -0.9946 -0.0019 -0.1035
vn -1.0000 -0.0000 -0.0001
vn -1.0000 -0.0001 -0.0004
vn -1.0000 0.0001 -0.0007
vn -1.0000 0.0002 -0.0008
vn -1.0000 0.0022 -0.0006
vn -0.9996 0.0278 0.0000
vn -1.0000 0.0024 0.0006
vn -0.9138 0.4055 0.0243
vn -0.5286 0.7245 0.4423
vn -0.4647 0.8725 0.1514
vn -0.1326 0.9599 0.2471
vn -0.1656 0.8132 0.5578
vn -0.1390 0.5722 0.8082
vn -0.0690 0.2243 0.9721
vn -0.0761 -0.2306 0.9701
vn -0.0192 -0.9991 0.0373
vn -0.0191 -0.9998 0.0000
vn -0.0192 -0.9991 -0.0388
vn -0.0190 -0.9991 0.0376
vn -0.0211 -0.9747 0.2227
vn -0.0211 -0.9745 0.2235
vn -0.0236 -0.8267 0.5621
vn -0.0236 -0.8271 0.5616
vn -0.0189 -0.2188 0.9756
vn -0.0441 -0.5330 0.8450
vn -0.0194 0.0810 0.9965
vn -0.0600 -0.2238 0.9728
vn -0.0302 -0.0605 0.9977
vn -0.0164 -0.0920 0.9956
vn -0.0159 0.0000 0.9999
vn -0.0158 -0.0000 0.9999
vn -0.0161 0.0493 0.9987
vn -0.0162 0.0493 0.9987
vn -0.0187 0.2254 0.9741
vn -0.0189 0.2222 0.9748
vn -0.0225 0.5484 0.8359
vn -0.0227 0.5448 0.8383
vn -0.0236 0.8266 0.5623
vn -0.0236 0.8270 0.5618
vn -0.0212 0.9747 0.2227
vn -0.0211 0.9745 0.2235
vn -0.0191 0.9991 0.0376
vn -0.0192 0.9991 0.0373
vn -0.0191 0.9998 -0.0000
vn -0.0192 0.9998 0.0000
vn -0.0192 0.9991 -0.0388
vn -0.0191 0.9991 -0.0391
vn -0.0212 0.9743 -0.2241
vn -0.0211 0.9741 -0.2249
vn -0.0236 0.8268 -0.5621
vn -0.0236 0.8271 -0.5615
vn -0.0228 0.5487 -0.8357
vn -0.0225 0.5451 -0.8381
vn -0.0189 0.2253 -0.9741
vn -0.0187 0.2221 -0.9748
vn -0.0162 0.0493 -0.9987
vn -0.0161 0.0493 -0.9987
vn -0.0313 -0.0129 -0.9994
vn -0.0159 -0.0429 -0.9990
vn -0.0450 -0.0790 -0.9959
vn -0.0605 -0.0494 -0.9969
vn -0.0494 0.1667 -0.9848
vn -0.0414 -0.2084 -0.9772
vn -0.0346 -0.1791 -0.9832
vn -0.0227 -0.5451 -0.8380
vn -0.0236 -0.8268 -0.5620
vn -0.0236 -0.8272 -0.5614
vn -0.0212 -0.9743 -0.2240
vn -0.0211 -0.9742 -0.2248
vn -0.0191 -0.9991 -0.0391
vn -0.6275 -0.7782 0.0269
vn -0.6161 -0.7876 0.0000
vn -0.6163 -0.7875 -0.0000
vn -0.6277 -0.7779 -0.0279
vn -0.6287 -0.7770 0.0314
vn -0.6776 -0.7249 0.1241
vn -0.7041 -0.6852 0.1866
vn -0.7519 -0.5559 0.3545
vn -0.7590 -0.5354 0.3704
vn -0.7523 -0.3413 0.5635
vn -0.7648 -0.3743 0.5243
vn -0.6804 -0.1218 0.7227
vn -0.7185 -0.1949 0.6676
vn -0.6386 -0.0450 0.7683
vn -0.6407 -0.0420 0.7666
vn -0.7978 -0.0001 0.6029
vn -0.8011 0.0000 0.5985
vn -0.7111 0.0362 0.7022
vn -0.7092 0.0399 0.7039
vn -0.6839 0.1216 0.7194
vn -0.7135 0.1935 0.6734
vn -0.7578 0.3393 0.5572
vn -0.7594 0.3771 0.5301
vn -0.7553 0.5535 0.3510
vn -0.7548 0.5410 0.3710
vn -0.6782 0.7246 0.1227
vn -0.7019 0.6878 0.1852
vn -0.6288 0.7770 0.0314
vn -0.6276 0.7781 0.0269
vn -0.6165 0.7874 -0.0000
vn -0.6163 0.7875 -0.0000
vn -0.6279 0.7778 -0.0279
vn -0.6292 0.7766 -0.0328
vn -0.6784 0.7239 -0.1254
vn -0.7045 0.6845 -0.1872
vn -0.7521 0.5557 -0.3543
vn -0.7593 0.5352 -0.3702
vn -0.7525 0.3412 -0.5633
vn -0.7650 0.3742 -0.5241
vn -0.6806 0.1218 -0.7225
vn -0.7187 0.1948 -0.6674
vn -0.6378 0.0402 -0.7692
vn -0.6367 0.0354 -0.7703
vn -0.6327 0.0000 -0.7744
vn -0.6327 -0.0000 -0.7744
vn -0.6367 -0.0354 -0.7703
vn -0.6378 -0.0402 -0.7692
vn -0.6814 -0.1190 -0.7222
vn -0.7128 -0.1919 -0.6746
vn -0.7579 -0.3395 -0.5571
vn -0.7595 -0.3771 -0.5301
vn -0.7553 -0.5536 -0.3507
vn -0.7549 -0.5409 -0.3709
vn -0.6788 -0.7238 -0.1240
vn -0.7022 -0.6873 -0.1858
vn -0.6290 -0.7767 -0.0328
vn 0.0000 -0.9290 -0.3701
vn 0.0000 -0.8126 -0.5829
vn -0.4039 -0.7382 -0.5402
vn -0.5127 -0.7866 -0.3441
vn 0.0000 -0.9640 -0.2660
vn -0.3916 -0.8870 -0.2448
vn 0.0000 -0.9960 -0.0896
vn -0.9319 -0.3497 -0.0965
vn -0.9318 -0.3270 -0.1575
vn -0.9318 -0.2936 -0.2133
vn -0.4942 -0.5815 -0.6462
vn -0.9319 -0.2507 -0.2622
vn -0.9165 0.2765 0.2892
vn -0.9164 0.3238 0.2352
vn -0.9165 0.3605 0.1736
vn -0.9165 0.3857 0.1064
vn -0.9319 -0.3613 -0.0325
vn -0.3916 -0.9164 -0.0825
vn 0.0000 -0.9960 0.0896
vn -0.3916 -0.9164 0.0825
vn -0.9319 -0.3613 0.0325
vn -0.9164 0.3986 0.0359
vn -0.3760 0.9229 0.0831
vn -0.3761 0.8932 0.2465
vn -0.3760 0.8348 0.4021
vn -0.3760 0.7497 0.5447
vn -0.3761 0.6403 0.6697
vn -0.9164 0.2204 0.3340
vn -0.9318 -0.1999 -0.3029
vn -0.3915 -0.5069 -0.7680
vn 0.0000 -0.6235 -0.7818
vn 0.0000 -0.5509 -0.8346
vn -0.3916 -0.3616 -0.8461
vn 0.0000 -0.3930 -0.9195
vn -0.9319 -0.1426 -0.3336
vn -0.3916 -0.2048 -0.8971
vn 0.0000 -0.2225 -0.9749
vn -0.3917 -0.0413 -0.9192
vn -0.9319 -0.0807 -0.3537
vn -0.9165 0.0890 0.3901
vn -0.9164 0.1573 0.3680
vn -0.3760 0.5105 0.7733
vn -0.3760 0.3642 0.8521
vn -0.3760 0.2062 0.9034
vn -0.9165 0.0180 0.3997
vn -0.9319 -0.0163 -0.3623
vn -0.3916 0.1235 -0.9118
vn 0.0000 -0.0449 -0.9990
vn 0.0000 0.1342 -0.9910
vn -0.3915 0.2844 -0.8751
vn -0.9318 0.0487 -0.3596
vn -0.9165 -0.0537 0.3965
vn -0.3760 0.0416 0.9257
vn -0.3095 0.0427 0.9499
vn -0.3095 0.2116 0.9270
vn -0.3096 0.3737 0.8744
vn -0.3095 0.5238 0.7936
vn -0.2995 0.3750 0.8773
vn -0.2995 0.2123 0.9302
vn -0.2994 0.0428 0.9532
vn -0.2994 -0.1281 0.9455
vn -0.3095 -0.1276 0.9423
vn -0.3760 -0.1244 0.9182
vn -0.9165 -0.1236 0.3805
vn -0.9318 0.1122 -0.3451
vn -0.3916 0.4360 -0.8103
vn 0.0000 0.3090 -0.9511
vn 0.0000 0.4739 -0.8806
vn -0.3917 0.5737 -0.7194
vn -0.9319 0.1719 -0.3195
vn -0.9164 -0.1896 0.3524
vn -0.3760 -0.2863 0.8813
vn -0.3095 -0.2938 0.9044
vn -0.2994 -0.2948 0.9074
vn 0.1681 -0.3046 0.9375
vn 0.1681 -0.1323 0.9768
vn 0.1681 0.0442 0.9848
vn 0.1681 0.2194 0.9610
vn 0.3345 0.0423 0.9414
vn 0.3345 -0.1265 0.9339
vn 0.3345 -0.2912 0.8963
vn 0.3345 -0.4466 0.8299
vn 0.1681 -0.4671 0.8681
vn -0.2994 -0.4521 0.8402
vn -0.3095 -0.4506 0.8373
vn -0.3760 -0.4391 0.8160
vn -0.9164 -0.2495 0.3129
vn -0.9319 0.2261 -0.2836
vn -0.3916 0.6929 -0.6054
vn 0.0000 0.6235 -0.7818
vn 0.0000 0.7531 -0.6580
vn -0.3916 0.7899 -0.4720
vn -0.9318 0.2733 -0.2387
vn -0.9165 -0.3013 0.2632
vn -0.3760 -0.5777 0.7245
vn -0.3095 -0.5929 0.7434
vn -0.2994 -0.5949 0.7460
vn 0.1681 -0.6146 0.7707
vn 0.3345 -0.5876 0.7368
vn 0.3345 -0.7097 0.6200
vn 0.1681 -0.7423 0.6486
vn -0.2994 -0.7185 0.6278
vn -0.3095 -0.7161 0.6256
vn -0.3761 -0.6978 0.6097
vn -0.9165 -0.3435 0.2052
vn -0.9319 0.3115 -0.1861
vn -0.3915 0.8615 -0.3233
vn 0.0000 0.8584 -0.5129
vn 0.0000 0.9362 -0.3514
vn -0.3916 0.9054 -0.1643
vn -0.9318 0.3397 -0.1275
vn -0.9165 -0.3746 0.1406
vn -0.3760 -0.7954 0.4752
vn -0.3095 -0.8163 0.4877
vn -0.2994 -0.8191 0.4894
vn 0.1681 -0.8462 0.5056
vn 0.3345 -0.8090 0.4834
vn 0.3345 -0.8823 0.3311
vn 0.1681 -0.9229 0.3464
vn -0.2994 -0.8933 0.3352
vn -0.3095 -0.8903 0.3341
vn -0.3760 -0.8675 0.3256
vn -0.9165 -0.3937 0.0714
vn -0.9318 0.3570 -0.0648
vn -0.3916 0.9201 -0.0000
vn 0.0000 0.9839 -0.1786
vn 0.0000 1.0000 -0.0000
vn -0.3916 0.9054 0.1643
vn -0.9319 0.3628 -0.0000
vn -0.9165 -0.4001 0.0000
vn -0.3760 -0.9117 0.1655
vn -0.3095 -0.9356 0.1698
vn -0.2994 -0.9388 0.1704
vn 0.1681 -0.9699 0.1760
vn 0.3345 -0.9273 0.1683
vn 0.3345 -0.9424 0.0000
vn 0.1681 -0.9858 0.0000
vn -0.2994 -0.9541 -0.0000
vn -0.3095 -0.9509 -0.0000
vn -0.3760 -0.9266 0.0000
vn -0.9165 -0.3937 -0.0714
vn -0.9318 0.3570 0.0648
vn -0.3915 0.8615 0.3233
vn 0.0000 0.9839 0.1786
vn 0.0000 0.9362 0.3514
vn -0.3916 0.7899 0.4719
vn -0.9318 0.3397 0.1275
vn -0.9165 -0.3746 -0.1406
vn -0.3760 -0.9117 -0.1655
vn -0.3095 -0.9356 -0.1698
vn -0.2994 -0.9388 -0.1704
vn 0.1681 -0.9699 -0.1760
vn 0.3345 -0.9273 -0.1683
vn 0.3345 -0.8823 -0.3311
vn 0.1681 -0.9229 -0.3464
vn -0.2994 -0.8933 -0.3352
vn -0.3095 -0.8903 -0.3341
vn -0.3760 -0.8675 -0.3256
vn -0.9165 -0.3435 -0.2052
vn -0.9319 0.3115 0.1861
vn -0.3915 0.6929 0.6054
vn 0.0000 0.8584 0.5129
vn 0.0000 0.7531 0.6579
vn -0.3917 0.5737 0.7194
vn -0.9318 0.2733 0.2387
vn -0.9165 -0.3013 -0.2633
vn -0.3760 -0.7954 -0.4753
vn -0.3095 -0.8163 -0.4877
vn -0.2994 -0.8191 -0.4894
vn 0.1681 -0.8462 -0.5056
vn 0.3345 -0.8090 -0.4834
vn 0.3345 -0.7097 -0.6200
vn 0.1681 -0.7423 -0.6486
vn -0.2995 -0.7185 -0.6278
vn -0.3095 -0.7161 -0.6256
vn -0.3760 -0.6978 -0.6097
vn -0.9165 -0.2495 -0.3128
vn -0.9319 0.2261 0.2836
vn -0.3916 0.4360 0.8102
vn 0.0000 0.6235 0.7818
vn 0.0000 0.4739 0.8806
vn -0.3915 0.2843 0.8751
vn -0.9319 0.1719 0.3195
vn -0.9164 -0.1896 -0.3524
vn -0.3760 -0.5777 -0.7245
vn -0.3095 -0.5929 -0.7434
vn -0.2994 -0.5949 -0.7460
vn 0.1681 -0.6146 -0.7707
vn 0.3345 -0.5876 -0.7368
vn 0.3345 -0.4466 -0.8299
vn 0.1681 -0.4671 -0.8681
vn -0.2994 -0.4521 -0.8402
vn -0.3095 -0.4506 -0.8374
vn -0.3760 -0.4391 -0.8160
vn -0.9165 -0.1236 -0.3805
vn -0.9318 0.1121 0.3451
vn -0.3916 0.1235 0.9118
vn 0.0000 0.3090 0.9511
vn 0.0000 0.1342 0.9910
vn -0.3916 -0.0413 0.9192
vn -0.9319 0.0487 0.3596
vn -0.9165 -0.0537 -0.3965
vn -0.3760 -0.2863 -0.8813
vn -0.3095 -0.2938 -0.9044
vn -0.2994 -0.2948 -0.9074
vn 0.1681 -0.3046 -0.9375
vn 0.3345 -0.2912 -0.8963
vn 0.3345 -0.1265 -0.9339
vn 0.1681 -0.1323 -0.9768
vn -0.2995 -0.1281 -0.9455
vn -0.3095 -0.1276 -0.9423
vn -0.3760 -0.1244 -0.9182
vn -0.9165 0.0180 -0.3997
vn -0.9319 -0.0163 0.3625
vn -0.3916 -0.2048 0.8971
vn 0.0000 -0.0449 0.9990
vn 0.0000 -0.2225 0.9749
vn -0.3916 -0.3616 0.8461
vn -0.9319 -0.0807 0.3537
vn -0.9165 0.0890 -0.3901
vn -0.3760 0.0416 -0.9257
vn -0.3095 0.0427 -0.9499
vn -0.2994 0.0428 -0.9532
vn 0.1681 0.0442 -0.9848
vn 0.3345 0.0423 -0.9414
vn 0.3345 0.2097 -0.9188
vn 0.1681 0.2194 -0.9610
vn -0.2995 0.2123 -0.9302
vn -0.3095 0.2116 -0.9270
vn -0.3761 0.2062 -0.9034
vn -0.9164 0.1573 -0.3680
vn -0.9319 -0.1426 0.3336
vn -0.3915 -0.5069 0.7680
vn 0.0000 -0.3930 0.9195
vn 0.0000 -0.5509 0.8346
vn -0.3916 -0.6359 0.6651
vn -0.9318 -0.1999 0.3029
vn -0.9164 0.2205 -0.3340
vn -0.3760 0.3642 -0.8521
vn -0.3096 0.3737 -0.8744
vn -0.2995 0.3750 -0.8773
vn 0.1681 0.3874 -0.9064
vn 0.3346 0.3704 -0.8665
vn 0.3345 0.5192 -0.7865
vn 0.1681 0.5431 -0.8227
vn -0.2994 0.5256 -0.7963
vn -0.3095 0.5238 -0.7936
vn -0.3760 0.5105 -0.7733
vn -0.9165 0.2765 -0.2892
vn -0.9318 -0.2507 0.2623
vn -0.3916 -0.7444 0.5409
vn 0.0000 -0.6911 0.7228
vn 0.0000 -0.8090 0.5878
vn -0.3914 -0.8291 0.3992
vn -0.9319 -0.2935 0.2133
vn -0.9164 0.3238 -0.2352
vn -0.3761 0.6403 -0.6697
vn -0.3095 0.6571 -0.6873
vn -0.2994 0.6594 -0.6896
vn 0.1681 0.6812 -0.7125
vn 0.3345 0.6513 -0.6812
vn 0.3345 0.7624 -0.5539
vn 0.1681 0.7975 -0.5794
vn -0.2994 0.7719 -0.5608
vn -0.3095 0.7693 -0.5589
vn -0.3760 0.7497 -0.5447
vn -0.9165 0.3605 -0.1736
vn -0.9318 -0.3270 0.1575
vn -0.3916 -0.8870 0.2448
vn 0.0000 -0.9010 0.4339
vn 0.0000 -0.9640 0.2660
vn -0.9319 -0.3497 0.0965
vn -0.9165 0.3857 -0.1064
vn -0.3760 0.8348 -0.4021
vn -0.3095 0.8567 -0.4126
vn -0.2994 0.8596 -0.4140
vn 0.1681 0.8881 -0.4277
vn 0.3345 0.8491 -0.4089
vn 0.3345 0.9084 -0.2507
vn 0.1681 0.9502 -0.2622
vn -0.2994 0.9197 -0.2538
vn -0.3095 0.9166 -0.2530
vn -0.3760 0.8932 -0.2465
vn -0.9164 0.3986 -0.0359
vn 0.3345 0.9386 -0.0845
vn 0.1681 0.9818 -0.0884
vn -0.2995 0.9503 -0.0855
vn -0.3096 0.9471 -0.0852
vn -0.3760 0.9229 -0.0830
vn -0.3095 0.9471 0.0852
vn -0.2995 0.9503 0.0855
vn 0.1681 0.9818 0.0884
vn 0.3346 0.9386 0.0845
vn 0.3345 0.9084 0.2507
vn 0.1681 0.9502 0.2623
vn -0.2994 0.9197 0.2538
vn -0.3095 0.9166 0.2530
vn -0.3095 0.8567 0.4126
vn -0.2994 0.8596 0.4140
vn 0.1681 0.8881 0.4277
vn 0.3345 0.8491 0.4089
vn 0.3345 0.7624 0.5539
vn 0.1681 0.7975 0.5794
vn -0.2994 0.7719 0.5608
vn -0.3095 0.7693 0.5589
vn -0.3095 0.6571 0.6873
vn -0.2994 0.6594 0.6896
vn 0.1681 0.6812 0.7125
vn 0.3345 0.6513 0.6812
vn 0.3345 0.5191 0.7865
vn 0.1681 0.5430 0.8227
vn -0.2994 0.5256 0.7963
vn 0.1681 0.3874 0.9064
vn 0.3346 0.3704 0.8665
vn 0.3345 0.2097 0.9188
vn 0.3324 -0.9204 0.2060
vn 0.3339 -0.9199 -0.2059
vn 0.3425 -0.9254 0.1624
vn 0.4211 -0.7565 0.5004
vn 0.4713 -0.7633 0.4418
vn 0.4584 -0.5051 0.7313
vn 0.5438 -0.5087 0.6675
vn 0.4390 -0.1978 0.8765
vn 0.5675 -0.7505 0.3387
vn 0.3774 -0.9176 0.1248
vn 0.4002 -0.9131 0.0775
vn 0.4109 -0.9113 -0.0254
vn 0.4115 -0.9110 0.0266
vn 0.6330 -0.7446 0.2119
vn 0.6960 -0.4989 0.5164
vn 0.5508 -0.1918 0.8123
vn 0.4778 -0.0437 0.8774
vn 0.3965 -0.0017 0.9180
vn 0.6635 -0.1155 0.7392
vn 0.7462 -0.1951 0.6365
vn 0.8025 -0.4997 0.3260
vn 0.6661 -0.7423 0.0728
vn 0.6662 -0.7424 -0.0711
vn 0.8577 -0.5018 0.1123
vn 0.8901 -0.2061 0.4065
vn 0.8374 -0.1698 0.5196
vn 0.6562 -0.3037 0.6908
vn 0.4867 -0.1069 0.8670
vn 0.4948 -0.1831 0.8495
vn 0.4855 -0.2345 0.8422
vn 0.6222 -0.4774 0.6205
vn 0.7892 -0.4209 0.4473
vn 0.9588 -0.2079 0.1935
vn 0.9669 -0.2134 0.1400
vn 0.8579 -0.5019 -0.1103
vn 0.9674 -0.2109 -0.1401
vn 0.9586 -0.2025 -0.2001
vn 0.8649 -0.4797 0.1474
vn 0.6875 -0.6330 0.3560
vn 0.5581 -0.6019 0.5712
vn 0.5416 -0.7886 0.2911
vn 0.7112 -0.6953 0.1036
vn 0.8677 -0.4695 -0.1635
vn 0.8389 -0.1670 -0.5181
vn 0.8918 -0.1992 -0.4063
vn 0.8035 -0.5000 -0.3232
vn 0.6337 -0.7446 -0.2100
vn 0.5688 -0.7503 -0.3369
vn 0.4934 -0.4206 -0.7614
vn 0.4876 -0.1881 -0.8525
vn 0.4278 -0.0113 -0.9038
vn 0.7925 -0.4137 -0.4482
vn 0.7127 -0.6918 -0.1164
vn 0.5147 -0.8534 0.0830
vn 0.4972 -0.8556 0.1437
vn 0.5651 -0.7045 0.4292
vn 0.5738 -0.4603 0.6774
vn 0.6933 -0.3967 0.6017
vn 0.6873 -0.6196 0.3790
vn 0.6399 -0.7582 0.1255
vn 0.4953 -0.8566 -0.1444
vn 0.5141 -0.8533 -0.0871
vn 0.6855 -0.6378 -0.3512
vn 0.4419 -0.0075 -0.8970
vn 0.3035 -0.0027 -0.9528
vn 0.2465 -0.1957 -0.9492
vn 0.1171 0.2309 -0.9659
vn 0.4509 -0.1881 -0.8725
vn 0.4315 -0.7509 -0.5000
vn 0.4757 -0.4996 -0.7240
vn 0.4627 -0.1923 -0.8654
vn 0.4162 -0.0061 -0.9092
vn 0.2796 0.0682 -0.9577
vn 0.4499 -0.0378 -0.8923
vn 0.5396 -0.7917 -0.2864
vn 0.5606 -0.7069 -0.4313
vn 0.6390 -0.7592 -0.1237
vn 0.8079 -0.5820 0.0923
vn 0.8351 -0.4697 0.2863
vn 0.8383 -0.2951 0.4585
vn 0.9742 -0.1235 0.1891
vn 0.9732 -0.1951 0.1218
vn 0.9700 -0.2395 0.0407
vn 0.8076 -0.5829 -0.0899
vn 0.6876 -0.6194 -0.3790
vn 0.5704 -0.4624 -0.6788
vn 0.5240 -0.6193 -0.5847
vn 0.2682 -0.2110 -0.9400
vn 0.4158 -0.3984 -0.8175
vn 0.4214 0.1973 -0.8851
vn 0.5104 -0.1570 -0.8455
vn 0.6941 -0.3948 -0.6019
vn 0.8357 -0.4681 -0.2870
vn 0.9706 -0.2378 -0.0375
vn 0.9740 -0.1907 -0.1220
vn 0.8387 -0.2925 -0.4593
vn 0.6503 -0.1308 -0.7484
vn 0.4916 0.1696 -0.8541
vn 0.5094 0.4932 -0.7052
vn 0.4350 0.5115 -0.7410
vn 0.6358 0.1487 -0.7574
vn 0.8133 -0.0939 -0.5742
vn 0.9737 -0.1220 -0.1924
vn 0.9709 -0.0400 -0.2363
vn 0.8023 0.1128 -0.5862
vn 0.6481 0.4408 -0.6210
vn 0.4705 0.7535 -0.4591
vn 0.3694 0.8424 -0.3922
vn 0.2349 0.9720 -0.0016
vn 0.3797 0.9117 -0.1572
vn 0.6195 0.6775 -0.3965
vn 0.8092 0.3463 -0.4747
vn 0.9676 0.0474 -0.2480
vn 0.9671 0.1611 -0.1968
vn 0.7987 0.5272 -0.2901
vn 0.5540 0.8216 -0.1345
vn 0.3803 0.9117 0.1556
vn 0.2307 0.9730 0.0000
vn 0.3703 0.8409 0.3948
vn 0.4733 0.7514 0.4598
vn 0.5523 0.8228 0.1341
vn 0.7617 0.6405 -0.0973
vn 0.9703 0.2180 -0.1049
vn 0.9636 0.2640 -0.0422
vn 0.7604 0.6424 0.0956
vn 0.6187 0.6761 0.4000
vn 0.5110 0.4928 0.7043
vn 0.4394 0.5095 0.7398
vn 0.4931 0.1692 0.8534
vn 0.6466 0.4420 0.6218
vn 0.7996 0.5226 0.2959
vn 0.9641 0.2627 0.0389
vn 0.9701 0.2146 0.1134
vn 0.9673 0.0482 0.2489
vn 0.9713 -0.0377 0.2350
vn 0.8126 -0.0926 0.5754
vn 0.8010 0.1135 0.5878
vn 0.9651 0.1705 0.1989
vn 0.8090 0.3483 0.4734
vn 0.6336 0.1491 0.7591
vn 0.6491 -0.1305 0.7494
vn 0.5108 -0.1559 0.8455
vn 0.4244 0.1956 0.8841
vn 0.3419 -0.9258 -0.1613
vn 0.3766 -0.9182 -0.1225
vn 0.3992 -0.9137 -0.0759
vn -0.4358 0.3958 -0.8083
vn -0.4360 -0.3956 -0.8083
vn -0.4252 -0.3829 -0.8201
vn -0.2659 -0.9055 -0.3306
vn -0.4249 0.3833 -0.8201
vn -0.2654 0.9057 -0.3306
vn -0.2231 0.9344 -0.2777
vn -0.2422 0.9153 0.3219
vn -0.2312 0.9353 0.2678
vn -0.4249 0.3924 0.8158
vn -0.4375 0.3728 0.8183
vn -0.4358 -0.3958 0.8083
vn -0.4249 -0.3833 0.8201
vn -0.2654 -0.9057 0.3306
vn -0.2231 -0.9344 0.2777
vn -0.2236 -0.9343 -0.2778
vn -0.9084 0.2012 -0.3665
vn -0.9490 0.2685 -0.1652
vn -0.8329 0.5336 -0.1470
vn -0.9084 -0.2011 -0.3665
vn -0.8329 0.5335 0.1472
vn -0.9490 0.2684 0.1653
vn -0.9490 -0.2685 -0.1653
vn -0.8328 -0.5336 -0.1471
vn -0.8329 -0.5335 0.1470
vn -0.9490 -0.2684 0.1652
vn -0.9084 0.2011 0.3665
vn -0.9084 -0.2012 0.3664
vn -0.4358 0.8733 -0.2177
vn -0.4361 0.3637 -0.8232
vn -0.4252 0.3809 -0.8211
vn -0.2659 -0.3301 -0.9057
vn -0.4249 0.8742 -0.2349
vn -0.2654 0.8361 0.4800
vn -0.2231 0.8142 0.5360
vn -0.2422 0.3431 0.9075
vn -0.2311 0.3975 0.8880
vn -0.4249 -0.3714 0.8255
vn -0.4375 -0.3859 0.8122
vn -0.4358 -0.8733 0.2177
vn -0.4249 -0.8742 0.2349
vn -0.2654 -0.8362 -0.4800
vn -0.2231 -0.8142 -0.5360
vn -0.2236 -0.3891 -0.8937
vn -0.9084 0.4099 -0.0821
vn -0.9490 0.2993 0.0990
vn -0.8329 0.4561 0.3135
vn -0.9084 0.1509 -0.3899
vn -0.8329 0.2310 0.5029
vn -0.9490 0.0464 0.3118
vn -0.9490 -0.0464 -0.3118
vn -0.8328 -0.2310 -0.5030
vn -0.8329 -0.4561 -0.3135
vn -0.9490 -0.2993 -0.0990
vn -0.9084 -0.1509 0.3899
vn -0.9084 -0.4099 0.0821
vn -0.6135 -0.7356 0.2872
vn -0.8398 -0.5047 0.1999
vn -0.8436 -0.5273 0.1009
vn -0.6194 -0.7714 0.1456
vn -0.8450 -0.5348 0.0000
vn -0.6215 -0.7834 0.0000
vn -0.8436 -0.5273 -0.1009
vn -0.3505 -0.9366 0.0000
vn -0.3478 -0.9217 0.1718
vn -0.3399 -0.8776 0.3381
vn -0.6037 -0.6771 0.4209
vn -0.8335 -0.4673 0.2950
vn -0.5904 -0.5973 0.5429
vn -0.3270 -0.8058 0.4937
vn -0.3097 -0.7087 0.6339
vn -0.5738 -0.4981 0.6501
vn -0.8246 -0.4152 0.3842
vn -0.8135 -0.3489 0.4653
vn -0.5545 -0.3821 0.7393
vn -0.2886 -0.5893 0.7546
vn -0.2642 -0.4513 0.8524
vn -0.5327 -0.2513 0.8081
vn -0.8001 -0.2692 0.5361
vn -0.7846 -0.1766 0.5944
vn -0.5043 -0.0929 0.8585
vn -0.2375 -0.2982 0.9245
vn -0.2062 -0.1181 0.9714
vn -0.5017 0.0545 0.8633
vn -0.7646 -0.0589 0.6418
vn -0.7615 0.0348 0.6472
vn -0.5197 0.1830 0.8345
vn -0.1971 0.0688 0.9780
vn -0.2215 0.2181 0.9504
vn -0.5412 0.3193 0.7779
vn -0.7755 0.1278 0.6183
vn -0.7909 0.2258 0.5688
vn -0.5608 0.4435 0.6992
vn -0.2476 0.3765 0.8927
vn -0.2719 0.5228 0.8079
vn -0.5781 0.5522 0.6008
vn -0.8047 0.3126 0.5046
vn -0.8166 0.3866 0.4286
vn -0.5925 0.6427 0.4857
vn -0.2936 0.6525 0.6985
vn -0.3121 0.7619 0.5676
vn -0.6037 0.7128 0.3570
vn -0.8263 0.4467 0.3430
vn -0.8338 0.4922 0.2501
vn -0.6113 0.7607 0.2183
vn -0.3265 0.8473 0.4189
vn -0.3365 0.9060 0.2568
vn -0.6152 0.7850 0.0735
vn -0.8388 0.5228 0.1521
vn -0.8413 0.5382 0.0510
vn -0.6152 0.7850 -0.0735
vn -0.3416 0.9359 0.0865
vn -0.3416 0.9359 -0.0865
vn -0.6113 0.7607 -0.2183
vn -0.8413 0.5382 -0.0510
vn -0.8388 0.5228 -0.1521
vn -0.6037 0.7128 -0.3570
vn -0.3365 0.9060 -0.2568
vn -0.3265 0.8473 -0.4189
vn -0.5925 0.6427 -0.4857
vn -0.8338 0.4922 -0.2501
vn -0.8263 0.4467 -0.3430
vn -0.5781 0.5521 -0.6008
vn -0.3121 0.7619 -0.5676
vn -0.2936 0.6525 -0.6985
vn -0.5608 0.4435 -0.6992
vn -0.8166 0.3866 -0.4286
vn -0.8047 0.3126 -0.5046
vn -0.5412 0.3193 -0.7779
vn -0.2719 0.5228 -0.8080
vn -0.2476 0.3765 -0.8927
vn -0.5196 0.1830 -0.8345
vn -0.7909 0.2258 -0.5688
vn -0.7755 0.1280 -0.6182
vn -0.5016 0.0544 -0.8634
vn -0.2215 0.2181 -0.9504
vn -0.1971 0.0689 -0.9780
vn -0.5043 -0.0928 -0.8585
vn -0.7615 0.0346 -0.6472
vn -0.7646 -0.0587 -0.6418
vn -0.5327 -0.2514 -0.8081
vn -0.2063 -0.1181 -0.9713
vn -0.2375 -0.2982 -0.9245
vn -0.5545 -0.3821 -0.7393
vn -0.7846 -0.1767 -0.5942
vn -0.8001 -0.2692 -0.5361
vn -0.5738 -0.4981 -0.6501
vn -0.2643 -0.4513 -0.8524
vn -0.2886 -0.5893 -0.7546
vn -0.5904 -0.5972 -0.5429
vn -0.8135 -0.3489 -0.4653
vn -0.8246 -0.4152 -0.3842
vn -0.6037 -0.6771 -0.4209
vn -0.3097 -0.7087 -0.6339
vn -0.3270 -0.8058 -0.4937
vn -0.6135 -0.7356 -0.2872
vn -0.8335 -0.4673 -0.2950
vn -0.8398 -0.5047 -0.1999
vn -0.6194 -0.7714 -0.1456
vn -0.3399 -0.8776 -0.3381
vn -0.3478 -0.9217 -0.1718
vn -0.4857 0.8593 -0.1603
vn -0.4838 0.8752 0.0000
vn -0.8006 0.5992 0.0002
vn -0.8020 0.5868 -0.1112
vn -0.4916 0.8125 -0.3133
vn -0.8060 0.5510 -0.2161
vn -0.5011 0.7378 -0.4523
vn -0.9691 0.2303 -0.0884
vn -0.9677 0.2479 -0.0460
vn -0.9672 0.2538 0.0003
vn -0.8018 0.5871 0.1116
vn -0.4857 0.8593 0.1603
vn -0.8055 0.5515 0.2167
vn -0.9679 0.2471 0.0463
vn -0.9695 0.2286 0.0883
vn -0.8117 0.4952 0.3099
vn -0.4916 0.8125 0.3132
vn -0.5010 0.7378 0.4523
vn -0.8201 0.4219 0.3866
vn -0.9721 0.2001 0.1227
vn -0.9754 0.1644 0.1470
vn -0.8303 0.3368 0.4440
vn -0.5138 0.6393 0.5721
vn -0.5291 0.5222 0.6688
vn -0.8420 0.2449 0.4807
vn -0.9793 0.1248 0.1595
vn -0.9834 0.0851 0.1600
vn -0.8548 0.1508 0.4966
vn -0.5467 0.3920 0.7399
vn -0.5656 0.2537 0.7847
vn -0.8717 0.0496 0.4875
vn -0.9877 0.0485 0.1488
vn -0.9916 0.0169 0.1280
vn -0.8720 -0.0274 0.4888
vn -0.5869 0.0993 0.8035
vn -0.5951 -0.0570 0.8017
vn -0.8633 -0.1049 0.4936
vn -0.9923 -0.0075 0.1234
vn -0.9892 -0.0333 0.1427
vn -0.8512 -0.1967 0.4867
vn -0.5774 -0.1828 0.7957
vn -0.5590 -0.3224 0.7639
vn -0.8397 -0.2888 0.4599
vn -0.9854 -0.0666 0.1567
vn -0.9815 -0.1044 0.1606
vn -0.8293 -0.3766 0.4128
vn -0.5419 -0.4565 0.7056
vn -0.5266 -0.5802 0.6214
vn -0.8205 -0.4551 0.3459
vn -0.9778 -0.1434 0.1530
vn -0.9745 -0.1800 0.1337
vn -0.8136 -0.5194 0.2614
vn -0.5136 -0.6879 0.5129
vn -0.5034 -0.7744 0.3832
vn -0.8089 -0.5650 0.1628
vn -0.9720 -0.2109 0.1040
vn -0.9702 -0.2331 0.0658
vn -0.8064 -0.5888 0.0552
vn -0.4964 -0.8351 0.2370
vn -0.4928 -0.8664 0.0802
vn -0.8062 -0.5890 -0.0555
vn -0.9694 -0.2446 0.0224
vn -0.9695 -0.2442 -0.0228
vn -0.8085 -0.5654 -0.1633
vn -0.4928 -0.8664 -0.0802
vn -0.4964 -0.8351 -0.2370
vn -0.8130 -0.5199 -0.2620
vn -0.9705 -0.2319 -0.0659
vn -0.9724 -0.2091 -0.1035
vn -0.8198 -0.4557 -0.3468
vn -0.5034 -0.7744 -0.3832
vn -0.5136 -0.6879 -0.5129
vn -0.8284 -0.3773 -0.4140
vn -0.9751 -0.1778 -0.1324
vn -0.9785 -0.1410 -0.1508
vn -0.8386 -0.2894 -0.4614
vn -0.5266 -0.5802 -0.6214
vn -0.5419 -0.4565 -0.7056
vn -0.8500 -0.1972 -0.4884
vn -0.9822 -0.1023 -0.1575
vn -0.9861 -0.0650 -0.1529
vn -0.8622 -0.1055 -0.4955
vn -0.5590 -0.3224 -0.7639
vn -0.5776 -0.1831 -0.7956
vn -0.8715 -0.0289 -0.4895
vn -0.9898 -0.0326 -0.1385
vn -0.9926 -0.0100 -0.1211
vn -0.8723 0.0473 -0.4867
vn -0.5953 -0.0566 -0.8015
vn -0.5872 0.0988 -0.8034
vn -0.8560 0.1508 -0.4946
vn -0.9912 0.0141 -0.1313
vn -0.9869 0.0502 -0.1533
vn -0.8431 0.2444 -0.4789
vn -0.5658 0.2539 -0.7845
vn -0.5467 0.3920 -0.7399
vn -0.8314 0.3361 -0.4426
vn -0.9827 0.0872 -0.1636
vn -0.9785 0.1271 -0.1623
vn -0.8210 0.4212 -0.3855
vn -0.5291 0.5222 -0.6688
vn -0.5138 0.6393 -0.5721
vn -0.8124 0.4945 -0.3091
vn -0.9747 0.1668 -0.1488
vn -0.9715 0.2023 -0.1237
vn 0.0000 -0.9839 -0.1786
vn 0.0000 -1.0000 0.0000
vn 0.0000 -0.9362 -0.3514
vn 0.0000 -0.8585 -0.5129
vn 0.0000 -0.9839 0.1786
vn -0.9319 0.3628 0.0000
vn -0.9319 0.3570 0.0648
vn -0.9319 0.3397 0.1275
vn -0.3761 -0.7954 -0.4752
vn 0.0000 -0.7531 -0.6579
vn -0.3760 -0.6978 -0.6096
vn -0.9165 -0.3013 -0.2632
vn -0.3916 0.8615 0.3233
vn -0.3916 0.9053 0.1643
vn -0.3916 0.9201 0.0000
vn -0.9319 0.3397 -0.1275
vn -0.3761 -0.7954 0.4752
vn 0.0000 -0.9362 0.3514
vn 0.0000 -0.8585 0.5129
vn -0.3761 -0.6978 0.6096
vn -0.3916 0.8615 -0.3233
vn -0.3166 0.8881 -0.3333
vn -0.3167 0.9333 -0.1694
vn -0.3166 0.9486 0.0000
vn -0.3166 0.9333 0.1694
vn -0.3166 0.8881 0.3333
vn -0.3166 0.8143 0.4865
vn -0.9318 0.2733 0.2388
vn -0.3916 0.5737 0.7194
vn -0.3166 0.7143 0.6241
vn -0.6098 0.6804 0.4065
vn -0.6098 0.7420 0.2785
vn -0.6098 0.7798 0.1415
vn -0.6098 0.7925 -0.0000
vn -0.6099 0.7797 -0.1415
vn -0.6099 0.7420 -0.2785
vn -0.6098 0.6804 -0.4065
vn -0.3166 0.8143 -0.4865
vn -0.3916 0.7899 -0.4719
vn -0.3166 0.7143 -0.6241
vn -0.6098 0.5968 -0.5215
vn -0.6099 0.4941 -0.6196
vn -0.3166 0.5914 -0.7416
vn -0.9319 0.2732 -0.2387
vn -0.9319 0.2262 -0.2837
vn -0.3916 0.5737 -0.7194
vn -0.3166 0.4495 -0.8353
vn -0.6099 0.3755 -0.6979
vn -0.6099 0.2449 -0.7537
vn -0.3166 0.2931 -0.9021
vn -0.3915 0.4360 -0.8103
vn -0.9318 0.1720 -0.3195
vn -0.9165 -0.2495 0.3128
vn -0.3761 -0.5777 0.7244
vn 0.0000 -0.7531 0.6579
vn 0.0000 -0.6235 0.7818
vn -0.3761 -0.4391 0.8160
vn -0.9165 -0.1896 0.3523
vn -0.9318 0.1121 -0.3451
vn -0.3916 0.2843 -0.8751
vn -0.3166 0.1273 -0.9400
vn -0.6099 0.1064 -0.7853
vn -0.6099 -0.0356 -0.7917
vn -0.3166 -0.0426 -0.9476
vn -0.9319 0.0487 -0.3595
vn 0.0000 -0.4739 0.8806
vn 0.0000 -0.3090 0.9511
vn -0.3761 -0.1244 0.9182
vn -0.9318 -0.0163 -0.3625
vn -0.3915 -0.0413 -0.9192
vn -0.3166 -0.2111 -0.9248
vn -0.6098 -0.1764 -0.7727
vn -0.6098 -0.3115 -0.7288
vn -0.3166 -0.3728 -0.8722
vn -0.9165 0.0179 0.3997
vn 0.0000 -0.1342 0.9910
vn 0.0000 0.0449 0.9990
vn -0.3166 -0.5226 -0.7916
vn -0.6098 -0.4366 -0.6614
vn -0.6099 -0.5477 -0.5728
vn -0.3166 -0.6555 -0.6856
vn -0.3916 -0.5069 -0.7679
vn -0.9319 -0.1999 -0.3028
vn -0.9165 0.1573 0.3679
vn -0.3760 0.3642 0.8520
vn 0.0000 0.2225 0.9749
vn 0.0000 0.3930 0.9195
vn -0.9165 0.2204 0.3339
vn -0.9319 -0.2507 -0.2623
vn -0.3916 -0.6359 -0.6651
vn -0.3166 -0.7674 -0.5575
vn -0.6099 -0.6411 -0.4658
vn -0.6098 -0.7140 -0.3439
vn -0.3166 -0.8546 -0.4116
vn -0.3916 -0.7444 -0.5409
vn -0.3760 0.6403 0.6697
vn 0.0000 0.5509 0.8346
vn 0.0000 0.6911 0.7228
vn -0.3760 0.7496 0.5447
vn -0.9165 0.3237 0.2352
vn -0.9319 -0.3269 -0.1574
vn -0.3916 -0.8290 -0.3992
vn -0.3166 -0.9144 -0.2523
vn -0.6099 -0.7639 -0.2108
vn -0.6098 -0.7893 -0.0710
vn -0.3166 -0.9447 -0.0850
vn -0.9318 -0.3498 -0.0965
vn -0.3760 0.8348 0.4020
vn 0.0000 0.8090 0.5878
vn 0.0000 0.9010 0.4339
vn -0.9319 -0.3614 -0.0325
vn -0.3166 -0.9447 0.0850
vn -0.6098 -0.7893 0.0710
vn -0.6099 -0.7639 0.2108
vn -0.3166 -0.9144 0.2523
vn -0.9319 -0.3614 0.0325
vn -0.9165 0.3985 0.0359
vn 0.0000 0.9640 0.2660
vn 0.0000 0.9960 0.0896
vn -0.3760 0.9229 -0.0831
vn -0.9165 0.3985 -0.0359
vn -0.9318 -0.3498 0.0965
vn -0.3166 -0.8546 0.4116
vn -0.6098 -0.7140 0.3439
vn -0.6098 -0.6412 0.4659
vn -0.3166 -0.7674 0.5575
vn -0.3916 -0.8290 0.3993
vn -0.9319 -0.3269 0.1574
vn -0.3761 0.8932 -0.2465
vn 0.0000 0.9960 -0.0896
vn 0.0000 0.9640 -0.2660
vn -0.3760 0.8348 -0.4020
vn -0.3916 -0.7444 0.5408
vn -0.3166 -0.6555 0.6856
vn -0.6099 -0.5477 0.5728
vn -0.6098 -0.4366 0.6614
vn -0.3166 -0.5226 0.7916
vn -0.9319 -0.2507 0.2623
vn -0.9165 0.3237 -0.2352
vn -0.3761 0.7496 -0.5447
vn 0.0000 0.9010 -0.4339
vn 0.0000 0.8090 -0.5878
vn -0.9319 -0.1999 0.3028
vn -0.3916 -0.5069 0.7679
vn -0.3166 -0.3728 0.8722
vn -0.6098 -0.3115 0.7288
vn -0.6098 -0.1764 0.7727
vn -0.3166 -0.2111 0.9248
vn -0.9165 0.2204 -0.3339
vn 0.0000 0.6911 -0.7228
vn 0.0000 0.5509 -0.8346
vn -0.3760 0.3642 -0.8520
vn -0.9165 0.1573 -0.3679
vn -0.3916 -0.2047 0.8971
vn -0.3166 -0.0426 0.9476
vn -0.6098 -0.0356 0.7918
vn -0.6098 0.1064 0.7853
vn -0.3166 0.1273 0.9400
vn -0.3760 0.2062 -0.9034
vn 0.0000 0.3930 -0.9195
vn 0.0000 0.2225 -0.9749
vn -0.3761 0.0416 -0.9257
vn -0.9165 0.0179 -0.3997
vn -0.9319 0.0487 0.3595
vn -0.3166 0.2931 0.9021
vn -0.6099 0.2449 0.7537
vn -0.6098 0.3756 0.6979
vn -0.3166 0.4495 0.8353
vn -0.3916 0.2843 0.8751
vn -0.3761 -0.1244 -0.9182
vn 0.0000 0.0449 -0.9990
vn 0.0000 -0.1342 -0.9909
vn -0.9318 0.1719 0.3195
vn -0.3916 0.4360 0.8103
vn -0.3166 0.5914 0.7416
vn -0.6099 0.4941 0.6196
vn -0.6099 0.5968 0.5214
vn -0.9319 0.2262 0.2837
vn -0.9165 -0.1896 -0.3523
vn 0.0000 -0.3090 -0.9511
vn 0.0000 -0.4739 -0.8806
vn -0.9535 0.2966 -0.0539
vn -0.9534 0.3017 -0.0000
vn -0.9535 0.2966 0.0538
vn -0.9535 0.2966 0.0539
vn -0.9539 0.2811 0.1055
vn -0.9536 0.2585 0.1544
vn -0.9534 0.2271 0.1985
vn -0.9534 0.2272 0.1984
vn -0.9533 0.1883 0.2361
vn -0.9533 0.1882 0.2361
vn -0.9534 0.1429 0.2656
vn -0.9534 0.1430 0.2656
vn -0.9538 0.0929 0.2858
vn -0.9535 0.0404 0.2986
vn -0.9535 0.0405 0.2986
vn -0.9529 -0.0136 0.3030
vn -0.9530 -0.0674 0.2953
vn -0.9532 -0.1187 0.2779
vn -0.9532 -0.1188 0.2779
vn -0.9537 -0.1656 0.2510
vn -0.9537 -0.1657 0.2509
vn -0.9538 -0.2078 0.2172
vn -0.9538 -0.2076 0.2173
vn -0.9534 -0.2440 0.1773
vn -0.9534 -0.2440 0.1772
vn -0.9537 -0.2711 0.1305
vn -0.9537 -0.2711 0.1306
vn -0.9534 -0.2909 0.0803
vn -0.9537 -0.2995 0.0269
vn -0.9537 -0.2995 0.0270
vn -0.9537 -0.2995 -0.0269
vn -0.9537 -0.2995 -0.0270
vn -0.9534 -0.2909 -0.0803
vn -0.9537 -0.2711 -0.1305
vn -0.9537 -0.2711 -0.1306
vn -0.9540 -0.2426 -0.1762
vn -0.9540 -0.2425 -0.1763
vn -0.9533 -0.2087 -0.2183
vn -0.9538 -0.1656 -0.2509
vn -0.9538 -0.1656 -0.2508
vn -0.9532 -0.1187 -0.2779
vn -0.9532 -0.1188 -0.2779
vn -0.9530 -0.0674 -0.2953
vn -0.9535 -0.0135 -0.3010
vn -0.9536 0.0405 -0.2983
vn -0.9536 0.0403 -0.2984
vn -0.9538 0.0928 -0.2857
vn -0.9538 0.0929 -0.2857
vn -0.9528 0.1438 -0.2673
vn -0.9529 0.1890 -0.2371
vn -0.9529 0.1891 -0.2370
vn -0.9534 0.2271 -0.1985
vn -0.9534 0.2272 -0.1984
vn -0.9536 0.2584 -0.1544
vn -0.9539 0.2811 -0.1055
vn -0.9535 0.2966 -0.0538
vn -0.9573 -0.2706 -0.1015
vn -0.9573 -0.2844 -0.0516
vn -0.9372 -0.3431 -0.0623
vn -0.9372 -0.3487 0.0000
vn -0.9573 -0.2890 -0.0000
vn -0.9372 -0.3431 0.0623
vn -0.9573 -0.2844 0.0516
vn -0.9105 -0.4069 0.0738
vn -0.9105 -0.4136 0.0000
vn -0.9105 -0.4069 -0.0738
vn -0.9372 -0.3265 -0.1225
vn -0.9573 -0.2481 -0.1482
vn -0.9372 -0.2994 -0.1789
vn -0.9105 -0.3872 -0.1453
vn -0.8758 -0.4749 -0.0862
vn -0.8758 -0.4826 0.0000
vn -0.8758 -0.4749 0.0862
vn -0.8758 -0.4518 0.1696
vn -0.9105 -0.3872 0.1453
vn -0.9372 -0.3265 0.1225
vn -0.9573 -0.2706 0.1015
vn -0.9372 -0.2994 0.1789
vn -0.9105 -0.3550 0.2121
vn -0.8758 -0.4143 0.2475
vn -0.9522 -0.2621 0.1566
vn -0.9523 -0.2858 0.1073
vn -0.9523 -0.3004 0.0545
vn -0.9522 -0.3053 0.0000
vn -0.9523 -0.3004 -0.0545
vn -0.8758 -0.4518 -0.1696
vn -0.9105 -0.3550 -0.2121
vn -0.9372 -0.2626 -0.2294
vn -0.9573 -0.2176 -0.1901
vn -0.9573 -0.1802 -0.2259
vn -0.9372 -0.2174 -0.2726
vn -0.9105 -0.3114 -0.2721
vn -0.8758 -0.4143 -0.2475
vn -0.9523 -0.2858 -0.1073
vn -0.9522 -0.1904 0.2387
vn -0.9522 -0.2299 0.2009
vn -0.8758 -0.3635 0.3175
vn -0.9105 -0.3114 0.2721
vn -0.8758 -0.3009 0.3773
vn -0.9105 -0.2579 0.3233
vn -0.9372 -0.2626 0.2294
vn -0.9573 -0.2481 0.1482
vn -0.9573 -0.2176 0.1901
vn -0.9372 -0.2174 0.2726
vn -0.9573 -0.1802 0.2259
vn -0.9105 -0.1960 0.3642
vn -0.9372 -0.1652 0.3071
vn -0.9573 -0.1369 0.2545
vn -0.9372 -0.1078 0.3317
vn -0.9105 -0.1278 0.3933
vn -0.8758 -0.1491 0.4590
vn -0.8758 -0.2287 0.4250
vn -0.9523 -0.1447 0.2688
vn -0.9522 -0.0944 0.2904
vn -0.9522 -0.0410 0.3026
vn -0.8758 -0.0648 0.4783
vn -0.9105 -0.0555 0.4098
vn -0.9372 -0.0468 0.3456
vn -0.9573 -0.0893 0.2748
vn -0.9573 -0.0388 0.2864
vn -0.9372 0.0156 0.3484
vn -0.9105 0.0186 0.4132
vn -0.8758 0.0217 0.4821
vn -0.9523 0.0137 0.3050
vn -0.9523 0.2110 0.2207
vn -0.9522 0.1200 0.2808
vn -0.9522 0.0679 0.2977
vn -0.8758 0.1074 0.4705
vn -0.9105 0.0920 0.4032
vn -0.8758 0.1897 0.4438
vn -0.9522 0.1682 0.2548
vn -0.8758 0.2659 0.4028
vn -0.9105 0.1626 0.3803
vn -0.9372 0.0776 0.3400
vn -0.9573 0.0130 0.2887
vn -0.9573 0.0643 0.2817
vn -0.9372 0.1371 0.3207
vn -0.9105 0.2278 0.3452
vn -0.8758 0.3335 0.3488
vn -0.9105 0.2858 0.2989
vn -0.9372 0.1921 0.2910
vn -0.9573 0.1136 0.2657
vn -0.9573 0.1592 0.2412
vn -0.9372 0.2410 0.2521
vn -0.9573 0.1997 0.2089
vn -0.9105 0.3346 0.2431
vn -0.8758 0.3905 0.2837
vn -0.9522 0.2470 0.1795
vn -0.9523 0.2751 0.1325
vn -0.8758 0.4348 0.2094
vn -0.9105 0.3726 0.1794
vn -0.9372 0.2821 0.2050
vn -0.9573 0.2338 0.1699
vn -0.9372 0.3142 0.1513
vn -0.9573 0.2604 0.1254
vn -0.9105 0.3987 0.1100
vn -0.9372 0.3362 0.0928
vn -0.9573 0.2786 0.0769
vn -0.9372 0.3473 0.0313
vn -0.9105 0.4119 0.0371
vn -0.8758 0.4807 0.0433
vn -0.8758 0.4652 0.1284
vn -0.9522 0.2943 0.0812
vn -0.9522 0.3041 0.0274
vn -0.9522 0.3041 -0.0274
vn -0.8758 0.4807 -0.0433
vn -0.9105 0.4119 -0.0371
vn -0.9372 0.3473 -0.0313
vn -0.9573 0.2878 0.0259
vn -0.9573 0.2878 -0.0259
vn -0.9372 0.3362 -0.0928
vn -0.9105 0.3987 -0.1100
vn -0.8758 0.4652 -0.1284
vn -0.9522 0.2943 -0.0812
vn -0.9522 0.2470 -0.1795
vn -0.9523 0.2751 -0.1325
vn -0.8758 0.4348 -0.2094
vn -0.9105 0.3726 -0.1794
vn -0.8758 0.3904 -0.2837
vn -0.9105 0.3346 -0.2431
vn -0.9372 0.3142 -0.1513
vn -0.9573 0.2786 -0.0769
vn -0.9573 0.2604 -0.1254
vn -0.9372 0.2821 -0.2050
vn -0.9573 0.2338 -0.1699
vn -0.9105 0.2858 -0.2989
vn -0.8758 0.3335 -0.3488
vn -0.9522 0.2110 -0.2207
vn -0.9522 0.1682 -0.2548
vn -0.8758 0.2659 -0.4028
vn -0.9105 0.2278 -0.3452
vn -0.9372 0.2410 -0.2521
vn -0.9573 0.1997 -0.2089
vn -0.9372 0.1921 -0.2910
vn -0.9573 0.1592 -0.2412
vn -0.9105 0.1625 -0.3803
vn -0.9372 0.1371 -0.3207
vn -0.9573 0.1136 -0.2657
vn -0.9372 0.0776 -0.3400
vn -0.9105 0.0920 -0.4032
vn -0.8758 0.1074 -0.4705
vn -0.8758 0.1897 -0.4438
vn -0.9522 0.1200 -0.2808
vn -0.9522 0.0679 -0.2977
vn -0.9523 -0.1447 -0.2689
vn -0.9522 -0.2299 -0.2009
vn -0.9522 -0.2621 -0.1566
vn -0.8758 -0.3634 -0.3175
vn -0.9105 -0.2579 -0.3233
vn -0.8758 -0.3009 -0.3773
vn -0.9523 -0.1904 -0.2387
vn -0.8758 -0.2287 -0.4250
vn -0.9105 -0.1960 -0.3642
vn -0.9372 -0.1652 -0.3071
vn -0.9573 -0.1369 -0.2545
vn -0.9573 -0.0893 -0.2748
vn -0.9372 -0.1078 -0.3317
vn -0.9105 -0.1278 -0.3933
vn -0.8758 -0.1491 -0.4590
vn -0.9105 -0.0555 -0.4098
vn -0.9372 -0.0468 -0.3456
vn -0.9573 -0.0388 -0.2864
vn -0.9573 0.0130 -0.2887
vn -0.9372 0.0156 -0.3484
vn -0.9573 0.0643 -0.2817
vn -0.9105 0.0186 -0.4132
vn -0.8758 -0.0648 -0.4783
vn -0.9522 -0.0944 -0.2904
vn -0.9522 -0.0410 -0.3026
vn -0.8758 0.0217 -0.4821
vn -0.9523 0.0137 -0.3050
vn -0.9318 -0.1999 0.3028
vn -0.3915 -0.8290 0.3993
vn -0.3915 -0.8870 0.2448
vn -0.9318 -0.3269 0.1574
vn -0.6099 -0.7893 0.0710
vn -0.6099 -0.7893 -0.0710
vn -0.9318 -0.3269 -0.1574
vn -0.9318 -0.1999 -0.3028
vn -0.9535 0.2964 -0.0538
vn -0.9534 0.3016 -0.0000
vn -0.9535 0.2964 0.0538
vn -0.9536 0.2583 0.1544
vn -0.9536 0.2584 0.1544
vn -0.9534 0.2270 0.1985
vn -0.9534 0.2272 0.1983
vn -0.9538 0.0929 0.2859
vn -0.9530 -0.0674 0.2954
vn -0.9533 -0.1187 0.2779
vn -0.9533 -0.1188 0.2778
vn -0.9537 -0.1657 0.2510
vn -0.9537 -0.2078 0.2172
vn -0.9537 -0.2077 0.2174
vn -0.9531 -0.2727 0.1313
vn -0.9533 -0.2911 0.0803
vn -0.9533 -0.2911 -0.0803
vn -0.9531 -0.2727 -0.1313
vn -0.9540 -0.2427 -0.1763
vn -0.9540 -0.2426 -0.1764
vn -0.9537 -0.1656 -0.2509
vn -0.9533 -0.1187 -0.2779
vn -0.9533 -0.1188 -0.2778
vn -0.9530 -0.0674 -0.2954
vn -0.9534 0.2270 -0.1985
vn -0.9534 0.2272 -0.1983
vn -0.9537 0.2583 -0.1543
vn -0.3760 -0.7954 0.4753
vn -0.3095 -0.9509 0.0000
vn -0.2994 -0.9541 0.0000
vn -0.2994 -0.8933 0.3353
vn 0.1681 -0.9858 -0.0000
vn 0.3345 -0.9272 -0.1683
vn 0.3345 -0.9424 -0.0000
vn 0.3345 -0.9272 0.1683
vn -0.3915 0.1235 -0.9118
vn -0.3761 0.2062 0.9034
vn -0.3760 0.8349 0.4020
vn -0.9164 0.3237 0.2352
vn 0.0000 -0.6911 -0.7228
vn 0.0000 -0.8090 -0.5878
vn -0.3915 -0.7444 -0.5409
vn -0.9164 0.3605 0.1736
vn -0.3760 0.8932 0.2465
vn -0.2995 0.9197 0.2538
vn 0.1681 0.9502 0.2622
vn -0.2994 0.9503 0.0855
vn -0.9164 0.3857 0.1065
vn 0.0000 -0.9010 -0.4339
vn -0.9164 0.3985 0.0359
vn -0.3095 0.9471 -0.0852
vn -0.2994 0.9503 -0.0855
vn 0.3345 0.9386 0.0845
vn -0.2995 0.9197 -0.2538
vn -0.9164 0.3985 -0.0359
vn -0.9164 0.3858 -0.1065
vn -0.3760 0.8349 -0.4020
vn -0.3760 0.7497 -0.5446
vn -0.9164 0.3605 -0.1736
vn -0.3916 -0.8290 0.3992
vn -0.9372 -0.3487 -0.0000
vn -0.8758 -0.4826 -0.0000
vn -0.9522 -0.3004 0.0545
vn -0.9522 -0.3053 -0.0000
vn -0.9522 -0.3004 -0.0545
vn -0.9522 -0.2300 0.2009
vn -0.9523 0.2470 -0.1795
vn -0.8758 0.3904 0.2837
vn -0.9523 0.2470 0.1795
vn 0.0000 -0.9397 -0.3420
vn -0.2508 -0.9680 -0.0000
vn -0.2511 -0.9096 -0.3311
vn 0.0000 -0.7660 -0.6428
vn -0.2511 -0.7415 -0.6222
vn 0.0000 -0.5000 -0.8660
vn -0.8416 -0.4138 -0.3472
vn -0.8415 -0.5076 -0.1847
vn -0.8414 -0.5404 -0.0000
vn -0.2511 -0.9096 0.3311
vn 0.0000 -0.9397 0.3420
vn -0.2511 -0.7415 0.6222
vn -0.8415 -0.5076 0.1848
vn -0.7484 -0.6233 0.2269
vn -0.7484 -0.6633 0.0000
vn -0.7484 -0.6233 -0.2269
vn -0.7484 -0.5081 -0.4264
vn -0.8414 -0.2702 -0.4680
vn -0.2509 -0.4840 -0.8383
vn 0.0000 -0.1737 -0.9848
vn -0.2511 -0.1681 -0.9532
vn -0.8416 -0.0938 -0.5319
vn -0.7484 -0.3317 -0.5744
vn 0.7484 -0.5081 -0.4264
vn 0.7484 -0.6233 -0.2269
vn 0.7484 -0.6633 -0.0000
vn 0.7484 -0.6233 0.2269
vn 0.7484 -0.5081 0.4264
vn -0.7484 -0.5081 0.4264
vn -0.8416 -0.4138 0.3472
vn -0.2510 -0.4840 0.8383
vn 0.0000 -0.7660 0.6428
vn 0.0000 -0.5000 0.8660
vn -0.2510 -0.1681 0.9533
vn -0.8415 -0.2702 0.4679
vn -0.7484 -0.3317 0.5744
vn 0.7484 -0.3317 0.5744
vn 0.9461 -0.1619 0.2804
vn 0.9461 -0.2481 0.2082
vn 0.9461 -0.3043 0.1108
vn 0.9461 -0.3240 0.0000
vn 0.9461 -0.3043 -0.1108
vn 0.9461 -0.2480 -0.2081
vn 0.7484 -0.3317 -0.5744
vn -0.7484 -0.1152 -0.6532
vn 0.7484 -0.1152 -0.6532
vn 0.9461 -0.1620 -0.2805
vn 0.6809 -0.3662 -0.6343
vn 0.6810 -0.5610 -0.4707
vn 0.6810 -0.6882 -0.2505
vn 0.6809 -0.7324 0.0000
vn 0.6810 -0.6882 0.2505
vn 0.6810 -0.5610 0.4707
vn 0.6810 -0.3662 0.6342
vn 0.9461 -0.0562 0.3189
vn 0.7484 -0.1152 0.6532
vn 0.9461 0.0562 0.3189
vn 0.6810 -0.1272 0.7212
vn 0.0463 -0.1735 0.9838
vn 0.0463 -0.4995 0.8651
vn 0.0464 -0.7652 0.6421
vn 0.0464 -0.9387 0.3417
vn 0.0464 -0.9989 -0.0000
vn 0.0464 -0.9387 -0.3416
vn 0.0463 -0.7652 -0.6421
vn 0.0463 -0.4995 -0.8651
vn 0.6810 -0.1272 -0.7212
vn 0.9461 -0.0562 -0.3189
vn 0.6810 0.1272 -0.7212
vn 0.0464 -0.1735 -0.9837
vn -0.7230 -0.3454 -0.5983
vn -0.7230 -0.5292 -0.4441
vn -0.7230 -0.6492 -0.2363
vn -0.7230 -0.6909 -0.0000
vn -0.7230 -0.6492 0.2363
vn -0.7230 -0.5292 0.4441
vn -0.7230 -0.3454 0.5983
vn -0.7230 -0.1200 0.6804
vn -0.7230 0.1200 0.6804
vn 0.0463 0.1735 0.9838
vn 0.6810 0.1272 0.7212
vn 0.0463 0.4995 0.8651
vn -0.7230 0.3454 0.5983
vn -0.9807 0.0977 0.1692
vn -0.9807 0.0339 0.1924
vn -0.9807 -0.0339 0.1924
vn -0.9807 -0.0977 0.1692
vn -0.9807 -0.1497 0.1256
vn -0.9807 -0.1836 0.0668
vn -0.9807 -0.1954 0.0000
vn -0.9807 -0.1497 -0.1256
vn -0.9807 0.1836 0.0668
vn -0.9807 0.1497 0.1256
vn -0.7230 0.5292 0.4441
vn 0.0464 0.7652 0.6421
vn 0.6810 0.3661 0.6342
vn 0.9461 0.1619 0.2804
vn 0.7484 0.1152 0.6532
vn 0.7484 0.3317 0.5744
vn 0.9461 0.2481 0.2082
vn 0.6810 0.5610 0.4707
vn 0.0464 0.9387 0.3416
vn -0.7230 0.6492 0.2363
vn -0.9807 0.1954 -0.0000
vn -0.7230 0.6909 -0.0000
vn -0.9807 0.1836 -0.0668
vn -0.9807 0.0977 -0.1692
vn -0.9807 0.1497 -0.1256
vn -0.7230 0.6492 -0.2363
vn 0.0464 0.9989 0.0000
vn 0.6810 0.6882 0.2505
vn 0.9461 0.3043 0.1108
vn 0.7484 0.5081 0.4263
vn -0.7484 0.3317 0.5744
vn -0.7484 0.1152 0.6532
vn -0.7484 -0.1152 0.6532
vn -0.8415 -0.0938 0.5321
vn -0.8415 0.0938 0.5321
vn -0.8416 0.2701 0.4678
vn -0.7484 0.5081 0.4263
vn 0.7484 0.6233 0.2269
vn 0.9461 0.3239 0.0000
vn 0.6809 0.7323 0.0000
vn 0.0464 0.9387 -0.3416
vn -0.7230 0.5292 -0.4441
vn -0.7230 0.3454 -0.5983
vn 0.0463 0.7652 -0.6421
vn 0.6810 0.6882 -0.2505
vn 0.9461 0.3043 -0.1108
vn 0.7484 0.6633 -0.0000
vn -0.7484 0.6233 0.2269
vn -0.8415 0.4138 0.3472
vn -0.2511 0.7415 0.6222
vn -0.2511 0.4840 0.8383
vn -0.2510 0.1681 0.9533
vn 0.0000 -0.1736 0.9848
vn 0.0000 0.1736 0.9848
vn 0.0000 0.5000 0.8660
vn 0.0000 0.7660 0.6428
vn -0.2511 0.9096 0.3311
vn -0.8415 0.5076 0.1847
vn -0.7484 0.6633 0.0000
vn 0.7484 0.6233 -0.2269
vn 0.9461 0.2480 -0.2081
vn 0.6810 0.5610 -0.4707
vn 0.0463 0.4995 -0.8651
vn 0.6809 0.3662 -0.6343
vn 0.9461 0.1619 -0.2805
vn 0.7484 0.5081 -0.4264
vn -0.7484 0.6233 -0.2269
vn -0.8415 0.5402 0.0000
vn -0.2510 0.9680 0.0000
vn 0.0000 0.9397 0.3420
vn 0.0000 1.0000 0.0000
vn -0.2511 0.9096 -0.3311
vn -0.8415 0.5076 -0.1847
vn -0.7484 0.5081 -0.4264
vn 0.7484 0.3317 -0.5744
vn 0.9461 0.0562 -0.3189
vn 0.0464 0.1735 -0.9837
vn -0.7230 0.1200 -0.6804
vn -0.7229 -0.1200 -0.6804
vn 0.7484 0.1152 -0.6532
vn -0.7484 0.3317 -0.5744
vn -0.8415 0.4138 -0.3472
vn -0.2511 0.7415 -0.6222
vn 0.0000 0.9397 -0.3420
vn 0.0000 0.7660 -0.6428
vn -0.2509 0.4840 -0.8383
vn -0.8414 0.2702 -0.4680
vn -0.7484 0.1152 -0.6532
vn -0.8416 0.0938 -0.5319
vn -0.2511 0.1681 -0.9532
vn 0.0000 0.5000 -0.8660
vn 0.0000 0.1737 -0.9848
vn -0.9807 -0.0977 -0.1692
vn -0.9807 -0.0339 -0.1924
vn -0.9807 0.0339 -0.1924
vn -0.9807 -0.1836 -0.0668
vn 0.0000 0.4841 -0.8750
vn 0.0000 0.1556 -0.9878
vn -0.2510 0.1507 -0.9562
vn -0.2508 -0.1855 -0.9501
vn 0.0000 -0.1916 -0.9815
vn -0.2510 -0.4992 -0.8293
vn 0.0000 -0.5157 -0.8568
vn -0.8414 -0.1036 -0.5304
vn -0.8415 0.0841 -0.5337
vn -0.8415 0.2616 -0.4727
vn -0.2510 0.4686 -0.8470
vn 0.0000 0.7542 -0.6566
vn -0.2510 0.7301 -0.6356
vn -0.8415 0.4075 -0.3548
vn -0.7484 0.3211 -0.5804
vn -0.7484 0.1032 -0.6552
vn -0.7484 -0.1271 -0.6510
vn -0.7484 -0.3421 -0.5683
vn -0.8415 -0.2786 -0.4629
vn -0.2510 -0.7528 -0.6086
vn 0.0000 -0.7777 -0.6287
vn -0.2510 -0.9155 -0.3144
vn -0.8415 -0.4201 -0.3397
vn -0.7484 -0.5158 -0.4170
vn 0.7484 -0.5158 -0.4170
vn 0.7484 -0.3421 -0.5683
vn 0.7484 -0.1271 -0.6510
vn 0.7484 0.1032 -0.6552
vn 0.7484 0.3211 -0.5804
vn -0.7484 0.5002 -0.4356
vn -0.8415 0.5043 -0.1940
vn -0.2510 0.9034 -0.3476
vn 0.0000 0.9333 -0.3591
vn 0.0000 0.9998 -0.0183
vn -0.2511 0.9678 -0.0177
vn -0.8415 0.5401 -0.0099
vn -0.7484 0.6190 -0.2382
vn 0.7484 0.5002 -0.4356
vn 0.9461 0.1568 -0.2834
vn 0.9461 0.0504 -0.3199
vn 0.9461 -0.0621 -0.3180
vn 0.9461 -0.1670 -0.2775
vn 0.9461 -0.2519 -0.2036
vn 0.9461 -0.3063 -0.1052
vn 0.7483 -0.6273 -0.2154
vn -0.7483 -0.6273 -0.2154
vn 0.7484 -0.6632 0.0121
vn 0.9461 -0.3238 0.0059
vn 0.6810 -0.6926 -0.2379
vn 0.6809 -0.5695 -0.4604
vn 0.6810 -0.3777 -0.6274
vn 0.6809 -0.1404 -0.7188
vn 0.6809 0.1140 -0.7234
vn 0.6809 0.3545 -0.6408
vn 0.6810 0.5523 -0.4809
vn 0.9461 0.2442 -0.2126
vn 0.7484 0.6190 -0.2382
vn 0.9461 0.3022 -0.1163
vn 0.6810 0.6835 -0.2630
vn 0.0463 0.7534 -0.6560
vn 0.0463 0.4836 -0.8741
vn 0.0463 0.1555 -0.9868
vn 0.0463 -0.1914 -0.9804
vn 0.0463 -0.5152 -0.8558
vn 0.0464 -0.7768 -0.6280
vn 0.0464 -0.9448 -0.3245
vn 0.0463 -0.9988 0.0182
vn 0.6809 -0.7322 0.0134
vn 0.9461 -0.3022 0.1163
vn 0.6810 -0.6835 0.2630
vn 0.0463 -0.9323 0.3587
vn -0.7230 -0.6448 0.2481
vn -0.7230 -0.6908 0.0126
vn -0.7230 -0.6534 -0.2244
vn -0.7230 -0.5373 -0.4343
vn -0.7230 -0.3563 -0.5919
vn -0.7230 -0.1324 -0.6781
vn -0.7230 0.1075 -0.6825
vn -0.7230 0.3345 -0.6045
vn -0.7230 0.5210 -0.4537
vn 0.0463 0.9323 -0.3587
vn 0.6809 0.7322 -0.0134
vn 0.0463 0.9988 -0.0182
vn -0.7230 0.6448 -0.2481
vn -0.9807 0.1473 -0.1283
vn -0.9807 0.0946 -0.1709
vn -0.9807 0.0304 -0.1930
vn -0.9807 -0.0374 -0.1917
vn -0.9807 -0.1008 -0.1674
vn -0.9807 -0.1519 -0.1228
vn -0.9807 -0.1848 -0.0635
vn -0.9807 -0.1953 0.0036
vn -0.9807 -0.0304 0.1930
vn -0.9807 0.1848 0.0634
vn -0.9807 0.1823 -0.0702
vn -0.7230 0.6908 -0.0126
vn -0.9807 0.1953 -0.0036
vn -0.7230 0.6534 0.2244
vn 0.0464 0.9448 0.3245
vn 0.6810 0.6926 0.2378
vn 0.9461 0.3238 -0.0059
vn 0.7484 0.6632 -0.0121
vn 0.7483 0.6274 0.2154
vn 0.9461 0.3063 0.1052
vn 0.6809 0.5695 0.4604
vn 0.0464 0.7768 0.6280
vn -0.7230 0.5373 0.4343
vn -0.9807 0.1519 0.1228
vn -0.9807 0.1007 0.1674
vn -0.7230 0.3563 0.5919
vn 0.0463 0.5152 0.8558
vn 0.6810 0.3777 0.6274
vn 0.9461 0.2519 0.2036
vn 0.7484 0.5158 0.4170
vn -0.7484 0.5158 0.4170
vn -0.7483 0.6274 0.2154
vn -0.7484 0.6632 -0.0121
vn -0.8415 0.5110 0.1755
vn -0.8415 0.4201 0.3397
vn -0.8416 0.2786 0.4627
vn -0.7484 0.3421 0.5683
vn 0.7484 0.3421 0.5683
vn 0.9461 0.1670 0.2774
vn 0.6809 0.1404 0.7188
vn 0.0464 0.1914 0.9804
vn -0.7230 0.1324 0.6781
vn -0.9807 0.0374 0.1917
vn -0.7230 -0.1075 0.6825
vn 0.0463 -0.1555 0.9868
vn 0.6809 -0.1140 0.7234
vn 0.9461 0.0621 0.3180
vn 0.7484 0.1271 0.6510
vn -0.7484 0.1271 0.6510
vn -0.8414 0.1035 0.5304
vn -0.2512 0.4992 0.8293
vn -0.2510 0.7528 0.6085
vn -0.2510 0.9155 0.3144
vn 0.0000 0.9458 0.3248
vn 0.0000 0.7777 0.6287
vn 0.0000 0.5157 0.8568
vn 0.0000 0.1916 0.9815
vn -0.2509 0.1855 0.9501
vn -0.8415 -0.0841 0.5337
vn -0.7484 -0.1032 0.6552
vn 0.7484 -0.1032 0.6552
vn 0.9461 -0.0504 0.3199
vn 0.6809 -0.3545 0.6408
vn 0.0463 -0.4836 0.8741
vn 0.6809 -0.5523 0.4809
vn 0.9461 -0.1568 0.2834
vn 0.7484 -0.3211 0.5804
vn -0.7484 -0.3211 0.5804
vn -0.8415 -0.2616 0.4727
vn -0.2509 -0.1506 0.9562
vn 0.0000 -0.1556 0.9878
vn 0.0000 -0.4841 0.8750
vn -0.2510 -0.4686 0.8470
vn -0.8415 -0.4074 0.3547
vn -0.7484 -0.5002 0.4356
vn 0.7484 -0.5002 0.4356
vn 0.9461 -0.2443 0.2127
vn 0.0464 -0.7534 0.6560
vn -0.7230 -0.3345 0.6045
vn -0.9807 -0.0946 0.1709
vn -0.7229 -0.5211 0.4537
vn -0.9807 -0.1473 0.1283
vn -0.9807 -0.1823 0.0702
vn 0.0000 -0.7542 0.6567
vn -0.2511 -0.7300 0.6356
vn -0.8415 -0.5043 0.1940
vn -0.7484 -0.6190 0.2382
vn 0.7484 -0.6190 0.2382
vn -0.7484 -0.6632 0.0121
vn -0.8415 -0.5401 0.0099
vn -0.2510 -0.9034 0.3476
vn 0.0000 -0.9333 0.3591
vn 0.0000 -0.9998 0.0183
vn -0.2511 -0.9678 0.0177
vn -0.8415 -0.5110 -0.1755
vn 0.0000 -0.9458 -0.3248
# 2275 vertex normals

vt 0.5527 0.8848 0.8848
vt 0.5527 0.8897 0.8897
vt 0.5903 0.8897 0.8897
vt 0.5903 0.8848 0.8848
vt 0.0247 0.9851 0.9851
vt 0.0231 0.9968 0.9968
vt 0.6470 0.9933 0.9933
vt 0.6465 0.9867 0.9867
vt 0.0238 0.9761 0.9761
vt 0.0128 0.9848 0.9848
vt 0.0145 0.9733 0.9733
vt 0.0036 0.9769 0.9769
vt 0.0271 0.9652 0.9652
vt 0.6431 0.9761 0.9761
vt 0.6499 0.9733 0.9733
vt 0.6514 0.9848 0.9848
vt 0.6460 0.9631 0.9631
vt 0.6401 0.9652 0.9652
vt 0.0181 0.9642 0.9642
vt 0.0088 0.9665 0.9665
vt 0.0004 0.9675 0.9675
vt 0.0085 0.9557 0.9557
vt 0.0136 0.9594 0.9594
vt 0.0134 0.9527 0.9527
vt 0.0134 0.5889 0.5889
vt 0.0085 0.5813 0.5813
vt 0.0004 0.5713 0.5713
vt 0.0036 0.5647 0.5647
vt 0.0118 0.5767 0.5767
vt 0.0179 0.5842 0.5842
vt 0.0185 0.5732 0.5732
vt 0.0119 0.5593 0.5593
vt 0.0213 0.5581 0.5581
vt 0.0245 0.5718 0.5718
vt 0.0232 0.5806 0.5806
vt 0.0281 0.5801 0.5801
vt 0.6416 0.5801 0.5801
vt 0.6421 0.5718 0.5718
vt 0.6450 0.5598 0.5598
vt 0.6514 0.5605 0.5605
vt 0.6489 0.5740 0.5740
vt 0.6440 0.5813 0.5813
vt 0.6543 0.5762 0.5762
vt 0.6587 0.5647 0.5647
vt 0.6631 0.5713 0.5713
vt 0.6577 0.5808 0.5808
vt 0.6489 0.5837 0.5837
vt 0.6509 0.5869 0.5869
vt 0.6509 0.9530 0.9530
vt 0.6577 0.9574 0.9574
vt 0.6631 0.9675 0.9675
vt 0.6587 0.9769 0.9769
vt 0.6553 0.9665 0.9665
vt 0.6499 0.9584 0.9584
vt 0.5918 0.8832 0.8832
vt 0.5513 0.8832 0.8832
vt 0.5513 0.8914 0.8914
vt 0.5918 0.8914 0.8914
vt 0.9980 0.9950 0.9950
vt 0.9980 0.9977 0.9977
vt 0.9922 0.9977 0.9977
vt 0.9922 0.9950 0.9950
vt 0.9980 0.9925 0.9925
vt 0.8481 0.9977 0.9977
vt 0.9922 0.9925 0.9925
vt 0.9980 0.9900 0.9900
vt 0.8481 0.9925 0.9925
vt 0.8481 0.9950 0.9950
vt 0.8462 0.9950 0.9950
vt 0.8462 0.9977 0.9977
vt 0.8462 0.9925 0.9925
vt 0.8442 0.9925 0.9925
vt 0.8442 0.9950 0.9950
vt 0.8442 0.9977 0.9977
vt 0.8428 0.9950 0.9950
vt 0.8428 0.9925 0.9925
vt 0.8159 0.9935 0.9935
vt 0.8428 0.9900 0.9900
vt 0.8442 0.9900 0.9900
vt 0.8462 0.9900 0.9900
vt 0.8481 0.9900 0.9900
vt 0.9922 0.9900 0.9900
vt 0.9922 0.7104 0.7104
vt 0.9980 0.7104 0.7104
vt 0.8481 0.7104 0.7104
vt 0.8462 0.7104 0.7104
vt 0.8442 0.7104 0.7104
vt 0.8428 0.7104 0.7104
vt 0.8159 0.7073 0.7073
vt 0.8428 0.9977 0.9977
vt 0.9980 0.7080 0.7080
vt 0.9922 0.7080 0.7080
vt 0.8481 0.7080 0.7080
vt 0.8462 0.7080 0.7080
vt 0.8442 0.7080 0.7080
vt 0.8428 0.7080 0.7080
vt 0.8428 0.7058 0.7058
vt 0.8442 0.7058 0.7058
vt 0.8462 0.7058 0.7058
vt 0.8481 0.7058 0.7058
vt 0.9922 0.7058 0.7058
vt 0.9980 0.7058 0.7058
vt 0.9980 0.7031 0.7031
vt 0.9922 0.7031 0.7031
vt 0.8481 0.7031 0.7031
vt 0.8462 0.7031 0.7031
vt 0.8442 0.7031 0.7031
vt 0.8428 0.7031 0.7031
vt 0.8159 0.3413 0.3413
vt 0.8428 0.3447 0.3447
vt 0.8442 0.3447 0.3447
vt 0.8462 0.3447 0.3447
vt 0.8481 0.3447 0.3447
vt 0.9922 0.3447 0.3447
vt 0.9980 0.3447 0.3447
vt 0.9980 0.3418 0.3418
vt 0.9922 0.3418 0.3418
vt 0.8481 0.3418 0.3418
vt 0.8462 0.3418 0.3418
vt 0.8442 0.3418 0.3418
vt 0.8428 0.3418 0.3418
vt 0.8428 0.3398 0.3398
vt 0.8442 0.3398 0.3398
vt 0.8462 0.3398 0.3398
vt 0.8481 0.3398 0.3398
vt 0.9922 0.3398 0.3398
vt 0.9980 0.3398 0.3398
vt 0.9980 0.3374 0.3374
vt 0.9922 0.3374 0.3374
vt 0.8481 0.3374 0.3374
vt 0.8462 0.3374 0.3374
vt 0.8442 0.3374 0.3374
vt 0.8428 0.3374 0.3374
vt 0.8159 0.0513 0.0513
vt 0.8428 0.0581 0.0581
vt 0.8442 0.0581 0.0581
vt 0.8462 0.0581 0.0581
vt 0.8481 0.0581 0.0581
vt 0.9922 0.0581 0.0581
vt 0.9980 0.0581 0.0581
vt 0.9980 0.0557 0.0557
vt 0.9922 0.0557 0.0557
vt 0.8481 0.0557 0.0557
vt 0.8462 0.0557 0.0557
vt 0.8442 0.0557 0.0557
vt 0.8428 0.0557 0.0557
vt 0.8428 0.0537 0.0537
vt 0.8428 0.0513 0.0513
vt 0.8442 0.0537 0.0537
vt 0.8462 0.0537 0.0537
vt 0.8442 0.0513 0.0513
vt 0.8462 0.0513 0.0513
vt 0.8481 0.0537 0.0537
vt 0.9922 0.0537 0.0537
vt 0.9980 0.0537 0.0537
vt 0.9980 0.0513 0.0513
vt 0.9922 0.0513 0.0513
vt 0.8481 0.0513 0.0513
vt 0.3030 0.0542 0.0542
vt 0.3030 0.0806 0.0806
vt -0.0000 0.0806 0.0806
vt 0.0002 0.0537 0.0537
vt 0.3030 0.0522 0.0522
vt 0.0002 0.0522 0.0522
vt 0.3030 0.0508 0.0508
vt 0.0001 0.0503 0.0503
vt 0.3030 0.0483 0.0483
vt 0.0009 0.0479 0.0479
vt 0.0035 0.0327 0.0327
vt 0.0020 0.0327 0.0327
vt 0.0020 0.0015 0.0015
vt 0.0035 0.0015 0.0015
vt 0.0048 0.0015 0.0015
vt 0.0048 0.0327 0.0327
vt 0.2908 0.0015 0.0015
vt 0.2908 0.0327 0.0327
vt 0.2920 0.0015 0.0015
vt 0.2920 0.0327 0.0327
vt 0.2932 0.0015 0.0015
vt 0.2932 0.0327 0.0327
vt 0.2947 0.0015 0.0015
vt 0.2947 0.0327 0.0327
vt 0.4966 0.0327 0.0327
vt 0.4966 0.0015 0.0015
vt 0.4983 0.0327 0.0327
vt 0.4983 0.0015 0.0015
vt 0.4998 0.0327 0.0327
vt 0.4998 0.0015 0.0015
vt 0.5010 0.0327 0.0327
vt 0.5010 0.0015 0.0015
vt 0.7793 0.0327 0.0327
vt 0.7793 0.0015 0.0015
vt 0.7813 0.0015 0.0015
vt 0.7813 0.0327 0.0327
vt 0.7832 0.0015 0.0015
vt 0.7832 0.0327 0.0327
vt 0.7842 0.0015 0.0015
vt 0.7842 0.0327 0.0327
vt 0.9951 0.0327 0.0327
vt 0.9951 0.0015 0.0015
vt 0.9985 0.0327 0.0327
vt 0.9985 0.0015 0.0015
vt 0.0715 0.6221 0.6221
vt 0.0718 0.6230 0.6230
vt 0.0739 0.6353 0.6353
vt 0.6274 0.6140 0.6140
vt 0.6260 0.6106 0.6106
vt 0.6240 0.6082 0.6082
vt 0.6274 0.9310 0.9310
vt 0.6206 0.6069 0.6069
vt 0.6260 0.9346 0.9346
vt 0.5176 0.6069 0.6069
vt 0.6235 0.9371 0.9371
vt 0.6201 0.9376 0.9376
vt 0.5171 0.9376 0.9376
vt 0.5137 0.9368 0.9368
vt 0.5112 0.9345 0.9345
vt 0.5103 0.9309 0.9309
vt 0.5103 0.6143 0.6143
vt 0.5142 0.6084 0.6084
vt 0.5117 0.6106 0.6106
vt 0.0020 0.0342 0.0342
vt 0.0035 0.0342 0.0342
vt 0.0020 0.0352 0.0352
vt 0.0048 0.0342 0.0342
vt 0.0048 0.0352 0.0352
vt 0.0035 0.0352 0.0352
vt 0.0020 0.0356 0.0356
vt 0.0035 0.0356 0.0356
vt 0.0048 0.0356 0.0356
vt 0.2908 0.0356 0.0356
vt 0.2908 0.0352 0.0352
vt 0.2908 0.0342 0.0342
vt 0.2920 0.0342 0.0342
vt 0.2920 0.0352 0.0352
vt 0.2920 0.0356 0.0356
vt 0.2932 0.0352 0.0352
vt 0.2932 0.0342 0.0342
vt 0.2947 0.0342 0.0342
vt 0.2947 0.0352 0.0352
vt 0.2932 0.0356 0.0356
vt 0.2947 0.0356 0.0356
vt 0.4990 0.0483 0.0483
vt 0.4966 0.0352 0.0352
vt 0.4966 0.0342 0.0342
vt 0.4983 0.0342 0.0342
vt 0.4983 0.0352 0.0352
vt 0.4966 0.0356 0.0356
vt 0.4983 0.0356 0.0356
vt 0.4998 0.0352 0.0352
vt 0.4998 0.0342 0.0342
vt 0.5010 0.0342 0.0342
vt 0.5010 0.0352 0.0352
vt 0.4998 0.0356 0.0356
vt 0.5010 0.0356 0.0356
vt 0.7813 0.0483 0.0483
vt 0.7793 0.0352 0.0352
vt 0.7793 0.0356 0.0356
vt 0.7813 0.0352 0.0352
vt 0.7813 0.0356 0.0356
vt 0.7832 0.0356 0.0356
vt 0.7832 0.0352 0.0352
vt 0.7832 0.0342 0.0342
vt 0.7813 0.0342 0.0342
vt 0.7793 0.0342 0.0342
vt 0.7842 0.0342 0.0342
vt 0.7842 0.0352 0.0352
vt 0.7842 0.0356 0.0356
vt 0.9985 0.0483 0.0483
vt 0.9951 0.0356 0.0356
vt 0.9951 0.0352 0.0352
vt 0.9951 0.0342 0.0342
vt 0.9985 0.0342 0.0342
vt 0.9985 0.0352 0.0352
vt 0.9985 0.0356 0.0356
vt 0.0334 0.4468 0.4468
vt 0.0280 0.4438 0.4438
vt 0.0231 0.4395 0.4395
vt 0.0156 0.4287 0.4287
vt 0.0190 0.4346 0.4346
vt 0.0512 0.4487 0.4487
vt 0.0452 0.4492 0.4492
vt 0.0392 0.4487 0.4487
vt 0.0714 0.4346 0.4346
vt 0.0624 0.4438 0.4438
vt 0.0570 0.4468 0.4468
vt 0.0673 0.4395 0.4395
vt 0.0694 0.2974 0.2974
vt 0.0787 0.3228 0.3228
vt 0.0771 0.4224 0.4224
vt 0.0746 0.4287 0.4287
vt 0.0784 0.4155 0.4155
vt 0.0760 0.3091 0.3091
vt 0.0779 0.3154 0.3154
vt 0.0732 0.3027 0.3027
vt 0.0255 0.2930 0.2930
vt 0.0482 0.2856 0.2856
vt 0.0597 0.2891 0.2891
vt 0.0649 0.2930 0.2930
vt 0.0541 0.2866 0.2866
vt 0.0363 0.2866 0.2866
vt 0.0422 0.2856 0.2856
vt 0.0306 0.2891 0.2891
vt 0.0125 0.3154 0.3154
vt 0.0172 0.3027 0.3027
vt 0.0209 0.2974 0.2974
vt 0.0143 0.3091 0.3091
vt 0.0119 0.4155 0.4155
vt 0.0117 0.3228 0.3228
vt 0.0133 0.4224 0.4224
vt 0.1017 0.2451 0.2451
vt 0.0942 0.2495 0.2495
vt 0.0947 0.2495 0.2495
vt 0.1013 0.2451 0.2451
vt 0.1071 0.2397 0.2397
vt 0.6675 0.6035 0.6035
vt 0.8066 0.6035 0.6035
vt 0.8081 0.6057 0.6057
vt 0.6675 0.6057 0.6057
vt 0.8086 0.6079 0.6079
vt 0.6675 0.6079 0.6079
vt 0.8086 0.6101 0.6101
vt 0.6675 0.6101 0.6101
vt 0.8101 0.9901 0.9901
vt 0.6675 0.9901 0.9901
vt 0.6675 0.9922 0.9922
vt 0.8096 0.9922 0.9922
vt 0.8091 0.9951 0.9951
vt 0.6675 0.9951 0.9951
vt 0.8076 0.9964 0.9964
vt 0.6675 0.9964 0.9964
vt 0.5093 0.9457 0.9457
vt 0.6372 0.9573 0.9573
vt 0.6260 0.9457 0.9457
vt 0.6299 0.9445 0.9445
vt 0.4858 0.9457 0.9457
vt 0.4900 0.9433 0.9433
vt 0.5054 0.9434 0.9434
vt 0.4922 0.9413 0.9413
vt 0.5034 0.9413 0.9413
vt 0.4937 0.9377 0.9377
vt 0.5024 0.9375 0.9375
vt 0.4937 0.6077 0.6077
vt 0.5024 0.6077 0.6077
vt 0.4927 0.6040 0.6040
vt 0.5044 0.6040 0.6040
vt 0.5068 0.6016 0.6016
vt 0.4902 0.6016 0.6016
vt 0.5112 0.6001 0.6001
vt 0.4856 0.5994 0.5994
vt 0.6387 0.5884 0.5884
vt 0.6260 0.6003 0.6003
vt 0.0302 0.5884 0.5884
vt 0.0439 0.5994 0.5994
vt 0.0397 0.6006 0.6006
vt 0.0273 0.5896 0.5896
vt 0.0248 0.5920 0.5920
vt 0.0371 0.6033 0.6033
vt 0.0227 0.5957 0.5957
vt 0.0353 0.6069 0.6069
vt 0.0353 0.9363 0.9363
vt 0.0227 0.9497 0.9497
vt 0.0359 0.9404 0.9404
vt 0.0248 0.9524 0.9524
vt 0.0381 0.9426 0.9426
vt 0.0273 0.9562 0.9562
vt 0.0301 0.9573 0.9573
vt 0.0418 0.9457 0.9457
vt 0.6411 0.9552 0.9552
vt 0.6431 0.9528 0.9528
vt 0.6328 0.9420 0.9420
vt 0.6450 0.9509 0.9509
vt 0.6353 0.9377 0.9377
vt 0.6353 0.6101 0.6101
vt 0.6450 0.5957 0.5957
vt 0.6318 0.6042 0.6042
vt 0.6431 0.5930 0.5930
vt 0.6411 0.5906 0.5906
vt 0.6299 0.6018 0.6018
vt 0.6201 0.9393 0.9393
vt 0.6235 0.9375 0.9375
vt 0.6211 0.9404 0.9404
vt 0.5171 0.9393 0.9393
vt 0.5132 0.9374 0.9374
vt 0.5122 0.9395 0.9395
vt 0.5161 0.9404 0.9404
vt 0.6216 0.9420 0.9420
vt 0.6250 0.9398 0.9398
vt 0.6260 0.9349 0.9349
vt 0.6279 0.9312 0.9312
vt 0.6284 0.9359 0.9359
vt 0.6255 0.9409 0.9409
vt 0.6294 0.9370 0.9370
vt 0.6299 0.9317 0.9317
vt 0.6299 0.6138 0.6138
vt 0.6279 0.6143 0.6143
vt 0.6270 0.6106 0.6106
vt 0.6289 0.6104 0.6104
vt 0.6318 0.6133 0.6133
vt 0.6318 0.9326 0.9326
vt 0.6309 0.9406 0.9406
vt 0.6284 0.9432 0.9432
vt 0.6245 0.9440 0.9440
vt 0.6338 0.9364 0.9364
vt 0.6338 0.6104 0.6104
vt 0.6299 0.6086 0.6086
vt 0.6255 0.6060 0.6060
vt 0.6240 0.6079 0.6079
vt 0.6206 0.6062 0.6062
vt 0.5176 0.6062 0.6062
vt 0.6216 0.6042 0.6042
vt 0.6265 0.6045 0.6045
vt 0.6313 0.6055 0.6055
vt 0.6289 0.6028 0.6028
vt 0.6221 0.6028 0.6028
vt 0.5171 0.6040 0.6040
vt 0.5156 0.6025 0.6025
vt 0.6250 0.6011 0.6011
vt 0.5117 0.6003 0.6003
vt 0.5112 0.6040 0.6040
vt 0.5127 0.6055 0.6055
vt 0.5137 0.6077 0.6077
vt 0.5112 0.6106 0.6106
vt 0.5088 0.6091 0.6091
vt 0.5073 0.6074 0.6074
vt 0.5073 0.6018 0.6018
vt 0.5049 0.6045 0.6045
vt 0.5054 0.6118 0.6118
vt 0.5034 0.6084 0.6084
vt 0.5034 0.9368 0.9368
vt 0.5054 0.9348 0.9348
vt 0.5068 0.9329 0.9329
vt 0.5068 0.6130 0.6130
vt 0.5093 0.6145 0.6145
vt 0.5093 0.9312 0.9312
vt 0.5107 0.9348 0.9348
vt 0.5083 0.9359 0.9359
vt 0.5063 0.9374 0.9374
vt 0.5044 0.9404 0.9404
vt 0.5068 0.9430 0.9430
vt 0.5103 0.9410 0.9410
vt 0.5107 0.9440 0.9440
vt 0.5151 0.9420 0.9420
vt 0.0438 0.9440 0.9440
vt 0.0394 0.9420 0.9420
vt 0.0477 0.9420 0.9420
vt 0.4841 0.9440 0.9440
vt 0.4883 0.9424 0.9424
vt 0.4846 0.9405 0.9405
vt 0.4797 0.9420 0.9420
vt 0.0490 0.9404 0.9404
vt 0.0430 0.9396 0.9396
vt 0.0369 0.9393 0.9393
vt 0.0363 0.9351 0.9351
vt 0.0393 0.9362 0.9362
vt 0.0449 0.9379 0.9379
vt 0.0412 0.9343 0.9343
vt 0.0380 0.9327 0.9327
vt 0.0380 0.6108 0.6108
vt 0.0363 0.6077 0.6077
vt 0.0377 0.6035 0.6035
vt 0.0398 0.6064 0.6064
vt 0.0400 0.6123 0.6123
vt 0.0400 0.9315 0.9315
vt 0.0433 0.9333 0.9333
vt 0.0459 0.9359 0.9359
vt 0.0495 0.9393 0.9393
vt 0.0505 0.9376 0.9376
vt 0.0472 0.9348 0.9348
vt 0.0446 0.9323 0.9323
vt 0.0421 0.9296 0.9296
vt 0.0421 0.6130 0.6130
vt 0.0419 0.6084 0.6084
vt 0.0436 0.6030 0.6030
vt 0.0403 0.6011 0.6011
vt 0.0444 0.6001 0.6001
vt 0.0483 0.6018 0.6018
vt 0.0457 0.6047 0.6047
vt 0.0439 0.6094 0.6094
vt 0.0437 0.6133 0.6133
vt 0.0437 0.9291 0.9291
vt 0.0502 0.9277 0.9277
vt 0.0534 0.9306 0.9306
vt 0.0575 0.9324 0.9324
vt 0.4705 0.9324 0.9324
vt 0.4768 0.9376 0.9376
vt 0.4778 0.9393 0.9393
vt 0.4805 0.9359 0.9359
vt 0.4746 0.9315 0.9315
vt 0.4688 0.9265 0.9265
vt 0.4646 0.9276 0.9276
vt 0.0644 0.9276 0.9276
vt 0.0601 0.9257 0.9257
vt 0.0566 0.9226 0.9226
vt 0.0490 0.9240 0.9240
vt 0.0490 0.6189 0.6189
vt 0.0450 0.6099 0.6099
vt 0.0465 0.6067 0.6067
vt 0.0474 0.6074 0.6074
vt 0.0508 0.6150 0.6150
vt 0.0554 0.6245 0.6245
vt 0.0554 0.9188 0.9188
vt 0.0607 0.9165 0.9165
vt 0.0656 0.9205 0.9205
vt 0.0728 0.9207 0.9207
vt 0.4590 0.9243 0.9243
vt 0.4631 0.9215 0.9215
vt 0.4666 0.9182 0.9182
vt 0.4722 0.9234 0.9234
vt 0.4775 0.9285 0.9285
vt 0.4739 0.9196 0.9196
vt 0.4683 0.9143 0.9143
vt 0.4590 0.9073 0.9073
vt 0.4565 0.9099 0.9099
vt 0.4524 0.9116 0.9116
vt 0.3665 0.9163 0.9163
vt 0.2649 0.9183 0.9183
vt 0.1635 0.9160 0.9160
vt 0.0776 0.9108 0.9108
vt 0.0732 0.9091 0.9091
vt 0.0707 0.9066 0.9066
vt 0.0622 0.9105 0.9105
vt 0.0624 0.7722 0.7722
vt 0.0638 0.8385 0.8385
vt 0.0690 0.9023 0.9023
vt 0.4609 0.9030 0.9030
vt 0.4651 0.8420 0.8420
vt 0.4673 0.7728 0.7728
vt 0.4683 0.6316 0.6316
vt 0.4653 0.7039 0.7039
vt 0.4614 0.6428 0.6428
vt 0.4595 0.6384 0.6384
vt 0.4673 0.6274 0.6274
vt 0.4570 0.6360 0.6360
vt 0.4739 0.6257 0.6257
vt 0.4727 0.6218 0.6218
vt 0.4639 0.6240 0.6240
vt 0.4597 0.6221 0.6221
vt 0.4529 0.6343 0.6343
vt 0.4695 0.6184 0.6184
vt 0.4783 0.6160 0.6160
vt 0.4795 0.6199 0.6199
vt 0.4795 0.9247 0.9247
vt 0.4829 0.9333 0.9333
vt 0.4846 0.9299 0.9299
vt 0.4846 0.6140 0.6140
vt 0.4834 0.6106 0.6106
vt 0.4753 0.6130 0.6130
vt 0.4656 0.6165 0.6165
vt 0.4712 0.6111 0.6111
vt 0.4810 0.6084 0.6084
vt 0.4849 0.6101 0.6101
vt 0.4861 0.6138 0.6138
vt 0.4861 0.9305 0.9305
vt 0.4841 0.9341 0.9341
vt 0.4814 0.9367 0.9367
vt 0.4783 0.9404 0.9404
vt 0.4824 0.9388 0.9388
vt 0.4866 0.9353 0.9353
vt 0.4883 0.9315 0.9315
vt 0.4883 0.6130 0.6130
vt 0.4871 0.6091 0.6091
vt 0.4822 0.6074 0.6074
vt 0.4773 0.6062 0.6062
vt 0.0581 0.6111 0.6111
vt 0.0648 0.6165 0.6165
vt 0.0606 0.6177 0.6177
vt 0.0539 0.6121 0.6121
vt 0.0510 0.6062 0.6062
vt 0.0501 0.6057 0.6057
vt 0.4785 0.6057 0.6057
vt 0.4832 0.6055 0.6055
vt 0.4893 0.6074 0.6074
vt 0.4905 0.6113 0.6113
vt 0.4905 0.9329 0.9329
vt 0.4885 0.9370 0.9370
vt 0.4910 0.9398 0.9398
vt 0.4927 0.9360 0.9360
vt 0.4927 0.6084 0.6084
vt 0.4917 0.6045 0.6045
vt 0.4851 0.6038 0.6038
vt 0.4790 0.6038 0.6038
vt 0.0498 0.6038 0.6038
vt 0.0572 0.6206 0.6206
vt 0.0682 0.6265 0.6265
vt 0.0638 0.6304 0.6304
vt 0.0652 0.7031 0.7031
vt 0.0695 0.6421 0.6421
vt 0.0713 0.6377 0.6377
vt 0.0781 0.6335 0.6335
vt 0.1639 0.6287 0.6287
vt 0.2654 0.6267 0.6267
vt 0.3669 0.6292 0.6292
vt 0.4802 0.6018 0.6018
vt 0.4888 0.6018 0.6018
vt 0.4846 0.6001 0.6001
vt 0.2040 0.6865 0.6865
vt 0.2649 0.6853 0.6853
vt 0.2649 0.6287 0.6287
vt 0.3259 0.6868 0.6868
vt 0.1648 0.6306 0.6306
vt 0.1525 0.6892 0.6892
vt 0.0804 0.6355 0.6355
vt 0.1498 0.6904 0.6904
vt 0.0760 0.6372 0.6372
vt 0.1482 0.6921 0.6921
vt 0.0732 0.6401 0.6401
vt 0.1475 0.6943 0.6943
vt 0.0715 0.6445 0.6445
vt 0.0674 0.7036 0.7036
vt 0.1445 0.7307 0.7307
vt 0.0652 0.7715 0.7715
vt 0.1432 0.7716 0.7716
vt 0.1444 0.8126 0.8126
vt 0.0672 0.8394 0.8394
vt 0.1467 0.8485 0.8485
vt 0.0710 0.8986 0.8986
vt 0.1478 0.8512 0.8512
vt 0.0729 0.9030 0.9030
vt 0.1495 0.8529 0.8529
vt 0.0756 0.9058 0.9058
vt 0.1521 0.8540 0.8540
vt 0.0799 0.9077 0.9077
vt 0.1643 0.9127 0.9127
vt 0.2036 0.8569 0.8569
vt 0.2644 0.9149 0.9149
vt 0.2646 0.8584 0.8584
vt 0.3257 0.8572 0.8572
vt 0.3647 0.9129 0.9129
vt 0.3772 0.8544 0.8544
vt 0.4492 0.9082 0.9082
vt 0.3796 0.8533 0.8533
vt 0.4536 0.9066 0.9066
vt 0.3813 0.8516 0.8516
vt 0.4563 0.9037 0.9037
vt 0.3826 0.8489 0.8489
vt 0.4580 0.8992 0.8992
vt 0.4622 0.8401 0.8401
vt 0.3850 0.8131 0.8131
vt 0.4646 0.7722 0.7722
vt 0.3865 0.7721 0.7721
vt 0.3843 0.7312 0.7312
vt 0.4624 0.7043 0.7043
vt 0.3823 0.6958 0.6958
vt 0.4585 0.6453 0.6453
vt 0.3816 0.6926 0.6926
vt 0.4568 0.6406 0.6406
vt 0.3799 0.6909 0.6909
vt 0.4541 0.6379 0.6379
vt 0.3774 0.6897 0.6897
vt 0.4497 0.6360 0.6360
vt 0.3652 0.6311 0.6311
vt 0.0873 0.2524 0.2524
vt 0.0798 0.2534 0.2534
vt 0.0875 0.2529 0.2529
vt 0.0948 0.2500 0.2500
vt 0.1016 0.2456 0.2456
vt 0.1075 0.2402 0.2402
vt 0.1080 0.2407 0.2407
vt 0.1020 0.2461 0.2461
vt 0.0952 0.2505 0.2505
vt 0.0876 0.2534 0.2534
vt 0.0798 0.2544 0.2544
vt 0.0720 0.2534 0.2534
vt 0.0720 0.2544 0.2544
vt 0.0799 0.2549 0.2549
vt 0.0800 0.2559 0.2559
vt 0.0880 0.2544 0.2544
vt 0.0956 0.2515 0.2515
vt 0.1025 0.2471 0.2471
vt 0.1086 0.2412 0.2412
vt 0.1130 0.2344 0.2344
vt 0.1124 0.2339 0.2339
vt 0.1120 0.2334 0.2334
vt 0.1155 0.2266 0.2266
vt 0.1161 0.2266 0.2266
vt 0.1180 0.2188 0.2188
vt 0.1191 0.2104 0.2104
vt 0.1186 0.2188 0.2188
vt 0.1191 0.2188 0.2188
vt 0.1167 0.2271 0.2271
vt 0.1136 0.2349 0.2349
vt 0.1176 0.2271 0.2271
vt 0.1201 0.2192 0.2192
vt 0.1202 0.2104 0.2104
vt 0.1196 0.2104 0.2104
vt 0.1187 0.2026 0.2026
vt 0.1169 0.1943 0.1943
vt 0.1193 0.2021 0.2021
vt 0.1199 0.2021 0.2021
vt 0.1212 0.2104 0.2104
vt 0.1230 0.2109 0.2109
vt 0.1219 0.2197 0.2197
vt 0.1191 0.2280 0.2280
vt 0.1152 0.2358 0.2358
vt 0.1250 0.2305 0.2305
vt 0.1279 0.2212 0.2212
vt 0.1293 0.2109 0.2109
vt 0.1288 0.2012 0.2012
vt 0.1226 0.2017 0.2017
vt 0.1208 0.2021 0.2021
vt 0.1180 0.1943 0.1943
vt 0.1175 0.1943 0.1943
vt 0.1140 0.1870 0.1870
vt 0.1097 0.1802 0.1802
vt 0.1144 0.1865 0.1865
vt 0.1150 0.1865 0.1865
vt 0.1190 0.1938 0.1938
vt 0.1207 0.1934 0.1934
vt 0.1267 0.1909 0.1909
vt 0.1338 0.1890 0.1890
vt 0.1362 0.1997 0.1997
vt 0.1367 0.2114 0.2114
vt 0.1353 0.2227 0.2227
vt 0.1433 0.2119 0.2119
vt 0.1427 0.1992 0.1992
vt 0.1400 0.1865 0.1865
vt 0.1354 0.1748 0.1748
vt 0.1295 0.1782 0.1782
vt 0.1230 0.1821 0.1821
vt 0.1174 0.1851 0.1851
vt 0.1158 0.1860 0.1860
vt 0.1106 0.1797 0.1797
vt 0.1100 0.1802 0.1802
vt 0.1042 0.1743 0.1743
vt 0.0981 0.1694 0.1694
vt 0.1047 0.1738 0.1738
vt 0.1050 0.1733 0.1733
vt 0.1113 0.1787 0.1787
vt 0.1128 0.1777 0.1777
vt 0.1177 0.1733 0.1733
vt 0.1236 0.1685 0.1685
vt 0.1287 0.1646 0.1646
vt 0.1202 0.1553 0.1553
vt 0.1160 0.1602 0.1602
vt 0.1111 0.1660 0.1660
vt 0.1069 0.1714 0.1714
vt 0.1057 0.1729 0.1729
vt 0.0987 0.1685 0.1685
vt 0.0984 0.1689 0.1689
vt 0.0911 0.1660 0.1660
vt 0.0836 0.1641 0.1641
vt 0.0912 0.1655 0.1655
vt 0.0915 0.1650 0.1650
vt 0.0992 0.1680 0.1680
vt 0.1001 0.1660 0.1660
vt 0.1033 0.1602 0.1602
vt 0.1072 0.1538 0.1538
vt 0.1105 0.1479 0.1479
vt 0.0995 0.1421 0.1421
vt 0.0973 0.1484 0.1484
vt 0.0947 0.1563 0.1563
vt 0.0925 0.1621 0.1621
vt 0.0918 0.1641 0.1641
vt 0.0837 0.1626 0.1626
vt 0.0837 0.1636 0.1636
vt 0.0759 0.1631 0.1631
vt 0.0682 0.1641 0.1641
vt 0.0759 0.1626 0.1626
vt 0.0759 0.1621 0.1621
vt 0.0840 0.1616 0.1616
vt 0.0843 0.1597 0.1597
vt 0.0854 0.1533 0.1533
vt 0.0868 0.1455 0.1455
vt 0.0880 0.1387 0.1387
vt 0.0759 0.1377 0.1377
vt 0.0759 0.1445 0.1445
vt 0.0759 0.1523 0.1523
vt 0.0759 0.1592 0.1592
vt 0.0759 0.1611 0.1611
vt 0.0680 0.1626 0.1626
vt 0.0681 0.1636 0.1636
vt 0.0607 0.1660 0.1660
vt 0.0537 0.1694 0.1694
vt 0.0605 0.1655 0.1655
vt 0.0603 0.1650 0.1650
vt 0.0677 0.1616 0.1616
vt 0.0674 0.1597 0.1597
vt 0.0663 0.1533 0.1533
vt 0.0649 0.1455 0.1455
vt 0.0638 0.1387 0.1387
vt 0.0522 0.1421 0.1421
vt 0.0545 0.1484 0.1484
vt 0.0571 0.1563 0.1563
vt 0.0593 0.1621 0.1621
vt 0.0600 0.1641 0.1641
vt 0.0531 0.1685 0.1685
vt 0.0535 0.1689 0.1689
vt 0.0475 0.1743 0.1743
vt 0.0421 0.1802 0.1802
vt 0.0471 0.1738 0.1738
vt 0.0467 0.1733 0.1733
vt 0.0527 0.1680 0.1680
vt 0.0517 0.1660 0.1660
vt 0.0485 0.1602 0.1602
vt 0.0446 0.1538 0.1538
vt 0.0413 0.1479 0.1479
vt 0.0315 0.1553 0.1553
vt 0.0358 0.1602 0.1602
vt 0.0407 0.1660 0.1660
vt 0.0449 0.1714 0.1714
vt 0.0461 0.1729 0.1729
vt 0.0412 0.1797 0.1797
vt 0.0417 0.1802 0.1802
vt 0.0378 0.1870 0.1870
vt 0.0348 0.1943 0.1943
vt 0.0374 0.1865 0.1865
vt 0.0368 0.1865 0.1865
vt 0.0405 0.1787 0.1787
vt 0.0391 0.1777 0.1777
vt 0.0341 0.1733 0.1733
vt 0.0282 0.1685 0.1685
vt 0.0231 0.1646 0.1646
vt 0.0164 0.1748 0.1748
vt 0.0222 0.1782 0.1782
vt 0.0288 0.1821 0.1821
vt 0.0344 0.1851 0.1851
vt 0.0360 0.1860 0.1860
vt 0.0337 0.1943 0.1943
vt 0.0343 0.1943 0.1943
vt 0.0331 0.2026 0.2026
vt 0.0327 0.2104 0.2104
vt 0.0325 0.2021 0.2021
vt 0.0319 0.2021 0.2021
vt 0.0328 0.1938 0.1938
vt 0.0311 0.1934 0.1934
vt 0.0250 0.1909 0.1909
vt 0.0179 0.1890 0.1890
vt 0.0117 0.1865 0.1865
vt 0.0090 0.1992 0.1992
vt 0.0155 0.1997 0.1997
vt 0.0229 0.2012 0.2012
vt 0.0292 0.2017 0.2017
vt 0.0310 0.2021 0.2021
vt 0.0315 0.2104 0.2104
vt 0.0322 0.2104 0.2104
vt 0.0338 0.2188 0.2188
vt 0.0362 0.2266 0.2266
vt 0.0332 0.2188 0.2188
vt 0.0326 0.2188 0.2188
vt 0.0306 0.2104 0.2104
vt 0.0288 0.2109 0.2109
vt 0.0225 0.2109 0.2109
vt 0.0150 0.2114 0.2114
vt 0.0084 0.2119 0.2119
vt 0.0101 0.2241 0.2241
vt 0.0165 0.2227 0.2227
vt 0.0238 0.2212 0.2212
vt 0.0299 0.2197 0.2197
vt 0.0317 0.2192 0.2192
vt 0.0351 0.2271 0.2271
vt 0.0357 0.2266 0.2266
vt 0.0398 0.2334 0.2334
vt 0.0447 0.2397 0.2397
vt 0.0394 0.2339 0.2339
vt 0.0388 0.2344 0.2344
vt 0.0342 0.2271 0.2271
vt 0.0326 0.2280 0.2280
vt 0.0267 0.2305 0.2305
vt 0.0198 0.2339 0.2339
vt 0.0138 0.2363 0.2363
vt 0.0195 0.2476 0.2476
vt 0.0250 0.2437 0.2437
vt 0.0313 0.2393 0.2393
vt 0.0366 0.2358 0.2358
vt 0.0381 0.2349 0.2349
vt 0.0438 0.2407 0.2407
vt 0.0443 0.2402 0.2402
vt 0.0505 0.2451 0.2451
vt 0.0572 0.2495 0.2495
vt 0.0502 0.2456 0.2456
vt 0.0498 0.2461 0.2461
vt 0.0431 0.2412 0.2412
vt 0.0418 0.2427 0.2427
vt 0.0373 0.2471 0.2471
vt 0.0318 0.2524 0.2524
vt 0.0271 0.2573 0.2573
vt 0.0362 0.2656 0.2656
vt 0.0401 0.2603 0.2603
vt 0.0445 0.2539 0.2539
vt 0.0482 0.2485 0.2485
vt 0.0493 0.2471 0.2471
vt 0.0566 0.2505 0.2505
vt 0.0569 0.2500 0.2500
vt 0.0644 0.2524 0.2524
vt 0.0643 0.2529 0.2529
vt 0.0641 0.2534 0.2534
vt 0.0562 0.2515 0.2515
vt 0.0555 0.2529 0.2529
vt 0.0527 0.2593 0.2593
vt 0.0495 0.2661 0.2661
vt 0.0466 0.2725 0.2725
vt 0.0579 0.2769 0.2769
vt 0.0597 0.2700 0.2700
vt 0.0617 0.2627 0.2627
vt 0.0634 0.2563 0.2563
vt 0.0638 0.2544 0.2544
vt 0.0719 0.2549 0.2549
vt 0.0699 0.2788 0.2788
vt 0.0704 0.2720 0.2720
vt 0.0710 0.2642 0.2642
vt 0.0717 0.2578 0.2578
vt 0.0718 0.2559 0.2559
vt 0.0801 0.2578 0.2578
vt 0.0807 0.2642 0.2642
vt 0.0814 0.2720 0.2720
vt 0.0820 0.2788 0.2788
vt 0.0939 0.2769 0.2769
vt 0.0920 0.2700 0.2700
vt 0.0901 0.2627 0.2627
vt 0.0884 0.2563 0.2563
vt 0.0964 0.2529 0.2529
vt 0.0991 0.2593 0.2593
vt 0.1024 0.2661 0.2661
vt 0.1052 0.2725 0.2725
vt 0.1155 0.2656 0.2656
vt 0.1117 0.2603 0.2603
vt 0.1073 0.2539 0.2539
vt 0.1036 0.2485 0.2485
vt 0.1100 0.2427 0.2427
vt 0.1146 0.2471 0.2471
vt 0.1200 0.2524 0.2524
vt 0.1247 0.2573 0.2573
vt 0.1322 0.2476 0.2476
vt 0.1267 0.2437 0.2437
vt 0.1205 0.2393 0.2393
vt 0.1320 0.2339 0.2339
vt 0.1379 0.2363 0.2363
vt 0.1416 0.2241 0.2241
vt 0.2306 0.0835 0.0835
vt 0.8086 0.0835 0.0835
vt 0.2747 0.1201 0.1201
vt 0.2284 0.0845 0.0845
vt 0.2729 0.1216 0.1216
vt 0.2273 0.0859 0.0859
vt 0.2720 0.1230 0.1230
vt 0.2263 0.0894 0.0894
vt 0.2747 0.1221 0.1221
vt 0.2761 0.1206 0.1206
vt 0.2791 0.1211 0.1211
vt 0.7568 0.1216 0.1216
vt 0.2810 0.1216 0.1216
vt 0.2781 0.1230 0.1230
vt 0.2739 0.1240 0.1240
vt 0.2712 0.1265 0.1265
vt 0.2700 0.1660 0.1660
vt 0.2263 0.1597 0.1597
vt 0.2727 0.1665 0.1665
vt 0.2734 0.1274 0.1274
vt 0.2776 0.1250 0.1250
vt 0.2808 0.1235 0.1235
vt 0.7573 0.1235 0.1235
vt 0.2808 0.1255 0.1255
vt 0.2773 0.1279 0.1279
vt 0.2773 0.1670 0.1670
vt 0.2732 0.1699 0.1699
vt 0.2708 0.1694 0.1694
vt 0.2722 0.1743 0.1743
vt 0.2739 0.1772 0.1772
vt 0.2744 0.1738 0.1738
vt 0.2776 0.1704 0.1704
vt 0.2808 0.1675 0.1675
vt 0.2805 0.1284 0.1284
vt 0.7573 0.1255 0.1255
vt 0.7573 0.1284 0.1284
vt 0.7573 0.1675 0.1675
vt 0.2810 0.1704 0.1704
vt 0.2786 0.1733 0.1733
vt 0.2756 0.1763 0.1763
vt 0.2793 0.1758 0.1758
vt 0.2815 0.1729 0.1729
vt 0.7568 0.1704 0.1704
vt 0.7607 0.1670 0.1670
vt 0.7607 0.1279 0.1279
vt 0.7603 0.1250 0.1250
vt 0.7598 0.1230 0.1230
vt 0.7632 0.1221 0.1221
vt 0.7642 0.1240 0.1240
vt 0.7646 0.1274 0.1274
vt 0.7651 0.1665 0.1665
vt 0.7603 0.1704 0.1704
vt 0.7563 0.1729 0.1729
vt 0.2825 0.1753 0.1753
vt 0.3748 0.2202 0.2202
vt 0.3718 0.2222 0.2222
vt 0.3691 0.2256 0.2256
vt 0.3716 0.2290 0.2290
vt 0.3740 0.2256 0.2256
vt 0.3767 0.2241 0.2241
vt 0.6675 0.2202 0.2202
vt 0.7559 0.1753 0.1753
vt 0.7598 0.1733 0.1733
vt 0.7646 0.1699 0.1699
vt 0.7681 0.1660 0.1660
vt 0.7671 0.1265 0.1265
vt 0.7661 0.1230 0.1230
vt 0.7651 0.1216 0.1216
vt 0.8105 0.0845 0.0845
vt 0.8115 0.0859 0.0859
vt 0.8125 0.0889 0.0889
vt 0.8125 0.1597 0.1597
vt 0.7676 0.1694 0.1694
vt 0.7637 0.1738 0.1738
vt 0.7588 0.1758 0.1758
vt 0.6704 0.2222 0.2222
vt 0.6655 0.2241 0.2241
vt 0.3782 0.2275 0.2275
vt 0.3760 0.2285 0.2285
vt 0.3740 0.2314 0.2314
vt 0.3772 0.2349 0.2349
vt 0.3782 0.2334 0.2334
vt 0.3794 0.2329 0.2329
vt 0.6646 0.2275 0.2275
vt 0.6685 0.2256 0.2256
vt 0.6733 0.2256 0.2256
vt 0.7627 0.1763 0.1763
vt 0.7661 0.1743 0.1743
vt 0.7642 0.1772 0.1772
vt 0.8125 0.5442 0.5442
vt 0.6743 0.2295 0.2295
vt 0.6709 0.2290 0.2290
vt 0.6665 0.2285 0.2285
vt 0.6631 0.2329 0.2329
vt 0.6641 0.2334 0.2334
vt 0.6685 0.2314 0.2314
vt 0.6719 0.2324 0.2324
vt 0.6748 0.4038 0.4038
vt 0.6733 0.4077 0.4077
vt 0.8115 0.5483 0.5483
vt 0.6719 0.4019 0.4019
vt 0.6694 0.2344 0.2344
vt 0.6650 0.2349 0.2349
vt 0.6655 0.2363 0.2363
vt 0.6694 0.4009 0.4009
vt 0.6709 0.4058 0.4058
vt 0.6709 0.4116 0.4116
vt 0.8086 0.5520 0.5520
vt 0.8047 0.5532 0.5532
vt 0.6680 0.4136 0.4136
vt 0.6685 0.4092 0.4092
vt 0.6685 0.4038 0.4038
vt 0.6660 0.3994 0.3994
vt 0.6655 0.4009 0.4009
vt 0.6665 0.4063 0.4063
vt 0.6655 0.4106 0.4106
vt 0.3745 0.4136 0.4136
vt 0.2391 0.5530 0.5530
vt 0.2292 0.5525 0.5525
vt 0.3716 0.4116 0.4116
vt 0.3767 0.4106 0.4106
vt 0.6646 0.4077 0.4077
vt 0.6641 0.4019 0.4019
vt 0.6631 0.4023 0.4023
vt 0.3782 0.4077 0.4077
vt 0.3738 0.4092 0.4092
vt 0.3689 0.4077 0.4077
vt 0.2277 0.5483 0.5483
vt 0.3677 0.4038 0.4038
vt 0.3716 0.4058 0.4058
vt 0.3757 0.4063 0.4063
vt 0.3794 0.4028 0.4028
vt 0.3782 0.4019 0.4019
vt 0.3765 0.3994 0.3994
vt 0.3767 0.2363 0.2363
vt 0.3730 0.2344 0.2344
vt 0.3728 0.4009 0.4009
vt 0.3770 0.4009 0.4009
vt 0.3738 0.4038 0.4038
vt 0.3704 0.4019 0.4019
vt 0.3704 0.2324 0.2324
vt 0.3679 0.2295 0.2295
vt 0.2263 0.5442 0.5442
vt 0.7637 0.1201 0.1201
vt 0.7622 0.1206 0.1206
vt 0.7593 0.1211 0.1211
vt 0.0316 0.5186 0.5186
vt 0.0118 0.5186 0.5186
vt 0.0182 0.5107 0.5107
vt 0.0069 0.5139 0.5139
vt 0.0252 0.5107 0.5107
vt 0.0365 0.5139 0.5139
vt 0.0263 0.5093 0.5093
vt 0.0365 0.4668 0.4668
vt 0.0263 0.4717 0.4717
vt 0.0316 0.4624 0.4624
vt 0.0252 0.4702 0.4702
vt 0.0118 0.4624 0.4624
vt 0.0181 0.4702 0.4702
vt 0.0069 0.4668 0.4668
vt 0.0170 0.4717 0.4717
vt 0.0170 0.5093 0.5093
vt 0.0246 0.5085 0.5085
vt 0.0246 0.4722 0.4722
vt 0.0187 0.5085 0.5085
vt 0.0187 0.4722 0.4722
vt 0.0624 0.5183 0.5183
vt 0.0425 0.5183 0.5183
vt 0.0489 0.5105 0.5105
vt 0.0377 0.5137 0.5137
vt 0.0560 0.5105 0.5105
vt 0.0673 0.5137 0.5137
vt 0.0571 0.5090 0.5090
vt 0.0673 0.4668 0.4668
vt 0.0571 0.4717 0.4717
vt 0.0624 0.4619 0.4619
vt 0.0560 0.4697 0.4697
vt 0.0425 0.4619 0.4619
vt 0.0489 0.4697 0.4697
vt 0.0377 0.4668 0.4668
vt 0.0478 0.4717 0.4717
vt 0.0478 0.5090 0.5090
vt 0.0554 0.5083 0.5083
vt 0.0554 0.4722 0.4722
vt 0.0495 0.5083 0.5083
vt 0.0495 0.4722 0.4722
vt 0.0318 0.4517 0.4517
vt 0.0323 0.4497 0.4497
vt 0.0386 0.4517 0.4517
vt 0.0384 0.4536 0.4536
vt 0.0452 0.4521 0.4521
vt 0.0452 0.4546 0.4546
vt 0.0517 0.4517 0.4517
vt 0.0452 0.4565 0.4565
vt 0.0382 0.4556 0.4556
vt 0.0315 0.4536 0.4536
vt 0.0257 0.4482 0.4482
vt 0.0264 0.4463 0.4463
vt 0.0201 0.4438 0.4438
vt 0.0252 0.4497 0.4497
vt 0.0196 0.4453 0.4453
vt 0.0154 0.4380 0.4380
vt 0.0211 0.4419 0.4419
vt 0.0165 0.4365 0.4365
vt 0.0117 0.4312 0.4312
vt 0.0148 0.4395 0.4395
vt 0.0109 0.4326 0.4326
vt 0.0090 0.4238 0.4238
vt 0.0129 0.4302 0.4302
vt 0.0102 0.4229 0.4229
vt 0.0074 0.4160 0.4160
vt 0.0082 0.4253 0.4253
vt 0.0066 0.4170 0.4170
vt 0.0071 0.3223 0.3223
vt 0.0087 0.4155 0.4155
vt 0.0084 0.3228 0.3228
vt 0.0081 0.3145 0.3145
vt 0.0063 0.3213 0.3213
vt 0.0073 0.3135 0.3135
vt 0.0102 0.3066 0.3066
vt 0.0094 0.3149 0.3149
vt 0.0114 0.3076 0.3076
vt 0.0134 0.2998 0.2998
vt 0.0094 0.3057 0.3057
vt 0.0127 0.2983 0.2983
vt 0.0177 0.2935 0.2935
vt 0.0146 0.3013 0.3013
vt 0.0187 0.2954 0.2954
vt 0.0228 0.2886 0.2886
vt 0.0171 0.2920 0.2920
vt 0.0223 0.2866 0.2866
vt 0.0287 0.2842 0.2842
vt 0.0236 0.2900 0.2900
vt 0.0293 0.2861 0.2861
vt 0.0351 0.2817 0.2817
vt 0.0283 0.2827 0.2827
vt 0.0348 0.2798 0.2798
vt 0.0418 0.2803 0.2803
vt 0.0354 0.2837 0.2837
vt 0.0419 0.2822 0.2822
vt 0.0486 0.2803 0.2803
vt 0.0417 0.2783 0.2783
vt 0.0487 0.2783 0.2783
vt 0.0553 0.2817 0.2817
vt 0.0485 0.2822 0.2822
vt 0.0549 0.2837 0.2837
vt 0.0617 0.2842 0.2842
vt 0.0555 0.2798 0.2798
vt 0.0621 0.2827 0.2827
vt 0.0676 0.2886 0.2886
vt 0.0611 0.2861 0.2861
vt 0.0667 0.2900 0.2900
vt 0.0727 0.2935 0.2935
vt 0.0681 0.2866 0.2866
vt 0.0732 0.2920 0.2920
vt 0.0770 0.2998 0.2998
vt 0.0717 0.2954 0.2954
vt 0.0757 0.3013 0.3013
vt 0.0801 0.3066 0.3066
vt 0.0777 0.2983 0.2983
vt 0.0810 0.3057 0.3057
vt 0.0823 0.3145 0.3145
vt 0.0790 0.3076 0.3076
vt 0.0810 0.3149 0.3149
vt 0.0832 0.3223 0.3223
vt 0.0831 0.3135 0.3135
vt 0.0840 0.3213 0.3213
vt 0.0829 0.4160 0.4160
vt 0.0818 0.3228 0.3228
vt 0.0815 0.4155 0.4155
vt 0.0814 0.4238 0.4238
vt 0.0837 0.4170 0.4170
vt 0.0822 0.4253 0.4253
vt 0.0787 0.4312 0.4312
vt 0.0801 0.4229 0.4229
vt 0.0775 0.4302 0.4302
vt 0.0750 0.4380 0.4380
vt 0.0793 0.4326 0.4326
vt 0.0756 0.4395 0.4395
vt 0.0702 0.4438 0.4438
vt 0.0739 0.4365 0.4365
vt 0.0693 0.4419 0.4419
vt 0.0647 0.4482 0.4482
vt 0.0707 0.4453 0.4453
vt 0.0651 0.4497 0.4497
vt 0.0586 0.4517 0.4517
vt 0.0640 0.4463 0.4463
vt 0.0581 0.4497 0.4497
vt 0.0520 0.4536 0.4536
vt 0.0589 0.4536 0.4536
vt 0.0521 0.4556 0.4556
vt 0.0452 0.4502 0.4502
vt 0.0389 0.4497 0.4497
vt 0.0329 0.4478 0.4478
vt 0.0514 0.4497 0.4497
vt 0.0575 0.4478 0.4478
vt 0.0630 0.4448 0.4448
vt 0.0682 0.4404 0.4404
vt 0.0724 0.4351 0.4351
vt 0.0760 0.4287 0.4287
vt 0.0785 0.4224 0.4224
vt 0.0799 0.4150 0.4150
vt 0.0801 0.3228 0.3228
vt 0.0793 0.3154 0.3154
vt 0.0774 0.3086 0.3086
vt 0.0743 0.3022 0.3022
vt 0.0705 0.2969 0.2969
vt 0.0657 0.2920 0.2920
vt 0.0603 0.2881 0.2881
vt 0.0545 0.2856 0.2856
vt 0.0483 0.2842 0.2842
vt 0.0421 0.2842 0.2842
vt 0.0359 0.2856 0.2856
vt 0.0300 0.2881 0.2881
vt 0.0246 0.2920 0.2920
vt 0.0199 0.2969 0.2969
vt 0.0160 0.3022 0.3022
vt 0.0130 0.3086 0.3086
vt 0.0111 0.3154 0.3154
vt 0.0102 0.3228 0.3228
vt 0.0105 0.4150 0.4150
vt 0.0119 0.4224 0.4224
vt 0.0144 0.4287 0.4287
vt 0.0178 0.4351 0.4351
vt 0.0222 0.4404 0.4404
vt 0.0273 0.4448 0.4448
vt 0.0538 0.1694 0.1694
vt 0.0612 0.1675 0.1675
vt 0.0685 0.1655 0.1655
vt 0.0759 0.1646 0.1646
vt 0.0834 0.1655 0.1655
vt 0.0832 0.1665 0.1665
vt 0.0759 0.1660 0.1660
vt 0.0685 0.1665 0.1665
vt 0.0616 0.1685 0.1685
vt 0.0545 0.1709 0.1709
vt 0.0485 0.1758 0.1758
vt 0.0550 0.1719 0.1719
vt 0.0558 0.1733 0.1733
vt 0.0621 0.1699 0.1699
vt 0.0688 0.1680 0.1680
vt 0.0759 0.1675 0.1675
vt 0.0829 0.1680 0.1680
vt 0.0901 0.1685 0.1685
vt 0.0906 0.1675 0.1675
vt 0.0980 0.1694 0.1694
vt 0.0973 0.1709 0.1709
vt 0.0967 0.1719 0.1719
vt 0.0897 0.1699 0.1699
vt 0.0501 0.1777 0.1777
vt 0.0491 0.1763 0.1763
vt 0.0452 0.1826 0.1826
vt 0.0564 0.1743 0.1743
vt 0.0625 0.1714 0.1714
vt 0.0691 0.1694 0.1694
vt 0.0759 0.1685 0.1685
vt 0.0826 0.1694 0.1694
vt 0.0893 0.1714 0.1714
vt 0.0954 0.1743 0.1743
vt 0.0959 0.1733 0.1733
vt 0.1017 0.1777 0.1777
vt 0.1009 0.1782 0.1782
vt 0.1056 0.1836 0.1836
vt 0.1066 0.1826 0.1826
vt 0.1027 0.1763 0.1763
vt 0.1033 0.1758 0.1758
vt 0.1077 0.1821 0.1821
vt 0.1105 0.1890 0.1890
vt 0.1094 0.1895 0.1895
vt 0.1121 0.1963 0.1963
vt 0.1132 0.1958 0.1958
vt 0.1118 0.1885 0.1885
vt 0.1085 0.1812 0.1812
vt 0.1139 0.1870 0.1870
vt 0.1125 0.1880 0.1880
vt 0.1146 0.1953 0.1953
vt 0.1147 0.2031 0.2031
vt 0.1136 0.2031 0.2031
vt 0.1139 0.2104 0.2104
vt 0.1151 0.2104 0.2104
vt 0.1161 0.2026 0.2026
vt 0.1155 0.1948 0.1948
vt 0.1172 0.2026 0.2026
vt 0.1166 0.2104 0.2104
vt 0.1142 0.2178 0.2178
vt 0.1130 0.2173 0.2173
vt 0.1108 0.2241 0.2241
vt 0.1120 0.2246 0.2246
vt 0.1155 0.2183 0.2183
vt 0.1176 0.2104 0.2104
vt 0.1190 0.2104 0.2104
vt 0.1166 0.2183 0.2183
vt 0.1133 0.2251 0.2251
vt 0.1086 0.2310 0.2310
vt 0.1075 0.2305 0.2305
vt 0.1034 0.2358 0.2358
vt 0.1042 0.2368 0.2368
vt 0.1099 0.2319 0.2319
vt 0.1143 0.2256 0.2256
vt 0.1119 0.2334 0.2334
vt 0.1107 0.2324 0.2324
vt 0.1053 0.2383 0.2383
vt 0.0990 0.2417 0.2417
vt 0.0983 0.2407 0.2407
vt 0.0923 0.2446 0.2446
vt 0.0929 0.2456 0.2456
vt 0.0998 0.2432 0.2432
vt 0.1060 0.2388 0.2388
vt 0.1003 0.2441 0.2441
vt 0.0936 0.2471 0.2471
vt 0.0862 0.2480 0.2480
vt 0.0860 0.2471 0.2471
vt 0.0793 0.2480 0.2480
vt 0.0793 0.2495 0.2495
vt 0.0867 0.2495 0.2495
vt 0.0940 0.2480 0.2480
vt 0.0945 0.2495 0.2495
vt 0.0873 0.2520 0.2520
vt 0.0870 0.2505 0.2505
vt 0.0796 0.2510 0.2510
vt 0.0724 0.2495 0.2495
vt 0.0724 0.2480 0.2480
vt 0.0658 0.2471 0.2471
vt 0.0655 0.2480 0.2480
vt 0.0723 0.2510 0.2510
vt 0.0796 0.2520 0.2520
vt 0.0721 0.2520 0.2520
vt 0.0651 0.2495 0.2495
vt 0.0589 0.2456 0.2456
vt 0.0594 0.2446 0.2446
vt 0.0536 0.2407 0.2407
vt 0.0528 0.2417 0.2417
vt 0.0582 0.2471 0.2471
vt 0.0648 0.2505 0.2505
vt 0.0644 0.2520 0.2520
vt 0.0578 0.2480 0.2480
vt 0.0520 0.2432 0.2432
vt 0.0475 0.2368 0.2368
vt 0.0484 0.2358 0.2358
vt 0.0442 0.2305 0.2305
vt 0.0432 0.2310 0.2310
vt 0.0465 0.2383 0.2383
vt 0.0514 0.2441 0.2441
vt 0.0458 0.2388 0.2388
vt 0.0419 0.2319 0.2319
vt 0.0398 0.2246 0.2246
vt 0.0409 0.2241 0.2241
vt 0.0388 0.2173 0.2173
vt 0.0376 0.2178 0.2178
vt 0.0385 0.2251 0.2251
vt 0.0411 0.2324 0.2324
vt 0.0399 0.2334 0.2334
vt 0.0376 0.2256 0.2256
vt 0.0362 0.2183 0.2183
vt 0.0367 0.2104 0.2104
vt 0.0379 0.2104 0.2104
vt 0.0382 0.2031 0.2031
vt 0.0370 0.2031 0.2031
vt 0.0352 0.2104 0.2104
vt 0.0352 0.2183 0.2183
vt 0.0328 0.2104 0.2104
vt 0.0342 0.2104 0.2104
vt 0.0356 0.2026 0.2026
vt 0.0386 0.1958 0.1958
vt 0.0397 0.1963 0.1963
vt 0.0424 0.1895 0.1895
vt 0.0413 0.1890 0.1890
vt 0.0372 0.1953 0.1953
vt 0.0346 0.2026 0.2026
vt 0.0362 0.1948 0.1948
vt 0.0401 0.1885 0.1885
vt 0.0462 0.1836 0.1836
vt 0.0509 0.1782 0.1782
vt 0.0441 0.1821 0.1821
vt 0.0392 0.1880 0.1880
vt 0.0379 0.1870 0.1870
vt 0.0422 0.1802 0.1802
vt 0.0433 0.1812 0.1812
vt 0.0699 0.1743 0.1743
vt 0.0759 0.1738 0.1738
vt 0.0818 0.1743 0.1743
vt 0.0812 0.1777 0.1777
vt 0.0759 0.1772 0.1772
vt 0.0706 0.1777 0.1777
vt 0.0643 0.1763 0.1763
vt 0.0590 0.1787 0.1787
vt 0.0655 0.1792 0.1792
vt 0.0712 0.1812 0.1812
vt 0.0759 0.1807 0.1807
vt 0.0806 0.1812 0.1812
vt 0.0851 0.1826 0.1826
vt 0.0862 0.1792 0.1792
vt 0.0875 0.1763 0.1763
vt 0.0928 0.1787 0.1787
vt 0.0911 0.1816 0.1816
vt 0.0894 0.1846 0.1846
vt 0.0883 0.1870 0.1870
vt 0.0844 0.1851 0.1851
vt 0.0801 0.1836 0.1836
vt 0.0759 0.1831 0.1831
vt 0.0716 0.1836 0.1836
vt 0.0666 0.1826 0.1826
vt 0.0607 0.1816 0.1816
vt 0.0542 0.1826 0.1826
vt 0.0501 0.1870 0.1870
vt 0.0564 0.1851 0.1851
vt 0.0624 0.1846 0.1846
vt 0.0674 0.1851 0.1851
vt 0.0948 0.1929 0.1929
vt 0.0918 0.1895 0.1895
vt 0.0933 0.1875 0.1875
vt 0.0954 0.1851 0.1851
vt 0.0965 0.1914 0.1914
vt 0.0991 0.1890 0.1890
vt 0.0976 0.1826 0.1826
vt 0.1017 0.1870 0.1870
vt 0.1021 0.1938 0.1938
vt 0.1050 0.1924 0.1924
vt 0.1073 0.1978 0.1978
vt 0.1042 0.1987 0.1987
vt 0.1010 0.1997 0.1997
vt 0.0991 0.1953 0.1953
vt 0.0970 0.1968 0.1968
vt 0.0988 0.2007 0.2007
vt 0.0998 0.2051 0.2051
vt 0.1020 0.2051 0.2051
vt 0.1053 0.2041 0.2041
vt 0.1086 0.2036 0.2036
vt 0.1089 0.2100 0.2100
vt 0.1056 0.2100 0.2100
vt 0.1023 0.2100 0.2100
vt 0.1000 0.2095 0.2095
vt 0.0933 0.2261 0.2261
vt 0.0981 0.2183 0.2183
vt 0.0994 0.2144 0.2144
vt 0.1016 0.2148 0.2148
vt 0.1049 0.2153 0.2153
vt 0.1002 0.2192 0.2192
vt 0.0959 0.2227 0.2227
vt 0.0978 0.2236 0.2236
vt 0.1031 0.2207 0.2207
vt 0.1081 0.2163 0.2163
vt 0.1063 0.2222 0.2222
vt 0.1006 0.2256 0.2256
vt 0.0950 0.2275 0.2275
vt 0.0974 0.2300 0.2300
vt 0.1035 0.2275 0.2275
vt 0.0998 0.2324 0.2324
vt 0.0934 0.2339 0.2339
vt 0.0914 0.2310 0.2310
vt 0.0901 0.2290 0.2290
vt 0.0864 0.2314 0.2314
vt 0.0873 0.2334 0.2334
vt 0.0887 0.2363 0.2363
vt 0.0953 0.2363 0.2363
vt 0.0901 0.2397 0.2397
vt 0.0837 0.2388 0.2388
vt 0.0847 0.2422 0.2422
vt 0.0789 0.2432 0.2432
vt 0.0786 0.2397 0.2397
vt 0.0782 0.2358 0.2358
vt 0.0829 0.2354 0.2354
vt 0.0823 0.2329 0.2329
vt 0.0781 0.2339 0.2339
vt 0.0737 0.2339 0.2339
vt 0.0735 0.2358 0.2358
vt 0.0732 0.2397 0.2397
vt 0.0729 0.2432 0.2432
vt 0.0671 0.2422 0.2422
vt 0.0680 0.2388 0.2388
vt 0.0688 0.2354 0.2354
vt 0.0695 0.2329 0.2329
vt 0.0617 0.2290 0.2290
vt 0.0654 0.2314 0.2314
vt 0.0645 0.2334 0.2334
vt 0.0630 0.2363 0.2363
vt 0.0604 0.2310 0.2310
vt 0.0584 0.2339 0.2339
vt 0.0616 0.2397 0.2397
vt 0.0565 0.2363 0.2363
vt 0.0544 0.2300 0.2300
vt 0.0568 0.2275 0.2275
vt 0.0585 0.2261 0.2261
vt 0.0558 0.2227 0.2227
vt 0.0539 0.2236 0.2236
vt 0.0511 0.2256 0.2256
vt 0.0520 0.2324 0.2324
vt 0.0483 0.2275 0.2275
vt 0.0486 0.2207 0.2207
vt 0.0455 0.2222 0.2222
vt 0.0437 0.2163 0.2163
vt 0.0469 0.2153 0.2153
vt 0.0502 0.2148 0.2148
vt 0.0516 0.2192 0.2192
vt 0.0537 0.2183 0.2183
vt 0.0524 0.2144 0.2144
vt 0.0547 0.1968 0.1968
vt 0.0600 0.1895 0.1895
vt 0.0635 0.1870 0.1870
vt 0.0585 0.1875 0.1875
vt 0.0527 0.1890 0.1890
vt 0.0553 0.1914 0.1914
vt 0.0570 0.1929 0.1929
vt 0.0527 0.1953 0.1953
vt 0.0497 0.1938 0.1938
vt 0.0468 0.1924 0.1924
vt 0.0445 0.1978 0.1978
vt 0.0477 0.1987 0.1987
vt 0.0508 0.1997 0.1997
vt 0.0465 0.2041 0.2041
vt 0.0432 0.2036 0.2036
vt 0.0429 0.2100 0.2100
vt 0.0462 0.2100 0.2100
vt 0.0498 0.2051 0.2051
vt 0.0530 0.2007 0.2007
vt 0.0520 0.2051 0.2051
vt 0.0495 0.2100 0.2100
vt 0.0518 0.2095 0.2095
vt 0.1364 0.4346 0.4346
vt 0.1287 0.4351 0.4351
vt 0.1213 0.4370 0.4370
vt 0.1442 0.4351 0.4351
vt 0.1364 0.4360 0.4360
vt 0.1289 0.4365 0.4365
vt 0.1218 0.4390 0.4390
vt 0.1143 0.4409 0.4409
vt 0.1151 0.4424 0.4424
vt 0.1221 0.4395 0.4395
vt 0.1292 0.4375 0.4375
vt 0.1364 0.4370 0.4370
vt 0.1437 0.4375 0.4375
vt 0.1438 0.4365 0.4365
vt 0.1515 0.4370 0.4370
vt 0.1586 0.4409 0.4409
vt 0.1510 0.4390 0.4390
vt 0.1508 0.4395 0.4395
vt 0.1434 0.4390 0.4390
vt 0.1364 0.4385 0.4385
vt 0.1294 0.4390 0.4390
vt 0.1227 0.4409 0.4409
vt 0.1163 0.4443 0.4443
vt 0.1155 0.4429 0.4429
vt 0.1089 0.4468 0.4468
vt 0.1080 0.4453 0.4453
vt 0.1027 0.4517 0.4517
vt 0.1038 0.4521 0.4521
vt 0.1097 0.4478 0.4478
vt 0.1106 0.4487 0.4487
vt 0.1501 0.4409 0.4409
vt 0.1572 0.4429 0.4429
vt 0.1565 0.4443 0.4443
vt 0.1559 0.4453 0.4453
vt 0.1498 0.4424 0.4424
vt 0.1432 0.4404 0.4404
vt 0.1364 0.4399 0.4399
vt 0.1296 0.4404 0.4404
vt 0.1230 0.4424 0.4424
vt 0.1169 0.4453 0.4453
vt 0.1058 0.4541 0.4541
vt 0.1114 0.4497 0.4497
vt 0.1067 0.4546 0.4546
vt 0.1019 0.4600 0.4600
vt 0.1046 0.4531 0.4531
vt 0.0997 0.4590 0.4590
vt 0.1006 0.4595 0.4595
vt 0.0991 0.4668 0.4668
vt 0.1030 0.4609 0.4609
vt 0.1003 0.4673 0.4673
vt 0.0976 0.4741 0.4741
vt 0.0977 0.4663 0.4663
vt 0.0967 0.4663 0.4663
vt 0.0984 0.4580 0.4580
vt 0.0954 0.4658 0.4658
vt 0.0951 0.4736 0.4736
vt 0.0961 0.4741 0.4741
vt 0.0972 0.4814 0.4814
vt 0.0988 0.4741 0.4741
vt 0.0984 0.4814 0.4814
vt 0.0981 0.4888 0.4888
vt 0.0958 0.4814 0.4814
vt 0.0948 0.4814 0.4814
vt 0.0937 0.4736 0.4736
vt 0.0933 0.4814 0.4814
vt 0.0958 0.4893 0.4893
vt 0.0967 0.4893 0.4893
vt 0.1003 0.4956 0.4956
vt 0.0994 0.4888 0.4888
vt 0.1014 0.4951 0.4951
vt 0.1037 0.5022 0.5022
vt 0.0990 0.4966 0.4966
vt 0.0981 0.4971 0.4971
vt 0.0944 0.4897 0.4897
vt 0.0967 0.4976 0.4976
vt 0.1016 0.5037 0.5037
vt 0.1025 0.5029 0.5029
vt 0.1081 0.5078 0.5078
vt 0.1047 0.5015 0.5015
vt 0.1089 0.5071 0.5071
vt 0.1133 0.5129 0.5129
vt 0.1070 0.5090 0.5090
vt 0.1063 0.5098 0.5098
vt 0.1003 0.5044 0.5044
vt 0.1052 0.5107 0.5107
vt 0.1119 0.5149 0.5149
vt 0.1125 0.5139 0.5139
vt 0.1194 0.5166 0.5166
vt 0.1141 0.5117 0.5117
vt 0.1199 0.5154 0.5154
vt 0.1260 0.5193 0.5193
vt 0.1188 0.5181 0.5181
vt 0.1183 0.5190 0.5190
vt 0.1111 0.5161 0.5161
vt 0.1177 0.5203 0.5203
vt 0.1254 0.5217 0.5217
vt 0.1255 0.5208 0.5208
vt 0.1328 0.5205 0.5205
vt 0.1262 0.5178 0.5178
vt 0.1329 0.5193 0.5193
vt 0.1399 0.5205 0.5205
vt 0.1327 0.5220 0.5220
vt 0.1327 0.5232 0.5232
vt 0.1250 0.5232 0.5232
vt 0.1326 0.5247 0.5247
vt 0.1401 0.5232 0.5232
vt 0.1400 0.5220 0.5220
vt 0.1469 0.5193 0.5193
vt 0.1399 0.5193 0.5193
vt 0.1465 0.5178 0.5178
vt 0.1534 0.5166 0.5166
vt 0.1472 0.5208 0.5208
vt 0.1475 0.5217 0.5217
vt 0.1403 0.5247 0.5247
vt 0.1478 0.5232 0.5232
vt 0.1544 0.5190 0.5190
vt 0.1541 0.5181 0.5181
vt 0.1594 0.5129 0.5129
vt 0.1528 0.5154 0.5154
vt 0.1587 0.5117 0.5117
vt 0.1648 0.5078 0.5078
vt 0.1603 0.5139 0.5139
vt 0.1609 0.5149 0.5149
vt 0.1552 0.5203 0.5203
vt 0.1617 0.5161 0.5161
vt 0.1665 0.5098 0.5098
vt 0.1659 0.5090 0.5090
vt 0.1692 0.5022 0.5022
vt 0.1638 0.5071 0.5071
vt 0.1681 0.5015 0.5015
vt 0.1725 0.4956 0.4956
vt 0.1703 0.5029 0.5029
vt 0.1713 0.5037 0.5037
vt 0.1676 0.5107 0.5107
vt 0.1725 0.5044 0.5044
vt 0.1747 0.4971 0.4971
vt 0.1738 0.4966 0.4966
vt 0.1747 0.4888 0.4888
vt 0.1714 0.4951 0.4951
vt 0.1735 0.4888 0.4888
vt 0.1755 0.4814 0.4814
vt 0.1760 0.4893 0.4893
vt 0.1770 0.4893 0.4893
vt 0.1760 0.4976 0.4976
vt 0.1785 0.4897 0.4897
vt 0.1780 0.4814 0.4814
vt 0.1770 0.4814 0.4814
vt 0.1753 0.4741 0.4741
vt 0.1743 0.4814 0.4814
vt 0.1741 0.4741 0.4741
vt 0.1737 0.4668 0.4668
vt 0.1768 0.4741 0.4741
vt 0.1777 0.4736 0.4736
vt 0.1796 0.4814 0.4814
vt 0.1792 0.4736 0.4736
vt 0.1760 0.4663 0.4663
vt 0.1752 0.4663 0.4663
vt 0.1709 0.4600 0.4600
vt 0.1725 0.4673 0.4673
vt 0.1698 0.4609 0.4609
vt 0.1670 0.4541 0.4541
vt 0.1722 0.4595 0.4595
vt 0.1731 0.4590 0.4590
vt 0.1775 0.4658 0.4658
vt 0.1744 0.4580 0.4580
vt 0.1691 0.4521 0.4521
vt 0.1682 0.4531 0.4531
vt 0.1622 0.4487 0.4487
vt 0.1661 0.4546 0.4546
vt 0.1615 0.4497 0.4497
vt 0.1631 0.4478 0.4478
vt 0.1638 0.4468 0.4468
vt 0.1702 0.4517 0.4517
vt 0.1648 0.4453 0.4453
vt 0.1577 0.4424 0.4424
vt 0.0953 0.4658 0.4658
vt 0.0936 0.4736 0.4736
vt 0.0943 0.4897 0.4897
vt 0.1003 0.5046 0.5046
vt 0.1110 0.5161 0.5161
vt 0.1725 0.5046 0.5046
vt 0.1761 0.4976 0.4976
vt 0.1786 0.4897 0.4897
vt 0.1285 0.4346 0.4346
vt 0.1364 0.4336 0.4336
vt 0.1443 0.4346 0.4346
vt 0.1517 0.4365 0.4365
vt 0.1443 0.4341 0.4341
vt 0.1364 0.4331 0.4331
vt 0.1284 0.4341 0.4341
vt 0.1208 0.4360 0.4360
vt 0.1211 0.4365 0.4365
vt 0.1140 0.4404 0.4404
vt 0.1136 0.4395 0.4395
vt 0.1205 0.4351 0.4351
vt 0.1283 0.4326 0.4326
vt 0.1364 0.4321 0.4321
vt 0.1444 0.4326 0.4326
vt 0.1523 0.4351 0.4351
vt 0.1521 0.4360 0.4360
vt 0.1588 0.4404 0.4404
vt 0.1652 0.4448 0.4448
vt 0.1592 0.4395 0.4395
vt 0.1597 0.4390 0.4390
vt 0.1530 0.4331 0.4331
vt 0.1449 0.4312 0.4312
vt 0.1364 0.4302 0.4302
vt 0.1279 0.4312 0.4312
vt 0.1199 0.4331 0.4331
vt 0.1122 0.4370 0.4370
vt 0.1132 0.4390 0.4390
vt 0.1072 0.4443 0.4443
vt 0.1066 0.4438 0.4438
vt 0.1053 0.4424 0.4424
vt 0.1013 0.4375 0.4375
vt 0.1089 0.4316 0.4316
vt 0.1177 0.4272 0.4272
vt 0.1268 0.4243 0.4243
vt 0.1364 0.4233 0.4233
vt 0.1460 0.4243 0.4243
vt 0.1552 0.4272 0.4272
vt 0.1605 0.4370 0.4370
vt 0.1663 0.4438 0.4438
vt 0.1675 0.4424 0.4424
vt 0.1638 0.4316 0.4316
vt 0.1578 0.4199 0.4199
vt 0.1472 0.4165 0.4165
vt 0.1364 0.4155 0.4155
vt 0.1255 0.4165 0.4165
vt 0.1150 0.4199 0.4199
vt 0.1052 0.4248 0.4248
vt 0.0963 0.4316 0.4316
vt 0.0887 0.4399 0.4399
vt 0.0945 0.4448 0.4448
vt 0.0995 0.4487 0.4487
vt 0.0894 0.4531 0.4531
vt 0.0828 0.4492 0.4492
vt 0.0770 0.4458 0.4458
vt 0.0836 0.4355 0.4355
vt 0.0920 0.4263 0.4263
vt 0.1017 0.4189 0.4189
vt 0.1127 0.4136 0.4136
vt 0.1244 0.4102 0.4102
vt 0.1364 0.4087 0.4087
vt 0.1484 0.4102 0.4102
vt 0.1602 0.4136 0.4136
vt 0.1676 0.4248 0.4248
vt 0.1710 0.4189 0.4189
vt 0.1715 0.4375 0.4375
vt 0.1765 0.4316 0.4316
vt 0.1808 0.4263 0.4263
vt 0.1841 0.4399 0.4399
vt 0.1782 0.4448 0.4448
vt 0.1732 0.4487 0.4487
vt 0.1719 0.4502 0.4502
vt 0.1764 0.4570 0.4570
vt 0.1780 0.4561 0.4561
vt 0.1835 0.4531 0.4531
vt 0.1901 0.4492 0.4492
vt 0.1892 0.4355 0.4355
vt 0.1958 0.4458 0.4458
vt 0.1943 0.4600 0.4600
vt 0.1873 0.4624 0.4624
vt 0.1813 0.4644 0.4644
vt 0.1796 0.4648 0.4648
vt 0.1755 0.4575 0.4575
vt 0.1711 0.4507 0.4507
vt 0.1656 0.4443 0.4443
vt 0.1707 0.4512 0.4512
vt 0.1749 0.4580 0.4580
vt 0.1780 0.4653 0.4653
vt 0.1786 0.4653 0.4653
vt 0.1814 0.4731 0.4731
vt 0.1831 0.4731 0.4731
vt 0.1893 0.4722 0.4722
vt 0.1969 0.4712 0.4712
vt 0.2007 0.4575 0.4575
vt 0.2034 0.4702 0.4702
vt 0.1973 0.4824 0.4824
vt 0.1898 0.4819 0.4819
vt 0.1835 0.4819 0.4819
vt 0.1816 0.4819 0.4819
vt 0.1804 0.4736 0.4736
vt 0.1797 0.4736 0.4736
vt 0.1802 0.4819 0.4819
vt 0.1808 0.4819 0.4819
vt 0.1805 0.4902 0.4902
vt 0.1824 0.4907 0.4907
vt 0.1886 0.4922 0.4922
vt 0.1958 0.4937 0.4937
vt 0.2039 0.4829 0.4829
vt 0.2023 0.4956 0.4956
vt 0.1924 0.5046 0.5046
vt 0.1855 0.5015 0.5015
vt 0.1797 0.4990 0.4990
vt 0.1780 0.4985 0.4985
vt 0.1797 0.4902 0.4902
vt 0.1791 0.4897 0.4897
vt 0.1766 0.4976 0.4976
vt 0.1772 0.4980 0.4980
vt 0.1742 0.5056 0.5056
vt 0.1758 0.5068 0.5068
vt 0.1810 0.5105 0.5105
vt 0.1873 0.5146 0.5146
vt 0.1985 0.5073 0.5073
vt 0.1927 0.5186 0.5186
vt 0.1804 0.5237 0.5237
vt 0.1750 0.5183 0.5183
vt 0.1704 0.5137 0.5137
vt 0.1692 0.5122 0.5122
vt 0.1735 0.5051 0.5051
vt 0.1730 0.5049 0.5049
vt 0.1681 0.5112 0.5112
vt 0.1686 0.5117 0.5117
vt 0.1631 0.5181 0.5181
vt 0.1642 0.5195 0.5195
vt 0.1678 0.5249 0.5249
vt 0.1722 0.5313 0.5313
vt 0.1852 0.5283 0.5283
vt 0.1760 0.5369 0.5369
vt 0.1628 0.5371 0.5371
vt 0.1595 0.5300 0.5300
vt 0.1569 0.5239 0.5239
vt 0.1560 0.5222 0.5222
vt 0.1626 0.5173 0.5173
vt 0.1621 0.5166 0.5166
vt 0.1622 0.5159 0.5159
vt 0.1554 0.5210 0.5210
vt 0.1556 0.5215 0.5215
vt 0.1484 0.5254 0.5254
vt 0.1489 0.5273 0.5273
vt 0.1506 0.5337 0.5337
vt 0.1526 0.5410 0.5410
vt 0.1658 0.5432 0.5432
vt 0.1543 0.5479 0.5479
vt 0.1418 0.5432 0.5432
vt 0.1411 0.5354 0.5354
vt 0.1406 0.5288 0.5288
vt 0.1404 0.5269 0.5269
vt 0.1482 0.5244 0.5244
vt 0.1481 0.5237 0.5237
vt 0.1548 0.5205 0.5205
vt 0.1404 0.5251 0.5251
vt 0.1404 0.5259 0.5259
vt 0.1323 0.5269 0.5269
vt 0.1321 0.5288 0.5288
vt 0.1316 0.5354 0.5354
vt 0.1310 0.5432 0.5432
vt 0.1425 0.5500 0.5500
vt 0.1304 0.5500 0.5500
vt 0.1202 0.5410 0.5410
vt 0.1222 0.5337 0.5337
vt 0.1238 0.5273 0.5273
vt 0.1244 0.5254 0.5254
vt 0.1324 0.5259 0.5259
vt 0.1324 0.5251 0.5251
vt 0.1248 0.5237 0.5237
vt 0.1246 0.5244 0.5244
vt 0.1168 0.5222 0.5222
vt 0.1160 0.5239 0.5239
vt 0.1132 0.5300 0.5300
vt 0.1100 0.5371 0.5371
vt 0.1185 0.5479 0.5479
vt 0.1071 0.5432 0.5432
vt 0.1006 0.5313 0.5313
vt 0.1050 0.5249 0.5249
vt 0.1086 0.5195 0.5195
vt 0.1097 0.5181 0.5181
vt 0.1172 0.5215 0.5215
vt 0.1175 0.5210 0.5210
vt 0.1107 0.5166 0.5166
vt 0.1103 0.5173 0.5173
vt 0.1037 0.5122 0.5122
vt 0.1024 0.5137 0.5137
vt 0.0978 0.5183 0.5183
vt 0.0923 0.5237 0.5237
vt 0.0967 0.5369 0.5369
vt 0.0876 0.5283 0.5283
vt 0.0856 0.5146 0.5146
vt 0.0918 0.5105 0.5105
vt 0.0970 0.5068 0.5068
vt 0.0986 0.5056 0.5056
vt 0.1042 0.5117 0.5117
vt 0.1048 0.5112 0.5112
vt 0.0999 0.5049 0.5049
vt 0.0994 0.5051 0.5051
vt 0.0948 0.4985 0.4985
vt 0.0931 0.4990 0.4990
vt 0.0873 0.5015 0.5015
vt 0.0804 0.5046 0.5046
vt 0.0801 0.5186 0.5186
vt 0.0743 0.5073 0.5073
vt 0.0770 0.4937 0.4937
vt 0.0843 0.4922 0.4922
vt 0.0905 0.4907 0.4907
vt 0.0923 0.4902 0.4902
vt 0.0956 0.4980 0.4980
vt 0.0962 0.4976 0.4976
vt 0.0938 0.4897 0.4897
vt 0.0931 0.4902 0.4902
vt 0.0912 0.4819 0.4819
vt 0.0894 0.4819 0.4819
vt 0.0829 0.4819 0.4819
vt 0.0754 0.4824 0.4824
vt 0.0706 0.4956 0.4956
vt 0.0690 0.4829 0.4829
vt 0.0760 0.4712 0.4712
vt 0.0835 0.4722 0.4722
vt 0.0897 0.4731 0.4731
vt 0.0915 0.4731 0.4731
vt 0.0920 0.4819 0.4819
vt 0.0927 0.4819 0.4819
vt 0.0931 0.4736 0.4736
vt 0.0923 0.4736 0.4736
vt 0.0933 0.4648 0.4648
vt 0.0916 0.4644 0.4644
vt 0.0856 0.4624 0.4624
vt 0.0785 0.4600 0.4600
vt 0.0695 0.4702 0.4702
vt 0.0721 0.4575 0.4575
vt 0.0948 0.4561 0.4561
vt 0.0965 0.4570 0.4570
vt 0.0942 0.4653 0.4653
vt 0.0948 0.4653 0.4653
vt 0.0978 0.4580 0.4580
vt 0.0973 0.4575 0.4575
vt 0.1010 0.4502 0.4502
vt 0.1017 0.4507 0.4507
vt 0.1022 0.4512 0.4512
vt 0.1077 0.4448 0.4448
vt 0.1305 0.4453 0.4453
vt 0.1364 0.4448 0.4448
vt 0.1422 0.4453 0.4453
vt 0.1417 0.4492 0.4492
vt 0.1364 0.4487 0.4487
vt 0.1310 0.4492 0.4492
vt 0.1248 0.4473 0.4473
vt 0.1194 0.4497 0.4497
vt 0.1260 0.4507 0.4507
vt 0.1316 0.4526 0.4526
vt 0.1364 0.4521 0.4521
vt 0.1411 0.4526 0.4526
vt 0.1456 0.4536 0.4536
vt 0.1469 0.4507 0.4507
vt 0.1481 0.4473 0.4473
vt 0.1533 0.4497 0.4497
vt 0.1516 0.4531 0.4531
vt 0.1499 0.4561 0.4561
vt 0.1487 0.4580 0.4580
vt 0.1449 0.4561 0.4561
vt 0.1407 0.4546 0.4546
vt 0.1364 0.4541 0.4541
vt 0.1321 0.4546 0.4546
vt 0.1272 0.4536 0.4536
vt 0.1212 0.4531 0.4531
vt 0.1147 0.4536 0.4536
vt 0.1106 0.4580 0.4580
vt 0.1169 0.4561 0.4561
vt 0.1229 0.4561 0.4561
vt 0.1279 0.4561 0.4561
vt 0.1553 0.4639 0.4639
vt 0.1522 0.4604 0.4604
vt 0.1537 0.4590 0.4590
vt 0.1559 0.4561 0.4561
vt 0.1570 0.4624 0.4624
vt 0.1597 0.4604 0.4604
vt 0.1581 0.4536 0.4536
vt 0.1622 0.4580 0.4580
vt 0.1626 0.4648 0.4648
vt 0.1597 0.4663 0.4663
vt 0.1576 0.4678 0.4678
vt 0.1593 0.4717 0.4717
vt 0.1615 0.4712 0.4712
vt 0.1647 0.4702 0.4702
vt 0.1654 0.4634 0.4634
vt 0.1678 0.4688 0.4688
vt 0.1659 0.4756 0.4756
vt 0.1626 0.4761 0.4761
vt 0.1603 0.4761 0.4761
vt 0.1604 0.4810 0.4810
vt 0.1627 0.4810 0.4810
vt 0.1660 0.4810 0.4810
vt 0.1692 0.4751 0.4751
vt 0.1693 0.4814 0.4814
vt 0.1653 0.4863 0.4863
vt 0.1621 0.4858 0.4858
vt 0.1599 0.4854 0.4854
vt 0.1586 0.4897 0.4897
vt 0.1538 0.4971 0.4971
vt 0.1152 0.4678 0.4678
vt 0.1205 0.4604 0.4604
vt 0.1241 0.4580 0.4580
vt 0.1191 0.4590 0.4590
vt 0.1158 0.4624 0.4624
vt 0.1176 0.4639 0.4639
vt 0.1132 0.4663 0.4663
vt 0.1103 0.4648 0.4648
vt 0.1132 0.4604 0.4604
vt 0.1074 0.4634 0.4634
vt 0.1050 0.4688 0.4688
vt 0.1082 0.4702 0.4702
vt 0.1114 0.4712 0.4712
vt 0.1070 0.4756 0.4756
vt 0.1037 0.4751 0.4751
vt 0.1035 0.4814 0.4814
vt 0.1068 0.4810 0.4810
vt 0.1042 0.4873 0.4873
vt 0.1061 0.4932 0.4932
vt 0.1075 0.4863 0.4863
vt 0.1100 0.4810 0.4810
vt 0.1103 0.4761 0.4761
vt 0.1135 0.4717 0.4717
vt 0.1125 0.4761 0.4761
vt 0.1122 0.4810 0.4810
vt 0.1107 0.4858 0.4858
vt 0.1091 0.4917 0.4917
vt 0.1089 0.4985 0.4985
vt 0.1125 0.5034 0.5034
vt 0.1117 0.4971 0.4971
vt 0.1122 0.4907 0.4907
vt 0.1129 0.4854 0.4854
vt 0.1223 0.5000 0.5000
vt 0.1163 0.4937 0.4937
vt 0.1143 0.4897 0.4897
vt 0.1144 0.4946 0.4946
vt 0.1150 0.5010 0.5010
vt 0.1174 0.4985 0.4985
vt 0.1190 0.4971 0.4971
vt 0.1208 0.5020 0.5020
vt 0.1190 0.5046 0.5046
vt 0.1169 0.5076 0.5076
vt 0.1221 0.5107 0.5107
vt 0.1236 0.5076 0.5076
vt 0.1250 0.5044 0.5044
vt 0.1284 0.5095 0.5095
vt 0.1277 0.5129 0.5129
vt 0.1334 0.5139 0.5139
vt 0.1338 0.5105 0.5105
vt 0.1393 0.5139 0.5139
vt 0.1451 0.5129 0.5129
vt 0.1390 0.5105 0.5105
vt 0.1340 0.5071 0.5071
vt 0.1294 0.5061 0.5061
vt 0.1260 0.5024 0.5024
vt 0.1299 0.5039 0.5039
vt 0.1343 0.5046 0.5046
vt 0.1388 0.5071 0.5071
vt 0.1443 0.5095 0.5095
vt 0.1508 0.5107 0.5107
vt 0.1559 0.5076 0.5076
vt 0.1493 0.5076 0.5076
vt 0.1434 0.5061 0.5061
vt 0.1385 0.5046 0.5046
vt 0.1469 0.5024 0.5024
vt 0.1428 0.5039 0.5039
vt 0.1478 0.5044 0.5044
vt 0.1538 0.5046 0.5046
vt 0.1520 0.5020 0.5020
vt 0.1505 0.5000 0.5000
vt 0.1554 0.4985 0.4985
vt 0.1578 0.5010 0.5010
vt 0.1603 0.5034 0.5034
vt 0.1639 0.4985 0.4985
vt 0.1611 0.4971 0.4971
vt 0.1584 0.4946 0.4946
vt 0.1565 0.4937 0.4937
vt 0.1606 0.4907 0.4907
vt 0.1637 0.4917 0.4917
vt 0.1667 0.4932 0.4932
vt 0.1686 0.4873 0.4873
vt 0.1626 0.3940 0.3940
vt 0.1459 0.3965 0.3965
vt 0.1456 0.3799 0.3799
vt 0.1570 0.3779 0.3779
vt 0.1775 0.3853 0.3853
vt 0.1670 0.3721 0.3721
vt 0.1890 0.3726 0.3726
vt 0.1664 0.3716 0.3716
vt 0.1567 0.3770 0.3770
vt 0.1456 0.3789 0.3789
vt 0.1344 0.3774 0.3774
vt 0.1282 0.3931 0.3931
vt 0.1249 0.3721 0.3721
vt 0.1348 0.3770 0.3770
vt 0.1350 0.3760 0.3760
vt 0.1456 0.3779 0.3779
vt 0.1564 0.3760 0.3760
vt 0.1658 0.3706 0.3706
vt 0.1736 0.3633 0.3633
vt 0.1743 0.3633 0.3633
vt 0.1946 0.3560 0.3560
vt 0.1782 0.3530 0.3530
vt 0.1775 0.3525 0.3525
vt 0.1726 0.3623 0.3623
vt 0.1650 0.3696 0.3696
vt 0.1559 0.3750 0.3750
vt 0.1456 0.3770 0.3770
vt 0.1355 0.3750 0.3750
vt 0.1263 0.3696 0.3696
vt 0.1256 0.3706 0.3706
vt 0.1255 0.3716 0.3716
vt 0.1172 0.3633 0.3633
vt 0.1140 0.3848 0.3848
vt 0.1025 0.3721 0.3721
vt 0.1133 0.3525 0.3525
vt 0.1178 0.3633 0.3633
vt 0.1187 0.3623 0.3623
vt 0.1197 0.3618 0.3618
vt 0.1202 0.3618 0.3618
vt 0.1268 0.3691 0.3691
vt 0.1356 0.3745 0.3745
vt 0.1456 0.3760 0.3760
vt 0.1558 0.3745 0.3745
vt 0.1646 0.3691 0.3691
vt 0.1718 0.3618 0.3618
vt 0.1764 0.3525 0.3525
vt 0.1753 0.3525 0.3525
vt 0.1710 0.3618 0.3618
vt 0.1702 0.3613 0.3613
vt 0.1638 0.3687 0.3687
vt 0.1554 0.3735 0.3735
vt 0.1456 0.3750 0.3750
vt 0.1360 0.3735 0.3735
vt 0.1276 0.3687 0.3687
vt 0.1212 0.3613 0.3613
vt 0.1169 0.3521 0.3521
vt 0.1161 0.3525 0.3525
vt 0.1169 0.3423 0.3423
vt 0.1179 0.3521 0.3521
vt 0.1198 0.3516 0.3516
vt 0.1229 0.3604 0.3604
vt 0.1288 0.3672 0.3672
vt 0.1366 0.3716 0.3716
vt 0.1456 0.3730 0.3730
vt 0.1547 0.3716 0.3716
vt 0.1626 0.3672 0.3672
vt 0.1685 0.3604 0.3604
vt 0.1736 0.3521 0.3521
vt 0.1746 0.3521 0.3521
vt 0.1736 0.3423 0.3423
vt 0.1716 0.3516 0.3516
vt 0.1671 0.3594 0.3594
vt 0.1616 0.3657 0.3657
vt 0.1542 0.3701 0.3701
vt 0.1456 0.3716 0.3716
vt 0.1372 0.3701 0.3701
vt 0.1298 0.3657 0.3657
vt 0.1243 0.3594 0.3594
vt 0.1214 0.3516 0.3516
vt 0.1214 0.3428 0.3428
vt 0.1198 0.3428 0.3428
vt 0.1179 0.3423 0.3423
vt 0.1229 0.3345 0.3345
vt 0.1243 0.3350 0.3350
vt 0.1324 0.3398 0.3398
vt 0.1306 0.3447 0.3447
vt 0.1306 0.3496 0.3496
vt 0.1324 0.3550 0.3550
vt 0.1359 0.3589 0.3589
vt 0.1404 0.3613 0.3613
vt 0.1456 0.3623 0.3623
vt 0.1555 0.3589 0.3589
vt 0.1404 0.3330 0.3330
vt 0.1359 0.3354 0.3354
vt 0.1298 0.3286 0.3286
vt 0.1288 0.3271 0.3271
vt 0.1212 0.3330 0.3330
vt 0.1202 0.3325 0.3325
vt 0.1161 0.3423 0.3423
vt 0.1197 0.3325 0.3325
vt 0.1268 0.3252 0.3252
vt 0.1276 0.3257 0.3257
vt 0.1366 0.3228 0.3228
vt 0.1372 0.3242 0.3242
vt 0.1456 0.3320 0.3320
vt 0.1456 0.3228 0.3228
vt 0.1509 0.3330 0.3330
vt 0.1589 0.3398 0.3398
vt 0.1555 0.3354 0.3354
vt 0.1542 0.3242 0.3242
vt 0.1456 0.3213 0.3213
vt 0.1360 0.3208 0.3208
vt 0.1356 0.3198 0.3198
vt 0.1263 0.3247 0.3247
vt 0.1187 0.3320 0.3320
vt 0.1150 0.3418 0.3418
vt 0.1150 0.3525 0.3525
vt 0.1140 0.3525 0.3525
vt 0.1140 0.3418 0.3418
vt 0.1178 0.3311 0.3311
vt 0.1256 0.3237 0.3237
vt 0.1355 0.3193 0.3193
vt 0.1456 0.3184 0.3184
vt 0.1456 0.3193 0.3193
vt 0.1547 0.3228 0.3228
vt 0.1616 0.3286 0.3286
vt 0.1671 0.3350 0.3350
vt 0.1626 0.3271 0.3271
vt 0.1554 0.3208 0.3208
vt 0.1558 0.3198 0.3198
vt 0.1456 0.3174 0.3174
vt 0.1350 0.3184 0.3184
vt 0.1250 0.3228 0.3228
vt 0.1245 0.3223 0.3223
vt 0.1171 0.3311 0.3311
vt 0.1133 0.3413 0.3413
vt 0.0962 0.3555 0.3555
vt 0.0970 0.3384 0.3384
vt 0.1033 0.3223 0.3223
vt 0.1140 0.3086 0.3086
vt 0.1344 0.3164 0.3164
vt 0.1346 0.3174 0.3174
vt 0.1456 0.3164 0.3164
vt 0.1559 0.3193 0.3193
vt 0.1646 0.3252 0.3252
vt 0.1638 0.3257 0.3257
vt 0.1685 0.3345 0.3345
vt 0.1702 0.3330 0.3330
vt 0.1710 0.3325 0.3325
vt 0.1650 0.3247 0.3247
vt 0.1564 0.3184 0.3184
vt 0.1456 0.3154 0.3154
vt 0.1456 0.3145 0.3145
vt 0.1290 0.3008 0.3008
vt 0.1458 0.2979 0.2979
vt 0.1570 0.3164 0.3164
vt 0.1567 0.3174 0.3174
vt 0.1658 0.3237 0.3237
vt 0.1718 0.3325 0.3325
vt 0.1746 0.3423 0.3423
vt 0.1716 0.3428 0.3428
vt 0.1700 0.3428 0.3428
vt 0.1700 0.3516 0.3516
vt 0.1753 0.3423 0.3423
vt 0.1726 0.3320 0.3320
vt 0.1664 0.3228 0.3228
vt 0.1670 0.3223 0.3223
vt 0.1633 0.3003 0.3003
vt 0.1791 0.3091 0.3091
vt 0.1743 0.3311 0.3311
vt 0.1736 0.3311 0.3311
vt 0.1764 0.3418 0.3418
vt 0.1775 0.3418 0.3418
vt 0.1782 0.3413 0.3413
vt 0.1896 0.3228 0.3228
vt 0.1951 0.3389 0.3389
vt 0.1589 0.3550 0.3550
vt 0.1608 0.3496 0.3496
vt 0.1608 0.3447 0.3447
vt 0.1509 0.3613 0.3613
# 2297 texture coords

o SM_HiRezTV
g SM_HiRezTV
usemtl MI_HiRezTV
s 1
f 1/1/1 2/2/1 3/3/1 
f 1/1/1 3/3/1 4/4/1 
f 5/5/2 6/6/3 7/7/3 
f 5/5/2 7/7/3 8/8/4 
f 5/5/2 8/8/4 9/9/5 
f 5/5/2 9/9/5 10/10/6 
f 9/9/5 11/11/7 10/10/6 
f 10/10/6 11/11/7 12/12/8 
f 11/11/7 9/9/5 13/13/1 
f 13/13/1 9/9/5 14/14/9 
f 14/14/9 9/9/5 8/8/4 
f 14/14/9 8/8/4 15/15/10 
f 8/8/4 16/16/11 15/15/10 
f 14/14/9 15/15/10 17/17/1 
f 14/14/9 17/17/1 18/18/1 
f 14/14/9 18/18/1 13/13/1 
f 13/13/1 19/19/1 11/11/7 
f 11/11/7 19/19/1 20/20/12 
f 11/11/7 20/20/12 12/12/8 
f 12/12/8 20/20/12 21/21/13 
f 20/20/12 22/22/14 21/21/13 
f 22/22/14 20/20/12 23/23/1 
f 23/23/1 20/20/12 19/19/1 
f 22/22/14 23/23/1 24/24/1 
f 22/22/14 24/24/1 25/25/1 
f 22/22/14 25/25/1 26/26/15 
f 22/22/14 26/26/15 21/21/13 
f 26/26/15 27/27/16 21/21/13 
f 27/27/16 26/26/15 28/28/17 
f 26/26/15 29/29/18 28/28/17 
f 29/29/18 26/26/15 25/25/1 
f 29/29/18 25/25/1 30/30/1 
f 29/29/18 30/30/1 31/31/19 
f 29/29/18 31/31/19 32/32/20 
f 29/29/18 32/32/20 28/28/17 
f 32/32/20 31/31/19 33/33/21 
f 31/31/19 34/34/22 33/33/21 
f 34/34/22 31/31/19 35/35/1 
f 35/35/1 31/31/19 30/30/1 
f 34/34/22 35/35/1 36/36/1 
f 34/34/22 36/36/1 37/37/1 
f 34/34/22 37/37/1 38/38/23 
f 34/34/22 38/38/23 33/33/21 
f 38/38/23 39/39/24 33/33/21 
f 39/39/24 38/38/23 40/40/25 
f 38/38/23 41/41/26 40/40/25 
f 41/41/26 38/38/23 37/37/1 
f 41/41/26 37/37/1 42/42/1 
f 41/41/26 42/42/1 43/43/27 
f 41/41/26 43/43/27 44/44/28 
f 41/41/26 44/44/28 40/40/25 
f 44/44/28 43/43/27 45/45/29 
f 43/43/27 46/46/30 45/45/29 
f 46/46/30 43/43/27 47/47/1 
f 47/47/1 43/43/27 42/42/1 
f 46/46/30 47/47/1 48/48/1 
f 46/46/30 48/48/1 49/49/1 
f 46/46/30 49/49/1 50/50/31 
f 46/46/30 50/50/31 45/45/29 
f 50/50/31 51/51/32 45/45/29 
f 51/51/32 50/50/31 52/52/33 
f 50/50/31 53/53/34 52/52/33 
f 53/53/34 50/50/31 49/49/1 
f 53/53/34 49/49/1 54/54/1 
f 53/53/34 54/54/1 15/15/10 
f 53/53/34 15/15/10 16/16/11 
f 53/53/34 16/16/11 52/52/33 
f 15/15/10 54/54/1 17/17/1 
f 55/55/35 56/56/35 1/1/35 
f 55/55/35 1/1/35 4/4/35 
f 56/56/36 57/57/36 2/2/36 
f 56/56/36 2/2/36 1/1/36 
f 57/57/37 58/58/37 3/3/37 
f 57/57/37 3/3/37 2/2/37 
f 58/58/38 55/55/38 4/4/38 
f 58/58/38 4/4/38 3/3/38 
f 16/59/39 8/60/40 7/61/41 
f 16/59/39 7/61/41 59/62/42 
f 16/59/39 59/62/42 52/63/43 
f 59/62/42 7/61/41 60/64/44 
f 52/63/43 59/62/42 61/65/45 
f 52/63/43 61/65/45 51/66/46 
f 61/65/45 59/62/42 62/67/47 
f 59/62/42 63/68/48 62/67/47 
f 63/68/48 59/62/42 60/64/44 
f 63/68/48 60/64/44 64/69/49 
f 60/64/44 65/70/50 64/69/49 
f 63/68/48 64/69/49 66/71/51 
f 63/68/48 66/71/51 62/67/47 
f 66/71/51 64/69/49 67/72/52 
f 64/69/49 68/73/53 67/72/52 
f 68/73/53 64/69/49 65/70/50 
f 68/73/53 65/70/50 69/74/54 
f 68/73/53 69/74/54 70/75/55 
f 68/73/53 70/75/55 71/76/56 
f 68/73/53 71/76/56 67/72/52 
f 70/75/55 72/77/57 71/76/56 
f 67/72/52 71/76/56 73/78/58 
f 72/77/57 73/78/58 71/76/56 
f 67/72/52 73/78/58 74/79/59 
f 67/72/52 74/79/59 66/71/51 
f 74/79/59 75/80/60 66/71/51 
f 66/71/51 75/80/60 62/67/47 
f 75/80/60 76/81/61 62/67/47 
f 62/67/47 76/81/61 77/82/62 
f 62/67/47 77/82/62 61/65/45 
f 61/65/45 77/82/62 51/66/46 
f 51/66/46 77/82/62 78/83/63 
f 51/66/46 78/83/63 45/84/64 
f 78/83/63 77/82/62 79/85/65 
f 77/82/62 76/81/61 79/85/65 
f 79/85/65 76/81/61 80/86/66 
f 76/81/61 75/80/60 80/86/66 
f 80/86/66 75/80/60 81/87/67 
f 75/80/60 74/79/59 81/87/67 
f 81/87/67 74/79/59 82/88/68 
f 74/79/59 73/78/58 82/88/68 
f 82/88/68 73/78/58 83/89/69 
f 73/78/58 72/77/57 83/89/69 
f 72/77/57 70/75/55 84/90/70 
f 84/90/70 70/75/55 69/74/54 
f 44/91/71 45/84/64 78/83/63 
f 44/91/71 78/83/63 85/92/72 
f 85/92/72 78/83/63 86/93/73 
f 78/83/63 79/85/65 86/93/73 
f 86/93/73 79/85/65 87/94/74 
f 79/85/65 80/86/66 87/94/74 
f 87/94/74 80/86/66 88/95/75 
f 80/86/66 81/87/67 88/95/75 
f 88/95/75 81/87/67 89/96/76 
f 81/87/67 82/88/68 89/96/76 
f 82/88/68 83/89/69 89/96/76 
f 89/96/76 83/89/69 90/97/77 
f 89/96/76 90/97/77 88/95/75 
f 90/97/77 91/98/78 88/95/75 
f 88/95/75 91/98/78 87/94/74 
f 91/98/78 92/99/79 87/94/74 
f 87/94/74 92/99/79 86/93/73 
f 92/99/79 93/100/80 86/93/73 
f 86/93/73 93/100/80 85/92/72 
f 93/100/80 94/101/81 85/92/72 
f 85/92/72 94/101/81 40/102/82 
f 85/92/72 40/102/82 44/91/71 
f 40/102/82 94/101/81 39/103/83 
f 94/101/81 95/104/84 39/103/83 
f 95/104/84 94/101/81 96/105/85 
f 94/101/81 93/100/80 96/105/85 
f 96/105/85 93/100/80 97/106/86 
f 93/100/80 92/99/79 97/106/86 
f 97/106/86 92/99/79 98/107/87 
f 92/99/79 91/98/78 98/107/87 
f 98/107/87 91/98/78 99/108/88 
f 91/98/78 90/97/77 99/108/88 
f 90/97/77 83/89/69 99/108/88 
f 99/108/88 83/89/69 100/109/89 
f 99/108/88 100/109/89 101/110/90 
f 99/108/88 101/110/90 98/107/87 
f 101/110/90 102/111/91 98/107/87 
f 98/107/87 102/111/91 97/106/86 
f 102/111/91 103/112/92 97/106/86 
f 97/106/86 103/112/92 96/105/85 
f 103/112/92 104/113/93 96/105/85 
f 96/105/85 104/113/93 95/104/84 
f 104/113/93 105/114/94 95/104/84 
f 95/104/84 105/114/94 39/103/83 
f 105/114/94 33/115/95 39/103/83 
f 33/115/95 105/114/94 32/116/96 
f 105/114/94 106/117/97 32/116/96 
f 106/117/97 105/114/94 107/118/98 
f 105/114/94 104/113/93 107/118/98 
f 107/118/98 104/113/93 108/119/99 
f 104/113/93 103/112/92 108/119/99 
f 108/119/99 103/112/92 109/120/100 
f 103/112/92 102/111/91 109/120/100 
f 109/120/100 102/111/91 110/121/101 
f 102/111/91 101/110/90 110/121/101 
f 101/110/90 100/109/89 110/121/101 
f 110/121/101 100/109/89 111/122/102 
f 110/121/101 111/122/102 109/120/100 
f 111/122/102 112/123/103 109/120/100 
f 109/120/100 112/123/103 108/119/99 
f 112/123/103 113/124/104 108/119/99 
f 108/119/99 113/124/104 107/118/98 
f 113/124/104 114/125/105 107/118/98 
f 107/118/98 114/125/105 106/117/97 
f 114/125/105 115/126/106 106/117/97 
f 106/117/97 115/126/106 28/127/107 
f 106/117/97 28/127/107 32/116/96 
f 28/127/107 115/126/106 27/128/108 
f 115/126/106 116/129/109 27/128/108 
f 116/129/109 115/126/106 117/130/110 
f 115/126/106 114/125/105 117/130/110 
f 117/130/110 114/125/105 118/131/111 
f 114/125/105 113/124/104 118/131/111 
f 118/131/111 113/124/104 119/132/112 
f 113/124/104 112/123/103 119/132/112 
f 119/132/112 112/123/103 120/133/113 
f 112/123/103 111/122/102 120/133/113 
f 111/122/102 100/109/89 120/133/113 
f 120/133/113 100/109/89 121/134/114 
f 120/133/113 121/134/114 122/135/115 
f 120/133/113 122/135/115 119/132/112 
f 122/135/115 123/136/116 119/132/112 
f 119/132/112 123/136/116 118/131/111 
f 123/136/116 124/137/117 118/131/111 
f 118/131/111 124/137/117 117/130/110 
f 124/137/117 125/138/118 117/130/110 
f 117/130/110 125/138/118 116/129/109 
f 125/138/118 126/139/119 116/129/109 
f 116/129/109 126/139/119 27/128/108 
f 126/139/119 21/140/120 27/128/108 
f 21/140/120 126/139/119 12/141/121 
f 126/139/119 127/142/122 12/141/121 
f 127/142/122 126/139/119 128/143/123 
f 126/139/119 125/138/118 128/143/123 
f 128/143/123 125/138/118 129/144/124 
f 125/138/118 124/137/117 129/144/124 
f 129/144/124 124/137/117 130/145/125 
f 124/137/117 123/136/116 130/145/125 
f 130/145/125 123/136/116 131/146/126 
f 123/136/116 122/135/115 131/146/126 
f 122/135/115 121/134/114 131/146/126 
f 131/146/126 121/134/114 132/147/127 
f 132/147/127 121/134/114 133/148/128 
f 131/146/126 132/147/127 134/149/129 
f 133/148/128 134/149/129 132/147/127 
f 131/146/126 134/149/129 130/145/125 
f 130/145/125 134/149/129 129/144/124 
f 134/149/129 135/150/130 129/144/124 
f 129/144/124 135/150/130 128/143/123 
f 135/150/130 134/149/129 136/151/131 
f 136/151/131 134/149/129 133/148/128 
f 135/150/130 136/151/131 137/152/132 
f 135/150/130 137/152/132 138/153/133 
f 135/150/130 138/153/133 128/143/123 
f 128/143/123 138/153/133 139/154/134 
f 128/143/123 139/154/134 127/142/122 
f 127/142/122 139/154/134 10/155/135 
f 127/142/122 10/155/135 12/141/121 
f 10/155/135 139/154/134 5/156/136 
f 139/154/134 6/157/137 5/156/136 
f 6/157/137 139/154/134 140/158/138 
f 139/154/134 138/153/133 140/158/138 
f 140/158/138 138/153/133 137/152/132 
f 133/159/128 121/160/114 72/161/57 
f 133/159/128 72/161/57 84/162/70 
f 133/159/128 84/162/70 136/163/131 
f 84/162/70 69/164/54 136/163/131 
f 136/163/131 69/164/54 137/165/132 
f 69/164/54 65/166/50 137/165/132 
f 137/165/132 65/166/50 140/167/138 
f 65/166/50 60/168/44 140/167/138 
f 141/169/139 142/170/140 143/171/141 
f 141/169/139 143/171/141 144/172/142 
f 141/169/139 144/172/142 145/173/143 
f 141/169/139 145/173/143 146/174/144 
f 146/174/144 145/173/143 147/175/145 
f 146/174/144 147/175/145 148/176/146 
f 148/176/146 147/175/145 149/177/147 
f 148/176/146 149/177/147 150/178/148 
f 150/178/148 149/177/147 151/179/149 
f 150/178/148 151/179/149 152/180/150 
f 152/180/150 151/179/149 153/181/151 
f 152/180/150 153/181/151 154/182/152 
f 154/182/152 153/181/151 155/183/153 
f 153/181/151 156/184/154 155/183/153 
f 155/183/153 156/184/154 157/185/155 
f 156/184/154 158/186/156 157/185/155 
f 157/185/155 158/186/156 159/187/157 
f 158/186/156 160/188/158 159/187/157 
f 159/187/157 160/188/158 161/189/159 
f 160/188/158 162/190/160 161/189/159 
f 161/189/159 162/190/160 163/191/161 
f 162/190/160 164/192/162 163/191/161 
f 163/191/161 164/192/162 165/193/163 
f 163/191/161 165/193/163 166/194/164 
f 166/194/164 165/193/163 167/195/165 
f 166/194/164 167/195/165 168/196/166 
f 168/196/166 167/195/165 169/197/167 
f 168/196/166 169/197/167 170/198/168 
f 170/198/168 169/197/167 171/199/169 
f 169/197/167 172/200/170 171/199/169 
f 171/199/169 172/200/170 142/201/140 
f 172/200/170 143/202/141 142/201/140 
f 173/203/171 174/204/171 175/205/171 
f 176/206/1 177/207/1 178/208/1 
f 176/206/1 178/208/1 55/55/1 
f 176/206/1 55/55/1 179/209/1 
f 55/55/1 178/208/1 180/210/1 
f 179/209/1 55/55/1 181/211/1 
f 55/55/1 180/210/1 182/212/1 
f 181/211/1 55/55/1 183/213/1 
f 182/212/1 56/56/1 55/55/1 
f 183/213/1 55/55/1 58/58/1 
f 183/213/1 58/58/1 184/214/1 
f 184/214/1 58/58/1 185/215/1 
f 58/58/1 57/57/1 185/215/1 
f 185/215/1 57/57/1 186/216/1 
f 186/216/1 57/57/1 187/217/1 
f 57/57/1 56/56/1 187/217/1 
f 187/217/1 56/56/1 188/218/1 
f 188/218/1 56/56/1 189/219/1 
f 189/219/1 56/56/1 190/220/1 
f 56/56/1 182/212/1 190/220/1 
f 189/219/1 190/220/1 191/221/1 
f 192/222/172 142/170/173 141/169/174 
f 192/222/172 141/169/174 193/223/175 
f 192/222/172 193/223/175 194/224/176 
f 193/223/175 141/169/174 195/225/177 
f 141/169/174 146/174/178 195/225/177 
f 193/223/175 195/225/177 196/226/179 
f 193/223/175 196/226/179 197/227/180 
f 193/223/175 197/227/180 194/224/176 
f 194/224/176 197/227/180 198/228/181 
f 197/227/180 199/229/182 198/228/181 
f 199/229/182 197/227/180 200/230/183 
f 197/227/180 196/226/179 200/230/183 
f 199/229/182 200/230/183 60/168/184 
f 199/229/182 60/168/184 198/228/181 
f 60/168/184 200/230/183 140/167/185 
f 200/230/183 201/231/186 140/167/185 
f 201/231/186 200/230/183 196/226/179 
f 201/231/186 196/226/179 202/232/187 
f 202/232/187 196/226/179 195/225/177 
f 202/232/187 195/225/177 203/233/188 
f 203/233/188 195/225/177 146/174/178 
f 203/233/188 146/174/178 148/176/189 
f 203/233/188 148/176/189 150/178/190 
f 203/233/188 150/178/190 204/234/191 
f 203/233/188 204/234/191 202/232/187 
f 204/234/191 205/235/192 202/232/187 
f 202/232/187 205/235/192 201/231/186 
f 205/235/192 206/236/193 201/231/186 
f 201/231/186 206/236/193 140/167/185 
f 206/236/193 205/235/192 207/237/194 
f 207/237/194 205/235/192 208/238/195 
f 205/235/192 204/234/191 208/238/195 
f 208/238/195 204/234/191 152/180/196 
f 204/234/191 150/178/190 152/180/196 
f 208/238/195 152/180/196 154/182/197 
f 208/238/195 154/182/197 209/239/198 
f 208/238/195 209/239/198 207/237/194 
f 209/239/198 154/182/197 155/183/199 
f 207/237/194 209/239/198 210/240/200 
f 207/237/194 210/240/200 211/241/201 
f 207/237/194 211/241/201 206/236/193 
f 206/236/193 211/241/201 140/167/185 
f 211/241/201 212/242/202 140/167/185 
f 212/242/202 211/241/201 210/240/200 
f 140/167/185 212/242/202 6/243/203 
f 212/242/202 210/240/200 213/244/204 
f 213/244/204 210/240/200 214/245/205 
f 210/240/200 209/239/198 214/245/205 
f 214/245/205 209/239/198 155/183/199 
f 214/245/205 155/183/199 157/185/206 
f 214/245/205 157/185/206 215/246/207 
f 214/245/205 215/246/207 213/244/204 
f 215/246/207 157/185/206 159/187/208 
f 213/244/204 215/246/207 216/247/209 
f 213/244/204 216/247/209 217/248/210 
f 213/244/204 217/248/210 212/242/202 
f 212/242/202 217/248/210 6/243/203 
f 217/248/210 218/249/211 6/243/203 
f 218/249/211 217/248/210 216/247/209 
f 218/249/211 216/247/209 219/250/212 
f 219/250/212 216/247/209 220/251/213 
f 216/247/209 215/246/207 220/251/213 
f 220/251/213 215/246/207 159/187/208 
f 220/251/213 159/187/208 161/189/214 
f 220/251/213 161/189/214 221/252/215 
f 220/251/213 221/252/215 219/250/212 
f 221/252/215 161/189/214 163/191/216 
f 219/250/212 221/252/215 222/253/217 
f 219/250/212 222/253/217 223/254/218 
f 219/250/212 223/254/218 218/249/211 
f 218/249/211 223/254/218 6/243/203 
f 223/254/218 224/255/219 6/243/203 
f 224/255/219 223/254/218 222/253/217 
f 6/243/203 224/255/219 7/256/220 
f 224/255/219 222/253/217 225/257/221 
f 7/256/220 224/255/219 226/258/222 
f 225/257/221 226/258/222 224/255/219 
f 226/258/222 225/257/221 227/259/223 
f 226/258/222 227/259/223 228/260/224 
f 226/258/222 228/260/224 7/256/220 
f 7/256/220 228/260/224 229/261/225 
f 229/261/225 228/260/224 230/262/226 
f 228/260/224 227/259/223 230/262/226 
f 230/262/226 227/259/223 231/263/227 
f 227/259/223 232/264/228 231/263/227 
f 232/264/228 227/259/223 225/257/221 
f 232/264/228 225/257/221 233/265/229 
f 233/265/229 225/257/221 222/253/217 
f 233/265/229 222/253/217 221/252/215 
f 233/265/229 221/252/215 163/191/216 
f 233/265/229 163/191/216 166/194/230 
f 233/265/229 166/194/230 232/264/228 
f 232/264/228 166/194/230 168/196/231 
f 232/264/228 168/196/231 231/263/227 
f 231/263/227 168/196/231 170/198/232 
f 231/263/227 170/198/232 234/266/233 
f 231/263/227 234/266/233 230/262/226 
f 234/266/233 235/267/234 230/262/226 
f 230/262/226 235/267/234 229/261/225 
f 235/267/234 236/268/235 229/261/225 
f 236/268/235 7/256/220 229/261/225 
f 7/256/220 236/268/235 60/269/184 
f 236/268/235 237/270/236 60/269/184 
f 237/270/236 236/268/235 238/271/237 
f 236/268/235 235/267/234 238/271/237 
f 238/271/237 235/267/234 239/272/238 
f 235/267/234 234/266/233 239/272/238 
f 239/272/238 234/266/233 171/199/239 
f 234/266/233 170/198/232 171/199/239 
f 239/272/238 171/199/239 142/201/173 
f 239/272/238 142/201/173 192/273/172 
f 239/272/238 192/273/172 238/271/237 
f 192/273/172 194/274/176 238/271/237 
f 238/271/237 194/274/176 237/270/236 
f 194/274/176 198/275/181 237/270/236 
f 198/275/181 60/269/184 237/270/236 
f 240/276/1 241/277/1 242/278/1 
f 240/276/1 242/278/1 243/279/1 
f 242/278/1 244/280/1 243/279/1 
f 240/276/1 243/279/1 245/281/1 
f 240/276/1 245/281/1 246/282/1 
f 240/276/1 246/282/1 247/283/1 
f 245/281/1 243/279/1 248/284/1 
f 245/281/1 248/284/1 249/285/1 
f 245/281/1 249/285/1 250/286/1 
f 248/284/1 251/287/1 249/285/1 
f 248/284/1 243/279/1 252/288/1 
f 248/284/1 252/288/1 253/289/1 
f 248/284/1 253/289/1 254/290/1 
f 248/284/1 254/290/1 255/291/1 
f 253/289/1 256/292/1 254/290/1 
f 253/289/1 252/288/1 257/293/1 
f 253/289/1 257/293/1 258/294/1 
f 252/288/1 259/295/1 257/293/1 
f 252/288/1 243/279/1 260/296/1 
f 252/288/1 260/296/1 261/297/1 
f 252/288/1 261/297/1 262/298/1 
f 252/288/1 262/298/1 263/299/1 
f 261/297/1 264/300/1 262/298/1 
f 261/297/1 260/296/1 265/301/1 
f 261/297/1 265/301/1 266/302/1 
f 260/296/1 267/303/1 265/301/1 
f 260/296/1 243/279/1 268/304/1 
f 260/296/1 268/304/1 269/305/1 
f 260/296/1 269/305/1 270/306/1 
f 268/304/1 271/307/1 269/305/1 
f 268/304/1 243/279/1 272/308/1 
f 268/304/1 272/308/1 273/309/1 
f 243/279/1 274/310/1 272/308/1 
f 275/311/240 276/312/240 277/313/240 
f 278/314/241 279/315/241 280/315/241 
f 156/316/242 153/317/243 151/318/244 
f 156/316/242 151/318/244 158/319/245 
f 158/319/245 151/318/244 149/320/246 
f 158/319/245 149/320/246 160/321/247 
f 160/321/247 149/320/246 147/322/248 
f 160/321/247 147/322/248 162/323/249 
f 162/323/249 147/322/248 145/324/250 
f 162/323/249 145/324/250 164/325/251 
f 164/325/251 145/324/250 165/326/252 
f 145/324/250 144/327/253 165/326/252 
f 165/326/252 144/327/253 143/328/254 
f 165/326/252 143/328/254 167/329/255 
f 167/329/255 143/328/254 172/330/256 
f 167/329/255 172/330/256 169/331/257 
f 281/332/258 282/333/259 283/334/260 
f 283/334/260 282/333/259 284/335/261 
f 281/332/258 285/336/258 282/333/259 
f 285/336/258 281/332/258 286/337/1 
f 281/332/258 287/338/1 286/337/1 
f 286/337/1 287/338/1 288/339/1 
f 287/338/1 289/340/1 288/339/1 
f 288/339/1 289/340/1 290/341/1 
f 289/340/1 291/342/1 290/341/1 
f 290/341/1 291/342/1 292/343/1 
f 291/342/1 293/344/1 292/343/1 
f 292/343/1 293/344/1 294/345/1 
f 293/344/1 295/346/1 294/345/1 
f 294/345/1 295/346/1 296/347/1 
f 294/345/1 296/347/1 297/348/1 
f 297/348/1 296/347/1 298/349/262 
f 297/348/1 298/349/262 299/350/263 
f 298/349/262 300/351/264 299/350/263 
f 300/351/264 298/349/262 301/352/265 
f 299/350/263 300/351/264 302/353/266 
f 299/350/263 302/353/266 303/354/267 
f 303/354/267 302/353/266 304/355/268 
f 302/353/266 305/356/269 304/355/268 
f 304/355/268 305/356/269 306/357/270 
f 304/355/268 306/357/270 307/358/271 
f 307/358/271 306/357/270 308/359/272 
f 307/358/271 308/359/272 309/360/273 
f 309/360/273 308/359/272 310/361/274 
f 308/359/272 311/362/275 310/361/274 
f 310/361/274 311/362/275 312/363/276 
f 311/362/275 313/364/277 312/363/276 
f 312/363/276 313/364/277 314/365/278 
f 313/364/277 315/366/279 314/365/278 
f 314/365/278 315/366/279 316/367/280 
f 314/365/278 316/367/280 317/368/281 
f 317/368/281 316/367/280 285/336/258 
f 316/367/280 282/333/259 285/336/258 
f 282/333/259 318/369/282 284/335/261 
f 284/335/261 318/369/282 319/370/283 
f 284/335/261 319/370/283 320/371/284 
f 320/371/284 319/370/283 321/372/285 
f 320/371/284 321/372/285 322/373/286 
f 322/373/286 321/372/285 323/374/287 
f 321/372/285 324/375/288 323/374/287 
f 323/374/287 324/375/288 325/376/289 
f 324/375/288 326/377/290 325/376/289 
f 325/376/289 326/377/290 327/378/291 
f 325/376/289 327/378/291 328/379/292 
f 328/379/292 327/378/291 301/352/265 
f 327/378/291 300/351/264 301/352/265 
f 36/36/293 302/353/294 300/351/295 
f 302/353/294 36/36/293 305/356/296 
f 300/351/295 37/37/297 36/36/293 
f 305/356/296 36/36/293 35/35/298 
f 305/356/296 35/35/298 306/357/299 
f 35/35/298 30/30/300 306/357/299 
f 306/357/299 30/30/300 308/359/301 
f 30/30/300 25/25/302 308/359/301 
f 308/359/301 25/25/302 24/24/303 
f 308/359/301 24/24/303 311/362/304 
f 311/362/304 24/24/303 313/364/305 
f 24/24/303 23/23/306 313/364/305 
f 313/364/305 23/23/306 315/366/307 
f 23/23/306 19/19/308 315/366/307 
f 315/366/307 19/19/308 316/367/309 
f 19/19/308 13/13/310 316/367/309 
f 316/367/309 13/13/310 282/333/311 
f 13/13/310 18/18/312 282/333/311 
f 282/333/311 18/18/312 318/369/313 
f 18/18/312 17/17/314 318/369/313 
f 318/369/313 17/17/314 319/370/315 
f 17/17/314 54/54/316 319/370/315 
f 319/370/315 54/54/316 321/372/317 
f 54/54/316 49/49/318 321/372/317 
f 321/372/317 49/49/318 48/48/319 
f 321/372/317 48/48/319 324/375/320 
f 324/375/320 48/48/319 326/377/321 
f 48/48/319 47/47/322 326/377/321 
f 326/377/321 47/47/322 327/378/323 
f 47/47/322 42/42/324 327/378/323 
f 327/378/323 42/42/324 300/351/295 
f 42/42/324 37/37/297 300/351/295 
f 183/213/325 184/214/326 329/380/327 
f 329/380/327 184/214/326 185/215/328 
f 183/213/325 329/380/327 330/381/329 
f 183/213/325 330/381/329 181/211/330 
f 330/381/329 329/380/327 331/382/331 
f 331/382/331 329/380/327 332/383/332 
f 332/383/332 329/380/327 185/215/328 
f 332/383/332 185/215/328 333/384/333 
f 185/215/328 186/216/334 333/384/333 
f 332/383/332 333/384/333 334/385/335 
f 332/383/332 334/385/335 335/386/336 
f 332/383/332 335/386/336 331/382/331 
f 331/382/331 335/386/336 336/387/337 
f 331/382/331 336/387/337 337/388/338 
f 331/382/331 337/388/338 330/381/329 
f 330/381/329 337/388/338 338/389/339 
f 330/381/329 338/389/339 181/211/330 
f 181/211/330 338/389/339 179/209/340 
f 338/389/339 339/390/341 179/209/340 
f 339/390/341 338/389/339 340/391/342 
f 340/391/342 338/389/339 337/388/338 
f 340/391/342 337/388/338 341/392/343 
f 341/392/343 337/388/338 336/387/337 
f 340/391/342 341/392/343 342/393/344 
f 340/391/342 342/393/344 343/394/345 
f 340/391/342 343/394/345 339/390/341 
f 339/390/341 343/394/345 344/395/346 
f 339/390/341 344/395/346 345/396/347 
f 339/390/341 345/396/347 179/209/340 
f 345/396/347 176/206/348 179/209/340 
f 176/206/348 345/396/347 177/207/349 
f 345/396/347 346/397/350 177/207/349 
f 346/397/350 345/396/347 344/395/346 
f 177/207/349 346/397/350 178/208/351 
f 344/395/346 347/398/352 346/397/350 
f 347/398/352 344/395/346 348/399/353 
f 348/399/353 344/395/346 343/394/345 
f 348/399/353 343/394/345 349/400/354 
f 349/400/354 343/394/345 342/393/344 
f 349/400/354 342/393/344 350/401/355 
f 350/401/355 342/393/344 351/402/356 
f 342/393/344 341/392/343 351/402/356 
f 351/402/356 341/392/343 352/403/357 
f 341/392/343 336/387/337 352/403/357 
f 351/402/356 352/403/357 283/334/358 
f 351/402/356 283/334/358 284/335/359 
f 351/402/356 284/335/359 350/401/355 
f 284/335/359 320/371/360 350/401/355 
f 350/401/355 320/371/360 353/404/361 
f 350/401/355 353/404/361 349/400/354 
f 349/400/354 353/404/361 354/405/362 
f 349/400/354 354/405/362 348/399/353 
f 348/399/353 354/405/362 355/406/363 
f 348/399/353 355/406/363 347/398/352 
f 347/398/352 355/406/363 356/407/364 
f 347/398/352 356/407/364 357/408/365 
f 347/398/352 357/408/365 346/397/350 
f 346/397/350 357/408/365 178/208/351 
f 178/208/351 357/408/365 180/210/366 
f 357/408/365 358/409/367 180/210/366 
f 358/409/367 357/408/365 356/407/364 
f 180/210/366 358/409/367 359/410/368 
f 356/407/364 360/411/369 358/409/367 
f 359/410/368 358/409/367 360/411/369 
f 356/407/364 361/412/370 360/411/369 
f 361/412/370 356/407/364 355/406/363 
f 361/412/370 355/406/363 362/413/371 
f 362/413/371 355/406/363 354/405/362 
f 362/413/371 354/405/362 323/374/372 
f 323/374/372 354/405/362 353/404/361 
f 323/374/372 353/404/361 322/373/373 
f 322/373/373 353/404/361 320/371/360 
f 323/374/372 325/376/374 362/413/371 
f 362/413/371 325/376/374 363/414/375 
f 362/413/371 363/414/375 361/412/370 
f 361/412/370 363/414/375 364/415/376 
f 361/412/370 364/415/376 360/411/369 
f 360/411/369 364/415/376 365/416/377 
f 360/411/369 365/416/377 359/410/368 
f 364/415/376 366/417/378 365/416/377 
f 366/417/378 364/415/376 367/418/379 
f 367/418/379 364/415/376 363/414/375 
f 367/418/379 363/414/375 328/379/380 
f 328/379/380 363/414/375 325/376/374 
f 367/418/379 328/379/380 301/352/381 
f 367/418/379 301/352/381 298/349/382 
f 367/418/379 298/349/382 368/419/383 
f 367/418/379 368/419/383 366/417/378 
f 366/417/378 368/419/383 369/420/384 
f 366/417/378 369/420/384 370/421/385 
f 366/417/378 370/421/385 365/416/377 
f 365/416/377 370/421/385 371/422/386 
f 365/416/377 371/422/386 359/410/368 
f 359/410/368 371/422/386 190/220/387 
f 359/410/368 190/220/387 182/212/388 
f 359/410/368 182/212/388 180/210/366 
f 190/220/387 371/422/386 191/221/389 
f 371/422/386 372/423/390 191/221/389 
f 372/423/390 371/422/386 370/421/385 
f 372/423/390 370/421/385 373/424/391 
f 373/424/391 370/421/385 369/420/384 
f 373/424/391 369/420/384 374/425/392 
f 374/425/392 369/420/384 375/426/393 
f 375/426/393 369/420/384 368/419/383 
f 375/426/393 368/419/383 298/349/382 
f 375/426/393 298/349/382 296/347/394 
f 375/426/393 296/347/394 376/427/395 
f 375/426/393 376/427/395 374/425/392 
f 296/347/394 295/346/396 376/427/395 
f 374/425/392 376/427/395 377/428/397 
f 376/427/395 295/346/396 378/429/398 
f 377/428/397 376/427/395 378/429/398 
f 295/346/396 293/344/399 378/429/398 
f 378/429/398 293/344/399 291/342/400 
f 378/429/398 291/342/400 379/430/401 
f 378/429/398 379/430/401 380/431/402 
f 378/429/398 380/431/402 377/428/397 
f 377/428/397 380/431/402 381/432/403 
f 377/428/397 381/432/403 382/433/404 
f 377/428/397 382/433/404 374/425/392 
f 382/433/404 373/424/391 374/425/392 
f 373/424/391 382/433/404 383/434/405 
f 373/424/391 383/434/405 372/423/390 
f 383/434/405 382/433/404 381/432/403 
f 372/423/390 383/434/405 189/219/406 
f 372/423/390 189/219/406 191/221/389 
f 189/219/406 383/434/405 188/218/407 
f 383/434/405 384/435/408 188/218/407 
f 384/435/408 383/434/405 381/432/403 
f 188/218/407 384/435/408 187/217/409 
f 384/435/408 381/432/403 385/436/410 
f 187/217/409 384/435/408 385/436/410 
f 381/432/403 386/437/411 385/436/410 
f 386/437/411 381/432/403 380/431/402 
f 386/437/411 380/431/402 387/438/412 
f 387/438/412 380/431/402 379/430/401 
f 387/438/412 379/430/401 388/439/413 
f 388/439/413 379/430/401 291/342/400 
f 388/439/413 291/342/400 289/340/414 
f 388/439/413 289/340/414 389/440/415 
f 388/439/413 389/440/415 390/441/416 
f 388/439/413 390/441/416 387/438/412 
f 387/438/412 390/441/416 334/385/335 
f 387/438/412 334/385/335 386/437/411 
f 386/437/411 334/385/335 333/384/333 
f 386/437/411 333/384/333 385/436/410 
f 385/436/410 333/384/333 186/216/334 
f 385/436/410 186/216/334 187/217/409 
f 289/340/414 287/338/417 389/440/415 
f 389/440/415 287/338/417 391/442/418 
f 389/440/415 391/442/418 392/443/419 
f 389/440/415 392/443/419 390/441/416 
f 390/441/416 392/443/419 335/386/336 
f 390/441/416 335/386/336 334/385/335 
f 335/386/336 392/443/419 336/387/337 
f 336/387/337 392/443/419 391/442/418 
f 336/387/337 391/442/418 352/403/357 
f 352/403/357 391/442/418 281/332/420 
f 281/332/420 391/442/418 287/338/417 
f 352/403/357 281/332/420 283/334/358 
f 314/365/421 317/368/422 393/444/423 
f 393/444/423 317/368/422 285/336/424 
f 314/365/421 393/444/423 394/445/425 
f 314/365/421 394/445/425 312/363/426 
f 394/445/425 393/444/423 395/446/427 
f 395/446/427 393/444/423 396/447/428 
f 396/447/428 393/444/423 285/336/424 
f 396/447/428 285/336/424 397/448/429 
f 285/336/424 286/337/430 397/448/429 
f 396/447/428 397/448/429 398/449/431 
f 396/447/428 398/449/431 399/450/432 
f 396/447/428 399/450/432 395/446/427 
f 395/446/427 399/450/432 400/451/433 
f 395/446/427 400/451/433 401/452/434 
f 395/446/427 401/452/434 394/445/425 
f 394/445/425 401/452/434 402/453/435 
f 394/445/425 402/453/435 312/363/426 
f 312/363/426 402/453/435 310/361/436 
f 402/453/435 403/454/437 310/361/436 
f 403/454/437 402/453/435 404/455/438 
f 404/455/438 402/453/435 401/452/434 
f 404/455/438 401/452/434 405/456/439 
f 405/456/439 401/452/434 400/451/433 
f 404/455/438 405/456/439 406/457/440 
f 404/455/438 406/457/440 407/458/441 
f 404/455/438 407/458/441 403/454/437 
f 403/454/437 407/458/441 408/459/442 
f 403/454/437 408/459/442 409/460/443 
f 403/454/437 409/460/443 310/361/436 
f 409/460/443 309/360/444 310/361/436 
f 309/360/444 409/460/443 307/358/445 
f 409/460/443 410/461/446 307/358/445 
f 410/461/446 409/460/443 408/459/442 
f 307/358/445 410/461/446 304/355/447 
f 408/459/442 411/462/448 410/461/446 
f 411/462/448 408/459/442 412/463/449 
f 412/463/449 408/459/442 407/458/441 
f 412/463/449 407/458/441 413/464/450 
f 413/464/450 407/458/441 406/457/440 
f 413/464/450 406/457/440 414/465/451 
f 414/465/451 406/457/440 415/466/452 
f 406/457/440 405/456/439 415/466/452 
f 415/466/452 405/456/439 416/467/453 
f 405/456/439 400/451/433 416/467/453 
f 415/466/452 416/467/453 417/468/454 
f 415/466/452 417/468/454 418/469/455 
f 415/466/452 418/469/455 414/465/451 
f 418/469/455 419/470/456 414/465/451 
f 414/465/451 419/470/456 420/471/457 
f 414/465/451 420/471/457 413/464/450 
f 413/464/450 420/471/457 421/472/458 
f 413/464/450 421/472/458 412/463/449 
f 412/463/449 421/472/458 422/473/459 
f 412/463/449 422/473/459 411/462/448 
f 411/462/448 422/473/459 423/474/460 
f 411/462/448 423/474/460 424/475/461 
f 411/462/448 424/475/461 410/461/446 
f 410/461/446 424/475/461 304/355/447 
f 304/355/447 424/475/461 303/354/462 
f 424/475/461 425/476/463 303/354/462 
f 425/476/463 424/475/461 423/474/460 
f 425/476/463 423/474/460 426/477/464 
f 426/477/464 423/474/460 427/478/465 
f 427/478/465 423/474/460 422/473/459 
f 427/478/465 422/473/459 428/479/466 
f 428/479/466 422/473/459 421/472/458 
f 428/479/466 421/472/458 429/480/467 
f 429/480/467 421/472/458 420/471/457 
f 429/480/467 420/471/457 430/481/468 
f 430/481/468 420/471/457 419/470/456 
f 430/481/468 419/470/456 431/482/469 
f 431/482/469 419/470/456 432/483/470 
f 419/470/456 418/469/455 432/483/470 
f 432/483/470 418/469/455 433/484/471 
f 418/469/455 417/468/454 433/484/471 
f 433/484/471 417/468/454 434/485/472 
f 417/468/454 435/486/473 434/485/472 
f 435/486/473 417/468/454 416/467/453 
f 435/486/473 416/467/453 436/487/474 
f 436/487/474 416/467/453 400/451/433 
f 435/486/473 436/487/474 437/488/475 
f 435/486/473 437/488/475 438/489/476 
f 435/486/473 438/489/476 434/485/472 
f 434/485/472 438/489/476 439/490/477 
f 434/485/472 439/490/477 440/491/478 
f 434/485/472 440/491/478 433/484/471 
f 440/491/478 441/492/479 433/484/471 
f 433/484/471 441/492/479 432/483/470 
f 441/492/479 442/493/480 432/483/470 
f 432/483/470 442/493/480 431/482/469 
f 442/493/480 443/494/481 431/482/469 
f 431/482/469 443/494/481 444/495/482 
f 431/482/469 444/495/482 430/481/468 
f 430/481/468 444/495/482 429/480/467 
f 444/495/482 445/496/483 429/480/467 
f 429/480/467 445/496/483 446/497/484 
f 429/480/467 446/497/484 428/479/466 
f 428/479/466 446/497/484 447/498/485 
f 428/479/466 447/498/485 427/478/465 
f 446/497/484 448/499/486 447/498/485 
f 448/499/486 446/497/484 449/500/487 
f 449/500/487 446/497/484 445/496/483 
f 449/500/487 445/496/483 450/501/488 
f 450/501/488 445/496/483 444/495/482 
f 450/501/488 444/495/482 451/502/489 
f 451/502/489 444/495/482 443/494/481 
f 451/502/489 443/494/481 452/503/490 
f 452/503/490 443/494/481 453/504/491 
f 443/494/481 442/493/480 453/504/491 
f 453/504/491 442/493/480 454/505/492 
f 442/493/480 441/492/479 454/505/492 
f 454/505/492 441/492/479 455/506/493 
f 441/492/479 440/491/478 455/506/493 
f 455/506/493 440/491/478 456/507/494 
f 440/491/478 439/490/477 456/507/494 
f 456/507/494 439/490/477 457/508/495 
f 439/490/477 458/509/496 457/508/495 
f 458/509/496 439/490/477 438/489/476 
f 458/509/496 438/489/476 459/510/497 
f 459/510/497 438/489/476 437/488/475 
f 458/509/496 459/510/497 460/511/498 
f 458/509/496 460/511/498 461/512/499 
f 458/509/496 461/512/499 457/508/495 
f 457/508/495 461/512/499 462/513/500 
f 457/508/495 462/513/500 456/507/494 
f 462/513/500 463/514/501 456/507/494 
f 456/507/494 463/514/501 455/506/493 
f 463/514/501 464/515/502 455/506/493 
f 455/506/493 464/515/502 465/516/503 
f 455/506/493 465/516/503 466/517/504 
f 455/506/493 466/517/504 454/505/492 
f 454/505/492 466/517/504 467/518/505 
f 454/505/492 467/518/505 468/519/506 
f 454/505/492 468/519/506 469/520/507 
f 454/505/492 469/520/507 453/504/491 
f 453/504/491 469/520/507 470/521/508 
f 453/504/491 470/521/508 452/503/490 
f 452/503/490 470/521/508 471/522/509 
f 452/503/490 471/522/509 451/502/489 
f 451/502/489 471/522/509 450/501/488 
f 450/501/488 471/522/509 472/523/510 
f 471/522/509 473/524/511 472/523/510 
f 473/524/511 471/522/509 474/525/512 
f 474/525/512 471/522/509 470/521/508 
f 461/512/499 475/526/513 462/513/500 
f 475/526/513 461/512/499 476/527/1 
f 476/527/1 461/512/499 477/528/1 
f 461/512/499 478/529/514 477/528/1 
f 478/529/514 461/512/499 460/511/498 
f 477/528/1 478/529/514 479/530/1 
f 478/529/514 480/531/515 479/530/1 
f 480/531/515 478/529/514 481/532/516 
f 478/529/514 482/533/517 481/532/516 
f 481/532/516 482/533/517 483/534/518 
f 482/533/517 478/529/514 484/535/519 
f 484/535/519 478/529/514 460/511/498 
f 482/533/517 484/535/519 485/536/520 
f 482/533/517 485/536/520 486/537/521 
f 482/533/517 486/537/521 483/534/518 
f 483/534/518 486/537/521 487/538/522 
f 483/534/518 487/538/522 488/539/523 
f 487/538/522 486/537/521 489/540/524 
f 489/540/524 486/537/521 485/536/520 
f 489/540/524 485/536/520 490/541/525 
f 490/541/525 485/536/520 491/542/526 
f 485/536/520 484/535/519 491/542/526 
f 491/542/526 484/535/519 492/543/527 
f 484/535/519 460/511/498 492/543/527 
f 492/543/527 460/511/498 459/510/497 
f 492/543/527 459/510/497 493/544/528 
f 492/543/527 493/544/528 494/545/529 
f 492/543/527 494/545/529 491/542/526 
f 494/545/529 495/546/530 491/542/526 
f 491/542/526 495/546/530 490/541/525 
f 495/546/530 496/547/531 490/541/525 
f 490/541/525 496/547/531 497/548/532 
f 490/541/525 497/548/532 489/540/524 
f 489/540/524 497/548/532 498/549/533 
f 489/540/524 498/549/533 487/538/522 
f 497/548/532 499/550/534 498/549/533 
f 499/550/534 497/548/532 500/551/535 
f 500/551/535 497/548/532 496/547/531 
f 500/551/535 496/547/531 501/552/536 
f 501/552/536 496/547/531 502/553/537 
f 496/547/531 495/546/530 502/553/537 
f 502/553/537 495/546/530 494/545/529 
f 502/553/537 494/545/529 503/554/538 
f 503/554/538 494/545/529 504/555/539 
f 494/545/529 493/544/528 504/555/539 
f 504/555/539 493/544/528 505/556/540 
f 493/544/528 437/488/475 505/556/540 
f 437/488/475 493/544/528 459/510/497 
f 505/556/540 437/488/475 436/487/474 
f 505/556/540 436/487/474 506/557/541 
f 505/556/540 506/557/541 507/558/542 
f 505/556/540 507/558/542 504/555/539 
f 507/558/542 508/559/543 504/555/539 
f 504/555/539 508/559/543 503/554/538 
f 508/559/543 509/560/544 503/554/538 
f 503/554/538 509/560/544 510/561/545 
f 503/554/538 510/561/545 502/553/537 
f 502/553/537 510/561/545 501/552/536 
f 510/561/545 511/562/546 501/552/536 
f 501/552/536 511/562/546 512/563/547 
f 501/552/536 512/563/547 500/551/535 
f 500/551/535 512/563/547 513/564/548 
f 500/551/535 513/564/548 499/550/534 
f 499/550/534 513/564/548 514/565/549 
f 499/550/534 514/565/549 515/566/550 
f 499/550/534 515/566/550 498/549/533 
f 498/549/533 515/566/550 173/203/551 
f 498/549/533 173/203/551 487/538/522 
f 173/203/551 515/566/550 174/204/552 
f 515/566/550 516/567/553 174/204/552 
f 516/567/553 515/566/550 514/565/549 
f 516/567/553 514/565/549 517/568/554 
f 517/568/554 514/565/549 518/569/555 
f 518/569/555 514/565/549 513/564/548 
f 518/569/555 513/564/548 519/570/556 
f 513/564/548 520/571/557 519/570/556 
f 520/571/557 513/564/548 512/563/547 
f 520/571/557 512/563/547 521/572/558 
f 521/572/558 512/563/547 511/562/546 
f 521/572/558 511/562/546 522/573/559 
f 522/573/559 511/562/546 523/574/560 
f 511/562/546 510/561/545 523/574/560 
f 523/574/560 510/561/545 509/560/544 
f 523/574/560 509/560/544 524/575/561 
f 524/575/561 509/560/544 525/576/562 
f 509/560/544 508/559/543 525/576/562 
f 525/576/562 508/559/543 398/449/431 
f 508/559/543 507/558/542 398/449/431 
f 525/576/562 398/449/431 397/448/429 
f 525/576/562 397/448/429 526/577/563 
f 525/576/562 526/577/563 524/575/561 
f 526/577/563 397/448/429 286/337/430 
f 526/577/563 286/337/430 288/339/564 
f 526/577/563 288/339/564 527/578/565 
f 526/577/563 527/578/565 524/575/561 
f 524/575/561 527/578/565 528/579/566 
f 524/575/561 528/579/566 523/574/560 
f 523/574/560 528/579/566 522/573/559 
f 528/579/566 529/580/567 522/573/559 
f 522/573/559 529/580/567 530/581/568 
f 522/573/559 530/581/568 521/572/558 
f 521/572/558 530/581/568 531/582/569 
f 521/572/558 531/582/569 520/571/557 
f 520/571/557 531/582/569 532/583/570 
f 520/571/557 532/583/570 519/570/556 
f 519/570/556 532/583/570 447/498/485 
f 519/570/556 447/498/485 448/499/486 
f 519/570/556 448/499/486 518/569/555 
f 518/569/555 448/499/486 517/568/554 
f 517/568/554 448/499/486 449/500/487 
f 517/568/554 449/500/487 533/584/571 
f 533/584/571 449/500/487 450/501/488 
f 517/568/554 533/584/571 516/567/553 
f 516/567/553 533/584/571 534/585/572 
f 534/585/572 533/584/571 535/586/573 
f 533/584/571 450/501/488 535/586/573 
f 535/586/573 450/501/488 472/523/510 
f 535/586/573 472/523/510 536/587/574 
f 535/586/573 536/587/574 537/588/575 
f 535/586/573 537/588/575 538/589/576 
f 535/586/573 538/589/576 534/585/572 
f 534/585/572 538/589/576 174/204/552 
f 534/585/572 174/204/552 516/567/553 
f 538/589/576 175/205/577 174/204/552 
f 175/205/577 539/590/578 173/203/551 
f 539/590/578 540/591/579 173/203/551 
f 540/591/579 541/592/580 173/203/551 
f 173/203/551 541/592/580 487/538/522 
f 541/592/580 542/593/581 487/538/522 
f 542/593/581 488/539/523 487/538/522 
f 532/583/570 427/478/465 447/498/485 
f 427/478/465 532/583/570 426/477/464 
f 426/477/464 532/583/570 531/582/569 
f 426/477/464 531/582/569 543/594/582 
f 426/477/464 543/594/582 425/476/463 
f 543/594/582 531/582/569 530/581/568 
f 543/594/582 530/581/568 544/595/583 
f 543/594/582 544/595/583 545/596/584 
f 543/594/582 545/596/584 425/476/463 
f 425/476/463 545/596/584 303/354/462 
f 545/596/584 299/350/585 303/354/462 
f 299/350/585 545/596/584 297/348/586 
f 545/596/584 544/595/583 297/348/586 
f 297/348/586 544/595/583 294/345/587 
f 544/595/583 529/580/567 294/345/587 
f 529/580/567 544/595/583 530/581/568 
f 294/345/587 529/580/567 292/343/588 
f 529/580/567 528/579/566 292/343/588 
f 292/343/588 528/579/566 527/578/565 
f 292/343/588 527/578/565 290/341/589 
f 290/341/589 527/578/565 288/339/564 
f 400/451/433 506/557/541 436/487/474 
f 506/557/541 400/451/433 399/450/432 
f 506/557/541 399/450/432 507/558/542 
f 399/450/432 398/449/431 507/558/542 
f 546/597/590 547/598/591 548/599/591 
f 548/599/591 547/598/591 549/600/592 
f 546/597/590 548/599/591 550/601/593 
f 546/597/590 550/601/593 551/602/594 
f 550/601/593 552/603/595 551/602/594 
f 551/602/594 552/603/595 553/604/596 
f 552/603/595 554/605/597 553/604/596 
f 553/604/596 554/605/597 555/606/598 
f 554/605/597 556/607/599 555/606/598 
f 555/606/598 556/607/599 557/608/600 
f 556/607/599 558/609/601 557/608/600 
f 557/608/600 558/609/601 559/610/602 
f 557/608/600 559/610/602 560/611/603 
f 560/611/603 559/610/602 561/612/604 
f 560/611/603 561/612/604 562/613/605 
f 562/613/605 561/612/604 563/614/606 
f 561/612/604 564/615/607 563/614/606 
f 563/614/606 564/615/607 565/616/608 
f 564/615/607 566/617/609 565/616/608 
f 565/616/608 566/617/609 567/618/610 
f 566/617/609 568/619/611 567/618/610 
f 567/618/610 568/619/611 569/620/612 
f 568/619/611 570/621/613 569/620/612 
f 569/620/612 570/621/613 571/622/614 
f 570/621/613 572/623/615 571/622/614 
f 571/622/614 572/623/615 573/624/616 
f 571/622/614 573/624/616 574/625/617 
f 574/625/617 573/624/616 575/626/618 
f 574/625/617 575/626/618 576/627/619 
f 576/627/619 575/626/618 577/628/620 
f 575/626/618 578/629/621 577/628/620 
f 577/628/620 578/629/621 579/630/622 
f 578/629/621 580/631/623 579/630/622 
f 579/630/622 580/631/623 581/632/624 
f 580/631/623 582/633/625 581/632/624 
f 581/632/624 582/633/625 583/634/626 
f 582/633/625 584/635/627 583/634/626 
f 583/634/626 584/635/627 585/636/628 
f 584/635/627 586/637/629 585/636/628 
f 585/636/628 586/637/629 587/638/630 
f 585/636/628 587/638/630 588/639/631 
f 588/639/631 587/638/630 589/640/632 
f 588/639/631 589/640/632 590/641/633 
f 590/641/633 589/640/632 591/642/634 
f 589/640/632 592/643/635 591/642/634 
f 591/642/634 592/643/635 593/644/636 
f 592/643/635 594/645/637 593/644/636 
f 593/644/636 594/645/637 595/646/638 
f 594/645/637 596/647/639 595/646/638 
f 595/646/638 596/647/639 597/648/640 
f 596/647/639 598/649/641 597/648/640 
f 597/648/640 598/649/641 599/650/642 
f 598/649/641 600/651/643 599/650/642 
f 599/650/642 600/651/643 601/652/644 
f 599/650/642 601/652/644 549/600/592 
f 549/600/592 601/652/644 548/599/591 
f 550/601/645 548/599/646 541/592/647 
f 541/592/647 548/599/646 601/652/648 
f 550/601/645 541/592/647 540/591/649 
f 550/601/645 540/591/649 552/603/650 
f 540/591/649 539/590/651 552/603/650 
f 552/603/650 539/590/651 554/605/652 
f 539/590/651 175/205/653 554/605/652 
f 554/605/652 175/205/653 556/607/654 
f 175/205/653 538/589/655 556/607/654 
f 556/607/654 538/589/655 558/609/656 
f 538/589/655 537/588/657 558/609/656 
f 558/609/656 537/588/657 536/587/658 
f 558/609/656 536/587/658 559/610/659 
f 559/610/659 536/587/658 472/523/660 
f 559/610/659 472/523/660 561/612/661 
f 561/612/661 472/523/660 564/615/662 
f 472/523/660 473/524/663 564/615/662 
f 564/615/662 473/524/663 566/617/664 
f 473/524/663 474/525/665 566/617/664 
f 566/617/664 474/525/665 568/619/666 
f 474/525/665 470/521/667 568/619/666 
f 568/619/666 470/521/667 570/621/668 
f 470/521/667 469/520/669 570/621/668 
f 570/621/668 469/520/669 572/623/670 
f 469/520/669 468/519/671 572/623/670 
f 572/623/670 468/519/671 467/518/672 
f 572/623/670 467/518/672 573/624/673 
f 573/624/673 467/518/672 466/517/674 
f 573/624/673 466/517/674 575/626/675 
f 575/626/675 466/517/674 578/629/676 
f 466/517/674 465/516/677 578/629/676 
f 578/629/676 465/516/677 580/631/678 
f 465/516/677 464/515/679 580/631/678 
f 580/631/678 464/515/679 582/633/680 
f 464/515/679 463/514/681 582/633/680 
f 582/633/680 463/514/681 584/635/682 
f 463/514/681 462/513/683 584/635/682 
f 584/635/682 462/513/683 586/637/684 
f 462/513/683 475/526/685 586/637/684 
f 586/637/684 475/526/685 476/527/686 
f 586/637/684 476/527/686 587/638/687 
f 587/638/687 476/527/686 477/528/688 
f 587/638/687 477/528/688 589/640/689 
f 589/640/689 477/528/688 592/643/690 
f 477/528/688 479/530/691 592/643/690 
f 592/643/690 479/530/691 594/645/692 
f 479/530/691 480/531/693 594/645/692 
f 594/645/692 480/531/693 596/647/694 
f 480/531/693 481/532/695 596/647/694 
f 596/647/694 481/532/695 598/649/696 
f 481/532/695 483/534/697 598/649/696 
f 598/649/696 483/534/697 600/651/698 
f 483/534/697 488/539/699 600/651/698 
f 600/651/698 488/539/699 542/593/700 
f 600/651/698 542/593/700 601/652/648 
f 601/652/648 542/593/700 541/592/647 
f 277/313/701 278/314/702 275/311/703 
f 277/313/701 276/312/704 602/653/705 
f 276/312/704 603/653/706 602/653/705 
f 602/653/705 603/653/706 604/654/707 
f 603/653/706 276/312/704 605/655/708 
f 276/312/704 606/656/709 605/655/708 
f 606/656/709 276/312/704 275/311/703 
f 606/656/709 275/311/703 607/657/710 
f 607/657/710 275/311/703 280/315/711 
f 280/315/711 275/311/703 278/314/702 
f 607/657/710 280/315/711 608/658/712 
f 607/657/710 608/658/712 609/659/713 
f 607/657/710 609/659/713 610/660/714 
f 607/657/710 610/660/714 606/656/709 
f 610/660/714 611/661/715 606/656/709 
f 606/656/709 611/661/715 605/655/708 
f 611/661/715 612/662/716 605/655/708 
f 605/655/708 612/662/716 613/663/717 
f 605/655/708 613/663/717 603/653/706 
f 613/663/717 614/654/718 603/653/706 
f 603/653/706 614/654/718 604/654/707 
f 604/654/707 614/654/718 615/664/719 
f 614/654/718 616/664/720 615/664/719 
f 616/664/720 614/654/718 617/665/721 
f 614/654/718 613/663/717 617/665/721 
f 617/665/721 613/663/717 618/666/722 
f 618/666/722 613/663/717 612/662/716 
f 618/666/722 612/662/716 619/667/723 
f 612/662/716 620/668/724 619/667/723 
f 620/668/724 612/662/716 611/661/715 
f 620/668/724 611/661/715 621/669/725 
f 621/669/725 611/661/715 610/660/714 
f 621/669/725 610/660/714 622/670/726 
f 622/670/726 610/660/714 609/659/713 
f 622/670/726 609/659/713 623/671/727 
f 623/671/727 609/659/713 624/672/728 
f 624/672/728 609/659/713 608/658/712 
f 624/672/728 608/658/712 625/673/729 
f 625/673/729 608/658/712 626/674/730 
f 608/658/712 280/315/711 626/674/730 
f 626/674/730 280/315/711 279/315/731 
f 626/674/730 279/315/731 627/674/732 
f 626/674/730 627/674/732 628/675/733 
f 626/674/730 628/675/733 625/673/729 
f 627/674/732 629/675/734 628/675/733 
f 625/673/729 628/675/733 630/676/735 
f 628/675/733 629/675/734 631/677/736 
f 630/676/735 628/675/733 631/677/736 
f 629/675/734 632/677/737 631/677/736 
f 631/677/736 632/677/737 633/678/738 
f 631/677/736 633/678/738 634/679/739 
f 631/677/736 634/679/739 630/676/735 
f 630/676/735 634/679/739 635/680/740 
f 630/676/735 635/680/740 636/681/741 
f 630/676/735 636/681/741 625/673/729 
f 636/681/741 624/672/728 625/673/729 
f 624/672/728 636/681/741 637/682/742 
f 624/672/728 637/682/742 623/671/727 
f 636/681/741 638/683/743 637/682/742 
f 638/683/743 636/681/741 635/680/740 
f 638/683/743 635/680/740 639/684/744 
f 639/684/744 635/680/740 640/685/745 
f 640/685/745 635/680/740 634/679/739 
f 640/685/745 634/679/739 641/686/746 
f 641/686/746 634/679/739 633/678/738 
f 641/686/746 633/678/738 642/687/747 
f 642/687/747 633/678/738 643/678/748 
f 643/678/748 633/678/738 632/677/737 
f 642/687/747 643/678/748 644/687/749 
f 642/687/747 644/687/749 645/688/750 
f 642/687/747 645/688/750 646/689/751 
f 642/687/747 646/689/751 641/686/746 
f 641/686/746 646/689/751 647/690/752 
f 641/686/746 647/690/752 640/685/745 
f 640/685/745 647/690/752 648/691/753 
f 640/685/745 648/691/753 639/684/744 
f 639/684/744 648/691/753 649/692/754 
f 639/684/744 649/692/754 650/693/755 
f 639/684/744 650/693/755 638/683/743 
f 650/693/755 651/694/756 638/683/743 
f 638/683/743 651/694/756 637/682/742 
f 651/694/756 652/695/757 637/682/742 
f 637/682/742 652/695/757 623/671/727 
f 652/695/757 651/694/756 653/696/758 
f 653/696/758 651/694/756 654/697/759 
f 651/694/756 650/693/755 654/697/759 
f 654/697/759 650/693/755 655/698/760 
f 650/693/755 649/692/754 655/698/760 
f 655/698/760 649/692/754 656/699/761 
f 649/692/754 657/700/762 656/699/761 
f 657/700/762 649/692/754 648/691/753 
f 657/700/762 648/691/753 658/701/763 
f 658/701/763 648/691/753 647/690/752 
f 658/701/763 647/690/752 659/702/764 
f 659/702/764 647/690/752 646/689/751 
f 659/702/764 646/689/751 660/703/765 
f 660/703/765 646/689/751 645/688/750 
f 660/703/765 645/688/750 661/704/766 
f 661/704/766 645/688/750 662/688/767 
f 662/688/767 645/688/750 644/687/749 
f 661/704/766 662/688/767 663/704/768 
f 661/704/766 663/704/768 664/705/769 
f 661/704/766 664/705/769 665/706/770 
f 661/704/766 665/706/770 660/703/765 
f 660/703/765 665/706/770 666/707/771 
f 660/703/765 666/707/771 659/702/764 
f 659/702/764 666/707/771 667/708/772 
f 659/702/764 667/708/772 658/701/763 
f 658/701/763 667/708/772 668/709/773 
f 658/701/763 668/709/773 657/700/762 
f 657/700/762 668/709/773 669/710/774 
f 657/700/762 669/710/774 656/699/761 
f 656/699/761 669/710/774 670/711/775 
f 656/699/761 670/711/775 671/712/776 
f 656/699/761 671/712/776 655/698/760 
f 671/712/776 672/713/777 655/698/760 
f 655/698/760 672/713/777 654/697/759 
f 672/713/777 673/714/778 654/697/759 
f 654/697/759 673/714/778 653/696/758 
f 673/714/778 672/713/777 674/715/779 
f 674/715/779 672/713/777 675/716/780 
f 672/713/777 671/712/776 675/716/780 
f 675/716/780 671/712/776 676/717/781 
f 671/712/776 670/711/775 676/717/781 
f 676/717/781 670/711/775 677/718/782 
f 670/711/775 678/719/783 677/718/782 
f 678/719/783 670/711/775 669/710/774 
f 678/719/783 669/710/774 679/720/784 
f 679/720/784 669/710/774 668/709/773 
f 679/720/784 668/709/773 680/721/785 
f 680/721/785 668/709/773 667/708/772 
f 680/721/785 667/708/772 681/722/786 
f 681/722/786 667/708/772 666/707/771 
f 681/722/786 666/707/771 682/723/787 
f 682/723/787 666/707/771 665/706/770 
f 682/723/787 665/706/770 683/724/788 
f 683/724/788 665/706/770 664/705/769 
f 683/724/788 664/705/769 684/725/789 
f 684/725/789 664/705/769 685/705/790 
f 685/705/790 664/705/769 663/704/768 
f 684/725/789 685/705/790 686/725/791 
f 684/725/789 686/725/791 687/726/792 
f 684/725/789 687/726/792 688/727/793 
f 684/725/789 688/727/793 683/724/788 
f 683/724/788 688/727/793 689/728/794 
f 683/724/788 689/728/794 682/723/787 
f 682/723/787 689/728/794 690/729/795 
f 682/723/787 690/729/795 681/722/786 
f 681/722/786 690/729/795 691/730/796 
f 681/722/786 691/730/796 680/721/785 
f 680/721/785 691/730/796 692/731/797 
f 680/721/785 692/731/797 679/720/784 
f 679/720/784 692/731/797 693/732/798 
f 679/720/784 693/732/798 678/719/783 
f 678/719/783 693/732/798 694/733/799 
f 678/719/783 694/733/799 677/718/782 
f 694/733/799 693/732/798 695/734/800 
f 693/732/798 696/735/801 695/734/800 
f 696/735/801 693/732/798 692/731/797 
f 696/735/801 692/731/797 697/736/802 
f 697/736/802 692/731/797 691/730/796 
f 697/736/802 691/730/796 698/737/803 
f 698/737/803 691/730/796 690/729/795 
f 698/737/803 690/729/795 699/738/804 
f 699/738/804 690/729/795 689/728/794 
f 699/738/804 689/728/794 700/739/805 
f 700/739/805 689/728/794 688/727/793 
f 700/739/805 688/727/793 701/740/806 
f 701/740/806 688/727/793 687/726/792 
f 701/740/806 687/726/792 702/741/807 
f 702/741/807 687/726/792 703/726/808 
f 703/726/808 687/726/792 686/725/791 
f 702/741/807 703/726/808 704/741/809 
f 702/741/807 704/741/809 705/742/810 
f 702/741/807 705/742/810 706/743/811 
f 702/741/807 706/743/811 701/740/806 
f 701/740/806 706/743/811 707/744/812 
f 701/740/806 707/744/812 700/739/805 
f 700/739/805 707/744/812 708/745/813 
f 700/739/805 708/745/813 699/738/804 
f 699/738/804 708/745/813 709/746/814 
f 699/738/804 709/746/814 698/737/803 
f 698/737/803 709/746/814 710/747/815 
f 698/737/803 710/747/815 697/736/802 
f 697/736/802 710/747/815 711/748/816 
f 697/736/802 711/748/816 696/735/801 
f 696/735/801 711/748/816 712/749/817 
f 696/735/801 712/749/817 695/734/800 
f 712/749/817 711/748/816 713/750/818 
f 711/748/816 714/751/819 713/750/818 
f 714/751/819 711/748/816 710/747/815 
f 714/751/819 710/747/815 715/752/820 
f 715/752/820 710/747/815 709/746/814 
f 715/752/820 709/746/814 716/753/821 
f 716/753/821 709/746/814 708/745/813 
f 716/753/821 708/745/813 717/754/822 
f 717/754/822 708/745/813 707/744/812 
f 717/754/822 707/744/812 718/755/823 
f 718/755/823 707/744/812 706/743/811 
f 718/755/823 706/743/811 719/756/824 
f 719/756/824 706/743/811 705/742/810 
f 719/756/824 705/742/810 720/757/825 
f 720/757/825 705/742/810 721/742/826 
f 721/742/826 705/742/810 704/741/809 
f 720/757/825 721/742/826 722/757/827 
f 720/757/825 722/757/827 723/758/828 
f 720/757/825 723/758/828 724/759/829 
f 720/757/825 724/759/829 719/756/824 
f 719/756/824 724/759/829 725/760/830 
f 719/756/824 725/760/830 718/755/823 
f 718/755/823 725/760/830 726/761/831 
f 718/755/823 726/761/831 717/754/822 
f 717/754/822 726/761/831 727/762/832 
f 717/754/822 727/762/832 716/753/821 
f 716/753/821 727/762/832 728/763/833 
f 716/753/821 728/763/833 715/752/820 
f 715/752/820 728/763/833 729/764/834 
f 715/752/820 729/764/834 714/751/819 
f 714/751/819 729/764/834 730/765/835 
f 714/751/819 730/765/835 713/750/818 
f 730/765/835 729/764/834 731/766/836 
f 729/764/834 732/767/837 731/766/836 
f 732/767/837 729/764/834 728/763/833 
f 732/767/837 728/763/833 733/768/838 
f 733/768/838 728/763/833 727/762/832 
f 733/768/838 727/762/832 734/769/839 
f 734/769/839 727/762/832 726/761/831 
f 734/769/839 726/761/831 735/770/840 
f 735/770/840 726/761/831 725/760/830 
f 735/770/840 725/760/830 736/771/841 
f 736/771/841 725/760/830 724/759/829 
f 736/771/841 724/759/829 737/772/842 
f 737/772/842 724/759/829 723/758/828 
f 737/772/842 723/758/828 738/773/843 
f 738/773/843 723/758/828 739/758/844 
f 739/758/844 723/758/828 722/757/827 
f 738/773/843 739/758/844 740/773/845 
f 738/773/843 740/773/845 741/774/846 
f 738/773/843 741/774/846 742/775/847 
f 738/773/843 742/775/847 737/772/842 
f 737/772/842 742/775/847 743/776/848 
f 737/772/842 743/776/848 736/771/841 
f 736/771/841 743/776/848 744/777/849 
f 736/771/841 744/777/849 735/770/840 
f 735/770/840 744/777/849 745/778/850 
f 735/770/840 745/778/850 734/769/839 
f 734/769/839 745/778/850 746/779/851 
f 734/769/839 746/779/851 733/768/838 
f 733/768/838 746/779/851 747/780/852 
f 733/768/838 747/780/852 732/767/837 
f 732/767/837 747/780/852 748/781/853 
f 732/767/837 748/781/853 731/766/836 
f 748/781/853 747/780/852 749/782/854 
f 747/780/852 750/783/855 749/782/854 
f 750/783/855 747/780/852 746/779/851 
f 750/783/855 746/779/851 751/784/856 
f 751/784/856 746/779/851 745/778/850 
f 751/784/856 745/778/850 752/785/857 
f 752/785/857 745/778/850 744/777/849 
f 752/785/857 744/777/849 753/786/858 
f 753/786/858 744/777/849 743/776/848 
f 753/786/858 743/776/848 754/787/859 
f 754/787/859 743/776/848 742/775/847 
f 754/787/859 742/775/847 755/788/860 
f 755/788/860 742/775/847 741/774/846 
f 755/788/860 741/774/846 756/789/861 
f 756/789/861 741/774/846 757/774/862 
f 757/774/862 741/774/846 740/773/845 
f 756/789/861 757/774/862 758/789/863 
f 756/789/861 758/789/863 759/790/864 
f 756/789/861 759/790/864 760/791/865 
f 756/789/861 760/791/865 755/788/860 
f 755/788/860 760/791/865 761/792/866 
f 755/788/860 761/792/866 754/787/859 
f 754/787/859 761/792/866 762/793/867 
f 754/787/859 762/793/867 753/786/858 
f 753/786/858 762/793/867 763/794/868 
f 753/786/858 763/794/868 752/785/857 
f 752/785/857 763/794/868 764/795/869 
f 752/785/857 764/795/869 751/784/856 
f 751/784/856 764/795/869 765/796/870 
f 751/784/856 765/796/870 750/783/855 
f 750/783/855 765/796/870 766/797/871 
f 750/783/855 766/797/871 749/782/854 
f 766/797/871 765/796/870 767/798/872 
f 765/796/870 768/799/873 767/798/872 
f 768/799/873 765/796/870 764/795/869 
f 768/799/873 764/795/869 769/800/874 
f 769/800/874 764/795/869 763/794/868 
f 769/800/874 763/794/868 770/801/875 
f 770/801/875 763/794/868 762/793/867 
f 770/801/875 762/793/867 771/802/876 
f 771/802/876 762/793/867 761/792/866 
f 771/802/876 761/792/866 772/803/877 
f 772/803/877 761/792/866 760/791/865 
f 772/803/877 760/791/865 773/804/878 
f 773/804/878 760/791/865 759/790/864 
f 773/804/878 759/790/864 774/805/879 
f 774/805/879 759/790/864 775/790/880 
f 775/790/880 759/790/864 758/789/863 
f 774/805/879 775/790/880 776/805/881 
f 774/805/879 776/805/881 777/806/882 
f 774/805/879 777/806/882 778/807/883 
f 774/805/879 778/807/883 773/804/878 
f 773/804/878 778/807/883 779/808/884 
f 773/804/878 779/808/884 772/803/877 
f 772/803/877 779/808/884 780/809/885 
f 772/803/877 780/809/885 771/802/876 
f 771/802/876 780/809/885 781/810/886 
f 771/802/876 781/810/886 770/801/875 
f 770/801/875 781/810/886 782/811/887 
f 770/801/875 782/811/887 769/800/874 
f 769/800/874 782/811/887 783/812/888 
f 769/800/874 783/812/888 768/799/873 
f 768/799/873 783/812/888 784/813/889 
f 768/799/873 784/813/889 767/798/872 
f 784/813/889 783/812/888 785/814/890 
f 783/812/888 786/815/891 785/814/890 
f 786/815/891 783/812/888 782/811/887 
f 786/815/891 782/811/887 787/816/892 
f 787/816/892 782/811/887 781/810/886 
f 787/816/892 781/810/886 788/817/893 
f 788/817/893 781/810/886 780/809/885 
f 788/817/893 780/809/885 789/818/894 
f 789/818/894 780/809/885 779/808/884 
f 789/818/894 779/808/884 790/819/895 
f 790/819/895 779/808/884 778/807/883 
f 790/819/895 778/807/883 791/820/896 
f 791/820/896 778/807/883 777/806/882 
f 791/820/896 777/806/882 792/821/897 
f 792/821/897 777/806/882 793/806/898 
f 793/806/898 777/806/882 776/805/881 
f 792/821/897 793/806/898 794/821/899 
f 792/821/897 794/821/899 795/822/900 
f 792/821/897 795/822/900 796/823/901 
f 792/821/897 796/823/901 791/820/896 
f 791/820/896 796/823/901 797/824/902 
f 791/820/896 797/824/902 790/819/895 
f 790/819/895 797/824/902 798/825/903 
f 790/819/895 798/825/903 789/818/894 
f 789/818/894 798/825/903 799/826/904 
f 789/818/894 799/826/904 788/817/893 
f 788/817/893 799/826/904 800/827/905 
f 788/817/893 800/827/905 787/816/892 
f 787/816/892 800/827/905 801/828/906 
f 787/816/892 801/828/906 786/815/891 
f 786/815/891 801/828/906 802/829/907 
f 786/815/891 802/829/907 785/814/890 
f 802/829/907 801/828/906 803/830/908 
f 801/828/906 804/831/909 803/830/908 
f 804/831/909 801/828/906 800/827/905 
f 804/831/909 800/827/905 805/832/910 
f 805/832/910 800/827/905 799/826/904 
f 805/832/910 799/826/904 806/833/911 
f 806/833/911 799/826/904 798/825/903 
f 806/833/911 798/825/903 807/834/912 
f 807/834/912 798/825/903 797/824/902 
f 807/834/912 797/824/902 808/835/913 
f 808/835/913 797/824/902 796/823/901 
f 808/835/913 796/823/901 809/836/914 
f 809/836/914 796/823/901 795/822/900 
f 809/836/914 795/822/900 810/837/915 
f 810/837/915 795/822/900 811/822/916 
f 811/822/916 795/822/900 794/821/899 
f 810/837/915 811/822/916 812/837/917 
f 810/837/915 812/837/917 813/838/918 
f 810/837/915 813/838/918 814/839/919 
f 810/837/915 814/839/919 809/836/914 
f 809/836/914 814/839/919 815/840/920 
f 809/836/914 815/840/920 808/835/913 
f 808/835/913 815/840/920 816/841/921 
f 808/835/913 816/841/921 807/834/912 
f 807/834/912 816/841/921 817/842/922 
f 807/834/912 817/842/922 806/833/911 
f 806/833/911 817/842/922 818/843/923 
f 806/833/911 818/843/923 805/832/910 
f 805/832/910 818/843/923 819/844/924 
f 805/832/910 819/844/924 804/831/909 
f 804/831/909 819/844/924 820/845/925 
f 804/831/909 820/845/925 803/830/908 
f 820/845/925 819/844/924 821/846/926 
f 819/844/924 822/847/927 821/846/926 
f 822/847/927 819/844/924 818/843/923 
f 822/847/927 818/843/923 823/848/928 
f 823/848/928 818/843/923 817/842/922 
f 823/848/928 817/842/922 824/849/929 
f 824/849/929 817/842/922 816/841/921 
f 824/849/929 816/841/921 825/850/930 
f 825/850/930 816/841/921 815/840/920 
f 825/850/930 815/840/920 826/851/931 
f 826/851/931 815/840/920 814/839/919 
f 826/851/931 814/839/919 827/852/932 
f 827/852/932 814/839/919 813/838/918 
f 827/852/932 813/838/918 828/853/933 
f 828/853/933 813/838/918 829/838/934 
f 829/838/934 813/838/918 812/837/917 
f 828/853/933 829/838/934 830/853/935 
f 828/853/933 830/853/935 831/854/936 
f 828/853/933 831/854/936 832/855/937 
f 828/853/933 832/855/937 827/852/932 
f 827/852/932 832/855/937 833/856/938 
f 827/852/932 833/856/938 826/851/931 
f 826/851/931 833/856/938 834/857/939 
f 826/851/931 834/857/939 825/850/930 
f 825/850/930 834/857/939 835/858/940 
f 825/850/930 835/858/940 824/849/929 
f 824/849/929 835/858/940 836/859/941 
f 824/849/929 836/859/941 823/848/928 
f 823/848/928 836/859/941 837/860/942 
f 823/848/928 837/860/942 822/847/927 
f 822/847/927 837/860/942 838/861/943 
f 822/847/927 838/861/943 821/846/926 
f 838/861/943 837/860/942 839/862/944 
f 837/860/942 840/863/945 839/862/944 
f 840/863/945 837/860/942 836/859/941 
f 840/863/945 836/859/941 841/864/946 
f 841/864/946 836/859/941 835/858/940 
f 841/864/946 835/858/940 842/865/947 
f 842/865/947 835/858/940 834/857/939 
f 842/865/947 834/857/939 843/866/948 
f 843/866/948 834/857/939 833/856/938 
f 843/866/948 833/856/938 844/867/949 
f 844/867/949 833/856/938 832/855/937 
f 844/867/949 832/855/937 845/868/950 
f 845/868/950 832/855/937 831/854/936 
f 845/868/950 831/854/936 846/869/951 
f 846/869/951 831/854/936 847/854/952 
f 847/854/952 831/854/936 830/853/935 
f 846/869/951 847/854/952 848/869/953 
f 846/869/951 848/869/953 849/870/954 
f 846/869/951 849/870/954 850/871/955 
f 846/869/951 850/871/955 845/868/950 
f 845/868/950 850/871/955 851/872/956 
f 845/868/950 851/872/956 844/867/949 
f 844/867/949 851/872/956 852/873/957 
f 844/867/949 852/873/957 843/866/948 
f 843/866/948 852/873/957 853/874/958 
f 843/866/948 853/874/958 842/865/947 
f 842/865/947 853/874/958 854/875/959 
f 842/865/947 854/875/959 841/864/946 
f 841/864/946 854/875/959 855/876/960 
f 841/864/946 855/876/960 840/863/945 
f 840/863/945 855/876/960 856/877/961 
f 840/863/945 856/877/961 839/862/944 
f 856/877/961 855/876/960 857/878/962 
f 855/876/960 858/879/963 857/878/962 
f 858/879/963 855/876/960 854/875/959 
f 858/879/963 854/875/959 859/880/964 
f 859/880/964 854/875/959 853/874/958 
f 859/880/964 853/874/958 860/881/965 
f 860/881/965 853/874/958 852/873/957 
f 860/881/965 852/873/957 861/882/966 
f 861/882/966 852/873/957 851/872/956 
f 861/882/966 851/872/956 862/883/967 
f 862/883/967 851/872/956 850/871/955 
f 862/883/967 850/871/955 863/884/968 
f 863/884/968 850/871/955 849/870/954 
f 863/884/968 849/870/954 864/885/969 
f 864/885/969 849/870/954 865/870/970 
f 865/870/970 849/870/954 848/869/953 
f 864/885/969 865/870/970 866/885/971 
f 864/885/969 866/885/971 616/664/720 
f 864/885/969 616/664/720 867/886/972 
f 864/885/969 867/886/972 863/884/968 
f 863/884/968 867/886/972 868/887/973 
f 863/884/968 868/887/973 862/883/967 
f 862/883/967 868/887/973 869/888/974 
f 862/883/967 869/888/974 861/882/966 
f 861/882/966 869/888/974 870/889/975 
f 861/882/966 870/889/975 860/881/965 
f 860/881/965 870/889/975 871/890/976 
f 860/881/965 871/890/976 859/880/964 
f 859/880/964 871/890/976 872/891/977 
f 859/880/964 872/891/977 858/879/963 
f 858/879/963 872/891/977 873/892/978 
f 858/879/963 873/892/978 857/878/962 
f 873/892/978 872/891/977 874/893/979 
f 872/891/977 875/894/980 874/893/979 
f 875/894/980 872/891/977 871/890/976 
f 875/894/980 871/890/976 876/895/981 
f 876/895/981 871/890/976 870/889/975 
f 876/895/981 870/889/975 877/896/982 
f 877/896/982 870/889/975 869/888/974 
f 877/896/982 869/888/974 878/897/983 
f 878/897/983 869/888/974 868/887/973 
f 878/897/983 868/887/973 879/898/984 
f 879/898/984 868/887/973 867/886/972 
f 879/898/984 867/886/972 617/665/721 
f 617/665/721 867/886/972 616/664/720 
f 616/664/720 866/885/971 615/664/719 
f 880/899/985 874/893/979 875/894/980 
f 880/899/985 875/894/980 881/900/986 
f 881/900/986 875/894/980 876/895/981 
f 881/900/986 876/895/981 882/901/987 
f 882/901/987 876/895/981 877/896/982 
f 882/901/987 877/896/982 883/902/988 
f 883/902/988 877/896/982 878/897/983 
f 883/902/988 878/897/983 884/903/989 
f 884/903/989 878/897/983 879/898/984 
f 884/903/989 879/898/984 618/666/722 
f 618/666/722 879/898/984 617/665/721 
f 884/903/989 618/666/722 619/667/723 
f 884/903/989 619/667/723 885/904/990 
f 884/903/989 885/904/990 883/902/988 
f 883/902/988 885/904/990 886/905/991 
f 883/902/988 886/905/991 882/901/987 
f 882/901/987 886/905/991 887/906/992 
f 882/901/987 887/906/992 881/900/986 
f 881/900/986 887/906/992 888/907/993 
f 881/900/986 888/907/993 880/899/985 
f 888/907/993 887/906/992 889/908/994 
f 887/906/992 890/909/995 889/908/994 
f 890/909/995 887/906/992 886/905/991 
f 890/909/995 886/905/991 891/910/996 
f 891/910/996 886/905/991 885/904/990 
f 891/910/996 885/904/990 892/911/997 
f 892/911/997 885/904/990 619/667/723 
f 892/911/997 619/667/723 620/668/724 
f 892/911/997 620/668/724 893/912/998 
f 892/911/997 893/912/998 894/913/999 
f 892/911/997 894/913/999 891/910/996 
f 891/910/996 894/913/999 895/914/1000 
f 891/910/996 895/914/1000 890/909/995 
f 890/909/995 895/914/1000 896/915/1001 
f 890/909/995 896/915/1001 889/908/994 
f 896/915/1001 895/914/1000 897/916/1002 
f 895/914/1000 898/917/1003 897/916/1002 
f 898/917/1003 895/914/1000 894/913/999 
f 898/917/1003 894/913/999 899/918/1004 
f 899/918/1004 894/913/999 893/912/998 
f 899/918/1004 893/912/998 900/919/1005 
f 900/919/1005 893/912/998 621/669/725 
f 621/669/725 893/912/998 620/668/724 
f 900/919/1005 621/669/725 622/670/726 
f 900/919/1005 622/670/726 901/920/1006 
f 900/919/1005 901/920/1006 902/921/1007 
f 900/919/1005 902/921/1007 899/918/1004 
f 899/918/1004 902/921/1007 903/922/1008 
f 899/918/1004 903/922/1008 898/917/1003 
f 898/917/1003 903/922/1008 904/923/1009 
f 898/917/1003 904/923/1009 897/916/1002 
f 904/923/1009 903/922/1008 905/924/1010 
f 903/922/1008 906/925/1011 905/924/1010 
f 906/925/1011 903/922/1008 902/921/1007 
f 906/925/1011 902/921/1007 907/926/1012 
f 907/926/1012 902/921/1007 901/920/1006 
f 907/926/1012 901/920/1006 652/695/757 
f 652/695/757 901/920/1006 623/671/727 
f 623/671/727 901/920/1006 622/670/726 
f 652/695/757 653/696/758 907/926/1012 
f 907/926/1012 653/696/758 908/927/1013 
f 907/926/1012 908/927/1013 906/925/1011 
f 906/925/1011 908/927/1013 909/928/1014 
f 906/925/1011 909/928/1014 905/924/1010 
f 909/928/1014 908/927/1013 910/929/1015 
f 908/927/1013 673/714/778 910/929/1015 
f 673/714/778 908/927/1013 653/696/758 
f 910/929/1015 673/714/778 674/715/779 
f 911/930/1016 912/931/1017 913/932/1018 
f 911/930/1016 913/932/1018 914/933/1019 
f 913/932/1018 915/934/1020 914/933/1019 
f 914/933/1019 915/934/1020 916/935/1021 
f 915/934/1020 917/936/1022 916/935/1021 
f 916/935/1021 917/936/1022 918/937/1023 
f 917/936/1022 915/934/1020 919/938/1024 
f 919/938/1024 915/934/1020 920/939/1025 
f 915/934/1020 913/932/1018 920/939/1025 
f 919/938/1024 920/939/1025 921/940/1026 
f 913/932/1018 921/940/1026 920/939/1025 
f 921/940/1026 913/932/1018 922/941/1027 
f 922/941/1027 913/932/1018 912/931/1017 
f 921/940/1026 922/941/1027 923/942/1028 
f 921/940/1026 923/942/1028 924/943/1029 
f 921/940/1026 924/943/1029 919/938/1024 
f 919/938/1024 924/943/1029 925/944/1030 
f 919/938/1024 925/944/1030 917/936/1022 
f 917/936/1022 925/944/1030 926/945/1031 
f 917/936/1022 926/945/1031 918/937/1023 
f 918/937/1023 926/945/1031 927/946/1032 
f 918/937/1023 927/946/1032 928/947/1033 
f 927/946/1032 926/945/1031 929/948/1034 
f 926/945/1031 930/949/1035 929/948/1034 
f 930/949/1035 926/945/1031 925/944/1030 
f 930/949/1035 925/944/1030 931/950/1036 
f 931/950/1036 925/944/1030 924/943/1029 
f 931/950/1036 924/943/1029 932/951/1037 
f 932/951/1037 924/943/1029 923/942/1028 
f 932/951/1037 923/942/1028 922/941/1027 
f 932/951/1037 922/941/1027 933/952/1038 
f 932/951/1037 933/952/1038 934/953/1039 
f 932/951/1037 934/953/1039 931/950/1036 
f 931/950/1036 934/953/1039 935/954/1040 
f 931/950/1036 935/954/1040 930/949/1035 
f 930/949/1035 935/954/1040 936/955/1041 
f 930/949/1035 936/955/1041 929/948/1034 
f 929/948/1034 936/955/1041 937/956/1042 
f 929/948/1034 937/956/1042 938/957/1043 
f 929/948/1034 938/957/1043 927/946/1032 
f 927/946/1032 938/957/1043 928/947/1033 
f 938/957/1043 939/958/1044 928/947/1033 
f 939/958/1044 938/957/1043 937/956/1042 
f 928/947/1033 939/958/1044 940/959/1045 
f 937/956/1042 941/960/1046 939/958/1044 
f 940/959/1045 939/958/1044 941/960/1046 
f 937/956/1042 942/961/1047 941/960/1046 
f 942/961/1047 937/956/1042 936/955/1041 
f 942/961/1047 936/955/1041 943/962/1048 
f 943/962/1048 936/955/1041 935/954/1040 
f 943/962/1048 935/954/1040 944/963/1049 
f 944/963/1049 935/954/1040 934/953/1039 
f 944/963/1049 934/953/1039 945/964/1050 
f 945/964/1050 934/953/1039 933/952/1038 
f 944/963/1049 945/964/1050 946/965/1051 
f 944/963/1049 946/965/1051 947/966/1052 
f 944/963/1049 947/966/1052 943/962/1048 
f 943/962/1048 947/966/1052 948/967/1053 
f 943/962/1048 948/967/1053 942/961/1047 
f 942/961/1047 948/967/1053 949/968/1054 
f 942/961/1047 949/968/1054 941/960/1046 
f 941/960/1046 949/968/1054 950/969/1055 
f 941/960/1046 950/969/1055 940/959/1045 
f 949/968/1054 951/970/1056 950/969/1055 
f 951/970/1056 949/968/1054 952/971/1057 
f 952/971/1057 949/968/1054 948/967/1053 
f 952/971/1057 948/967/1053 953/972/1058 
f 953/972/1058 948/967/1053 947/966/1052 
f 953/972/1058 947/966/1052 954/973/1059 
f 954/973/1059 947/966/1052 946/965/1051 
f 954/973/1059 946/965/1051 955/974/1060 
f 955/974/1060 946/965/1051 956/975/1061 
f 946/965/1051 945/964/1050 956/975/1061 
f 956/975/1061 945/964/1050 957/976/1062 
f 945/964/1050 933/952/1038 957/976/1062 
f 956/975/1061 957/976/1062 958/977/1063 
f 956/975/1061 958/977/1063 959/978/1064 
f 956/975/1061 959/978/1064 955/974/1060 
f 959/978/1064 960/979/1065 955/974/1060 
f 955/974/1060 960/979/1065 961/980/1066 
f 955/974/1060 961/980/1066 954/973/1059 
f 954/973/1059 961/980/1066 962/981/1067 
f 954/973/1059 962/981/1067 953/972/1058 
f 953/972/1058 962/981/1067 963/982/1068 
f 953/972/1058 963/982/1068 952/971/1057 
f 952/971/1057 963/982/1068 964/983/1069 
f 952/971/1057 964/983/1069 951/970/1056 
f 951/970/1056 964/983/1069 965/984/1070 
f 951/970/1056 965/984/1070 966/985/1071 
f 951/970/1056 966/985/1071 950/969/1055 
f 966/985/1071 967/986/1072 950/969/1055 
f 950/969/1055 967/986/1072 940/959/1045 
f 967/986/1072 966/985/1071 968/987/1073 
f 966/985/1071 969/988/1074 968/987/1073 
f 969/988/1074 966/985/1071 965/984/1070 
f 969/988/1074 965/984/1070 970/989/1075 
f 970/989/1075 965/984/1070 971/990/1076 
f 971/990/1076 965/984/1070 964/983/1069 
f 971/990/1076 964/983/1069 972/991/1077 
f 972/991/1077 964/983/1069 963/982/1068 
f 972/991/1077 963/982/1068 973/992/1078 
f 973/992/1078 963/982/1068 962/981/1067 
f 973/992/1078 962/981/1067 974/993/1079 
f 974/993/1079 962/981/1067 961/980/1066 
f 974/993/1079 961/980/1066 975/994/1080 
f 975/994/1080 961/980/1066 960/979/1065 
f 975/994/1080 960/979/1065 976/995/1081 
f 976/995/1081 960/979/1065 977/996/1082 
f 960/979/1065 959/978/1064 977/996/1082 
f 977/996/1082 959/978/1064 978/997/1083 
f 959/978/1064 958/977/1063 978/997/1083 
f 977/996/1082 978/997/1083 979/998/1084 
f 977/996/1082 979/998/1084 980/999/1085 
f 977/996/1082 980/999/1085 976/995/1081 
f 980/999/1085 981/1000/1086 976/995/1081 
f 976/995/1081 981/1000/1086 982/1001/1087 
f 976/995/1081 982/1001/1087 975/994/1080 
f 982/1001/1087 983/1002/1088 975/994/1080 
f 975/994/1080 983/1002/1088 974/993/1079 
f 974/993/1079 983/1002/1088 984/1003/1089 
f 974/993/1079 984/1003/1089 973/992/1078 
f 973/992/1078 984/1003/1089 985/1004/1090 
f 973/992/1078 985/1004/1090 972/991/1077 
f 972/991/1077 985/1004/1090 986/1005/1091 
f 972/991/1077 986/1005/1091 971/990/1076 
f 971/990/1076 986/1005/1091 987/1006/1092 
f 971/990/1076 987/1006/1092 970/989/1075 
f 970/989/1075 987/1006/1092 988/1007/1093 
f 970/989/1075 988/1007/1093 989/1008/1094 
f 970/989/1075 989/1008/1094 969/988/1074 
f 969/988/1074 989/1008/1094 990/1009/1095 
f 969/988/1074 990/1009/1095 968/987/1073 
f 990/1009/1095 989/1008/1094 991/1010/1096 
f 989/1008/1094 992/1011/1097 991/1010/1096 
f 992/1011/1097 989/1008/1094 988/1007/1093 
f 992/1011/1097 988/1007/1093 993/1012/1098 
f 992/1011/1097 993/1012/1098 991/1010/1096 
f 993/1012/1098 988/1007/1093 994/1013/1099 
f 994/1013/1099 988/1007/1093 987/1006/1092 
f 994/1013/1099 987/1006/1092 995/1014/1100 
f 995/1014/1100 987/1006/1092 986/1005/1091 
f 995/1014/1100 986/1005/1091 996/1015/1101 
f 996/1015/1101 986/1005/1091 985/1004/1090 
f 996/1015/1101 985/1004/1090 997/1016/1102 
f 997/1016/1102 985/1004/1090 984/1003/1089 
f 997/1016/1102 984/1003/1089 998/1017/1103 
f 998/1017/1103 984/1003/1089 983/1002/1088 
f 998/1017/1103 983/1002/1088 982/1001/1087 
f 998/1017/1103 982/1001/1087 999/1018/1104 
f 998/1017/1103 999/1018/1104 997/1016/1102 
f 999/1018/1104 982/1001/1087 1000/1019/1105 
f 997/1016/1102 999/1018/1104 1001/1020/1106 
f 1000/1019/1105 1001/1020/1106 999/1018/1104 
f 997/1016/1102 1001/1020/1106 996/1015/1101 
f 996/1015/1101 1001/1020/1106 1002/1021/1107 
f 996/1015/1101 1002/1021/1107 995/1014/1100 
f 995/1014/1100 1002/1021/1107 1003/1022/1108 
f 995/1014/1100 1003/1022/1108 994/1013/1099 
f 994/1013/1099 1003/1022/1108 1004/1023/1109 
f 994/1013/1099 1004/1023/1109 993/1012/1098 
f 993/1012/1098 1004/1023/1109 1005/1024/1110 
f 1005/1024/1110 1004/1023/1109 1003/1022/1108 
f 1005/1024/1110 1003/1022/1108 1006/1025/1111 
f 1006/1025/1111 1003/1022/1108 1002/1021/1107 
f 1006/1025/1111 1002/1021/1107 1007/1026/1112 
f 1007/1026/1112 1002/1021/1107 1001/1020/1106 
f 1007/1026/1112 1001/1020/1106 1008/1027/1113 
f 1001/1020/1106 1000/1019/1105 1008/1027/1113 
f 1008/1027/1113 1000/1019/1105 1009/1028/1114 
f 1000/1019/1105 1010/1029/1115 1009/1028/1114 
f 1008/1027/1113 1009/1028/1114 1011/1030/1116 
f 1008/1027/1113 1011/1030/1116 1007/1026/1112 
f 1007/1026/1112 1011/1030/1116 1012/1031/1117 
f 1007/1026/1112 1012/1031/1117 1006/1025/1111 
f 1006/1025/1111 1012/1031/1117 1013/1032/1118 
f 1006/1025/1111 1013/1032/1118 1005/1024/1110 
f 1005/1024/1110 1013/1032/1118 1014/1033/1119 
f 1005/1024/1110 1014/1033/1119 993/1012/1098 
f 1014/1033/1119 1013/1032/1118 1012/1031/1117 
f 1014/1033/1119 1012/1031/1117 1015/1034/1120 
f 1015/1034/1120 1012/1031/1117 1011/1030/1116 
f 1015/1034/1120 1011/1030/1116 1016/1035/1121 
f 1016/1035/1121 1011/1030/1116 1009/1028/1114 
f 1016/1035/1121 1009/1028/1114 1017/1036/1122 
f 1017/1036/1122 1009/1028/1114 1010/1029/1115 
f 1017/1036/1122 1010/1029/1115 1018/1037/1123 
f 1017/1036/1122 1018/1037/1123 1019/1038/1124 
f 1017/1036/1122 1019/1038/1124 1020/1039/1125 
f 1017/1036/1122 1020/1039/1125 1021/1040/1126 
f 1017/1036/1122 1021/1040/1126 1016/1035/1121 
f 1016/1035/1121 1021/1040/1126 1022/1041/1127 
f 1016/1035/1121 1022/1041/1127 1015/1034/1120 
f 1015/1034/1120 1022/1041/1127 1023/1042/1128 
f 1015/1034/1120 1023/1042/1128 1014/1033/1119 
f 1022/1041/1127 1024/1043/1129 1023/1042/1128 
f 1014/1033/1119 1023/1042/1128 1024/1043/1129 
f 1022/1041/1127 1025/1044/1130 1024/1043/1129 
f 1025/1044/1130 1022/1041/1127 1021/1040/1126 
f 1025/1044/1130 1021/1040/1126 1026/1045/1131 
f 1026/1045/1131 1021/1040/1126 1020/1039/1125 
f 1026/1045/1131 1020/1039/1125 1027/1046/1132 
f 1027/1046/1132 1020/1039/1125 1028/1047/1133 
f 1020/1039/1125 1019/1038/1124 1028/1047/1133 
f 1027/1046/1132 1028/1047/1133 1029/1048/1134 
f 1027/1046/1132 1029/1048/1134 1030/1049/1135 
f 1027/1046/1132 1030/1049/1135 1031/1050/1136 
f 1027/1046/1132 1031/1050/1136 1026/1045/1131 
f 1026/1045/1131 1031/1050/1136 1032/1051/1137 
f 1026/1045/1131 1032/1051/1137 1025/1044/1130 
f 1025/1044/1130 1032/1051/1137 1033/1052/1138 
f 1025/1044/1130 1033/1052/1138 1024/1043/1129 
f 1024/1043/1129 1033/1052/1138 1034/1053/1139 
f 1024/1043/1129 1034/1053/1139 1014/1033/1119 
f 1034/1053/1139 1033/1052/1138 1032/1051/1137 
f 1014/1033/1119 1034/1053/1139 993/1012/1098 
f 1034/1053/1139 1032/1051/1137 1035/1054/1140 
f 1035/1054/1140 1032/1051/1137 1031/1050/1136 
f 1035/1054/1140 1031/1050/1136 1036/1055/1141 
f 1036/1055/1141 1031/1050/1136 1030/1049/1135 
f 1036/1055/1141 1030/1049/1135 1037/1056/1142 
f 1037/1056/1142 1030/1049/1135 1029/1048/1134 
f 1037/1056/1142 1029/1048/1134 1038/1057/1143 
f 1037/1056/1142 1038/1057/1143 1039/1058/1144 
f 1037/1056/1142 1039/1058/1144 1040/1059/1145 
f 1037/1056/1142 1040/1059/1145 1036/1055/1141 
f 1036/1055/1141 1040/1059/1145 1041/1060/1146 
f 1036/1055/1141 1041/1060/1146 1035/1054/1140 
f 1035/1054/1140 1041/1060/1146 1042/1061/1147 
f 1035/1054/1140 1042/1061/1147 1034/1053/1139 
f 1041/1060/1146 1043/1062/1148 1042/1061/1147 
f 1034/1053/1139 1042/1061/1147 1043/1062/1148 
f 1034/1053/1139 1043/1062/1148 1044/1063/1149 
f 1034/1053/1139 1044/1063/1149 993/1012/1098 
f 993/1012/1098 1044/1063/1149 991/1010/1096 
f 991/1010/1096 1044/1063/1149 1045/1064/1150 
f 991/1010/1096 1045/1064/1150 990/1009/1095 
f 1045/1064/1150 1046/1065/1151 990/1009/1095 
f 1046/1065/1151 1045/1064/1150 1044/1063/1149 
f 990/1009/1095 1046/1065/1151 968/987/1073 
f 1044/1063/1149 1047/1066/1152 1046/1065/1151 
f 1047/1066/1152 1044/1063/1149 1048/1067/1153 
f 1048/1067/1153 1044/1063/1149 1043/1062/1148 
f 1048/1067/1153 1043/1062/1148 1049/1068/1154 
f 1043/1062/1148 1041/1060/1146 1049/1068/1154 
f 1049/1068/1154 1041/1060/1146 1040/1059/1145 
f 1049/1068/1154 1040/1059/1145 1050/1069/1155 
f 1050/1069/1155 1040/1059/1145 1039/1058/1144 
f 1049/1068/1154 1050/1069/1155 1047/1066/1152 
f 1049/1068/1154 1047/1066/1152 1048/1067/1153 
f 1047/1066/1152 1050/1069/1155 1051/1070/1156 
f 1047/1066/1152 1051/1070/1156 1046/1065/1151 
f 1046/1065/1151 1051/1070/1156 968/987/1073 
f 968/987/1073 1051/1070/1156 967/986/1072 
f 1051/1070/1156 1052/1071/1157 967/986/1072 
f 1052/1071/1157 1051/1070/1156 1050/1069/1155 
f 1052/1071/1157 1050/1069/1155 1039/1058/1144 
f 1052/1071/1157 1039/1058/1144 940/959/1045 
f 1052/1071/1157 940/959/1045 967/986/1072 
f 940/959/1045 1039/1058/1144 928/947/1033 
f 928/947/1033 1039/1058/1144 1053/1072/1158 
f 1053/1072/1158 1039/1058/1144 1038/1057/1143 
f 912/931/1017 979/998/1084 978/997/1083 
f 912/931/1017 978/997/1083 1054/1073/1159 
f 1054/1073/1159 978/997/1083 958/977/1063 
f 912/931/1017 1054/1073/1159 1055/1074/1160 
f 958/977/1063 1055/1074/1160 1054/1073/1159 
f 912/931/1017 1055/1074/1160 922/941/1027 
f 1055/1074/1160 1056/1075/1161 922/941/1027 
f 1056/1075/1161 1055/1074/1160 957/976/1062 
f 1055/1074/1160 958/977/1063 957/976/1062 
f 1056/1075/1161 957/976/1062 933/952/1038 
f 1056/1075/1161 933/952/1038 922/941/1027 
f 1057/1076/1162 1058/1077/1163 1059/1078/1164 
f 1059/1078/1164 1058/1077/1163 1060/1079/1165 
f 1057/1076/1162 1059/1078/1164 1061/1080/1166 
f 1057/1076/1162 1061/1080/1166 1062/1081/1167 
f 1061/1080/1166 1063/1082/1168 1062/1081/1167 
f 1062/1081/1167 1063/1082/1168 1064/1083/1169 
f 1063/1082/1168 1065/1084/1170 1064/1083/1169 
f 1064/1083/1169 1065/1084/1170 1066/1085/1171 
f 1065/1084/1170 1067/1086/1172 1066/1085/1171 
f 1066/1085/1171 1067/1086/1172 1068/1087/1173 
f 1067/1086/1172 1069/1088/1174 1068/1087/1173 
f 1068/1087/1173 1069/1088/1174 1070/1089/1175 
f 1069/1088/1174 1071/1090/1176 1070/1089/1175 
f 1070/1089/1175 1071/1090/1176 1060/1079/1165 
f 1071/1090/1176 1072/1091/1177 1060/1079/1165 
f 1060/1079/1165 1072/1091/1177 1059/1078/1164 
f 1061/1080/1178 1073/1092/1179 1063/1082/1180 
f 1073/1092/1179 1061/1080/1178 1059/1078/1181 
f 1063/1082/1180 1073/1092/1179 1065/1084/1182 
f 1073/1092/1179 1074/1093/1183 1065/1084/1182 
f 1074/1093/1183 1073/1092/1179 1075/1094/1184 
f 1075/1094/1184 1073/1092/1179 1059/1078/1181 
f 1075/1094/1184 1059/1078/1181 1072/1091/1185 
f 1075/1094/1184 1072/1091/1185 1071/1090/1186 
f 1075/1094/1184 1071/1090/1186 1076/1095/1187 
f 1075/1094/1184 1076/1095/1187 1074/1093/1183 
f 1074/1093/1183 1076/1095/1187 1067/1086/1188 
f 1074/1093/1183 1067/1086/1188 1065/1084/1182 
f 1076/1095/1187 1069/1088/1189 1067/1086/1188 
f 1069/1088/1189 1076/1095/1187 1071/1090/1186 
f 1077/1096/1190 1078/1097/1191 1079/1098/1192 
f 1079/1098/1192 1078/1097/1191 1080/1099/1193 
f 1077/1096/1190 1079/1098/1192 1081/1100/1194 
f 1077/1096/1190 1081/1100/1194 1082/1101/1195 
f 1081/1100/1194 1083/1102/1196 1082/1101/1195 
f 1082/1101/1195 1083/1102/1196 1084/1103/1197 
f 1083/1102/1196 1085/1104/1198 1084/1103/1197 
f 1084/1103/1197 1085/1104/1198 1086/1105/1199 
f 1085/1104/1198 1087/1106/1200 1086/1105/1199 
f 1086/1105/1199 1087/1106/1200 1088/1107/1201 
f 1087/1106/1200 1089/1108/1202 1088/1107/1201 
f 1088/1107/1201 1089/1108/1202 1090/1109/1203 
f 1089/1108/1202 1091/1110/1204 1090/1109/1203 
f 1090/1109/1203 1091/1110/1204 1080/1099/1193 
f 1091/1110/1204 1092/1111/1205 1080/1099/1193 
f 1080/1099/1193 1092/1111/1205 1079/1098/1192 
f 1081/1100/1206 1093/1112/1207 1083/1102/1208 
f 1093/1112/1207 1081/1100/1206 1079/1098/1209 
f 1083/1102/1208 1093/1112/1207 1085/1104/1210 
f 1093/1112/1207 1094/1113/1211 1085/1104/1210 
f 1094/1113/1211 1093/1112/1207 1095/1114/1212 
f 1095/1114/1212 1093/1112/1207 1079/1098/1209 
f 1095/1114/1212 1079/1098/1209 1092/1111/1213 
f 1095/1114/1212 1092/1111/1213 1091/1110/1214 
f 1095/1114/1212 1091/1110/1214 1096/1115/1215 
f 1095/1114/1212 1096/1115/1215 1094/1113/1211 
f 1094/1113/1211 1096/1115/1215 1087/1106/1216 
f 1094/1113/1211 1087/1106/1216 1085/1104/1210 
f 1096/1115/1215 1089/1108/1217 1087/1106/1216 
f 1089/1108/1217 1096/1115/1215 1091/1110/1214 
f 1097/1116/1218 1098/1117/1219 1099/1118/1220 
f 1097/1116/1218 1099/1118/1220 1100/1119/1221 
f 1100/1119/1221 1099/1118/1220 1101/1120/1222 
f 1100/1119/1221 1101/1120/1222 1102/1121/1223 
f 1102/1121/1223 1101/1120/1222 1103/1122/1224 
f 1100/1119/1221 1102/1121/1223 1104/1123/1225 
f 1100/1119/1221 1104/1123/1225 1105/1124/1226 
f 1100/1119/1221 1105/1124/1226 1097/1116/1218 
f 1105/1124/1226 1106/1125/1227 1097/1116/1218 
f 1097/1116/1218 1106/1125/1227 1107/1126/1228 
f 1097/1116/1218 1107/1126/1228 1098/1117/1219 
f 1107/1126/1228 1108/1127/1229 1098/1117/1219 
f 1108/1127/1229 1107/1126/1228 1109/1128/1230 
f 1109/1128/1230 1107/1126/1228 1110/1129/1231 
f 1110/1129/1231 1107/1126/1228 1106/1125/1227 
f 1109/1128/1230 1110/1129/1231 1111/1130/1232 
f 1109/1128/1230 1111/1130/1232 1112/1131/1233 
f 1109/1128/1230 1112/1131/1233 1113/1132/1234 
f 1109/1128/1230 1113/1132/1234 1108/1127/1229 
f 1112/1131/1233 1114/1133/1235 1113/1132/1234 
f 1114/1133/1235 1112/1131/1233 1115/1134/1236 
f 1115/1134/1236 1112/1131/1233 1116/1135/1237 
f 1116/1135/1237 1112/1131/1233 1111/1130/1232 
f 1115/1134/1236 1116/1135/1237 1117/1136/1238 
f 1115/1134/1236 1117/1136/1238 1118/1137/1239 
f 1115/1134/1236 1118/1137/1239 1119/1138/1240 
f 1115/1134/1236 1119/1138/1240 1114/1133/1235 
f 1118/1137/1239 1120/1139/1241 1119/1138/1240 
f 1120/1139/1241 1118/1137/1239 1121/1140/1242 
f 1121/1140/1242 1118/1137/1239 1122/1141/1243 
f 1122/1141/1243 1118/1137/1239 1117/1136/1238 
f 1121/1140/1242 1122/1141/1243 1123/1142/1244 
f 1121/1140/1242 1123/1142/1244 1124/1143/1245 
f 1121/1140/1242 1124/1143/1245 1125/1144/1246 
f 1121/1140/1242 1125/1144/1246 1120/1139/1241 
f 1124/1143/1245 1126/1145/1247 1125/1144/1246 
f 1126/1145/1247 1124/1143/1245 1127/1146/1248 
f 1127/1146/1248 1124/1143/1245 1128/1147/1249 
f 1128/1147/1249 1124/1143/1245 1123/1142/1244 
f 1127/1146/1248 1128/1147/1249 1129/1148/1250 
f 1127/1146/1248 1129/1148/1250 1130/1149/1251 
f 1127/1146/1248 1130/1149/1251 1131/1150/1252 
f 1127/1146/1248 1131/1150/1252 1126/1145/1247 
f 1130/1149/1251 1132/1151/1253 1131/1150/1252 
f 1132/1151/1253 1130/1149/1251 1133/1152/1254 
f 1133/1152/1254 1130/1149/1251 1134/1153/1255 
f 1134/1153/1255 1130/1149/1251 1129/1148/1250 
f 1133/1152/1254 1134/1153/1255 1135/1154/1256 
f 1133/1152/1254 1135/1154/1256 1136/1155/1257 
f 1133/1152/1254 1136/1155/1257 1137/1156/1258 
f 1133/1152/1254 1137/1156/1258 1132/1151/1253 
f 1136/1155/1257 1138/1157/1259 1137/1156/1258 
f 1138/1157/1259 1136/1155/1257 1139/1158/1260 
f 1139/1158/1260 1136/1155/1257 1140/1159/1261 
f 1140/1159/1261 1136/1155/1257 1135/1154/1256 
f 1139/1158/1260 1140/1159/1261 1141/1160/1262 
f 1139/1158/1260 1141/1160/1262 1142/1161/1263 
f 1139/1158/1260 1142/1161/1263 1143/1162/1264 
f 1139/1158/1260 1143/1162/1264 1138/1157/1259 
f 1142/1161/1263 1144/1163/1265 1143/1162/1264 
f 1144/1163/1265 1142/1161/1263 1145/1164/1266 
f 1145/1164/1266 1142/1161/1263 1146/1165/1267 
f 1146/1165/1267 1142/1161/1263 1141/1160/1262 
f 1145/1164/1266 1146/1165/1267 1147/1166/1268 
f 1145/1164/1266 1147/1166/1268 1148/1167/1269 
f 1145/1164/1266 1148/1167/1269 1149/1168/1270 
f 1145/1164/1266 1149/1168/1270 1144/1163/1265 
f 1148/1167/1269 1150/1169/1271 1149/1168/1270 
f 1150/1169/1271 1148/1167/1269 1151/1170/1272 
f 1151/1170/1272 1148/1167/1269 1152/1171/1273 
f 1152/1171/1273 1148/1167/1269 1147/1166/1268 
f 1151/1170/1272 1152/1171/1273 1153/1172/1274 
f 1151/1170/1272 1153/1172/1274 1154/1173/1275 
f 1151/1170/1272 1154/1173/1275 1155/1174/1276 
f 1151/1170/1272 1155/1174/1276 1150/1169/1271 
f 1154/1173/1275 1156/1175/1277 1155/1174/1276 
f 1156/1175/1277 1154/1173/1275 1157/1176/1278 
f 1157/1176/1278 1154/1173/1275 1158/1177/1279 
f 1158/1177/1279 1154/1173/1275 1153/1172/1274 
f 1157/1176/1278 1158/1177/1279 1159/1178/1280 
f 1157/1176/1278 1159/1178/1280 1160/1179/1281 
f 1157/1176/1278 1160/1179/1281 1161/1180/1282 
f 1157/1176/1278 1161/1180/1282 1156/1175/1277 
f 1160/1179/1281 1162/1181/1283 1161/1180/1282 
f 1162/1181/1283 1160/1179/1281 1163/1182/1284 
f 1163/1182/1284 1160/1179/1281 1164/1183/1285 
f 1164/1183/1285 1160/1179/1281 1159/1178/1280 
f 1163/1182/1284 1164/1183/1285 1165/1184/1286 
f 1163/1182/1284 1165/1184/1286 1166/1185/1287 
f 1163/1182/1284 1166/1185/1287 1167/1186/1288 
f 1163/1182/1284 1167/1186/1288 1162/1181/1283 
f 1166/1185/1287 1168/1187/1289 1167/1186/1288 
f 1168/1187/1289 1166/1185/1287 1169/1188/1290 
f 1169/1188/1290 1166/1185/1287 1170/1189/1291 
f 1170/1189/1291 1166/1185/1287 1165/1184/1286 
f 1169/1188/1290 1170/1189/1291 1171/1190/1292 
f 1169/1188/1290 1171/1190/1292 1172/1191/1293 
f 1169/1188/1290 1172/1191/1293 1173/1192/1294 
f 1169/1188/1290 1173/1192/1294 1168/1187/1289 
f 1172/1191/1293 1174/1193/1295 1173/1192/1294 
f 1174/1193/1295 1172/1191/1293 1175/1194/1296 
f 1175/1194/1296 1172/1191/1293 1176/1195/1297 
f 1176/1195/1297 1172/1191/1293 1171/1190/1292 
f 1175/1194/1296 1176/1195/1297 1177/1196/1298 
f 1175/1194/1296 1177/1196/1298 1178/1197/1299 
f 1175/1194/1296 1178/1197/1299 1179/1198/1300 
f 1175/1194/1296 1179/1198/1300 1174/1193/1295 
f 1178/1197/1299 1180/1199/1301 1179/1198/1300 
f 1180/1199/1301 1178/1197/1299 1181/1200/1302 
f 1181/1200/1302 1178/1197/1299 1182/1201/1303 
f 1182/1201/1303 1178/1197/1299 1177/1196/1298 
f 1181/1200/1302 1182/1201/1303 1183/1202/1304 
f 1181/1200/1302 1183/1202/1304 1184/1203/1305 
f 1181/1200/1302 1184/1203/1305 1185/1204/1306 
f 1181/1200/1302 1185/1204/1306 1180/1199/1301 
f 1184/1203/1305 1186/1205/1307 1185/1204/1306 
f 1186/1205/1307 1184/1203/1305 1187/1206/1308 
f 1187/1206/1308 1184/1203/1305 1188/1207/1309 
f 1188/1207/1309 1184/1203/1305 1183/1202/1304 
f 1187/1206/1308 1188/1207/1309 1189/1208/1310 
f 1187/1206/1308 1189/1208/1310 1190/1209/1311 
f 1187/1206/1308 1190/1209/1311 1191/1210/1312 
f 1187/1206/1308 1191/1210/1312 1186/1205/1307 
f 1190/1209/1311 1192/1211/1313 1191/1210/1312 
f 1192/1211/1313 1190/1209/1311 1193/1212/1314 
f 1193/1212/1314 1190/1209/1311 1194/1213/1315 
f 1194/1213/1315 1190/1209/1311 1189/1208/1310 
f 1193/1212/1314 1194/1213/1315 1195/1214/1316 
f 1193/1212/1314 1195/1214/1316 1196/1215/1317 
f 1193/1212/1314 1196/1215/1317 1197/1216/1318 
f 1193/1212/1314 1197/1216/1318 1192/1211/1313 
f 1196/1215/1317 1198/1217/1319 1197/1216/1318 
f 1198/1217/1319 1196/1215/1317 1199/1218/1320 
f 1199/1218/1320 1196/1215/1317 1200/1219/1321 
f 1200/1219/1321 1196/1215/1317 1195/1214/1316 
f 1199/1218/1320 1200/1219/1321 1201/1220/1322 
f 1199/1218/1320 1201/1220/1322 1102/1121/1223 
f 1199/1218/1320 1102/1121/1223 1103/1122/1224 
f 1199/1218/1320 1103/1122/1224 1198/1217/1319 
f 1102/1121/1223 1201/1220/1322 1104/1123/1225 
f 247/283/1323 246/282/1324 1202/1221/1325 
f 247/283/1323 1202/1221/1325 1203/1222/1326 
f 247/283/1323 1203/1222/1326 240/276/1327 
f 1203/1222/1326 1204/1223/1328 240/276/1327 
f 240/276/1327 1204/1223/1328 241/277/1329 
f 1204/1223/1328 1203/1222/1326 1098/1117/1330 
f 1203/1222/1326 1099/1118/1331 1098/1117/1330 
f 1099/1118/1331 1203/1222/1326 1202/1221/1325 
f 1099/1118/1331 1202/1221/1325 1101/1120/1332 
f 1101/1120/1332 1202/1221/1325 1205/1224/1333 
f 1205/1224/1333 1202/1221/1325 246/282/1324 
f 1205/1224/1333 246/282/1324 245/281/1334 
f 1205/1224/1333 245/281/1334 1206/1225/1335 
f 1205/1224/1333 1206/1225/1335 1103/1122/1336 
f 1205/1224/1333 1103/1122/1336 1101/1120/1332 
f 1206/1225/1335 1198/1217/1337 1103/1122/1336 
f 1198/1217/1337 1206/1225/1335 1207/1226/1338 
f 1207/1226/1338 1206/1225/1335 250/286/1339 
f 250/286/1339 1206/1225/1335 245/281/1334 
f 1207/1226/1338 250/286/1339 249/285/1340 
f 1207/1226/1338 249/285/1340 1208/1227/1341 
f 1207/1226/1338 1208/1227/1341 1197/1216/1342 
f 1207/1226/1338 1197/1216/1342 1198/1217/1337 
f 1208/1227/1341 1192/1211/1343 1197/1216/1342 
f 1192/1211/1343 1208/1227/1341 1209/1228/1344 
f 1209/1228/1344 1208/1227/1341 251/287/1345 
f 251/287/1345 1208/1227/1341 249/285/1340 
f 1209/1228/1344 251/287/1345 248/284/1346 
f 1209/1228/1344 248/284/1346 1210/1229/1347 
f 1209/1228/1344 1210/1229/1347 1191/1210/1348 
f 1209/1228/1344 1191/1210/1348 1192/1211/1343 
f 1210/1229/1347 1186/1205/1349 1191/1210/1348 
f 1186/1205/1349 1210/1229/1347 1211/1230/1350 
f 1211/1230/1350 1210/1229/1347 255/291/1351 
f 255/291/1351 1210/1229/1347 248/284/1346 
f 1211/1230/1350 255/291/1351 254/290/1352 
f 1211/1230/1350 254/290/1352 1212/1231/1353 
f 1211/1230/1350 1212/1231/1353 1185/1204/1354 
f 1211/1230/1350 1185/1204/1354 1186/1205/1349 
f 1212/1231/1353 1180/1199/1355 1185/1204/1354 
f 1180/1199/1355 1212/1231/1353 1213/1232/1356 
f 1213/1232/1356 1212/1231/1353 256/292/1357 
f 256/292/1357 1212/1231/1353 254/290/1352 
f 1213/1232/1356 256/292/1357 253/289/1358 
f 1213/1232/1356 253/289/1358 1214/1233/1359 
f 1213/1232/1356 1214/1233/1359 1179/1198/1360 
f 1213/1232/1356 1179/1198/1360 1180/1199/1355 
f 1214/1233/1359 1174/1193/1361 1179/1198/1360 
f 1174/1193/1361 1214/1233/1359 1215/1234/1362 
f 1215/1234/1362 1214/1233/1359 258/294/1363 
f 258/294/1363 1214/1233/1359 253/289/1358 
f 1215/1234/1362 258/294/1363 257/293/1364 
f 1215/1234/1362 257/293/1364 1216/1235/1365 
f 1215/1234/1362 1216/1235/1365 1173/1192/1366 
f 1215/1234/1362 1173/1192/1366 1174/1193/1361 
f 1216/1235/1365 1168/1187/1367 1173/1192/1366 
f 1168/1187/1367 1216/1235/1365 1217/1236/1368 
f 1217/1236/1368 1216/1235/1365 259/295/1369 
f 259/295/1369 1216/1235/1365 257/293/1364 
f 1217/1236/1368 259/295/1369 252/288/1370 
f 1217/1236/1368 252/288/1370 1218/1237/1371 
f 1217/1236/1368 1218/1237/1371 1167/1186/1372 
f 1217/1236/1368 1167/1186/1372 1168/1187/1367 
f 1218/1237/1371 1162/1181/1373 1167/1186/1372 
f 1162/1181/1373 1218/1237/1371 1219/1238/1374 
f 1219/1238/1374 1218/1237/1371 263/299/1375 
f 263/299/1375 1218/1237/1371 252/288/1370 
f 1219/1238/1374 263/299/1375 262/298/1376 
f 1219/1238/1374 262/298/1376 1220/1239/1377 
f 1219/1238/1374 1220/1239/1377 1161/1180/1378 
f 1219/1238/1374 1161/1180/1378 1162/1181/1373 
f 1220/1239/1377 1156/1175/1379 1161/1180/1378 
f 1156/1175/1379 1220/1239/1377 1221/1240/1380 
f 1221/1240/1380 1220/1239/1377 264/300/1381 
f 264/300/1381 1220/1239/1377 262/298/1376 
f 1221/1240/1380 264/300/1381 261/297/1382 
f 1221/1240/1380 261/297/1382 1222/1241/1383 
f 1221/1240/1380 1222/1241/1383 1155/1174/1384 
f 1221/1240/1380 1155/1174/1384 1156/1175/1379 
f 1222/1241/1383 1150/1169/1385 1155/1174/1384 
f 1150/1169/1385 1222/1241/1383 1223/1242/1386 
f 1223/1242/1386 1222/1241/1383 266/302/1387 
f 266/302/1387 1222/1241/1383 261/297/1382 
f 1223/1242/1386 266/302/1387 265/301/1388 
f 1223/1242/1386 265/301/1388 1224/1243/1389 
f 1223/1242/1386 1224/1243/1389 1149/1168/1390 
f 1223/1242/1386 1149/1168/1390 1150/1169/1385 
f 1224/1243/1389 1144/1163/1391 1149/1168/1390 
f 1144/1163/1391 1224/1243/1389 1225/1244/1392 
f 1225/1244/1392 1224/1243/1389 267/303/1393 
f 267/303/1393 1224/1243/1389 265/301/1388 
f 1225/1244/1392 267/303/1393 260/296/1394 
f 1225/1244/1392 260/296/1394 1226/1245/1395 
f 1225/1244/1392 1226/1245/1395 1143/1162/1396 
f 1225/1244/1392 1143/1162/1396 1144/1163/1391 
f 1226/1245/1395 1138/1157/1397 1143/1162/1396 
f 1138/1157/1397 1226/1245/1395 1227/1246/1398 
f 1227/1246/1398 1226/1245/1395 270/306/1399 
f 270/306/1399 1226/1245/1395 260/296/1394 
f 1227/1246/1398 270/306/1399 269/305/1400 
f 1227/1246/1398 269/305/1400 1228/1247/1401 
f 1227/1246/1398 1228/1247/1401 1137/1156/1402 
f 1227/1246/1398 1137/1156/1402 1138/1157/1397 
f 1228/1247/1401 1132/1151/1403 1137/1156/1402 
f 1132/1151/1403 1228/1247/1401 1229/1248/1404 
f 1229/1248/1404 1228/1247/1401 271/307/1405 
f 271/307/1405 1228/1247/1401 269/305/1400 
f 1229/1248/1404 271/307/1405 268/304/1406 
f 1229/1248/1404 268/304/1406 1230/1249/1407 
f 1229/1248/1404 1230/1249/1407 1131/1150/1408 
f 1229/1248/1404 1131/1150/1408 1132/1151/1403 
f 1230/1249/1407 1126/1145/1409 1131/1150/1408 
f 1126/1145/1409 1230/1249/1407 1231/1250/1410 
f 1231/1250/1410 1230/1249/1407 273/309/1411 
f 273/309/1411 1230/1249/1407 268/304/1406 
f 1231/1250/1410 273/309/1411 272/308/1412 
f 1231/1250/1410 272/308/1412 1232/1251/1413 
f 1231/1250/1410 1232/1251/1413 1125/1144/1414 
f 1231/1250/1410 1125/1144/1414 1126/1145/1409 
f 1232/1251/1413 1120/1139/1415 1125/1144/1414 
f 1120/1139/1415 1232/1251/1413 1233/1252/1416 
f 1233/1252/1416 1232/1251/1413 274/310/1417 
f 274/310/1417 1232/1251/1413 272/308/1412 
f 1233/1252/1416 274/310/1417 243/279/1418 
f 1233/1252/1416 243/279/1418 1234/1253/1419 
f 1233/1252/1416 1234/1253/1419 1119/1138/1420 
f 1233/1252/1416 1119/1138/1420 1120/1139/1415 
f 1234/1253/1419 1114/1133/1421 1119/1138/1420 
f 1114/1133/1421 1234/1253/1419 1235/1254/1422 
f 1235/1254/1422 1234/1253/1419 244/280/1423 
f 244/280/1423 1234/1253/1419 243/279/1418 
f 1235/1254/1422 244/280/1423 242/278/1424 
f 1235/1254/1422 242/278/1424 1236/1255/1425 
f 1235/1254/1422 1236/1255/1425 1113/1132/1426 
f 1235/1254/1422 1113/1132/1426 1114/1133/1421 
f 1236/1255/1425 1108/1127/1427 1113/1132/1426 
f 1108/1127/1427 1236/1255/1425 1204/1223/1328 
f 1204/1223/1328 1236/1255/1425 241/277/1329 
f 241/277/1329 1236/1255/1425 242/278/1424 
f 1204/1223/1328 1098/1117/1330 1108/1127/1427 
f 1237/758/1428 1238/757/1429 1239/757/840 
f 1237/758/1428 1239/757/840 1240/758/849 
f 1237/758/1428 1240/758/849 1241/773/1430 
f 1240/758/849 1242/773/858 1241/773/1430 
f 1241/773/1430 1242/773/858 1243/1256/1431 
f 1242/773/858 1240/758/849 1244/1257/848 
f 1240/758/849 1245/1258/841 1244/1257/848 
f 1245/1258/841 1240/758/849 1239/757/840 
f 1245/1258/841 1239/757/840 1246/1259/830 
f 1246/1259/830 1239/757/840 1247/742/831 
f 1247/742/831 1239/757/840 1238/757/1429 
f 1247/742/831 1238/757/1429 1248/742/1432 
f 1247/742/831 1248/742/1432 1249/741/822 
f 1247/742/831 1249/741/822 1250/1260/823 
f 1247/742/831 1250/1260/823 1246/1259/830 
f 1246/1259/830 1250/1260/823 1251/1261/824 
f 1246/1259/830 1251/1261/824 1252/1262/1433 
f 1246/1259/830 1252/1262/1433 1245/1258/841 
f 1252/1262/1433 1253/1263/1434 1245/1258/841 
f 1245/1258/841 1253/1263/1434 1244/1257/848 
f 1253/1263/1434 1254/1264/1435 1244/1257/848 
f 1244/1257/848 1254/1264/1435 1255/1265/859 
f 1244/1257/848 1255/1265/859 1242/773/858 
f 1255/1265/859 1256/1256/1436 1242/773/858 
f 1242/773/858 1256/1256/1436 1243/1256/1431 
f 1243/1256/1431 1256/1256/1436 1257/789/1437 
f 1256/1256/1436 1258/789/1438 1257/789/1437 
f 1258/789/1438 1256/1256/1436 1259/1266/1439 
f 1256/1256/1436 1255/1265/859 1259/1266/1439 
f 1259/1266/1439 1255/1265/859 1260/1267/860 
f 1260/1267/860 1255/1265/859 1254/1264/1435 
f 1260/1267/860 1254/1264/1435 1261/1268/846 
f 1254/1264/1435 1262/1269/1440 1261/1268/846 
f 1262/1269/1440 1254/1264/1435 1253/1263/1434 
f 1262/1269/1440 1253/1263/1434 1263/1270/1441 
f 1263/1270/1441 1253/1263/1434 1252/1262/1433 
f 1263/1270/1441 1252/1262/1433 1264/1271/1442 
f 1264/1271/1442 1252/1262/1433 1251/1261/824 
f 1264/1271/1442 1251/1261/824 1265/1272/810 
f 1265/1272/810 1251/1261/824 1266/1273/1443 
f 1266/1273/1443 1251/1261/824 1250/1260/823 
f 1266/1273/1443 1250/1260/823 1267/1274/812 
f 1267/1274/812 1250/1260/823 1249/741/822 
f 1267/1274/812 1249/741/822 1268/1275/1444 
f 1268/1275/1444 1249/741/822 1269/741/1445 
f 1269/741/1445 1249/741/822 1248/742/1432 
f 1268/1275/1444 1269/741/1445 1270/1275/1446 
f 1268/1275/1444 1270/1275/1446 1271/725/1447 
f 1268/1275/1444 1271/725/1447 1272/1276/805 
f 1268/1275/1444 1272/1276/805 1267/1274/812 
f 1267/1274/812 1272/1276/805 1273/1277/806 
f 1267/1274/812 1273/1277/806 1266/1273/1443 
f 1266/1273/1443 1273/1277/806 1274/1278/1448 
f 1266/1273/1443 1274/1278/1448 1265/1272/810 
f 1265/1272/810 1274/1278/1448 1275/1278/1449 
f 1265/1272/810 1275/1278/1449 1276/1272/1450 
f 1265/1272/810 1276/1272/1450 1264/1271/1442 
f 1276/1272/1450 1277/1271/1451 1264/1271/1442 
f 1264/1271/1442 1277/1271/1451 1263/1270/1441 
f 1277/1271/1451 1278/1270/1452 1263/1270/1441 
f 1263/1270/1441 1278/1270/1452 1262/1269/1440 
f 1278/1270/1452 1279/1269/1453 1262/1269/1440 
f 1262/1269/1440 1279/1269/1453 1261/1268/846 
f 1279/1269/1453 1280/1268/1454 1261/1268/846 
f 1261/1268/846 1280/1268/1454 1281/1279/861 
f 1261/1268/846 1281/1279/861 1260/1267/860 
f 1281/1279/861 1282/1280/1455 1260/1267/860 
f 1260/1267/860 1282/1280/1455 1259/1266/1439 
f 1282/1280/1455 1281/1279/861 1283/1281/1456 
f 1283/1281/1456 1281/1279/861 1284/1279/1457 
f 1284/1279/1457 1281/1279/861 1280/1268/1454 
f 1284/1279/1457 1280/1268/1454 1285/1282/1458 
f 1285/1282/1458 1280/1268/1454 1286/1283/1459 
f 1280/1268/1454 1279/1269/1453 1286/1283/1459 
f 1286/1283/1459 1279/1269/1453 1287/1284/1460 
f 1279/1269/1453 1278/1270/1452 1287/1284/1460 
f 1287/1284/1460 1278/1270/1452 1288/1285/1461 
f 1278/1270/1452 1277/1271/1451 1288/1285/1461 
f 1288/1285/1461 1277/1271/1451 1289/1286/1462 
f 1277/1271/1451 1276/1272/1450 1289/1286/1462 
f 1289/1286/1462 1276/1272/1450 1290/1287/1463 
f 1276/1272/1450 1275/1278/1449 1290/1287/1463 
f 1290/1287/1463 1275/1278/1449 1291/1288/1464 
f 1275/1278/1449 1292/1289/1465 1291/1288/1464 
f 1292/1289/1465 1275/1278/1449 1274/1278/1448 
f 1292/1289/1465 1274/1278/1448 1293/1289/1466 
f 1293/1289/1466 1274/1278/1448 1273/1277/806 
f 1292/1289/1465 1293/1289/1466 1294/1290/1467 
f 1292/1289/1465 1294/1290/1467 1295/1291/1468 
f 1292/1289/1465 1295/1291/1468 1291/1288/1464 
f 1295/1291/1468 1294/1290/1467 1296/1292/1469 
f 1294/1290/1467 1297/1293/1470 1296/1292/1469 
f 1297/1293/1470 1294/1290/1467 1298/1290/789 
f 1298/1290/789 1294/1290/1467 1293/1289/1466 
f 1298/1290/789 1293/1289/1466 1299/1294/1471 
f 1293/1289/1466 1273/1277/806 1299/1294/1471 
f 1299/1294/1471 1273/1277/806 1272/1276/805 
f 1299/1294/1471 1272/1276/805 1300/1295/794 
f 1299/1294/1471 1300/1295/794 1301/1296/1472 
f 1299/1294/1471 1301/1296/1472 1298/1290/789 
f 1301/1296/1472 1302/1293/1473 1298/1290/789 
f 1298/1290/789 1302/1293/1473 1297/1293/1470 
f 1297/1293/1470 1302/1293/1473 1303/1297/1474 
f 1297/1293/1470 1303/1297/1474 1304/1298/1475 
f 1297/1293/1470 1304/1298/1475 1296/1292/1469 
f 1304/1298/1475 1303/1297/1474 1305/1299/1476 
f 1303/1297/1474 1306/1300/1477 1305/1299/1476 
f 1306/1300/1477 1303/1297/1474 1307/1297/1478 
f 1307/1297/1478 1303/1297/1474 1302/1293/1473 
f 1307/1297/1478 1302/1293/1473 1308/1301/1479 
f 1302/1293/1473 1301/1296/1472 1308/1301/1479 
f 1308/1301/1479 1301/1296/1472 1309/1302/1480 
f 1309/1302/1480 1301/1296/1472 1300/1295/794 
f 1309/1302/1480 1300/1295/794 1310/705/1481 
f 1300/1295/794 1271/725/1447 1310/705/1481 
f 1271/725/1447 1300/1295/794 1272/1276/805 
f 1310/705/1481 1271/725/1447 1311/725/1482 
f 1311/725/1482 1271/725/1447 1270/1275/1446 
f 1310/705/1481 1311/725/1482 1312/705/1483 
f 1310/705/1481 1312/705/1483 1313/1303/1484 
f 1310/705/1481 1313/1303/1484 1309/1302/1480 
f 1313/1303/1484 1314/1304/1485 1309/1302/1480 
f 1309/1302/1480 1314/1304/1485 1308/1301/1479 
f 1308/1301/1479 1314/1304/1485 1315/1305/1486 
f 1308/1301/1479 1315/1305/1486 1307/1297/1478 
f 1315/1305/1486 1316/1300/1487 1307/1297/1478 
f 1307/1297/1478 1316/1300/1487 1306/1300/1477 
f 1306/1300/1477 1316/1300/1487 1317/1306/1488 
f 1306/1300/1477 1317/1306/1488 1318/1307/1489 
f 1306/1300/1477 1318/1307/1489 1305/1299/1476 
f 1318/1307/1489 1317/1306/1488 1319/1308/1490 
f 1317/1306/1488 1320/1309/1491 1319/1308/1490 
f 1320/1309/1491 1317/1306/1488 1321/1306/747 
f 1321/1306/747 1317/1306/1488 1316/1300/1487 
f 1321/1306/747 1316/1300/1487 1322/1310/1492 
f 1316/1300/1487 1315/1305/1486 1322/1310/1492 
f 1322/1310/1492 1315/1305/1486 1323/1311/764 
f 1323/1311/764 1315/1305/1486 1314/1304/1485 
f 1323/1311/764 1314/1304/1485 1324/688/772 
f 1314/1304/1485 1313/1303/1484 1324/688/772 
f 1324/688/772 1313/1303/1484 1325/1303/1493 
f 1325/1303/1493 1313/1303/1484 1312/705/1483 
f 1324/688/772 1325/1303/1493 1326/688/1494 
f 1324/688/772 1326/688/1494 1327/687/1495 
f 1324/688/772 1327/687/1495 1323/1311/764 
f 1327/687/1495 1328/1312/752 1323/1311/764 
f 1323/1311/764 1328/1312/752 1322/1310/1492 
f 1322/1310/1492 1328/1312/752 1329/1313/1496 
f 1322/1310/1492 1329/1313/1496 1321/1306/747 
f 1329/1313/1496 1330/1309/1497 1321/1306/747 
f 1321/1306/747 1330/1309/1497 1320/1309/1491 
f 1320/1309/1491 1330/1309/1497 1331/1314/1498 
f 1320/1309/1491 1331/1314/1498 1332/1315/1499 
f 1320/1309/1491 1332/1315/1499 1319/1308/1490 
f 1332/1315/1499 1331/1314/1498 1333/1316/1500 
f 1331/1314/1498 1334/1317/1501 1333/1316/1500 
f 1334/1317/1501 1331/1314/1498 1335/1314/736 
f 1335/1314/736 1331/1314/1498 1330/1309/1497 
f 1335/1314/736 1330/1309/1497 1336/1318/739 
f 1330/1309/1497 1329/1313/1496 1336/1318/739 
f 1336/1318/739 1329/1313/1496 1337/1319/1502 
f 1337/1319/1502 1329/1313/1496 1328/1312/752 
f 1337/1319/1502 1328/1312/752 1338/1320/753 
f 1328/1312/752 1327/687/1495 1338/1320/753 
f 1338/1320/753 1327/687/1495 1339/687/1503 
f 1339/687/1503 1327/687/1495 1326/688/1494 
f 1338/1320/753 1339/687/1503 1340/1320/1504 
f 1338/1320/753 1340/1320/1504 1341/677/744 
f 1338/1320/753 1341/677/744 1337/1319/1502 
f 1341/677/744 1342/1321/740 1337/1319/1502 
f 1337/1319/1502 1342/1321/740 1336/1318/739 
f 1336/1318/739 1342/1321/740 1343/1322/735 
f 1336/1318/739 1343/1322/735 1335/1314/736 
f 1343/1322/735 1344/1317/733 1335/1314/736 
f 1335/1314/736 1344/1317/733 1334/1317/1501 
f 1334/1317/1501 1344/1317/733 1345/1323/1505 
f 1334/1317/1501 1345/1323/1505 1346/1324/1506 
f 1334/1317/1501 1346/1324/1506 1333/1316/1500 
f 1346/1324/1506 1345/1323/1505 1347/1325/1507 
f 1345/1323/1505 1348/1326/1508 1347/1325/1507 
f 1348/1326/1508 1345/1323/1505 1349/1323/1509 
f 1349/1323/1509 1345/1323/1505 1344/1317/733 
f 1349/1323/1509 1344/1317/733 1350/1327/1510 
f 1344/1317/733 1343/1322/735 1350/1327/1510 
f 1350/1327/1510 1343/1322/735 1351/1328/1511 
f 1351/1328/1511 1343/1322/735 1342/1321/740 
f 1351/1328/1511 1342/1321/740 1352/675/1512 
f 1342/1321/740 1341/677/744 1352/675/1512 
f 1352/675/1512 1341/677/744 1353/677/1513 
f 1353/677/1513 1341/677/744 1340/1320/1504 
f 1352/675/1512 1353/677/1513 1354/675/1514 
f 1352/675/1512 1354/675/1514 1355/1329/742 
f 1352/675/1512 1355/1329/742 1351/1328/1511 
f 1355/1329/742 1356/1330/1515 1351/1328/1511 
f 1351/1328/1511 1356/1330/1515 1350/1327/1510 
f 1350/1327/1510 1356/1330/1515 1357/1331/1516 
f 1350/1327/1510 1357/1331/1516 1349/1323/1509 
f 1357/1331/1516 1358/1326/1517 1349/1323/1509 
f 1349/1323/1509 1358/1326/1517 1348/1326/1508 
f 1348/1326/1508 1358/1326/1517 1359/1332/1518 
f 1348/1326/1508 1359/1332/1518 1360/1333/1519 
f 1348/1326/1508 1360/1333/1519 1347/1325/1507 
f 1360/1333/1519 1359/1332/1518 1361/1334/1520 
f 1359/1332/1518 1362/1335/1521 1361/1334/1520 
f 1362/1335/1521 1359/1332/1518 1363/1332/1522 
f 1363/1332/1522 1359/1332/1518 1358/1326/1517 
f 1363/1332/1522 1358/1326/1517 1364/1336/710 
f 1358/1326/1517 1357/1331/1516 1364/1336/710 
f 1364/1336/710 1357/1331/1516 1365/1337/713 
f 1365/1337/713 1357/1331/1516 1356/1330/1515 
f 1365/1337/713 1356/1330/1515 1366/315/1523 
f 1356/1330/1515 1355/1329/742 1366/315/1523 
f 1366/315/1523 1355/1329/742 1367/1329/1524 
f 1367/1329/1524 1355/1329/742 1354/675/1514 
f 1366/315/1523 1367/1329/1524 1368/315/1525 
f 1366/315/1523 1368/315/1525 1369/314/1526 
f 1366/315/1523 1369/314/1526 1365/1337/713 
f 1369/314/1526 1370/1338/1527 1365/1337/713 
f 1365/1337/713 1370/1338/1527 1364/1336/710 
f 1364/1336/710 1370/1338/1527 1371/1339/1528 
f 1364/1336/710 1371/1339/1528 1363/1332/1522 
f 1371/1339/1528 1372/1335/1529 1363/1332/1522 
f 1363/1332/1522 1372/1335/1529 1362/1335/1521 
f 1362/1335/1521 1372/1335/1529 1373/1340/1530 
f 1362/1335/1521 1373/1340/1530 1374/1341/1531 
f 1362/1335/1521 1374/1341/1531 1361/1334/1520 
f 1374/1341/1531 1373/1340/1530 1375/1342/1532 
f 1373/1340/1530 1376/1343/1533 1375/1342/1532 
f 1376/1343/1533 1373/1340/1530 1377/1340/706 
f 1377/1340/706 1373/1340/1530 1372/1335/1529 
f 1377/1340/706 1372/1335/1529 1378/1344/1534 
f 1372/1335/1529 1371/1339/1528 1378/1344/1534 
f 1378/1344/1534 1371/1339/1528 1379/1345/715 
f 1379/1345/715 1371/1339/1528 1370/1338/1527 
f 1379/1345/715 1370/1338/1527 1380/1346/1535 
f 1370/1338/1527 1369/314/1526 1380/1346/1535 
f 1380/1346/1535 1369/314/1526 1381/314/1536 
f 1381/314/1536 1369/314/1526 1368/315/1525 
f 1380/1346/1535 1381/314/1536 1382/1346/1537 
f 1380/1346/1535 1382/1346/1537 1383/1347/724 
f 1380/1346/1535 1383/1347/724 1379/1345/715 
f 1383/1347/724 1384/1348/716 1379/1345/715 
f 1379/1345/715 1384/1348/716 1378/1344/1534 
f 1378/1344/1534 1384/1348/716 1385/1349/1538 
f 1378/1344/1534 1385/1349/1538 1377/1340/706 
f 1385/1349/1538 1386/1343/718 1377/1340/706 
f 1377/1340/706 1386/1343/718 1376/1343/1533 
f 1376/1343/1533 1386/1343/718 1387/1350/1539 
f 1376/1343/1533 1387/1350/1539 1388/1351/1540 
f 1376/1343/1533 1388/1351/1540 1375/1342/1532 
f 1388/1351/1540 1387/1350/1539 1389/1352/1541 
f 1387/1350/1539 1390/1353/1542 1389/1352/1541 
f 1390/1353/1542 1387/1350/1539 1391/1350/720 
f 1391/1350/720 1387/1350/1539 1386/1343/718 
f 1391/1350/720 1386/1343/718 1392/1354/1543 
f 1386/1343/718 1385/1349/1538 1392/1354/1543 
f 1392/1354/1543 1385/1349/1538 1393/1355/1544 
f 1393/1355/1544 1385/1349/1538 1384/1348/716 
f 1393/1355/1544 1384/1348/716 1394/654/723 
f 1384/1348/716 1383/1347/724 1394/654/723 
f 1394/654/723 1383/1347/724 1395/1347/1545 
f 1395/1347/1545 1383/1347/724 1382/1346/1537 
f 1394/654/723 1395/1347/1545 1396/654/1546 
f 1394/654/723 1396/654/1546 1397/664/1547 
f 1394/654/723 1397/664/1547 1393/1355/1544 
f 1397/664/1547 1398/1356/1548 1393/1355/1544 
f 1393/1355/1544 1398/1356/1548 1392/1354/1543 
f 1392/1354/1543 1398/1356/1548 1399/1357/1549 
f 1392/1354/1543 1399/1357/1549 1391/1350/720 
f 1399/1357/1549 1400/1353/969 1391/1350/720 
f 1391/1350/720 1400/1353/969 1390/1353/1542 
f 1390/1353/1542 1400/1353/969 1401/1358/1550 
f 1390/1353/1542 1401/1358/1550 1402/1359/1551 
f 1390/1353/1542 1402/1359/1551 1389/1352/1541 
f 1402/1359/1551 1401/1358/1550 1403/1360/1552 
f 1401/1358/1550 1404/1361/1553 1403/1360/1552 
f 1404/1361/1553 1401/1358/1550 1405/1358/1554 
f 1405/1358/1554 1401/1358/1550 1400/1353/969 
f 1405/1358/1554 1400/1353/969 1406/1362/1555 
f 1400/1353/969 1399/1357/1549 1406/1362/1555 
f 1406/1362/1555 1399/1357/1549 1407/1363/973 
f 1407/1363/973 1399/1357/1549 1398/1356/1548 
f 1407/1363/973 1398/1356/1548 1408/1364/1556 
f 1398/1356/1548 1397/664/1547 1408/1364/1556 
f 1408/1364/1556 1397/664/1547 1409/664/1557 
f 1409/664/1557 1397/664/1547 1396/654/1546 
f 1408/1364/1556 1409/664/1557 1410/1364/1558 
f 1408/1364/1556 1410/1364/1558 1411/870/1559 
f 1408/1364/1556 1411/870/1559 1407/1363/973 
f 1411/870/1559 1412/1365/967 1407/1363/973 
f 1407/1363/973 1412/1365/967 1406/1362/1555 
f 1406/1362/1555 1412/1365/967 1413/1366/955 
f 1406/1362/1555 1413/1366/955 1405/1358/1554 
f 1413/1366/955 1414/1361/1560 1405/1358/1554 
f 1405/1358/1554 1414/1361/1560 1404/1361/1553 
f 1404/1361/1553 1414/1361/1560 1415/1367/1561 
f 1404/1361/1553 1415/1367/1561 1416/1368/1562 
f 1404/1361/1553 1416/1368/1562 1403/1360/1552 
f 1416/1368/1562 1415/1367/1561 1417/1369/1563 
f 1415/1367/1561 1418/1370/1564 1417/1369/1563 
f 1418/1370/1564 1415/1367/1561 1419/1367/936 
f 1419/1367/936 1415/1367/1561 1414/1361/1560 
f 1419/1367/936 1414/1361/1560 1420/1371/1565 
f 1414/1361/1560 1413/1366/955 1420/1371/1565 
f 1420/1371/1565 1413/1366/955 1421/1372/1566 
f 1421/1372/1566 1413/1366/955 1412/1365/967 
f 1421/1372/1566 1412/1365/967 1422/869/1567 
f 1412/1365/967 1411/870/1559 1422/869/1567 
f 1422/869/1567 1411/870/1559 1423/870/1568 
f 1423/870/1568 1411/870/1559 1410/1364/1558 
f 1422/869/1567 1423/870/1568 1424/869/1569 
f 1422/869/1567 1424/869/1569 1425/854/957 
f 1422/869/1567 1425/854/957 1421/1372/1566 
f 1425/854/957 1426/1373/949 1421/1372/1566 
f 1421/1372/1566 1426/1373/949 1420/1371/1565 
f 1420/1371/1565 1426/1373/949 1427/1374/1570 
f 1420/1371/1565 1427/1374/1570 1419/1367/936 
f 1427/1374/1570 1428/1370/1571 1419/1367/936 
f 1419/1367/936 1428/1370/1571 1418/1370/1564 
f 1418/1370/1564 1428/1370/1571 1429/1375/1572 
f 1418/1370/1564 1429/1375/1572 1430/1376/1573 
f 1418/1370/1564 1430/1376/1573 1417/1369/1563 
f 1430/1376/1573 1429/1375/1572 1431/1377/1574 
f 1429/1375/1572 1432/1378/1575 1431/1377/1574 
f 1432/1378/1575 1429/1375/1572 1433/1375/918 
f 1433/1375/918 1429/1375/1572 1428/1370/1571 
f 1433/1375/918 1428/1370/1571 1434/1379/932 
f 1428/1370/1571 1427/1374/1570 1434/1379/932 
f 1434/1379/932 1427/1374/1570 1435/1380/1576 
f 1435/1380/1576 1427/1374/1570 1426/1373/949 
f 1435/1380/1576 1426/1373/949 1436/1381/948 
f 1426/1373/949 1425/854/957 1436/1381/948 
f 1436/1381/948 1425/854/957 1437/854/1577 
f 1437/854/1577 1425/854/957 1424/869/1569 
f 1436/1381/948 1437/854/1577 1438/1381/1578 
f 1436/1381/948 1438/1381/1578 1439/838/1579 
f 1436/1381/948 1439/838/1579 1435/1380/1576 
f 1439/838/1579 1440/1382/1580 1435/1380/1576 
f 1435/1380/1576 1440/1382/1580 1434/1379/932 
f 1434/1379/932 1440/1382/1580 1441/1383/919 
f 1434/1379/932 1441/1383/919 1433/1375/918 
f 1441/1383/919 1442/1378/1581 1433/1375/918 
f 1433/1375/918 1442/1378/1581 1432/1378/1575 
f 1432/1378/1575 1442/1378/1581 1443/1384/1582 
f 1432/1378/1575 1443/1384/1582 1444/1385/1583 
f 1432/1378/1575 1444/1385/1583 1431/1377/1574 
f 1444/1385/1583 1443/1384/1582 1445/1386/1584 
f 1443/1384/1582 1446/1387/1585 1445/1386/1584 
f 1446/1387/1585 1443/1384/1582 1447/1384/900 
f 1447/1384/900 1443/1384/1582 1442/1378/1581 
f 1447/1384/900 1442/1378/1581 1448/1388/914 
f 1442/1378/1581 1441/1383/919 1448/1388/914 
f 1448/1388/914 1441/1383/919 1449/1389/920 
f 1449/1389/920 1441/1383/919 1440/1382/1580 
f 1449/1389/920 1440/1382/1580 1450/837/1586 
f 1440/1382/1580 1439/838/1579 1450/837/1586 
f 1450/837/1586 1439/838/1579 1451/838/1587 
f 1451/838/1587 1439/838/1579 1438/1381/1578 
f 1450/837/1586 1451/838/1587 1452/837/1588 
f 1450/837/1586 1452/837/1588 1453/1390/1589 
f 1450/837/1586 1453/1390/1589 1449/1389/920 
f 1453/1390/1589 1454/1391/1590 1449/1389/920 
f 1449/1389/920 1454/1391/1590 1448/1388/914 
f 1448/1388/914 1454/1391/1590 1455/1392/1591 
f 1448/1388/914 1455/1392/1591 1447/1384/900 
f 1455/1392/1591 1456/1387/897 1447/1384/900 
f 1447/1384/900 1456/1387/897 1446/1387/1585 
f 1446/1387/1585 1456/1387/897 1457/1393/1592 
f 1446/1387/1585 1457/1393/1592 1458/1394/1593 
f 1446/1387/1585 1458/1394/1593 1445/1386/1584 
f 1458/1394/1593 1457/1393/1592 1459/1395/1594 
f 1457/1393/1592 1460/1396/1595 1459/1395/1594 
f 1460/1396/1595 1457/1393/1592 1461/1393/1596 
f 1461/1393/1596 1457/1393/1592 1456/1387/897 
f 1461/1393/1596 1456/1387/897 1462/1397/896 
f 1456/1387/897 1455/1392/1591 1462/1397/896 
f 1462/1397/896 1455/1392/1591 1463/1398/902 
f 1463/1398/902 1455/1392/1591 1454/1391/1590 
f 1463/1398/902 1454/1391/1590 1464/821/1597 
f 1454/1391/1590 1453/1390/1589 1464/821/1597 
f 1464/821/1597 1453/1390/1589 1465/1390/1598 
f 1465/1390/1598 1453/1390/1589 1452/837/1588 
f 1464/821/1597 1465/1390/1598 1466/821/1599 
f 1464/821/1597 1466/821/1599 1467/806/903 
f 1464/821/1597 1467/806/903 1463/1398/902 
f 1467/806/903 1468/1399/895 1463/1398/902 
f 1463/1398/902 1468/1399/895 1462/1397/896 
f 1462/1397/896 1468/1399/895 1469/1400/1600 
f 1462/1397/896 1469/1400/1600 1461/1393/1596 
f 1469/1400/1600 1470/1396/1601 1461/1393/1596 
f 1461/1393/1596 1470/1396/1601 1460/1396/1595 
f 1460/1396/1595 1470/1396/1601 1471/1281/1602 
f 1460/1396/1595 1471/1281/1602 1472/1401/1603 
f 1460/1396/1595 1472/1401/1603 1459/1395/1594 
f 1472/1401/1603 1471/1281/1602 1473/1402/1604 
f 1471/1281/1602 1284/1279/1457 1473/1402/1604 
f 1284/1279/1457 1471/1281/1602 1283/1281/1456 
f 1283/1281/1456 1471/1281/1602 1470/1396/1601 
f 1283/1281/1456 1470/1396/1601 1474/1403/1605 
f 1470/1396/1601 1469/1400/1600 1474/1403/1605 
f 1474/1403/1605 1469/1400/1600 1475/1404/1606 
f 1475/1404/1606 1469/1400/1600 1468/1399/895 
f 1475/1404/1606 1468/1399/895 1476/1405/894 
f 1468/1399/895 1467/806/903 1476/1405/894 
f 1476/1405/894 1467/806/903 1477/806/1607 
f 1477/806/1607 1467/806/903 1466/821/1599 
f 1476/1405/894 1477/806/1607 1478/1405/1608 
f 1476/1405/894 1478/1405/1608 1479/1406/885 
f 1476/1405/894 1479/1406/885 1475/1404/1606 
f 1479/1406/885 1480/1407/877 1475/1404/1606 
f 1475/1404/1606 1480/1407/877 1474/1403/1605 
f 1474/1403/1605 1480/1407/877 1282/1280/1455 
f 1474/1403/1605 1282/1280/1455 1283/1281/1456 
f 1480/1407/877 1259/1266/1439 1282/1280/1455 
f 1259/1266/1439 1480/1407/877 1258/789/1438 
f 1480/1407/877 1479/1406/885 1258/789/1438 
f 1258/789/1438 1479/1406/885 1481/1406/731 
f 1481/1406/731 1479/1406/885 1478/1405/1608 
f 1258/789/1438 1481/1406/731 1257/789/1437 
f 1285/1282/1458 1473/1402/1604 1284/1279/1457 
f 1248/742/1609 1238/757/1610 722/757/1610 
f 722/757/1610 1238/757/1610 739/758/1611 
f 1238/757/1610 1237/758/1612 739/758/1611 
f 739/758/1611 1237/758/1612 740/773/1613 
f 1237/758/1612 1241/773/1613 740/773/1613 
f 740/773/1613 1241/773/1613 757/774/1614 
f 1241/773/1613 1243/1256/1614 757/774/1614 
f 757/774/1614 1243/1256/1614 758/789/1615 
f 1243/1256/1614 1257/789/1616 758/789/1615 
f 758/789/1615 1257/789/1616 775/790/1617 
f 1257/789/1616 1481/1406/1618 775/790/1617 
f 775/790/1617 1481/1406/1618 776/805/1619 
f 1481/1406/1618 1478/1405/1620 776/805/1619 
f 776/805/1619 1478/1405/1620 793/806/1621 
f 1478/1405/1620 1477/806/1621 793/806/1621 
f 793/806/1621 1477/806/1621 794/821/1622 
f 1477/806/1621 1466/821/1623 794/821/1622 
f 794/821/1622 1466/821/1623 811/822/1624 
f 1466/821/1623 1465/1390/1624 811/822/1624 
f 811/822/1624 1465/1390/1624 812/837/1625 
f 1465/1390/1624 1452/837/1625 812/837/1625 
f 812/837/1625 1452/837/1625 829/838/1626 
f 1452/837/1625 1451/838/1627 829/838/1626 
f 829/838/1626 1451/838/1627 830/853/1628 
f 1451/838/1627 1438/1381/1629 830/853/1628 
f 830/853/1628 1438/1381/1629 847/854/1630 
f 1438/1381/1629 1437/854/1631 847/854/1630 
f 847/854/1630 1437/854/1631 848/869/1632 
f 1437/854/1631 1424/869/1633 848/869/1632 
f 848/869/1632 1424/869/1633 865/870/1634 
f 1424/869/1633 1423/870/1635 865/870/1634 
f 865/870/1634 1423/870/1635 866/885/1636 
f 1423/870/1635 1410/1364/1636 866/885/1636 
f 866/885/1636 1410/1364/1636 615/664/1637 
f 1410/1364/1636 1409/664/1638 615/664/1637 
f 615/664/1637 1409/664/1638 604/654/1639 
f 1409/664/1638 1396/654/1640 604/654/1639 
f 604/654/1639 1396/654/1640 602/653/1641 
f 1396/654/1640 1395/1347/1641 602/653/1641 
f 602/653/1641 1395/1347/1641 277/313/1642 
f 1395/1347/1641 1382/1346/1643 277/313/1642 
f 277/313/1642 1382/1346/1643 278/314/1644 
f 1382/1346/1643 1381/314/1645 278/314/1644 
f 278/314/1644 1381/314/1645 279/315/1646 
f 1381/314/1645 1368/315/1646 279/315/1646 
f 279/315/1646 1368/315/1646 627/674/1647 
f 1368/315/1646 1367/1329/1648 627/674/1647 
f 627/674/1647 1367/1329/1648 629/675/1649 
f 1367/1329/1648 1354/675/1650 629/675/1649 
f 629/675/1649 1354/675/1650 632/677/1651 
f 1354/675/1650 1353/677/1651 632/677/1651 
f 632/677/1651 1353/677/1651 643/678/1652 
f 1353/677/1651 1340/1320/1652 643/678/1652 
f 643/678/1652 1340/1320/1652 644/687/1653 
f 1340/1320/1652 1339/687/1654 644/687/1653 
f 644/687/1653 1339/687/1654 662/688/1655 
f 1339/687/1654 1326/688/1656 662/688/1655 
f 662/688/1655 1326/688/1656 663/704/1657 
f 1326/688/1656 1325/1303/1657 663/704/1657 
f 663/704/1657 1325/1303/1657 685/705/1658 
f 1325/1303/1657 1312/705/1659 685/705/1658 
f 685/705/1658 1312/705/1659 686/725/1660 
f 1312/705/1659 1311/725/1661 686/725/1660 
f 686/725/1660 1311/725/1661 703/726/1662 
f 1311/725/1661 1270/1275/1662 703/726/1662 
f 703/726/1662 1270/1275/1662 704/741/1663 
f 1270/1275/1662 1269/741/1663 704/741/1663 
f 704/741/1663 1269/741/1663 721/742/1664 
f 1269/741/1663 1248/742/1609 721/742/1664 
f 721/742/1664 1248/742/1609 722/757/1610 
f 1286/1283/1665 1287/1284/1666 1482/1408/1667 
f 1482/1408/1667 1287/1284/1666 1483/1409/1668 
f 1287/1284/1666 1288/1285/1669 1483/1409/1668 
f 1483/1409/1668 1288/1285/1669 1484/1410/1670 
f 1288/1285/1669 1289/1286/1671 1484/1410/1670 
f 1483/1409/1668 1484/1410/1670 1485/1411/1672 
f 1483/1409/1668 1485/1411/1672 1486/1412/1673 
f 1483/1409/1668 1486/1412/1673 1482/1408/1667 
f 1486/1412/1673 1487/1413/1674 1482/1408/1667 
f 1482/1408/1667 1487/1413/1674 1488/1414/1675 
f 1482/1408/1667 1488/1414/1675 1286/1283/1665 
f 1286/1283/1665 1488/1414/1675 1285/1282/1676 
f 1488/1414/1675 1489/1415/1677 1285/1282/1676 
f 1489/1415/1677 1488/1414/1675 1490/1416/1678 
f 1490/1416/1678 1488/1414/1675 1487/1413/1674 
f 1490/1416/1678 1487/1413/1674 1491/1417/1679 
f 1491/1417/1679 1487/1413/1674 1492/1418/1680 
f 1487/1413/1674 1486/1412/1673 1492/1418/1680 
f 1492/1418/1680 1486/1412/1673 1493/1419/1681 
f 1486/1412/1673 1485/1411/1672 1493/1419/1681 
f 1493/1419/1681 1485/1411/1672 1494/1420/1682 
f 1485/1411/1672 1495/1421/1683 1494/1420/1682 
f 1495/1421/1683 1485/1411/1672 1484/1410/1670 
f 1495/1421/1683 1484/1410/1670 1496/1422/1684 
f 1496/1422/1684 1484/1410/1670 1289/1286/1671 
f 1496/1422/1684 1289/1286/1671 1290/1287/1685 
f 1496/1422/1684 1290/1287/1685 1497/1423/1686 
f 1496/1422/1684 1497/1423/1686 1498/1424/1687 
f 1496/1422/1684 1498/1424/1687 1495/1421/1683 
f 1495/1421/1683 1498/1424/1687 1499/1425/1688 
f 1495/1421/1683 1499/1425/1688 1494/1420/1682 
f 1494/1420/1682 1499/1425/1688 1500/1426/1689 
f 1494/1420/1682 1500/1426/1689 1501/1427/1690 
f 1494/1420/1682 1501/1427/1690 1493/1419/1681 
f 1501/1427/1690 1502/1428/1691 1493/1419/1681 
f 1493/1419/1681 1502/1428/1691 1492/1418/1680 
f 1502/1428/1691 1501/1427/1690 1500/1426/1689 
f 1492/1418/1680 1502/1428/1691 1503/1429/1692 
f 1492/1418/1680 1503/1429/1692 1491/1417/1679 
f 1503/1429/1692 1504/1430/1693 1491/1417/1679 
f 1504/1430/1693 1503/1429/1692 1502/1428/1691 
f 1491/1417/1679 1504/1430/1693 1505/1431/1694 
f 1491/1417/1679 1505/1431/1694 1490/1416/1678 
f 1490/1416/1678 1505/1431/1694 1506/1432/1695 
f 1490/1416/1678 1506/1432/1695 1489/1415/1677 
f 1489/1415/1677 1506/1432/1695 1507/1433/1696 
f 1489/1415/1677 1507/1433/1696 1473/1402/1697 
f 1489/1415/1677 1473/1402/1697 1285/1282/1676 
f 1473/1402/1697 1507/1433/1696 1472/1401/1698 
f 1507/1433/1696 1508/1434/1699 1472/1401/1698 
f 1508/1434/1699 1507/1433/1696 1509/1435/1700 
f 1509/1435/1700 1507/1433/1696 1506/1432/1695 
f 1509/1435/1700 1506/1432/1695 1510/1436/1701 
f 1510/1436/1701 1506/1432/1695 1505/1431/1694 
f 1510/1436/1701 1505/1431/1694 1511/1437/1702 
f 1511/1437/1702 1505/1431/1694 1504/1430/1693 
f 1511/1437/1702 1504/1430/1693 1502/1428/1691 
f 1511/1437/1702 1502/1428/1691 1512/1438/1703 
f 1502/1428/1691 1500/1426/1689 1512/1438/1703 
f 1500/1426/1689 1513/1439/1704 1512/1438/1703 
f 1513/1439/1704 1500/1426/1689 1499/1425/1688 
f 1513/1439/1704 1499/1425/1688 1514/1440/1705 
f 1514/1440/1705 1499/1425/1688 1498/1424/1687 
f 1513/1439/1704 1514/1440/1705 1512/1438/1703 
f 1498/1424/1687 1515/1441/1706 1514/1440/1705 
f 1515/1441/1706 1498/1424/1687 1497/1423/1686 
f 1514/1440/1705 1515/1441/1706 1516/1442/1707 
f 1514/1440/1705 1516/1442/1707 1512/1438/1703 
f 1515/1441/1706 1517/1443/1708 1516/1442/1707 
f 1517/1443/1708 1515/1441/1706 1518/1444/1709 
f 1518/1444/1709 1515/1441/1706 1497/1423/1686 
f 1518/1444/1709 1497/1423/1686 1291/1288/1710 
f 1291/1288/1710 1497/1423/1686 1290/1287/1685 
f 1518/1444/1709 1291/1288/1710 1295/1291/1711 
f 1518/1444/1709 1295/1291/1711 1519/1445/1712 
f 1518/1444/1709 1519/1445/1712 1517/1443/1708 
f 1295/1291/1711 1296/1292/1713 1519/1445/1712 
f 1517/1443/1708 1519/1445/1712 1520/1446/1714 
f 1519/1445/1712 1296/1292/1713 1521/1447/1715 
f 1520/1446/1714 1519/1445/1712 1521/1447/1715 
f 1296/1292/1713 1304/1298/1716 1521/1447/1715 
f 1521/1447/1715 1304/1298/1716 1522/1448/1717 
f 1521/1447/1715 1522/1448/1717 1523/1449/1718 
f 1521/1447/1715 1523/1449/1718 1520/1446/1714 
f 1520/1446/1714 1523/1449/1718 1524/1450/1719 
f 1520/1446/1714 1524/1450/1719 1525/1451/1720 
f 1520/1446/1714 1525/1451/1720 1517/1443/1708 
f 1525/1451/1720 1516/1442/1707 1517/1443/1708 
f 1516/1442/1707 1525/1451/1720 1526/1452/1721 
f 1516/1442/1707 1526/1452/1721 1512/1438/1703 
f 1526/1452/1721 1525/1451/1720 1527/1453/1722 
f 1525/1451/1720 1524/1450/1719 1527/1453/1722 
f 1526/1452/1721 1527/1453/1722 1512/1438/1703 
f 1527/1453/1722 1524/1450/1719 1528/1454/1723 
f 1524/1450/1719 1529/1455/1724 1528/1454/1723 
f 1529/1455/1724 1524/1450/1719 1523/1449/1718 
f 1529/1455/1724 1523/1449/1718 1530/1456/1725 
f 1530/1456/1725 1523/1449/1718 1522/1448/1717 
f 1530/1456/1725 1522/1448/1717 1531/1457/1726 
f 1531/1457/1726 1522/1448/1717 1305/1299/1727 
f 1305/1299/1727 1522/1448/1717 1304/1298/1716 
f 1531/1457/1726 1305/1299/1727 1318/1307/1728 
f 1531/1457/1726 1318/1307/1728 1532/1458/1729 
f 1531/1457/1726 1532/1458/1729 1533/1459/1730 
f 1531/1457/1726 1533/1459/1730 1530/1456/1725 
f 1530/1456/1725 1533/1459/1730 1534/1460/1731 
f 1530/1456/1725 1534/1460/1731 1529/1455/1724 
f 1529/1455/1724 1534/1460/1731 1535/1461/1732 
f 1529/1455/1724 1535/1461/1732 1528/1454/1723 
f 1528/1454/1723 1535/1461/1732 1527/1453/1722 
f 1527/1453/1722 1535/1461/1732 1512/1438/1703 
f 1512/1438/1703 1535/1461/1732 1536/1462/1733 
f 1535/1461/1732 1537/1463/1734 1536/1462/1733 
f 1537/1463/1734 1535/1461/1732 1538/1464/1735 
f 1538/1464/1735 1535/1461/1732 1534/1460/1731 
f 1538/1464/1735 1534/1460/1731 1539/1465/1736 
f 1539/1465/1736 1534/1460/1731 1533/1459/1730 
f 1538/1464/1735 1539/1465/1736 1537/1463/1734 
f 1533/1459/1730 1540/1466/1737 1539/1465/1736 
f 1540/1466/1737 1533/1459/1730 1532/1458/1729 
f 1539/1465/1736 1540/1466/1737 1541/1467/1738 
f 1539/1465/1736 1541/1467/1738 1537/1463/1734 
f 1537/1463/1734 1541/1467/1738 1542/1468/1739 
f 1537/1463/1734 1542/1468/1739 1536/1462/1733 
f 1541/1467/1738 1543/1469/1740 1542/1468/1739 
f 1536/1462/1733 1542/1468/1739 1543/1469/1740 
f 1541/1467/1738 1544/1470/1741 1543/1469/1740 
f 1544/1470/1741 1541/1467/1738 1540/1466/1737 
f 1544/1470/1741 1540/1466/1737 1545/1471/1742 
f 1545/1471/1742 1540/1466/1737 1532/1458/1729 
f 1545/1471/1742 1532/1458/1729 1319/1308/1743 
f 1319/1308/1743 1532/1458/1729 1318/1307/1728 
f 1545/1471/1742 1319/1308/1743 1332/1315/1744 
f 1545/1471/1742 1332/1315/1744 1546/1472/1745 
f 1545/1471/1742 1546/1472/1745 1544/1470/1741 
f 1544/1470/1741 1546/1472/1745 1547/1473/1746 
f 1544/1470/1741 1547/1473/1746 1543/1469/1740 
f 1543/1469/1740 1547/1473/1746 1548/1474/1747 
f 1543/1469/1740 1548/1474/1747 1536/1462/1733 
f 1547/1473/1746 1549/1475/1748 1548/1474/1747 
f 1549/1475/1748 1547/1473/1746 1550/1476/1749 
f 1550/1476/1749 1547/1473/1746 1546/1472/1745 
f 1550/1476/1749 1546/1472/1745 1333/1316/1750 
f 1333/1316/1750 1546/1472/1745 1332/1315/1744 
f 1550/1476/1749 1333/1316/1750 1346/1324/1751 
f 1550/1476/1749 1346/1324/1751 1551/1477/1752 
f 1550/1476/1749 1551/1477/1752 1549/1475/1748 
f 1346/1324/1751 1347/1325/1753 1551/1477/1752 
f 1549/1475/1748 1551/1477/1752 1552/1478/1754 
f 1549/1475/1748 1552/1478/1754 1553/1479/1755 
f 1549/1475/1748 1553/1479/1755 1548/1474/1747 
f 1548/1474/1747 1553/1479/1755 1554/1480/1756 
f 1548/1474/1747 1554/1480/1756 1536/1462/1733 
f 1536/1462/1733 1554/1480/1756 1555/1481/1757 
f 1555/1481/1757 1554/1480/1756 1553/1479/1755 
f 1555/1481/1757 1553/1479/1755 1556/1482/1758 
f 1556/1482/1758 1553/1479/1755 1552/1478/1754 
f 1556/1482/1758 1552/1478/1754 1557/1483/1759 
f 1557/1483/1759 1552/1478/1754 1558/1484/1760 
f 1558/1484/1760 1552/1478/1754 1551/1477/1752 
f 1558/1484/1760 1551/1477/1752 1347/1325/1753 
f 1558/1484/1760 1347/1325/1753 1360/1333/1761 
f 1558/1484/1760 1360/1333/1761 1559/1485/1762 
f 1558/1484/1760 1559/1485/1762 1557/1483/1759 
f 1360/1333/1761 1361/1334/1763 1559/1485/1762 
f 1557/1483/1759 1559/1485/1762 1560/1486/1764 
f 1559/1485/1762 1361/1334/1763 1561/1487/1765 
f 1560/1486/1764 1559/1485/1762 1561/1487/1765 
f 1361/1334/1763 1374/1341/1766 1561/1487/1765 
f 1561/1487/1765 1374/1341/1766 1562/1488/1767 
f 1561/1487/1765 1562/1488/1767 1563/1489/1768 
f 1561/1487/1765 1563/1489/1768 1560/1486/1764 
f 1560/1486/1764 1563/1489/1768 1564/1490/1769 
f 1560/1486/1764 1564/1490/1769 1565/1491/1770 
f 1560/1486/1764 1565/1491/1770 1557/1483/1759 
f 1565/1491/1770 1556/1482/1758 1557/1483/1759 
f 1556/1482/1758 1565/1491/1770 1566/1492/1771 
f 1556/1482/1758 1566/1492/1771 1555/1481/1757 
f 1555/1481/1757 1566/1492/1771 1567/1493/1772 
f 1555/1481/1757 1567/1493/1772 1536/1462/1733 
f 1567/1493/1772 1566/1492/1771 1565/1491/1770 
f 1567/1493/1772 1565/1491/1770 1564/1490/1769 
f 1567/1493/1772 1564/1490/1769 1568/1494/1773 
f 1564/1490/1769 1569/1495/1774 1568/1494/1773 
f 1569/1495/1774 1564/1490/1769 1563/1489/1768 
f 1569/1495/1774 1563/1489/1768 1570/1496/1775 
f 1570/1496/1775 1563/1489/1768 1562/1488/1767 
f 1570/1496/1775 1562/1488/1767 1571/1497/1776 
f 1571/1497/1776 1562/1488/1767 1375/1342/1777 
f 1375/1342/1777 1562/1488/1767 1374/1341/1766 
f 1571/1497/1776 1375/1342/1777 1388/1351/1778 
f 1571/1497/1776 1388/1351/1778 1572/1498/1779 
f 1571/1497/1776 1572/1498/1779 1573/1499/1780 
f 1571/1497/1776 1573/1499/1780 1570/1496/1775 
f 1570/1496/1775 1573/1499/1780 1574/1500/1781 
f 1570/1496/1775 1574/1500/1781 1569/1495/1774 
f 1569/1495/1774 1574/1500/1781 1575/1501/1782 
f 1569/1495/1774 1575/1501/1782 1568/1494/1773 
f 1568/1494/1773 1575/1501/1782 1567/1493/1772 
f 1567/1493/1772 1575/1501/1782 1576/1502/1783 
f 1567/1493/1772 1576/1502/1783 1536/1462/1733 
f 1575/1501/1782 1577/1503/1784 1576/1502/1783 
f 1577/1503/1784 1575/1501/1782 1574/1500/1781 
f 1577/1503/1784 1574/1500/1781 1578/1504/1785 
f 1578/1504/1785 1574/1500/1781 1573/1499/1780 
f 1577/1503/1784 1578/1504/1785 1576/1502/1783 
f 1573/1499/1780 1579/1505/1786 1578/1504/1785 
f 1579/1505/1786 1573/1499/1780 1572/1498/1779 
f 1578/1504/1785 1579/1505/1786 1580/1506/1787 
f 1578/1504/1785 1580/1506/1787 1576/1502/1783 
f 1579/1505/1786 1581/1507/1788 1580/1506/1787 
f 1581/1507/1788 1579/1505/1786 1582/1508/1789 
f 1582/1508/1789 1579/1505/1786 1572/1498/1779 
f 1582/1508/1789 1572/1498/1779 1389/1352/1790 
f 1389/1352/1790 1572/1498/1779 1388/1351/1778 
f 1582/1508/1789 1389/1352/1790 1402/1359/1791 
f 1582/1508/1789 1402/1359/1791 1583/1509/1792 
f 1582/1508/1789 1583/1509/1792 1581/1507/1788 
f 1402/1359/1791 1403/1360/1793 1583/1509/1792 
f 1581/1507/1788 1583/1509/1792 1584/1510/1794 
f 1581/1507/1788 1584/1510/1794 1585/1511/1795 
f 1581/1507/1788 1585/1511/1795 1580/1506/1787 
f 1580/1506/1787 1585/1511/1795 1586/1512/1796 
f 1580/1506/1787 1586/1512/1796 1576/1502/1783 
f 1586/1512/1796 1585/1511/1795 1587/1513/1797 
f 1576/1502/1783 1586/1512/1796 1587/1513/1797 
f 1585/1511/1795 1588/1514/1798 1587/1513/1797 
f 1588/1514/1798 1585/1511/1795 1584/1510/1794 
f 1588/1514/1798 1584/1510/1794 1589/1515/1799 
f 1589/1515/1799 1584/1510/1794 1590/1516/1800 
f 1590/1516/1800 1584/1510/1794 1583/1509/1792 
f 1590/1516/1800 1583/1509/1792 1403/1360/1793 
f 1590/1516/1800 1403/1360/1793 1416/1368/1801 
f 1590/1516/1800 1416/1368/1801 1591/1517/1802 
f 1590/1516/1800 1591/1517/1802 1589/1515/1799 
f 1416/1368/1801 1417/1369/1803 1591/1517/1802 
f 1589/1515/1799 1591/1517/1802 1592/1518/1804 
f 1591/1517/1802 1417/1369/1803 1593/1519/1805 
f 1592/1518/1804 1591/1517/1802 1593/1519/1805 
f 1417/1369/1803 1430/1376/1806 1593/1519/1805 
f 1593/1519/1805 1430/1376/1806 1594/1520/1807 
f 1593/1519/1805 1594/1520/1807 1595/1521/1808 
f 1593/1519/1805 1595/1521/1808 1592/1518/1804 
f 1592/1518/1804 1595/1521/1808 1596/1522/1809 
f 1592/1518/1804 1596/1522/1809 1597/1523/1810 
f 1592/1518/1804 1597/1523/1810 1589/1515/1799 
f 1597/1523/1810 1588/1514/1798 1589/1515/1799 
f 1588/1514/1798 1597/1523/1810 1598/1524/1811 
f 1588/1514/1798 1598/1524/1811 1587/1513/1797 
f 1598/1524/1811 1597/1523/1810 1599/1525/1812 
f 1597/1523/1810 1596/1522/1809 1599/1525/1812 
f 1598/1524/1811 1599/1525/1812 1587/1513/1797 
f 1587/1513/1797 1599/1525/1812 1576/1502/1783 
f 1576/1502/1783 1599/1525/1812 1600/1526/1813 
f 1576/1502/1783 1600/1526/1813 1536/1462/1733 
f 1536/1462/1733 1600/1526/1813 1512/1438/1703 
f 1512/1438/1703 1600/1526/1813 1511/1437/1702 
f 1600/1526/1813 1601/1527/1814 1511/1437/1702 
f 1601/1527/1814 1602/1528/1815 1511/1437/1702 
f 1511/1437/1702 1602/1528/1815 1510/1436/1701 
f 1602/1528/1815 1601/1527/1814 1603/1529/1816 
f 1510/1436/1701 1602/1528/1815 1603/1529/1816 
f 1510/1436/1701 1603/1529/1816 1509/1435/1700 
f 1509/1435/1700 1603/1529/1816 1604/1530/1817 
f 1603/1529/1816 1605/1531/1818 1604/1530/1817 
f 1605/1531/1818 1603/1529/1816 1601/1527/1814 
f 1605/1531/1818 1601/1527/1814 1606/1532/1819 
f 1606/1532/1819 1601/1527/1814 1600/1526/1813 
f 1606/1532/1819 1600/1526/1813 1607/1533/1820 
f 1606/1532/1819 1607/1533/1820 1605/1531/1818 
f 1605/1531/1818 1607/1533/1820 1608/1534/1821 
f 1605/1531/1818 1608/1534/1821 1604/1530/1817 
f 1604/1530/1817 1608/1534/1821 1609/1535/1822 
f 1604/1530/1817 1609/1535/1822 1508/1434/1699 
f 1604/1530/1817 1508/1434/1699 1509/1435/1700 
f 1508/1434/1699 1609/1535/1822 1459/1395/1823 
f 1508/1434/1699 1459/1395/1823 1472/1401/1698 
f 1459/1395/1823 1609/1535/1822 1458/1394/1824 
f 1609/1535/1822 1610/1536/1825 1458/1394/1824 
f 1610/1536/1825 1609/1535/1822 1608/1534/1821 
f 1610/1536/1825 1608/1534/1821 1611/1537/1826 
f 1611/1537/1826 1608/1534/1821 1607/1533/1820 
f 1611/1537/1826 1607/1533/1820 1612/1538/1827 
f 1612/1538/1827 1607/1533/1820 1600/1526/1813 
f 1611/1537/1826 1612/1538/1827 1613/1539/1828 
f 1611/1537/1826 1613/1539/1828 1614/1540/1829 
f 1611/1537/1826 1614/1540/1829 1610/1536/1825 
f 1610/1536/1825 1614/1540/1829 1445/1386/1830 
f 1610/1536/1825 1445/1386/1830 1458/1394/1824 
f 1445/1386/1830 1614/1540/1829 1444/1385/1831 
f 1614/1540/1829 1615/1541/1832 1444/1385/1831 
f 1615/1541/1832 1614/1540/1829 1613/1539/1828 
f 1444/1385/1831 1615/1541/1832 1431/1377/1833 
f 1613/1539/1828 1616/1542/1834 1615/1541/1832 
f 1616/1542/1834 1613/1539/1828 1617/1543/1835 
f 1617/1543/1835 1613/1539/1828 1612/1538/1827 
f 1617/1543/1835 1612/1538/1827 1618/1544/1836 
f 1618/1544/1836 1612/1538/1827 1600/1526/1813 
f 1618/1544/1836 1600/1526/1813 1619/1545/1837 
f 1618/1544/1836 1619/1545/1837 1617/1543/1835 
f 1617/1543/1835 1619/1545/1837 1620/1546/1838 
f 1617/1543/1835 1620/1546/1838 1616/1542/1834 
f 1616/1542/1834 1620/1546/1838 1595/1521/1808 
f 1616/1542/1834 1595/1521/1808 1594/1520/1807 
f 1616/1542/1834 1594/1520/1807 1615/1541/1832 
f 1615/1541/1832 1594/1520/1807 1431/1377/1833 
f 1431/1377/1833 1594/1520/1807 1430/1376/1806 
f 1599/1525/1812 1619/1545/1837 1600/1526/1813 
f 1619/1545/1837 1599/1525/1812 1621/1547/1839 
f 1619/1545/1837 1621/1547/1839 1620/1546/1838 
f 1621/1547/1839 1599/1525/1812 1596/1522/1809 
f 1620/1546/1838 1621/1547/1839 1596/1522/1809 
f 1620/1546/1838 1596/1522/1809 1595/1521/1808 
f 1622/1548/840 1623/1549/849 1624/1549/1428 
f 1624/1549/1428 1623/1549/849 1625/1550/1430 
f 1622/1548/840 1624/1549/1428 1626/1548/1429 
f 1622/1548/840 1626/1548/1429 1627/1551/831 
f 1626/1548/1429 1628/1551/1432 1627/1551/831 
f 1622/1548/840 1627/1551/831 1629/1552/830 
f 1622/1548/840 1629/1552/830 1630/1553/841 
f 1622/1548/840 1630/1553/841 1623/1549/849 
f 1623/1549/849 1630/1553/841 1631/1554/848 
f 1623/1549/849 1631/1554/848 1632/1550/858 
f 1623/1549/849 1632/1550/858 1625/1550/1430 
f 1625/1550/1430 1632/1550/858 1633/1555/1431 
f 1632/1550/858 1634/1555/1436 1633/1555/1431 
f 1634/1555/1436 1632/1550/858 1635/1556/859 
f 1632/1550/858 1631/1554/848 1635/1556/859 
f 1635/1556/859 1631/1554/848 1636/1557/1435 
f 1636/1557/1435 1631/1554/848 1637/1558/1434 
f 1631/1554/848 1630/1553/841 1637/1558/1434 
f 1637/1558/1434 1630/1553/841 1638/1559/829 
f 1630/1553/841 1629/1552/830 1638/1559/829 
f 1638/1559/829 1629/1552/830 1639/1560/824 
f 1629/1552/830 1640/1561/823 1639/1560/824 
f 1640/1561/823 1629/1552/830 1627/1551/831 
f 1640/1561/823 1627/1551/831 1641/1562/822 
f 1641/1562/822 1627/1551/831 1628/1551/1432 
f 1641/1562/822 1628/1551/1432 1642/1562/1445 
f 1641/1562/822 1642/1562/1445 1643/1563/1444 
f 1641/1562/822 1643/1563/1444 1644/1564/812 
f 1641/1562/822 1644/1564/812 1640/1561/823 
f 1640/1561/823 1644/1564/812 1645/1565/1443 
f 1640/1561/823 1645/1565/1443 1639/1560/824 
f 1639/1560/824 1645/1565/1443 1646/1566/810 
f 1639/1560/824 1646/1566/810 1647/1567/1442 
f 1639/1560/824 1647/1567/1442 1638/1559/829 
f 1638/1559/829 1647/1567/1442 1648/1568/1441 
f 1638/1559/829 1648/1568/1441 1637/1558/1434 
f 1637/1558/1434 1648/1568/1441 1649/1569/1440 
f 1637/1558/1434 1649/1569/1440 1636/1557/1435 
f 1636/1557/1435 1649/1569/1440 1650/1570/846 
f 1636/1557/1435 1650/1570/846 1651/1571/860 
f 1636/1557/1435 1651/1571/860 1635/1556/859 
f 1635/1556/859 1651/1571/860 1652/1572/1439 
f 1635/1556/859 1652/1572/1439 1634/1555/1436 
f 1652/1572/1439 1653/1573/1438 1634/1555/1436 
f 1634/1555/1436 1653/1573/1438 1654/1573/1437 
f 1634/1555/1436 1654/1573/1437 1633/1555/1431 
f 1654/1573/1437 1653/1573/1438 1655/1574/731 
f 1653/1573/1438 1656/1574/885 1655/1574/731 
f 1656/1574/885 1653/1573/1438 1657/1575/877 
f 1653/1573/1438 1652/1572/1439 1657/1575/877 
f 1657/1575/877 1652/1572/1439 1658/1576/1455 
f 1658/1576/1455 1652/1572/1439 1651/1571/860 
f 1658/1576/1455 1651/1571/860 1659/1577/861 
f 1651/1571/860 1650/1570/846 1659/1577/861 
f 1659/1577/861 1650/1570/846 1660/1570/1454 
f 1660/1570/1454 1650/1570/846 1661/1569/1453 
f 1650/1570/846 1649/1569/1440 1661/1569/1453 
f 1661/1569/1453 1649/1569/1440 1662/1568/1452 
f 1649/1569/1440 1648/1568/1441 1662/1568/1452 
f 1662/1568/1452 1648/1568/1441 1663/1567/1451 
f 1648/1568/1441 1647/1567/1442 1663/1567/1451 
f 1663/1567/1451 1647/1567/1442 1664/1566/1450 
f 1647/1567/1442 1646/1566/810 1664/1566/1450 
f 1664/1566/1450 1646/1566/810 1665/1578/1449 
f 1646/1566/810 1666/1578/1448 1665/1578/1449 
f 1666/1578/1448 1646/1566/810 1645/1565/1443 
f 1666/1578/1448 1645/1565/1443 1667/1579/806 
f 1667/1579/806 1645/1565/1443 1644/1564/812 
f 1666/1578/1448 1667/1579/806 1668/1580/1466 
f 1666/1578/1448 1668/1580/1466 1669/1580/1465 
f 1666/1578/1448 1669/1580/1465 1665/1578/1449 
f 1665/1578/1449 1669/1580/1465 1670/1581/1464 
f 1665/1578/1449 1670/1581/1464 1671/1582/1463 
f 1665/1578/1449 1671/1582/1463 1664/1566/1450 
f 1671/1582/1463 1672/1583/1462 1664/1566/1450 
f 1664/1566/1450 1672/1583/1462 1663/1567/1451 
f 1672/1583/1462 1673/1584/1461 1663/1567/1451 
f 1663/1567/1451 1673/1584/1461 1662/1568/1452 
f 1673/1584/1461 1674/1585/1460 1662/1568/1452 
f 1662/1568/1452 1674/1585/1460 1661/1569/1453 
f 1674/1585/1460 1675/1586/1459 1661/1569/1453 
f 1661/1569/1453 1675/1586/1459 1660/1570/1454 
f 1675/1586/1459 1676/1587/1458 1660/1570/1454 
f 1660/1570/1454 1676/1587/1458 1677/1577/1457 
f 1660/1570/1454 1677/1577/1457 1659/1577/861 
f 1659/1577/861 1677/1577/1457 1678/1588/1456 
f 1659/1577/861 1678/1588/1456 1658/1576/1455 
f 1677/1577/1457 1679/1588/1602 1678/1588/1456 
f 1679/1588/1602 1677/1577/1457 1680/1589/1604 
f 1680/1589/1604 1677/1577/1457 1676/1587/1458 
f 1679/1588/1602 1680/1589/1604 1681/1590/1603 
f 1679/1588/1602 1681/1590/1603 1682/1591/1595 
f 1679/1588/1602 1682/1591/1595 1683/1591/1601 
f 1679/1588/1602 1683/1591/1601 1678/1588/1456 
f 1678/1588/1456 1683/1591/1601 1684/1592/1605 
f 1678/1588/1456 1684/1592/1605 1658/1576/1455 
f 1658/1576/1455 1684/1592/1605 1657/1575/877 
f 1657/1575/877 1684/1592/1605 1685/1593/1606 
f 1684/1592/1605 1686/1594/1600 1685/1593/1606 
f 1686/1594/1600 1684/1592/1605 1683/1591/1601 
f 1686/1594/1600 1683/1591/1601 1687/1595/1596 
f 1687/1595/1596 1683/1591/1601 1682/1591/1595 
f 1687/1595/1596 1682/1591/1595 1688/1595/1592 
f 1688/1595/1592 1682/1591/1595 1689/1596/1594 
f 1689/1596/1594 1682/1591/1595 1681/1590/1603 
f 1688/1595/1592 1689/1596/1594 1690/1597/1593 
f 1688/1595/1592 1690/1597/1593 1691/1598/1585 
f 1688/1595/1592 1691/1598/1585 1692/1598/897 
f 1688/1595/1592 1692/1598/897 1687/1595/1596 
f 1687/1595/1596 1692/1598/897 1693/1599/896 
f 1687/1595/1596 1693/1599/896 1686/1594/1600 
f 1686/1594/1600 1693/1599/896 1694/1600/895 
f 1686/1594/1600 1694/1600/895 1685/1593/1606 
f 1685/1593/1606 1694/1600/895 1695/1601/894 
f 1685/1593/1606 1695/1601/894 1656/1574/885 
f 1685/1593/1606 1656/1574/885 1657/1575/877 
f 1656/1574/885 1695/1601/894 1696/1601/1608 
f 1656/1574/885 1696/1601/1608 1655/1574/731 
f 1696/1601/1608 1695/1601/894 1697/1602/1607 
f 1695/1601/894 1698/1602/903 1697/1602/1607 
f 1698/1602/903 1695/1601/894 1694/1600/895 
f 1698/1602/903 1694/1600/895 1699/1603/902 
f 1699/1603/902 1694/1600/895 1693/1599/896 
f 1699/1603/902 1693/1599/896 1700/1604/1591 
f 1700/1604/1591 1693/1599/896 1692/1598/897 
f 1700/1604/1591 1692/1598/897 1701/1605/900 
f 1701/1605/900 1692/1598/897 1691/1598/1585 
f 1701/1605/900 1691/1598/1585 1702/1605/1582 
f 1702/1605/1582 1691/1598/1585 1703/1606/1584 
f 1703/1606/1584 1691/1598/1585 1690/1597/1593 
f 1702/1605/1582 1703/1606/1584 1704/1607/1583 
f 1702/1605/1582 1704/1607/1583 1705/1608/1575 
f 1702/1605/1582 1705/1608/1575 1706/1608/1581 
f 1702/1605/1582 1706/1608/1581 1701/1605/900 
f 1701/1605/900 1706/1608/1581 1707/1609/914 
f 1701/1605/900 1707/1609/914 1700/1604/1591 
f 1700/1604/1591 1707/1609/914 1708/1610/1590 
f 1700/1604/1591 1708/1610/1590 1699/1603/902 
f 1699/1603/902 1708/1610/1590 1709/1611/1597 
f 1699/1603/902 1709/1611/1597 1698/1602/903 
f 1698/1602/903 1709/1611/1597 1710/1611/1599 
f 1698/1602/903 1710/1611/1599 1697/1602/1607 
f 1710/1611/1599 1709/1611/1597 1711/1612/1598 
f 1709/1611/1597 1712/1612/1589 1711/1612/1598 
f 1712/1612/1589 1709/1611/1597 1708/1610/1590 
f 1712/1612/1589 1708/1610/1590 1713/1613/920 
f 1713/1613/920 1708/1610/1590 1707/1609/914 
f 1713/1613/920 1707/1609/914 1714/1614/919 
f 1714/1614/919 1707/1609/914 1706/1608/1581 
f 1714/1614/919 1706/1608/1581 1715/1615/918 
f 1715/1615/918 1706/1608/1581 1705/1608/1575 
f 1715/1615/918 1705/1608/1575 1716/1615/1572 
f 1716/1615/1572 1705/1608/1575 1717/1616/1574 
f 1717/1616/1574 1705/1608/1575 1704/1607/1583 
f 1716/1615/1572 1717/1616/1574 1718/1617/1573 
f 1716/1615/1572 1718/1617/1573 1719/1618/1564 
f 1716/1615/1572 1719/1618/1564 1720/1618/1571 
f 1716/1615/1572 1720/1618/1571 1715/1615/918 
f 1715/1615/918 1720/1618/1571 1721/1619/932 
f 1715/1615/918 1721/1619/932 1714/1614/919 
f 1714/1614/919 1721/1619/932 1722/1620/1580 
f 1714/1614/919 1722/1620/1580 1713/1613/920 
f 1713/1613/920 1722/1620/1580 1723/1621/1586 
f 1713/1613/920 1723/1621/1586 1712/1612/1589 
f 1712/1612/1589 1723/1621/1586 1724/1621/1588 
f 1712/1612/1589 1724/1621/1588 1711/1612/1598 
f 1724/1621/1588 1723/1621/1586 1725/1622/1587 
f 1723/1621/1586 1726/1622/1579 1725/1622/1587 
f 1726/1622/1579 1723/1621/1586 1722/1620/1580 
f 1726/1622/1579 1722/1620/1580 1727/1623/1576 
f 1727/1623/1576 1722/1620/1580 1721/1619/932 
f 1727/1623/1576 1721/1619/932 1728/1624/1840 
f 1728/1624/1840 1721/1619/932 1720/1618/1571 
f 1728/1624/1840 1720/1618/1571 1729/1625/936 
f 1729/1625/936 1720/1618/1571 1719/1618/1564 
f 1729/1625/936 1719/1618/1564 1730/1625/1561 
f 1730/1625/1561 1719/1618/1564 1731/1626/1563 
f 1731/1626/1563 1719/1618/1564 1718/1617/1573 
f 1730/1625/1561 1731/1626/1563 1732/1627/1562 
f 1730/1625/1561 1732/1627/1562 1733/1628/1553 
f 1730/1625/1561 1733/1628/1553 1734/1628/1560 
f 1730/1625/1561 1734/1628/1560 1729/1625/936 
f 1729/1625/936 1734/1628/1560 1735/1629/1565 
f 1729/1625/936 1735/1629/1565 1728/1624/1840 
f 1728/1624/1840 1735/1629/1565 1736/1630/949 
f 1728/1624/1840 1736/1630/949 1727/1623/1576 
f 1727/1623/1576 1736/1630/949 1737/1631/948 
f 1727/1623/1576 1737/1631/948 1726/1622/1579 
f 1726/1622/1579 1737/1631/948 1738/1631/1578 
f 1726/1622/1579 1738/1631/1578 1725/1622/1587 
f 1738/1631/1578 1737/1631/948 1739/1632/1577 
f 1737/1631/948 1740/1632/957 1739/1632/1577 
f 1740/1632/957 1737/1631/948 1736/1630/949 
f 1740/1632/957 1736/1630/949 1741/1633/1566 
f 1741/1633/1566 1736/1630/949 1735/1629/1565 
f 1741/1633/1566 1735/1629/1565 1742/1634/955 
f 1742/1634/955 1735/1629/1565 1734/1628/1560 
f 1742/1634/955 1734/1628/1560 1743/1635/1841 
f 1743/1635/1841 1734/1628/1560 1733/1628/1553 
f 1743/1635/1841 1733/1628/1553 1744/1635/1550 
f 1744/1635/1550 1733/1628/1553 1745/1636/1552 
f 1745/1636/1552 1733/1628/1553 1732/1627/1562 
f 1744/1635/1550 1745/1636/1552 1746/1637/1551 
f 1744/1635/1550 1746/1637/1551 1747/1638/1542 
f 1744/1635/1550 1747/1638/1542 1748/1638/1842 
f 1744/1635/1550 1748/1638/1842 1743/1635/1841 
f 1743/1635/1841 1748/1638/1842 1749/1639/1843 
f 1743/1635/1841 1749/1639/1843 1742/1634/955 
f 1742/1634/955 1749/1639/1843 1750/1640/967 
f 1742/1634/955 1750/1640/967 1741/1633/1566 
f 1741/1633/1566 1750/1640/967 1751/1641/1567 
f 1741/1633/1566 1751/1641/1567 1740/1632/957 
f 1740/1632/957 1751/1641/1567 1752/1641/1569 
f 1740/1632/957 1752/1641/1569 1739/1632/1577 
f 1752/1641/1569 1751/1641/1567 1753/1642/1568 
f 1751/1641/1567 1754/1642/1559 1753/1642/1568 
f 1754/1642/1559 1751/1641/1567 1750/1640/967 
f 1754/1642/1559 1750/1640/967 1755/1643/973 
f 1755/1643/973 1750/1640/967 1749/1639/1843 
f 1755/1643/973 1749/1639/1843 1756/1644/1549 
f 1756/1644/1549 1749/1639/1843 1748/1638/1842 
f 1756/1644/1549 1748/1638/1842 1757/1645/720 
f 1757/1645/720 1748/1638/1842 1747/1638/1542 
f 1757/1645/720 1747/1638/1542 1758/1645/1539 
f 1758/1645/1539 1747/1638/1542 1759/1646/1541 
f 1759/1646/1541 1747/1638/1542 1746/1637/1551 
f 1758/1645/1539 1759/1646/1541 1760/1647/1844 
f 1758/1645/1539 1760/1647/1844 1761/1648/1533 
f 1758/1645/1539 1761/1648/1533 1762/1648/718 
f 1758/1645/1539 1762/1648/718 1757/1645/720 
f 1757/1645/720 1762/1648/718 1763/1649/1543 
f 1757/1645/720 1763/1649/1543 1756/1644/1549 
f 1756/1644/1549 1763/1649/1543 1764/1650/1548 
f 1756/1644/1549 1764/1650/1548 1755/1643/973 
f 1755/1643/973 1764/1650/1548 1765/1651/1556 
f 1755/1643/973 1765/1651/1556 1754/1642/1559 
f 1754/1642/1559 1765/1651/1556 1766/1651/1558 
f 1754/1642/1559 1766/1651/1558 1753/1642/1568 
f 1766/1651/1558 1765/1651/1556 1767/1652/1557 
f 1765/1651/1556 1768/1652/1547 1767/1652/1557 
f 1768/1652/1547 1765/1651/1556 1764/1650/1548 
f 1768/1652/1547 1764/1650/1548 1769/1653/1544 
f 1769/1653/1544 1764/1650/1548 1763/1649/1543 
f 1769/1653/1544 1763/1649/1543 1770/1654/1538 
f 1770/1654/1538 1763/1649/1543 1762/1648/718 
f 1770/1654/1538 1762/1648/718 1771/1655/706 
f 1771/1655/706 1762/1648/718 1761/1648/1533 
f 1771/1655/706 1761/1648/1533 1772/1655/1530 
f 1772/1655/1530 1761/1648/1533 1773/1656/1845 
f 1773/1656/1845 1761/1648/1533 1760/1647/1844 
f 1772/1655/1530 1773/1656/1845 1774/1657/1531 
f 1772/1655/1530 1774/1657/1531 1775/1658/1521 
f 1772/1655/1530 1775/1658/1521 1776/1658/1529 
f 1772/1655/1530 1776/1658/1529 1771/1655/706 
f 1771/1655/706 1776/1658/1529 1777/1659/1534 
f 1771/1655/706 1777/1659/1534 1770/1654/1538 
f 1770/1654/1538 1777/1659/1534 1778/1660/716 
f 1770/1654/1538 1778/1660/716 1769/1653/1544 
f 1769/1653/1544 1778/1660/716 1779/1661/723 
f 1769/1653/1544 1779/1661/723 1768/1652/1547 
f 1768/1652/1547 1779/1661/723 1780/1661/1546 
f 1768/1652/1547 1780/1661/1546 1767/1652/1557 
f 1780/1661/1546 1779/1661/723 1781/1662/1545 
f 1779/1661/723 1782/1662/724 1781/1662/1545 
f 1782/1662/724 1779/1661/723 1778/1660/716 
f 1782/1662/724 1778/1660/716 1783/1663/715 
f 1783/1663/715 1778/1660/716 1777/1659/1534 
f 1783/1663/715 1777/1659/1534 1784/1664/1846 
f 1784/1664/1846 1777/1659/1534 1776/1658/1529 
f 1784/1664/1846 1776/1658/1529 1785/1665/1522 
f 1785/1665/1522 1776/1658/1529 1775/1658/1521 
f 1785/1665/1522 1775/1658/1521 1786/1665/1518 
f 1786/1665/1518 1775/1658/1521 1787/1666/1520 
f 1787/1666/1520 1775/1658/1521 1774/1657/1531 
f 1786/1665/1518 1787/1666/1520 1788/1667/1519 
f 1786/1665/1518 1788/1667/1519 1789/1668/1508 
f 1786/1665/1518 1789/1668/1508 1790/1668/1517 
f 1786/1665/1518 1790/1668/1517 1785/1665/1522 
f 1785/1665/1522 1790/1668/1517 1791/1669/710 
f 1785/1665/1522 1791/1669/710 1784/1664/1846 
f 1784/1664/1846 1791/1669/710 1792/1670/1527 
f 1784/1664/1846 1792/1670/1527 1783/1663/715 
f 1783/1663/715 1792/1670/1527 1793/1671/1535 
f 1783/1663/715 1793/1671/1535 1782/1662/724 
f 1782/1662/724 1793/1671/1535 1794/1671/1537 
f 1782/1662/724 1794/1671/1537 1781/1662/1545 
f 1794/1671/1537 1793/1671/1535 1795/1672/1536 
f 1793/1671/1535 1796/1672/1526 1795/1672/1536 
f 1796/1672/1526 1793/1671/1535 1792/1670/1527 
f 1796/1672/1526 1792/1670/1527 1797/1673/713 
f 1797/1673/713 1792/1670/1527 1791/1669/710 
f 1797/1673/713 1791/1669/710 1798/1674/1516 
f 1798/1674/1516 1791/1669/710 1790/1668/1517 
f 1798/1674/1516 1790/1668/1517 1799/1675/1509 
f 1799/1675/1509 1790/1668/1517 1789/1668/1508 
f 1799/1675/1509 1789/1668/1508 1800/1675/1505 
f 1800/1675/1505 1789/1668/1508 1801/1676/1507 
f 1801/1676/1507 1789/1668/1508 1788/1667/1519 
f 1800/1675/1505 1801/1676/1507 1802/1677/1506 
f 1800/1675/1505 1802/1677/1506 1803/1678/1501 
f 1800/1675/1505 1803/1678/1501 1804/1678/733 
f 1800/1675/1505 1804/1678/733 1799/1675/1509 
f 1799/1675/1509 1804/1678/733 1805/1679/1847 
f 1799/1675/1509 1805/1679/1847 1798/1674/1516 
f 1798/1674/1516 1805/1679/1847 1806/1680/1515 
f 1798/1674/1516 1806/1680/1515 1797/1673/713 
f 1797/1673/713 1806/1680/1515 1807/1681/1523 
f 1797/1673/713 1807/1681/1523 1796/1672/1526 
f 1796/1672/1526 1807/1681/1523 1808/1681/1525 
f 1796/1672/1526 1808/1681/1525 1795/1672/1536 
f 1808/1681/1525 1807/1681/1523 1809/1682/1524 
f 1807/1681/1523 1810/1682/742 1809/1682/1524 
f 1810/1682/742 1807/1681/1523 1806/1680/1515 
f 1810/1682/742 1806/1680/1515 1811/1683/1511 
f 1811/1683/1511 1806/1680/1515 1805/1679/1847 
f 1811/1683/1511 1805/1679/1847 1812/1684/735 
f 1812/1684/735 1805/1679/1847 1804/1678/733 
f 1812/1684/735 1804/1678/733 1813/1685/736 
f 1813/1685/736 1804/1678/733 1803/1678/1501 
f 1813/1685/736 1803/1678/1501 1814/1685/1498 
f 1814/1685/1498 1803/1678/1501 1815/1686/1500 
f 1815/1686/1500 1803/1678/1501 1802/1677/1506 
f 1814/1685/1498 1815/1686/1500 1816/1687/1499 
f 1814/1685/1498 1816/1687/1499 1817/1688/1491 
f 1814/1685/1498 1817/1688/1491 1818/1688/1497 
f 1814/1685/1498 1818/1688/1497 1813/1685/736 
f 1813/1685/736 1818/1688/1497 1819/1689/739 
f 1813/1685/736 1819/1689/739 1812/1684/735 
f 1812/1684/735 1819/1689/739 1820/1690/740 
f 1812/1684/735 1820/1690/740 1811/1683/1511 
f 1811/1683/1511 1820/1690/740 1821/1691/1512 
f 1811/1683/1511 1821/1691/1512 1810/1682/742 
f 1810/1682/742 1821/1691/1512 1822/1691/1514 
f 1810/1682/742 1822/1691/1514 1809/1682/1524 
f 1822/1691/1514 1821/1691/1512 1823/1692/1513 
f 1821/1691/1512 1824/1692/744 1823/1692/1513 
f 1824/1692/744 1821/1691/1512 1820/1690/740 
f 1824/1692/744 1820/1690/740 1825/1693/1502 
f 1825/1693/1502 1820/1690/740 1819/1689/739 
f 1825/1693/1502 1819/1689/739 1826/1694/1496 
f 1826/1694/1496 1819/1689/739 1818/1688/1497 
f 1826/1694/1496 1818/1688/1497 1827/1695/747 
f 1827/1695/747 1818/1688/1497 1817/1688/1491 
f 1827/1695/747 1817/1688/1491 1828/1695/1488 
f 1828/1695/1488 1817/1688/1491 1829/1696/1490 
f 1829/1696/1490 1817/1688/1491 1816/1687/1499 
f 1828/1695/1488 1829/1696/1490 1830/1697/1489 
f 1828/1695/1488 1830/1697/1489 1831/1698/1477 
f 1828/1695/1488 1831/1698/1477 1832/1698/1487 
f 1828/1695/1488 1832/1698/1487 1827/1695/747 
f 1827/1695/747 1832/1698/1487 1833/1699/1492 
f 1827/1695/747 1833/1699/1492 1826/1694/1496 
f 1826/1694/1496 1833/1699/1492 1834/1700/752 
f 1826/1694/1496 1834/1700/752 1825/1693/1502 
f 1825/1693/1502 1834/1700/752 1835/1701/753 
f 1825/1693/1502 1835/1701/753 1824/1692/744 
f 1824/1692/744 1835/1701/753 1836/1701/1504 
f 1824/1692/744 1836/1701/1504 1823/1692/1513 
f 1836/1701/1504 1835/1701/753 1837/1702/1503 
f 1835/1701/753 1838/1702/1495 1837/1702/1503 
f 1838/1702/1495 1835/1701/753 1834/1700/752 
f 1838/1702/1495 1834/1700/752 1839/1703/764 
f 1839/1703/764 1834/1700/752 1833/1699/1492 
f 1839/1703/764 1833/1699/1492 1840/1704/1486 
f 1840/1704/1486 1833/1699/1492 1832/1698/1487 
f 1840/1704/1486 1832/1698/1487 1841/1705/1478 
f 1841/1705/1478 1832/1698/1487 1831/1698/1477 
f 1841/1705/1478 1831/1698/1477 1842/1705/1474 
f 1842/1705/1474 1831/1698/1477 1843/1706/1476 
f 1843/1706/1476 1831/1698/1477 1830/1697/1489 
f 1842/1705/1474 1843/1706/1476 1844/1707/1475 
f 1842/1705/1474 1844/1707/1475 1845/1708/1470 
f 1842/1705/1474 1845/1708/1470 1846/1708/1473 
f 1842/1705/1474 1846/1708/1473 1841/1705/1478 
f 1841/1705/1478 1846/1708/1473 1847/1709/1479 
f 1841/1705/1478 1847/1709/1479 1840/1704/1486 
f 1840/1704/1486 1847/1709/1479 1848/1710/1485 
f 1840/1704/1486 1848/1710/1485 1839/1703/764 
f 1839/1703/764 1848/1710/1485 1849/1711/772 
f 1839/1703/764 1849/1711/772 1838/1702/1495 
f 1838/1702/1495 1849/1711/772 1850/1711/1494 
f 1838/1702/1495 1850/1711/1494 1837/1702/1503 
f 1850/1711/1494 1849/1711/772 1851/1712/1493 
f 1849/1711/772 1852/1712/1484 1851/1712/1493 
f 1852/1712/1484 1849/1711/772 1848/1710/1485 
f 1852/1712/1484 1848/1710/1485 1853/1713/1480 
f 1853/1713/1480 1848/1710/1485 1847/1709/1479 
f 1853/1713/1480 1847/1709/1479 1854/1714/1472 
f 1854/1714/1472 1847/1709/1479 1846/1708/1473 
f 1854/1714/1472 1846/1708/1473 1855/1715/789 
f 1855/1715/789 1846/1708/1473 1845/1708/1470 
f 1855/1715/789 1845/1708/1470 1856/1715/1467 
f 1856/1715/1467 1845/1708/1470 1857/1716/1469 
f 1857/1716/1469 1845/1708/1470 1844/1707/1475 
f 1856/1715/1467 1857/1716/1469 1858/1717/1468 
f 1856/1715/1467 1858/1717/1468 1669/1580/1465 
f 1856/1715/1467 1669/1580/1465 1668/1580/1466 
f 1856/1715/1467 1668/1580/1466 1855/1715/789 
f 1855/1715/789 1668/1580/1466 1859/1718/1471 
f 1855/1715/789 1859/1718/1471 1854/1714/1472 
f 1854/1714/1472 1859/1718/1471 1860/1719/794 
f 1854/1714/1472 1860/1719/794 1853/1713/1480 
f 1853/1713/1480 1860/1719/794 1861/1720/1481 
f 1853/1713/1480 1861/1720/1481 1852/1712/1484 
f 1852/1712/1484 1861/1720/1481 1862/1720/1483 
f 1852/1712/1484 1862/1720/1483 1851/1712/1493 
f 1862/1720/1483 1861/1720/1481 1863/1721/1482 
f 1861/1720/1481 1864/1721/1447 1863/1721/1482 
f 1864/1721/1447 1861/1720/1481 1860/1719/794 
f 1864/1721/1447 1860/1719/794 1865/1722/805 
f 1865/1722/805 1860/1719/794 1859/1718/1471 
f 1865/1722/805 1859/1718/1471 1667/1579/806 
f 1667/1579/806 1859/1718/1471 1668/1580/1466 
f 1865/1722/805 1667/1579/806 1644/1564/812 
f 1865/1722/805 1644/1564/812 1643/1563/1444 
f 1865/1722/805 1643/1563/1444 1864/1721/1447 
f 1864/1721/1447 1643/1563/1444 1866/1563/1446 
f 1864/1721/1447 1866/1563/1446 1863/1721/1482 
f 1866/1563/1446 1643/1563/1444 1642/1562/1445 
f 1858/1717/1468 1670/1581/1464 1669/1580/1465 
f 1628/1551/1848 1626/1548/1849 1867/1548/1849 
f 1867/1548/1849 1626/1548/1849 1868/1549/1850 
f 1626/1548/1849 1624/1549/1850 1868/1549/1850 
f 1868/1549/1850 1624/1549/1850 1869/1550/1613 
f 1624/1549/1850 1625/1550/1613 1869/1550/1613 
f 1869/1550/1613 1625/1550/1613 1870/1555/1851 
f 1625/1550/1613 1633/1555/1852 1870/1555/1851 
f 1870/1555/1851 1633/1555/1852 1871/1573/1853 
f 1633/1555/1852 1654/1573/1854 1871/1573/1853 
f 1871/1573/1853 1654/1573/1854 1872/1574/1617 
f 1654/1573/1854 1655/1574/1618 1872/1574/1617 
f 1872/1574/1617 1655/1574/1618 1873/1601/1619 
f 1655/1574/1618 1696/1601/1620 1873/1601/1619 
f 1873/1601/1619 1696/1601/1620 1874/1723/1855 
f 1696/1601/1620 1697/1602/1855 1874/1723/1855 
f 1874/1723/1855 1697/1602/1855 1875/1724/1622 
f 1697/1602/1855 1710/1611/1623 1875/1724/1622 
f 1875/1724/1622 1710/1611/1623 1876/1612/1624 
f 1710/1611/1623 1711/1612/1624 1876/1612/1624 
f 1876/1612/1624 1711/1612/1624 1877/1725/1856 
f 1711/1612/1624 1724/1621/1856 1877/1725/1856 
f 1877/1725/1856 1724/1621/1856 1878/1622/1857 
f 1724/1621/1856 1725/1622/1858 1878/1622/1857 
f 1878/1622/1857 1725/1622/1858 1879/1726/1859 
f 1725/1622/1858 1738/1631/1859 1879/1726/1859 
f 1879/1726/1859 1738/1631/1859 1880/1632/1860 
f 1738/1631/1859 1739/1632/1861 1880/1632/1860 
f 1880/1632/1860 1739/1632/1861 1881/1727/1632 
f 1739/1632/1861 1752/1641/1633 1881/1727/1632 
f 1881/1727/1632 1752/1641/1633 1882/1642/1862 
f 1752/1641/1633 1753/1642/1862 1882/1642/1862 
f 1882/1642/1862 1753/1642/1862 1883/1651/1863 
f 1753/1642/1862 1766/1651/1863 1883/1651/1863 
f 1883/1651/1863 1766/1651/1863 1884/1652/1637 
f 1766/1651/1863 1767/1652/1638 1884/1652/1637 
f 1884/1652/1637 1767/1652/1638 1885/1661/1639 
f 1767/1652/1638 1780/1661/1640 1885/1661/1639 
f 1885/1661/1639 1780/1661/1640 1886/1662/1864 
f 1780/1661/1640 1781/1662/1864 1886/1662/1864 
f 1886/1662/1864 1781/1662/1864 1887/1671/1865 
f 1781/1662/1864 1794/1671/1865 1887/1671/1865 
f 1887/1671/1865 1794/1671/1865 1888/1672/1866 
f 1794/1671/1865 1795/1672/1867 1888/1672/1866 
f 1888/1672/1866 1795/1672/1867 1889/1681/1646 
f 1795/1672/1867 1808/1681/1646 1889/1681/1646 
f 1889/1681/1646 1808/1681/1646 1890/1728/1868 
f 1808/1681/1646 1809/1682/1868 1890/1728/1868 
f 1890/1728/1868 1809/1682/1868 1891/1729/1869 
f 1809/1682/1868 1822/1691/1870 1891/1729/1869 
f 1891/1729/1869 1822/1691/1870 1892/1730/1871 
f 1822/1691/1870 1823/1692/1871 1892/1730/1871 
f 1892/1730/1871 1823/1692/1871 1893/1701/1652 
f 1823/1692/1871 1836/1701/1652 1893/1701/1652 
f 1893/1701/1652 1836/1701/1652 1894/1702/1653 
f 1836/1701/1652 1837/1702/1654 1894/1702/1653 
f 1894/1702/1653 1837/1702/1654 1895/1711/1655 
f 1837/1702/1654 1850/1711/1656 1895/1711/1655 
f 1895/1711/1655 1850/1711/1656 1896/1712/1657 
f 1850/1711/1656 1851/1712/1657 1896/1712/1657 
f 1896/1712/1657 1851/1712/1657 1897/1720/1658 
f 1851/1712/1657 1862/1720/1659 1897/1720/1658 
f 1897/1720/1658 1862/1720/1659 1898/1721/1872 
f 1862/1720/1659 1863/1721/1873 1898/1721/1872 
f 1898/1721/1872 1863/1721/1873 1899/1563/1874 
f 1863/1721/1873 1866/1563/1874 1899/1563/1874 
f 1899/1563/1874 1866/1563/1874 1900/1562/1663 
f 1866/1563/1874 1642/1562/1663 1900/1562/1663 
f 1900/1562/1663 1642/1562/1663 1901/1551/1848 
f 1642/1562/1663 1628/1551/1848 1901/1551/1848 
f 1901/1551/1848 1628/1551/1848 1867/1548/1849 
f 1901/1551/826 1867/1548/827 1902/1548/825 
f 1902/1548/825 1867/1548/827 1903/1549/828 
f 1867/1548/827 1868/1549/844 1903/1549/828 
f 1903/1549/828 1868/1549/844 1904/1550/843 
f 1868/1549/844 1869/1550/845 1904/1550/843 
f 1903/1549/828 1904/1550/843 1905/1731/842 
f 1903/1549/828 1905/1731/842 1906/1732/829 
f 1903/1549/828 1906/1732/829 1902/1548/825 
f 1902/1548/825 1906/1732/829 1907/1733/824 
f 1902/1548/825 1907/1733/824 1908/1551/810 
f 1902/1548/825 1908/1551/810 1901/1551/826 
f 1901/1551/826 1908/1551/810 1900/1562/809 
f 1908/1551/810 1909/1562/807 1900/1562/809 
f 1909/1562/807 1908/1551/810 1910/1734/811 
f 1908/1551/810 1907/1733/824 1910/1734/811 
f 1910/1734/811 1907/1733/824 1911/1735/823 
f 1911/1735/823 1907/1733/824 1912/1736/830 
f 1907/1733/824 1906/1732/829 1912/1736/830 
f 1912/1736/830 1906/1732/829 1913/1737/841 
f 1906/1732/829 1905/1731/842 1913/1737/841 
f 1913/1737/841 1905/1731/842 1914/1738/848 
f 1905/1731/842 1915/1739/847 1914/1738/848 
f 1915/1739/847 1905/1731/842 1904/1550/843 
f 1915/1739/847 1904/1550/843 1916/1555/846 
f 1916/1555/846 1904/1550/843 1869/1550/845 
f 1916/1555/846 1869/1550/845 1870/1555/862 
f 1916/1555/846 1870/1555/862 1917/1573/861 
f 1916/1555/846 1917/1573/861 1918/1740/860 
f 1916/1555/846 1918/1740/860 1915/1739/847 
f 1915/1739/847 1918/1740/860 1919/1741/859 
f 1915/1739/847 1919/1741/859 1914/1738/848 
f 1914/1738/848 1919/1741/859 1920/1742/858 
f 1914/1738/848 1920/1742/858 1921/1743/849 
f 1914/1738/848 1921/1743/849 1913/1737/841 
f 1913/1737/841 1921/1743/849 1922/1744/840 
f 1913/1737/841 1922/1744/840 1912/1736/830 
f 1912/1736/830 1922/1744/840 1923/1745/831 
f 1912/1736/830 1923/1745/831 1911/1735/823 
f 1911/1735/823 1923/1745/831 1924/1746/822 
f 1911/1735/823 1924/1746/822 1925/1747/812 
f 1911/1735/823 1925/1747/812 1910/1734/811 
f 1910/1734/811 1925/1747/812 1926/1748/806 
f 1910/1734/811 1926/1748/806 1909/1562/807 
f 1926/1748/806 1927/1563/792 1909/1562/807 
f 1909/1562/807 1927/1563/792 1899/1563/808 
f 1909/1562/807 1899/1563/808 1900/1562/809 
f 1899/1563/808 1927/1563/792 1898/1721/791 
f 1927/1563/792 1928/1721/789 1898/1721/791 
f 1928/1721/789 1927/1563/792 1929/1749/793 
f 1927/1563/792 1926/1748/806 1929/1749/793 
f 1929/1749/793 1926/1748/806 1930/1750/805 
f 1930/1750/805 1926/1748/806 1925/1747/812 
f 1930/1750/805 1925/1747/812 1931/1751/1875 
f 1925/1747/812 1924/1746/822 1931/1751/1875 
f 1931/1751/1875 1924/1746/822 1932/1752/821 
f 1932/1752/821 1924/1746/822 1933/1753/832 
f 1924/1746/822 1923/1745/831 1933/1753/832 
f 1933/1753/832 1923/1745/831 1934/1754/1876 
f 1923/1745/831 1922/1744/840 1934/1754/1876 
f 1934/1754/1876 1922/1744/840 1935/1755/850 
f 1922/1744/840 1921/1743/849 1935/1755/850 
f 1935/1755/850 1921/1743/849 1936/1756/857 
f 1921/1743/849 1920/1742/858 1936/1756/857 
f 1936/1756/857 1920/1742/858 1937/1757/868 
f 1920/1742/858 1938/1758/867 1937/1757/868 
f 1938/1758/867 1920/1742/858 1919/1741/859 
f 1938/1758/867 1919/1741/859 1939/1759/866 
f 1939/1759/866 1919/1741/859 1918/1740/860 
f 1938/1758/867 1939/1759/866 1940/1760/876 
f 1938/1758/867 1940/1760/876 1941/1761/875 
f 1938/1758/867 1941/1761/875 1937/1757/868 
f 1937/1757/868 1941/1761/875 1942/1762/874 
f 1937/1757/868 1942/1762/874 1943/1763/869 
f 1937/1757/868 1943/1763/869 1936/1756/857 
f 1943/1763/869 1944/1764/856 1936/1756/857 
f 1936/1756/857 1944/1764/856 1935/1755/850 
f 1944/1764/856 1945/1765/851 1935/1755/850 
f 1935/1755/850 1945/1765/851 1934/1754/1876 
f 1945/1765/851 1946/1766/1877 1934/1754/1876 
f 1934/1754/1876 1946/1766/1877 1933/1753/832 
f 1946/1766/1877 1947/1767/833 1933/1753/832 
f 1933/1753/832 1947/1767/833 1932/1752/821 
f 1947/1767/833 1948/1768/1878 1932/1752/821 
f 1932/1752/821 1948/1768/1878 1949/1769/814 
f 1932/1752/821 1949/1769/814 1931/1751/1875 
f 1931/1751/1875 1949/1769/814 1950/1770/804 
f 1931/1751/1875 1950/1770/804 1930/1750/805 
f 1949/1769/814 1951/1771/803 1950/1770/804 
f 1951/1771/803 1949/1769/814 1952/1772/815 
f 1952/1772/815 1949/1769/814 1948/1768/1878 
f 1952/1772/815 1948/1768/1878 1953/1773/819 
f 1953/1773/819 1948/1768/1878 1954/1774/834 
f 1948/1768/1878 1947/1767/833 1954/1774/834 
f 1954/1774/834 1947/1767/833 1955/1775/1879 
f 1947/1767/833 1946/1766/1877 1955/1775/1879 
f 1955/1775/1879 1946/1766/1877 1956/1776/852 
f 1946/1766/1877 1945/1765/851 1956/1776/852 
f 1956/1776/852 1945/1765/851 1957/1777/855 
f 1945/1765/851 1944/1764/856 1957/1777/855 
f 1957/1777/855 1944/1764/856 1958/1778/870 
f 1944/1764/856 1943/1763/869 1958/1778/870 
f 1958/1778/870 1943/1763/869 1959/1779/873 
f 1943/1763/869 1942/1762/874 1959/1779/873 
f 1959/1779/873 1942/1762/874 1960/1780/888 
f 1942/1762/874 1961/1781/887 1960/1780/888 
f 1961/1781/887 1942/1762/874 1941/1761/875 
f 1961/1781/887 1941/1761/875 1962/1782/886 
f 1962/1782/886 1941/1761/875 1940/1760/876 
f 1961/1781/887 1962/1782/886 1963/1783/892 
f 1961/1781/887 1963/1783/892 1964/1784/891 
f 1961/1781/887 1964/1784/891 1960/1780/888 
f 1960/1780/888 1964/1784/891 1965/1785/890 
f 1960/1780/888 1965/1785/890 1966/1786/889 
f 1960/1780/888 1966/1786/889 1959/1779/873 
f 1966/1786/889 1967/1787/872 1959/1779/873 
f 1959/1779/873 1967/1787/872 1958/1778/870 
f 1967/1787/872 1968/1788/871 1958/1778/870 
f 1958/1778/870 1968/1788/871 1957/1777/855 
f 1968/1788/871 1969/1789/854 1957/1777/855 
f 1957/1777/855 1969/1789/854 1956/1776/852 
f 1969/1789/854 1970/1790/1880 1956/1776/852 
f 1956/1776/852 1970/1790/1880 1955/1775/1879 
f 1970/1790/1880 1971/1791/1881 1955/1775/1879 
f 1955/1775/1879 1971/1791/1881 1954/1774/834 
f 1971/1791/1881 1972/1792/1882 1954/1774/834 
f 1954/1774/834 1972/1792/1882 1953/1773/819 
f 1972/1792/1882 1973/1793/818 1953/1773/819 
f 1953/1773/819 1973/1793/818 1974/1794/816 
f 1953/1773/819 1974/1794/816 1952/1772/815 
f 1973/1793/818 1975/1795/817 1974/1794/816 
f 1952/1772/815 1974/1794/816 1976/1796/802 
f 1974/1794/816 1977/1797/801 1976/1796/802 
f 1977/1797/801 1974/1794/816 1975/1795/817 
f 1977/1797/801 1975/1795/817 1978/1798/800 
f 1977/1797/801 1978/1798/800 1979/1799/798 
f 1977/1797/801 1979/1799/798 1980/1800/797 
f 1977/1797/801 1980/1800/797 1976/1796/802 
f 1976/1796/802 1980/1800/797 1981/1801/796 
f 1976/1796/802 1981/1801/796 1951/1771/803 
f 1976/1796/802 1951/1771/803 1952/1772/815 
f 1951/1771/803 1981/1801/796 1982/1802/795 
f 1951/1771/803 1982/1802/795 1950/1770/804 
f 1982/1802/795 1981/1801/796 1983/1803/786 
f 1981/1801/796 1984/1804/785 1983/1803/786 
f 1984/1804/785 1981/1801/796 1980/1800/797 
f 1984/1804/785 1980/1800/797 1985/1805/784 
f 1985/1805/784 1980/1800/797 1979/1799/798 
f 1985/1805/784 1979/1799/798 1986/1806/783 
f 1986/1806/783 1979/1799/798 1987/1807/799 
f 1987/1807/799 1979/1799/798 1978/1798/800 
f 1986/1806/783 1987/1807/799 1988/1808/782 
f 1986/1806/783 1988/1808/782 1989/1809/775 
f 1986/1806/783 1989/1809/775 1990/1810/774 
f 1986/1806/783 1990/1810/774 1985/1805/784 
f 1985/1805/784 1990/1810/774 1991/1811/773 
f 1985/1805/784 1991/1811/773 1984/1804/785 
f 1984/1804/785 1991/1811/773 1992/1812/772 
f 1984/1804/785 1992/1812/772 1983/1803/786 
f 1983/1803/786 1992/1812/772 1993/1813/771 
f 1983/1803/786 1993/1813/771 1994/1814/787 
f 1983/1803/786 1994/1814/787 1982/1802/795 
f 1982/1802/795 1994/1814/787 1995/1815/794 
f 1982/1802/795 1995/1815/794 1950/1770/804 
f 1950/1770/804 1995/1815/794 1930/1750/805 
f 1930/1750/805 1995/1815/794 1929/1749/793 
f 1929/1749/793 1995/1815/794 1996/1816/788 
f 1995/1815/794 1994/1814/787 1996/1816/788 
f 1996/1816/788 1994/1814/787 1997/1817/770 
f 1994/1814/787 1993/1813/771 1997/1817/770 
f 1997/1817/770 1993/1813/771 1998/1818/765 
f 1993/1813/771 1999/1819/764 1998/1818/765 
f 1999/1819/764 1993/1813/771 1992/1812/772 
f 1999/1819/764 1992/1812/772 2000/1820/763 
f 2000/1820/763 1992/1812/772 1991/1811/773 
f 2000/1820/763 1991/1811/773 2001/1821/762 
f 2001/1821/762 1991/1811/773 1990/1810/774 
f 2001/1821/762 1990/1810/774 2002/1822/761 
f 2002/1822/761 1990/1810/774 1989/1809/775 
f 2002/1822/761 1989/1809/775 2003/1823/776 
f 2003/1823/776 1989/1809/775 2004/1824/781 
f 2004/1824/781 1989/1809/775 1988/1808/782 
f 2003/1823/776 2004/1824/781 2005/1825/780 
f 2003/1823/776 2005/1825/780 2006/1826/777 
f 2003/1823/776 2006/1826/777 2007/1827/760 
f 2003/1823/776 2007/1827/760 2002/1822/761 
f 2002/1822/761 2007/1827/760 2008/1828/754 
f 2002/1822/761 2008/1828/754 2001/1821/762 
f 2001/1821/762 2008/1828/754 2009/1829/753 
f 2001/1821/762 2009/1829/753 2000/1820/763 
f 2000/1820/763 2009/1829/753 2010/1830/752 
f 2000/1820/763 2010/1830/752 1999/1819/764 
f 1999/1819/764 2010/1830/752 2011/1831/751 
f 1999/1819/764 2011/1831/751 1998/1818/765 
f 1998/1818/765 2011/1831/751 2012/1711/750 
f 1998/1818/765 2012/1711/750 2013/1712/766 
f 1998/1818/765 2013/1712/766 1997/1817/770 
f 1997/1817/770 2013/1712/766 2014/1720/769 
f 1997/1817/770 2014/1720/769 1996/1816/788 
f 1996/1816/788 2014/1720/769 1928/1721/789 
f 1996/1816/788 1928/1721/789 1929/1749/793 
f 1928/1721/789 2014/1720/769 1897/1720/790 
f 1897/1720/790 2014/1720/769 1896/1712/768 
f 2014/1720/769 2013/1712/766 1896/1712/768 
f 1896/1712/768 2013/1712/766 1895/1711/767 
f 2013/1712/766 2012/1711/750 1895/1711/767 
f 1895/1711/767 2012/1711/750 1894/1702/749 
f 2012/1711/750 2015/1702/1883 1894/1702/749 
f 2015/1702/1883 2012/1711/750 2011/1831/751 
f 2015/1702/1883 2011/1831/751 2016/1832/746 
f 2016/1832/746 2011/1831/751 2010/1830/752 
f 2016/1832/746 2010/1830/752 2017/1833/745 
f 2017/1833/745 2010/1830/752 2009/1829/753 
f 2017/1833/745 2009/1829/753 2018/1834/1884 
f 2018/1834/1884 2009/1829/753 2008/1828/754 
f 2018/1834/1884 2008/1828/754 2019/1835/755 
f 2019/1835/755 2008/1828/754 2007/1827/760 
f 2019/1835/755 2007/1827/760 2020/1836/759 
f 2020/1836/759 2007/1827/760 2006/1826/777 
f 2020/1836/759 2006/1826/777 2021/1837/778 
f 2021/1837/778 2006/1826/777 2022/1838/779 
f 2022/1838/779 2006/1826/777 2005/1825/780 
f 2021/1837/778 2022/1838/779 2023/1839/1015 
f 2021/1837/778 2023/1839/1015 2024/1840/1013 
f 2021/1837/778 2024/1840/1013 2025/1841/758 
f 2021/1837/778 2025/1841/758 2020/1836/759 
f 2020/1836/759 2025/1841/758 2026/1842/756 
f 2020/1836/759 2026/1842/756 2019/1835/755 
f 2019/1835/755 2026/1842/756 2027/1843/743 
f 2019/1835/755 2027/1843/743 2018/1834/1884 
f 2018/1834/1884 2027/1843/743 2028/1844/740 
f 2018/1834/1884 2028/1844/740 2017/1833/745 
f 2017/1833/745 2028/1844/740 2029/1845/739 
f 2017/1833/745 2029/1845/739 2016/1832/746 
f 2016/1832/746 2029/1845/739 2030/1701/738 
f 2016/1832/746 2030/1701/738 2015/1702/1883 
f 2015/1702/1883 2030/1701/738 1893/1701/748 
f 2015/1702/1883 1893/1701/748 1894/1702/749 
f 1893/1701/748 2030/1701/738 1892/1730/737 
f 2030/1701/738 2031/1730/736 1892/1730/737 
f 2031/1730/736 2030/1701/738 2029/1845/739 
f 2031/1730/736 2029/1845/739 2032/1846/735 
f 2032/1846/735 2029/1845/739 2028/1844/740 
f 2032/1846/735 2028/1844/740 2033/1847/741 
f 2033/1847/741 2028/1844/740 2027/1843/743 
f 2033/1847/741 2027/1843/743 2034/1848/742 
f 2034/1848/742 2027/1843/743 2026/1842/756 
f 2034/1848/742 2026/1842/756 2035/1849/757 
f 2035/1849/757 2026/1842/756 2025/1841/758 
f 2035/1849/757 2025/1841/758 2036/1850/1012 
f 2036/1850/1012 2025/1841/758 2024/1840/1013 
f 2036/1850/1012 2024/1840/1013 2037/1851/1011 
f 2037/1851/1011 2024/1840/1013 2038/1852/1014 
f 2038/1852/1014 2024/1840/1013 2023/1839/1015 
f 2037/1851/1011 2038/1852/1014 2039/1853/1010 
f 2037/1851/1011 2039/1853/1010 2040/1854/1008 
f 2037/1851/1011 2040/1854/1008 2041/1855/1007 
f 2037/1851/1011 2041/1855/1007 2036/1850/1012 
f 2036/1850/1012 2041/1855/1007 2042/1856/1006 
f 2036/1850/1012 2042/1856/1006 2035/1849/757 
f 2035/1849/757 2042/1856/1006 2043/1857/727 
f 2035/1849/757 2043/1857/727 2034/1848/742 
f 2034/1848/742 2043/1857/727 2044/1858/728 
f 2034/1848/742 2044/1858/728 2033/1847/741 
f 2033/1847/741 2044/1858/728 2045/1859/729 
f 2033/1847/741 2045/1859/729 2032/1846/735 
f 2032/1846/735 2045/1859/729 2046/1729/733 
f 2032/1846/735 2046/1729/733 2031/1730/736 
f 2031/1730/736 2046/1729/733 1891/1729/734 
f 2031/1730/736 1891/1729/734 1892/1730/737 
f 1891/1729/734 2046/1729/733 1890/1728/732 
f 2046/1729/733 2047/1728/730 1890/1728/732 
f 2047/1728/730 2046/1729/733 2045/1859/729 
f 2047/1728/730 2045/1859/729 2048/1860/712 
f 2048/1860/712 2045/1859/729 2044/1858/728 
f 2048/1860/712 2044/1858/728 2049/1861/713 
f 2049/1861/713 2044/1858/728 2043/1857/727 
f 2049/1861/713 2043/1857/727 2050/1862/726 
f 2050/1862/726 2043/1857/727 2042/1856/1006 
f 2050/1862/726 2042/1856/1006 2051/1863/1005 
f 2051/1863/1005 2042/1856/1006 2041/1855/1007 
f 2051/1863/1005 2041/1855/1007 2052/1864/1004 
f 2052/1864/1004 2041/1855/1007 2040/1854/1008 
f 2052/1864/1004 2040/1854/1008 2053/1865/1003 
f 2053/1865/1003 2040/1854/1008 2054/1866/1009 
f 2054/1866/1009 2040/1854/1008 2039/1853/1010 
f 2053/1865/1003 2054/1866/1009 2055/1867/1002 
f 2053/1865/1003 2055/1867/1002 2056/1868/1000 
f 2053/1865/1003 2056/1868/1000 2057/1869/999 
f 2053/1865/1003 2057/1869/999 2052/1864/1004 
f 2052/1864/1004 2057/1869/999 2058/1870/998 
f 2052/1864/1004 2058/1870/998 2051/1863/1005 
f 2051/1863/1005 2058/1870/998 2059/1871/1885 
f 2051/1863/1005 2059/1871/1885 2050/1862/726 
f 2050/1862/726 2059/1871/1885 2060/1872/1886 
f 2050/1862/726 2060/1872/1886 2049/1861/713 
f 2049/1861/713 2060/1872/1886 2061/1873/710 
f 2049/1861/713 2061/1873/710 2048/1860/712 
f 2048/1860/712 2061/1873/710 2062/1681/1517 
f 2048/1860/712 2062/1681/1517 2047/1728/730 
f 2047/1728/730 2062/1681/1517 1889/1681/1887 
f 2047/1728/730 1889/1681/1887 1890/1728/732 
f 1889/1681/1887 2062/1681/1517 1888/1672/1888 
f 2062/1681/1517 2063/1874/1889 1888/1672/1888 
f 2063/1874/1889 2062/1681/1517 2061/1873/710 
f 2063/1874/1889 2061/1873/710 2064/1875/1528 
f 2064/1875/1528 2061/1873/710 2060/1872/1886 
f 2064/1875/1528 2060/1872/1886 2065/1876/1890 
f 2065/1876/1890 2060/1872/1886 2059/1871/1885 
f 2065/1876/1890 2059/1871/1885 2066/1877/1891 
f 2066/1877/1891 2059/1871/1885 2058/1870/998 
f 2066/1877/1891 2058/1870/998 2067/1878/997 
f 2067/1878/997 2058/1870/998 2057/1869/999 
f 2067/1878/997 2057/1869/999 2068/1879/1892 
f 2068/1879/1892 2057/1869/999 2056/1868/1000 
f 2068/1879/1892 2056/1868/1000 2069/1880/1893 
f 2069/1880/1893 2056/1868/1000 2070/1881/1001 
f 2070/1881/1001 2056/1868/1000 2055/1867/1002 
f 2069/1880/1893 2070/1881/1001 2071/1882/994 
f 2069/1880/1893 2071/1882/994 2072/1883/992 
f 2069/1880/1893 2072/1883/992 2073/1884/1894 
f 2069/1880/1893 2073/1884/1894 2068/1879/1892 
f 2068/1879/1892 2073/1884/1894 2074/1885/990 
f 2068/1879/1892 2074/1885/990 2067/1878/997 
f 2067/1878/997 2074/1885/990 2075/1886/723 
f 2067/1878/997 2075/1886/723 2066/1877/1891 
f 2066/1877/1891 2075/1886/723 2076/1887/1895 
f 2066/1877/1891 2076/1887/1895 2065/1876/1890 
f 2065/1876/1890 2076/1887/1895 2077/1888/708 
f 2065/1876/1890 2077/1888/708 2064/1875/1528 
f 2064/1875/1528 2077/1888/708 2078/1889/1529 
f 2064/1875/1528 2078/1889/1529 2063/1874/1889 
f 2063/1874/1889 2078/1889/1529 1887/1671/1896 
f 2063/1874/1889 1887/1671/1896 1888/1672/1888 
f 1887/1671/1896 2078/1889/1529 1886/1662/705 
f 2078/1889/1529 2079/1662/706 1886/1662/705 
f 2079/1662/706 2078/1889/1529 2077/1888/708 
f 2079/1662/706 2077/1888/708 2080/1890/717 
f 2080/1890/717 2077/1888/708 2076/1887/1895 
f 2080/1890/717 2076/1887/1895 2081/1891/1897 
f 2081/1891/1897 2076/1887/1895 2075/1886/723 
f 2081/1891/1897 2075/1886/723 2082/1892/1547 
f 2082/1892/1547 2075/1886/723 2074/1885/990 
f 2082/1892/1547 2074/1885/990 2083/1893/1898 
f 2083/1893/1898 2074/1885/990 2073/1884/1894 
f 2083/1893/1898 2073/1884/1894 2084/1894/1899 
f 2084/1894/1899 2073/1884/1894 2072/1883/992 
f 2084/1894/1899 2072/1883/992 2085/1895/986 
f 2085/1895/986 2072/1883/992 2086/1896/1900 
f 2086/1896/1900 2072/1883/992 2071/1882/994 
f 2085/1895/986 2086/1896/1900 2087/1897/985 
f 2085/1895/986 2087/1897/985 2088/1898/980 
f 2085/1895/986 2088/1898/980 2089/1899/1901 
f 2085/1895/986 2089/1899/1901 2084/1894/1899 
f 2084/1894/1899 2089/1899/1901 2090/1900/982 
f 2084/1894/1899 2090/1900/982 2083/1893/1898 
f 2083/1893/1898 2090/1900/982 2091/1901/983 
f 2083/1893/1898 2091/1901/983 2082/1892/1547 
f 2082/1892/1547 2091/1901/983 2092/1902/1902 
f 2082/1892/1547 2092/1902/1902 2081/1891/1897 
f 2081/1891/1897 2092/1902/1902 2093/1903/721 
f 2081/1891/1897 2093/1903/721 2080/1890/717 
f 2080/1890/717 2093/1903/721 2094/1661/718 
f 2080/1890/717 2094/1661/718 2079/1662/706 
f 2079/1662/706 2094/1661/718 1885/1661/707 
f 2079/1662/706 1885/1661/707 1886/1662/705 
f 1885/1661/707 2094/1661/718 1884/1652/719 
f 2094/1661/718 2095/1652/720 1884/1652/719 
f 2095/1652/720 2094/1661/718 2093/1903/721 
f 2095/1652/720 2093/1903/721 2096/1904/972 
f 2096/1904/972 2093/1903/721 2092/1902/1902 
f 2096/1904/972 2092/1902/1902 2097/1905/1903 
f 2097/1905/1903 2092/1902/1902 2091/1901/983 
f 2097/1905/1903 2091/1901/983 2098/1906/1904 
f 2098/1906/1904 2091/1901/983 2090/1900/982 
f 2098/1906/1904 2090/1900/982 2099/1907/975 
f 2099/1907/975 2090/1900/982 2089/1899/1901 
f 2099/1907/975 2089/1899/1901 2100/1908/976 
f 2100/1908/976 2089/1899/1901 2088/1898/980 
f 2100/1908/976 2088/1898/980 2101/1909/977 
f 2101/1909/977 2088/1898/980 2102/1910/979 
f 2102/1910/979 2088/1898/980 2087/1897/985 
f 2101/1909/977 2102/1910/979 2103/1911/978 
f 2101/1909/977 2103/1911/978 2104/1912/963 
f 2101/1909/977 2104/1912/963 2105/1913/964 
f 2101/1909/977 2105/1913/964 2100/1908/976 
f 2100/1908/976 2105/1913/964 2106/1914/965 
f 2100/1908/976 2106/1914/965 2099/1907/975 
f 2099/1907/975 2106/1914/965 2107/1915/1905 
f 2099/1907/975 2107/1915/1905 2098/1906/1904 
f 2098/1906/1904 2107/1915/1905 2108/1916/1906 
f 2098/1906/1904 2108/1916/1906 2097/1905/1903 
f 2097/1905/1903 2108/1916/1906 2109/1917/1843 
f 2097/1905/1903 2109/1917/1843 2096/1904/972 
f 2096/1904/972 2109/1917/1843 2110/1651/969 
f 2096/1904/972 2110/1651/969 2095/1652/720 
f 2095/1652/720 2110/1651/969 1883/1651/971 
f 2095/1652/720 1883/1651/971 1884/1652/719 
f 1883/1651/971 2110/1651/969 1882/1642/970 
f 2110/1651/969 2111/1642/1907 1882/1642/970 
f 2111/1642/1907 2110/1651/969 2109/1917/1843 
f 2111/1642/1907 2109/1917/1843 2112/1918/955 
f 2112/1918/955 2109/1917/1843 2108/1916/1906 
f 2112/1918/955 2108/1916/1906 2113/1919/956 
f 2113/1919/956 2108/1916/1906 2107/1915/1905 
f 2113/1919/956 2107/1915/1905 2114/1920/957 
f 2114/1920/957 2107/1915/1905 2106/1914/965 
f 2114/1920/957 2106/1914/965 2115/1921/958 
f 2115/1921/958 2106/1914/965 2105/1913/964 
f 2115/1921/958 2105/1913/964 2116/1922/959 
f 2116/1922/959 2105/1913/964 2104/1912/963 
f 2116/1922/959 2104/1912/963 2117/1923/960 
f 2117/1923/960 2104/1912/963 2118/1924/962 
f 2118/1924/962 2104/1912/963 2103/1911/978 
f 2117/1923/960 2118/1924/962 2119/1925/961 
f 2117/1923/960 2119/1925/961 2120/1926/945 
f 2117/1923/960 2120/1926/945 2121/1927/946 
f 2117/1923/960 2121/1927/946 2116/1922/959 
f 2116/1922/959 2121/1927/946 2122/1928/947 
f 2116/1922/959 2122/1928/947 2115/1921/958 
f 2115/1921/958 2122/1928/947 2123/1929/948 
f 2115/1921/958 2123/1929/948 2114/1920/957 
f 2114/1920/957 2123/1929/948 2124/1930/949 
f 2114/1920/957 2124/1930/949 2113/1919/956 
f 2113/1919/956 2124/1930/949 2125/1931/950 
f 2113/1919/956 2125/1931/950 2112/1918/955 
f 2112/1918/955 2125/1931/950 2126/1727/1560 
f 2112/1918/955 2126/1727/1560 2111/1642/1907 
f 2111/1642/1907 2126/1727/1560 1881/1727/953 
f 2111/1642/1907 1881/1727/953 1882/1642/970 
f 1881/1727/953 2126/1727/1560 1880/1632/952 
f 2126/1727/1560 2127/1632/936 1880/1632/952 
f 2127/1632/936 2126/1727/1560 2125/1931/950 
f 2127/1632/936 2125/1931/950 2128/1932/937 
f 2128/1932/937 2125/1931/950 2124/1930/949 
f 2128/1932/937 2124/1930/949 2129/1933/938 
f 2129/1933/938 2124/1930/949 2123/1929/948 
f 2129/1933/938 2123/1929/948 2130/1934/939 
f 2130/1934/939 2123/1929/948 2122/1928/947 
f 2130/1934/939 2122/1928/947 2131/1935/940 
f 2131/1935/940 2122/1928/947 2121/1927/946 
f 2131/1935/940 2121/1927/946 2132/1936/941 
f 2132/1936/941 2121/1927/946 2120/1926/945 
f 2132/1936/941 2120/1926/945 2133/1937/942 
f 2133/1937/942 2120/1926/945 2134/1938/944 
f 2134/1938/944 2120/1926/945 2119/1925/961 
f 2133/1937/942 2134/1938/944 2135/1939/943 
f 2133/1937/942 2135/1939/943 2136/1940/927 
f 2133/1937/942 2136/1940/927 2137/1941/928 
f 2133/1937/942 2137/1941/928 2132/1936/941 
f 2132/1936/941 2137/1941/928 2138/1942/929 
f 2132/1936/941 2138/1942/929 2131/1935/940 
f 2131/1935/940 2138/1942/929 2139/1943/930 
f 2131/1935/940 2139/1943/930 2130/1934/939 
f 2130/1934/939 2139/1943/930 2140/1944/931 
f 2130/1934/939 2140/1944/931 2129/1933/938 
f 2129/1933/938 2140/1944/931 2141/1945/932 
f 2129/1933/938 2141/1945/932 2128/1932/937 
f 2128/1932/937 2141/1945/932 2142/1726/933 
f 2128/1932/937 2142/1726/933 2127/1632/936 
f 2127/1632/936 2142/1726/933 1879/1726/935 
f 2127/1632/936 1879/1726/935 1880/1632/952 
f 1879/1726/935 2142/1726/933 1878/1622/934 
f 2142/1726/933 2143/1622/918 1878/1622/934 
f 2143/1622/918 2142/1726/933 2141/1945/932 
f 2143/1622/918 2141/1945/932 2144/1946/919 
f 2144/1946/919 2141/1945/932 2140/1944/931 
f 2144/1946/919 2140/1944/931 2145/1947/920 
f 2145/1947/920 2140/1944/931 2139/1943/930 
f 2145/1947/920 2139/1943/930 2146/1948/921 
f 2146/1948/921 2139/1943/930 2138/1942/929 
f 2146/1948/921 2138/1942/929 2147/1949/922 
f 2147/1949/922 2138/1942/929 2137/1941/928 
f 2147/1949/922 2137/1941/928 2148/1950/923 
f 2148/1950/923 2137/1941/928 2136/1940/927 
f 2148/1950/923 2136/1940/927 2149/1951/924 
f 2149/1951/924 2136/1940/927 2150/1952/926 
f 2150/1952/926 2136/1940/927 2135/1939/943 
f 2149/1951/924 2150/1952/926 2151/1953/925 
f 2149/1951/924 2151/1953/925 2152/1954/909 
f 2149/1951/924 2152/1954/909 2153/1955/910 
f 2149/1951/924 2153/1955/910 2148/1950/923 
f 2148/1950/923 2153/1955/910 2154/1956/911 
f 2148/1950/923 2154/1956/911 2147/1949/922 
f 2147/1949/922 2154/1956/911 2155/1957/912 
f 2147/1949/922 2155/1957/912 2146/1948/921 
f 2146/1948/921 2155/1957/912 2156/1958/913 
f 2146/1948/921 2156/1958/913 2145/1947/920 
f 2145/1947/920 2156/1958/913 2157/1959/914 
f 2145/1947/920 2157/1959/914 2144/1946/919 
f 2144/1946/919 2157/1959/914 2158/1725/915 
f 2144/1946/919 2158/1725/915 2143/1622/918 
f 2143/1622/918 2158/1725/915 1877/1725/917 
f 2143/1622/918 1877/1725/917 1878/1622/934 
f 1877/1725/917 2158/1725/915 1876/1612/916 
f 2158/1725/915 2159/1612/900 1876/1612/916 
f 2159/1612/900 2158/1725/915 2157/1959/914 
f 2159/1612/900 2157/1959/914 2160/1960/901 
f 2160/1960/901 2157/1959/914 2156/1958/913 
f 2160/1960/901 2156/1958/913 2161/1961/902 
f 2161/1961/902 2156/1958/913 2155/1957/912 
f 2161/1961/902 2155/1957/912 2162/1962/903 
f 2162/1962/903 2155/1957/912 2154/1956/911 
f 2162/1962/903 2154/1956/911 2163/1963/904 
f 2163/1963/904 2154/1956/911 2153/1955/910 
f 2163/1963/904 2153/1955/910 2164/1964/905 
f 2164/1964/905 2153/1955/910 2152/1954/909 
f 2164/1964/905 2152/1954/909 2165/1965/906 
f 2165/1965/906 2152/1954/909 2166/1966/908 
f 2166/1966/908 2152/1954/909 2151/1953/925 
f 2165/1965/906 2166/1966/908 2167/1967/907 
f 2165/1965/906 2167/1967/907 1964/1784/891 
f 2165/1965/906 1964/1784/891 1963/1783/892 
f 2165/1965/906 1963/1783/892 2164/1964/905 
f 2164/1964/905 1963/1783/892 2168/1968/893 
f 2164/1964/905 2168/1968/893 2163/1963/904 
f 2163/1963/904 2168/1968/893 2169/1969/894 
f 2163/1963/904 2169/1969/894 2162/1962/903 
f 2162/1962/903 2169/1969/894 2170/1970/895 
f 2162/1962/903 2170/1970/895 2161/1961/902 
f 2161/1961/902 2170/1970/895 2171/1971/896 
f 2161/1961/902 2171/1971/896 2160/1960/901 
f 2160/1960/901 2171/1971/896 2172/1724/897 
f 2160/1960/901 2172/1724/897 2159/1612/900 
f 2159/1612/900 2172/1724/897 1875/1724/899 
f 2159/1612/900 1875/1724/899 1876/1612/916 
f 1875/1724/899 2172/1724/897 1874/1723/898 
f 2172/1724/897 2173/1723/882 1874/1723/898 
f 2173/1723/882 2172/1724/897 2171/1971/896 
f 2173/1723/882 2171/1971/896 2174/1972/883 
f 2174/1972/883 2171/1971/896 2170/1970/895 
f 2174/1972/883 2170/1970/895 2175/1973/884 
f 2175/1973/884 2170/1970/895 2169/1969/894 
f 2175/1973/884 2169/1969/894 2176/1974/885 
f 2176/1974/885 2169/1969/894 2168/1968/893 
f 2176/1974/885 2168/1968/893 1962/1782/886 
f 1962/1782/886 2168/1968/893 1963/1783/892 
f 2176/1974/885 1962/1782/886 1940/1760/876 
f 2176/1974/885 1940/1760/876 2177/1975/877 
f 2176/1974/885 2177/1975/877 2175/1973/884 
f 2175/1973/884 2177/1975/877 2178/1976/878 
f 2175/1973/884 2178/1976/878 2174/1972/883 
f 2174/1972/883 2178/1976/878 2179/1601/1601 
f 2174/1972/883 2179/1601/1601 2173/1723/882 
f 2173/1723/882 2179/1601/1601 1873/1601/881 
f 2173/1723/882 1873/1601/881 1874/1723/898 
f 1873/1601/881 2179/1601/1601 1872/1574/880 
f 2179/1601/1601 2180/1574/864 1872/1574/880 
f 2180/1574/864 2179/1601/1601 2178/1976/878 
f 2180/1574/864 2178/1976/878 2181/1977/865 
f 2181/1977/865 2178/1976/878 2177/1975/877 
f 2181/1977/865 2177/1975/877 1939/1759/866 
f 1939/1759/866 2177/1975/877 1940/1760/876 
f 2181/1977/865 1939/1759/866 1918/1740/860 
f 2181/1977/865 1918/1740/860 1917/1573/861 
f 2181/1977/865 1917/1573/861 2180/1574/864 
f 2180/1574/864 1917/1573/861 1871/1573/863 
f 2180/1574/864 1871/1573/863 1872/1574/880 
f 1871/1573/863 1917/1573/861 1870/1555/862 
f 2167/1967/907 1965/1785/890 1964/1784/891 
f 1897/1720/790 1898/1721/791 1928/1721/789 
f 1675/1586/1665 1674/1585/1666 2182/1978/1667 
f 2182/1978/1667 1674/1585/1666 2183/1979/1908 
f 1674/1585/1666 1673/1584/1669 2183/1979/1908 
f 2183/1979/1908 1673/1584/1669 2184/1980/1670 
f 1673/1584/1669 1672/1583/1671 2184/1980/1670 
f 2183/1979/1908 2184/1980/1670 2185/1981/1672 
f 2183/1979/1908 2185/1981/1672 2186/1982/1673 
f 2183/1979/1908 2186/1982/1673 2182/1978/1667 
f 2186/1982/1673 2187/1983/1674 2182/1978/1667 
f 2182/1978/1667 2187/1983/1674 2188/1984/1675 
f 2182/1978/1667 2188/1984/1675 1675/1586/1665 
f 1675/1586/1665 2188/1984/1675 1676/1587/1676 
f 2188/1984/1675 2189/1985/1677 1676/1587/1676 
f 2189/1985/1677 2188/1984/1675 2190/1986/1678 
f 2190/1986/1678 2188/1984/1675 2187/1983/1674 
f 2190/1986/1678 2187/1983/1674 2191/1987/1679 
f 2191/1987/1679 2187/1983/1674 2192/1988/1909 
f 2187/1983/1674 2186/1982/1673 2192/1988/1909 
f 2192/1988/1909 2186/1982/1673 2193/1989/1681 
f 2186/1982/1673 2185/1981/1672 2193/1989/1681 
f 2193/1989/1681 2185/1981/1672 2194/1990/1682 
f 2185/1981/1672 2195/1991/1683 2194/1990/1682 
f 2195/1991/1683 2185/1981/1672 2184/1980/1670 
f 2195/1991/1683 2184/1980/1670 2196/1992/1684 
f 2196/1992/1684 2184/1980/1670 1672/1583/1671 
f 2196/1992/1684 1672/1583/1671 1671/1582/1685 
f 2196/1992/1684 1671/1582/1685 2197/1993/1686 
f 2196/1992/1684 2197/1993/1686 2198/1994/1687 
f 2196/1992/1684 2198/1994/1687 2195/1991/1683 
f 2195/1991/1683 2198/1994/1687 2199/1995/1688 
f 2195/1991/1683 2199/1995/1688 2194/1990/1682 
f 2194/1990/1682 2199/1995/1688 2200/1996/1689 
f 2194/1990/1682 2200/1996/1689 2201/1997/1690 
f 2194/1990/1682 2201/1997/1690 2193/1989/1681 
f 2201/1997/1690 2202/1998/1910 2193/1989/1681 
f 2193/1989/1681 2202/1998/1910 2192/1988/1909 
f 2202/1998/1910 2201/1997/1690 2200/1996/1689 
f 2192/1988/1909 2202/1998/1910 2203/1999/1911 
f 2192/1988/1909 2203/1999/1911 2191/1987/1679 
f 2203/1999/1911 2204/2000/1912 2191/1987/1679 
f 2204/2000/1912 2203/1999/1911 2202/1998/1910 
f 2191/1987/1679 2204/2000/1912 2205/2001/1694 
f 2191/1987/1679 2205/2001/1694 2190/1986/1678 
f 2190/1986/1678 2205/2001/1694 2206/2002/1695 
f 2190/1986/1678 2206/2002/1695 2189/1985/1677 
f 2189/1985/1677 2206/2002/1695 2207/2003/1696 
f 2189/1985/1677 2207/2003/1696 1680/1589/1697 
f 2189/1985/1677 1680/1589/1697 1676/1587/1676 
f 1680/1589/1697 2207/2003/1696 1681/1590/1698 
f 2207/2003/1696 2208/2004/1699 1681/1590/1698 
f 2208/2004/1699 2207/2003/1696 2209/2005/1700 
f 2209/2005/1700 2207/2003/1696 2206/2002/1695 
f 2209/2005/1700 2206/2002/1695 2210/2006/1701 
f 2210/2006/1701 2206/2002/1695 2205/2001/1694 
f 2210/2006/1701 2205/2001/1694 2211/2007/1702 
f 2211/2007/1702 2205/2001/1694 2204/2000/1912 
f 2211/2007/1702 2204/2000/1912 2202/1998/1910 
f 2211/2007/1702 2202/1998/1910 2212/2008/1703 
f 2202/1998/1910 2200/1996/1689 2212/2008/1703 
f 2200/1996/1689 2213/2009/1913 2212/2008/1703 
f 2213/2009/1913 2200/1996/1689 2199/1995/1688 
f 2213/2009/1913 2199/1995/1688 2214/2010/1705 
f 2214/2010/1705 2199/1995/1688 2198/1994/1687 
f 2213/2009/1913 2214/2010/1705 2212/2008/1703 
f 2198/1994/1687 2215/2011/1706 2214/2010/1705 
f 2215/2011/1706 2198/1994/1687 2197/1993/1686 
f 2214/2010/1705 2215/2011/1706 2216/2012/1707 
f 2214/2010/1705 2216/2012/1707 2212/2008/1703 
f 2215/2011/1706 2217/2013/1708 2216/2012/1707 
f 2217/2013/1708 2215/2011/1706 2218/2014/1709 
f 2218/2014/1709 2215/2011/1706 2197/1993/1686 
f 2218/2014/1709 2197/1993/1686 1670/1581/1710 
f 1670/1581/1710 2197/1993/1686 1671/1582/1685 
f 2218/2014/1709 1670/1581/1710 1858/1717/1711 
f 2218/2014/1709 1858/1717/1711 2219/2015/1712 
f 2218/2014/1709 2219/2015/1712 2217/2013/1708 
f 1858/1717/1711 1857/1716/1713 2219/2015/1712 
f 2217/2013/1708 2219/2015/1712 2220/2016/1714 
f 2217/2013/1708 2220/2016/1714 2221/2017/1720 
f 2217/2013/1708 2221/2017/1720 2216/2012/1707 
f 2216/2012/1707 2221/2017/1720 2222/2018/1721 
f 2216/2012/1707 2222/2018/1721 2212/2008/1703 
f 2212/2008/1703 2222/2018/1721 2223/2019/1722 
f 2223/2019/1722 2222/2018/1721 2221/2017/1720 
f 2223/2019/1722 2221/2017/1720 2224/2020/1719 
f 2224/2020/1719 2221/2017/1720 2220/2016/1714 
f 2224/2020/1719 2220/2016/1714 2225/2021/1718 
f 2225/2021/1718 2220/2016/1714 2226/2022/1715 
f 2226/2022/1715 2220/2016/1714 2219/2015/1712 
f 2226/2022/1715 2219/2015/1712 1857/1716/1713 
f 2226/2022/1715 1857/1716/1713 1844/1707/1716 
f 2226/2022/1715 1844/1707/1716 2227/2023/1717 
f 2226/2022/1715 2227/2023/1717 2225/2021/1718 
f 1844/1707/1716 1843/1706/1727 2227/2023/1717 
f 2225/2021/1718 2227/2023/1717 2228/2024/1725 
f 2225/2021/1718 2228/2024/1725 2229/2025/1724 
f 2225/2021/1718 2229/2025/1724 2224/2020/1719 
f 2224/2020/1719 2229/2025/1724 2230/2026/1723 
f 2224/2020/1719 2230/2026/1723 2223/2019/1722 
f 2223/2019/1722 2230/2026/1723 2231/2027/1732 
f 2231/2027/1732 2230/2026/1723 2229/2025/1724 
f 2223/2019/1722 2231/2027/1732 2212/2008/1703 
f 2229/2025/1724 2232/2028/1731 2231/2027/1732 
f 2232/2028/1731 2229/2025/1724 2228/2024/1725 
f 2232/2028/1731 2228/2024/1725 2233/2029/1730 
f 2233/2029/1730 2228/2024/1725 2234/2030/1726 
f 2234/2030/1726 2228/2024/1725 2227/2023/1717 
f 2234/2030/1726 2227/2023/1717 1843/1706/1727 
f 2234/2030/1726 1843/1706/1727 1830/1697/1728 
f 2234/2030/1726 1830/1697/1728 2235/2031/1729 
f 2234/2030/1726 2235/2031/1729 2233/2029/1730 
f 1830/1697/1728 1829/1696/1743 2235/2031/1729 
f 2233/2029/1730 2235/2031/1729 2236/2032/1737 
f 2233/2029/1730 2236/2032/1737 2237/2033/1736 
f 2233/2029/1730 2237/2033/1736 2232/2028/1731 
f 2232/2028/1731 2237/2033/1736 2238/2034/1735 
f 2232/2028/1731 2238/2034/1735 2231/2027/1732 
f 2231/2027/1732 2238/2034/1735 2239/2035/1734 
f 2239/2035/1734 2238/2034/1735 2237/2033/1736 
f 2231/2027/1732 2239/2035/1734 2240/2036/1733 
f 2231/2027/1732 2240/2036/1733 2212/2008/1703 
f 2212/2008/1703 2240/2036/1733 2241/2037/1813 
f 2212/2008/1703 2241/2037/1813 2211/2007/1702 
f 2241/2037/1813 2242/2038/1814 2211/2007/1702 
f 2242/2038/1814 2243/2039/1815 2211/2007/1702 
f 2211/2007/1702 2243/2039/1815 2210/2006/1701 
f 2210/2006/1701 2243/2039/1815 2244/2040/1816 
f 2243/2039/1815 2242/2038/1814 2244/2040/1816 
f 2210/2006/1701 2244/2040/1816 2209/2005/1700 
f 2244/2040/1816 2242/2038/1814 2245/2041/1818 
f 2242/2038/1814 2246/2042/1819 2245/2041/1818 
f 2246/2042/1819 2242/2038/1814 2241/2037/1813 
f 2246/2042/1819 2241/2037/1813 2247/2043/1820 
f 2246/2042/1819 2247/2043/1820 2245/2041/1818 
f 2245/2041/1818 2247/2043/1820 2248/2044/1821 
f 2245/2041/1818 2248/2044/1821 2249/2045/1817 
f 2245/2041/1818 2249/2045/1817 2244/2040/1816 
f 2249/2045/1817 2209/2005/1700 2244/2040/1816 
f 2209/2005/1700 2249/2045/1817 2208/2004/1699 
f 2208/2004/1699 2249/2045/1817 2250/2046/1822 
f 2249/2045/1817 2248/2044/1821 2250/2046/1822 
f 2250/2046/1822 2248/2044/1821 2251/2047/1825 
f 2248/2044/1821 2252/2048/1826 2251/2047/1825 
f 2252/2048/1826 2248/2044/1821 2247/2043/1820 
f 2252/2048/1826 2247/2043/1820 2253/2049/1827 
f 2253/2049/1827 2247/2043/1820 2241/2037/1813 
f 2252/2048/1826 2253/2049/1827 2254/2050/1828 
f 2252/2048/1826 2254/2050/1828 2255/2051/1829 
f 2252/2048/1826 2255/2051/1829 2251/2047/1825 
f 2251/2047/1825 2255/2051/1829 1703/1606/1830 
f 2251/2047/1825 1703/1606/1830 1690/1597/1824 
f 2251/2047/1825 1690/1597/1824 2250/2046/1822 
f 1690/1597/1824 1689/1596/1823 2250/2046/1822 
f 2250/2046/1822 1689/1596/1823 2208/2004/1699 
f 1689/1596/1823 1681/1590/1698 2208/2004/1699 
f 1704/1607/1831 1703/1606/1830 2255/2051/1829 
f 1704/1607/1831 2255/2051/1829 2256/2052/1832 
f 2256/2052/1832 2255/2051/1829 2254/2050/1828 
f 1704/1607/1831 2256/2052/1832 1717/1616/1833 
f 2254/2050/1828 2257/2053/1834 2256/2052/1832 
f 1717/1616/1833 2256/2052/1832 2258/2054/1807 
f 2257/2053/1834 2258/2054/1807 2256/2052/1832 
f 1717/1616/1833 2258/2054/1807 1718/1617/1806 
f 2258/2054/1807 2259/2055/1805 1718/1617/1806 
f 2259/2055/1805 2258/2054/1807 2260/2056/1808 
f 2260/2056/1808 2258/2054/1807 2257/2053/1834 
f 2260/2056/1808 2257/2053/1834 2261/2057/1838 
f 2261/2057/1838 2257/2053/1834 2262/2058/1835 
f 2257/2053/1834 2254/2050/1828 2262/2058/1835 
f 2262/2058/1835 2254/2050/1828 2253/2049/1827 
f 2262/2058/1835 2253/2049/1827 2263/2059/1836 
f 2263/2059/1836 2253/2049/1827 2241/2037/1813 
f 2262/2058/1835 2263/2059/1836 2264/2060/1837 
f 2262/2058/1835 2264/2060/1837 2261/2057/1838 
f 2264/2060/1837 2263/2059/1836 2241/2037/1813 
f 2261/2057/1838 2264/2060/1837 2265/2061/1839 
f 2261/2057/1838 2265/2061/1839 2266/2062/1809 
f 2261/2057/1838 2266/2062/1809 2260/2056/1808 
f 2260/2056/1808 2266/2062/1809 2267/2063/1804 
f 2260/2056/1808 2267/2063/1804 2259/2055/1805 
f 2259/2055/1805 2267/2063/1804 2268/2064/1802 
f 2259/2055/1805 2268/2064/1802 1731/1626/1803 
f 2259/2055/1805 1731/1626/1803 1718/1617/1806 
f 1731/1626/1803 2268/2064/1802 1732/1627/1801 
f 2268/2064/1802 2269/2065/1800 1732/1627/1801 
f 2269/2065/1800 2268/2064/1802 2270/2066/1799 
f 2270/2066/1799 2268/2064/1802 2267/2063/1804 
f 2270/2066/1799 2267/2063/1804 2271/2067/1810 
f 2271/2067/1810 2267/2063/1804 2266/2062/1809 
f 2271/2067/1810 2266/2062/1809 2272/2068/1812 
f 2272/2068/1812 2266/2062/1809 2265/2061/1839 
f 2272/2068/1812 2265/2061/1839 2264/2060/1837 
f 2272/2068/1812 2264/2060/1837 2241/2037/1813 
f 2272/2068/1812 2241/2037/1813 2273/2069/1914 
f 2273/2069/1914 2241/2037/1813 2240/2036/1733 
f 2272/2068/1812 2273/2069/1914 2274/2070/1797 
f 2272/2068/1812 2274/2070/1797 2275/2071/1811 
f 2272/2068/1812 2275/2071/1811 2271/2067/1810 
f 2275/2071/1811 2274/2070/1797 2276/2072/1798 
f 2271/2067/1810 2275/2071/1811 2276/2072/1798 
f 2271/2067/1810 2276/2072/1798 2270/2066/1799 
f 2270/2066/1799 2276/2072/1798 2277/2073/1794 
f 2270/2066/1799 2277/2073/1794 2269/2065/1800 
f 2276/2072/1798 2278/2074/1795 2277/2073/1794 
f 2278/2074/1795 2276/2072/1798 2274/2070/1797 
f 2278/2074/1795 2274/2070/1797 2279/2075/1796 
f 2279/2075/1796 2274/2070/1797 2273/2069/1914 
f 2279/2075/1796 2273/2069/1914 2280/2076/1787 
f 2279/2075/1796 2280/2076/1787 2278/2074/1795 
f 2278/2074/1795 2280/2076/1787 2281/2077/1788 
f 2278/2074/1795 2281/2077/1788 2277/2073/1794 
f 2277/2073/1794 2281/2077/1788 2282/2078/1792 
f 2277/2073/1794 2282/2078/1792 2269/2065/1800 
f 2269/2065/1800 2282/2078/1792 1745/1636/1793 
f 2269/2065/1800 1745/1636/1793 1732/1627/1801 
f 1745/1636/1793 2282/2078/1792 1746/1637/1791 
f 2282/2078/1792 2283/2079/1789 1746/1637/1791 
f 2283/2079/1789 2282/2078/1792 2281/2077/1788 
f 2283/2079/1789 2281/2077/1788 2284/2080/1786 
f 2284/2080/1786 2281/2077/1788 2280/2076/1787 
f 2284/2080/1786 2280/2076/1787 2285/2081/1785 
f 2285/2081/1785 2280/2076/1787 2273/2069/1914 
f 2284/2080/1786 2285/2081/1785 2286/2082/1780 
f 2284/2080/1786 2286/2082/1780 2287/2083/1779 
f 2284/2080/1786 2287/2083/1779 2283/2079/1789 
f 2283/2079/1789 2287/2083/1779 1759/1646/1790 
f 2283/2079/1789 1759/1646/1790 1746/1637/1791 
f 1759/1646/1790 2287/2083/1779 1760/1647/1778 
f 2287/2083/1779 2288/2084/1776 1760/1647/1778 
f 2288/2084/1776 2287/2083/1779 2286/2082/1780 
f 1760/1647/1778 2288/2084/1776 1773/1656/1777 
f 2286/2082/1780 2289/2085/1775 2288/2084/1776 
f 1773/1656/1777 2288/2084/1776 2290/2086/1767 
f 2289/2085/1775 2290/2086/1767 2288/2084/1776 
f 1773/1656/1777 2290/2086/1767 1774/1657/1766 
f 2290/2086/1767 2291/2087/1765 1774/1657/1766 
f 2291/2087/1765 2290/2086/1767 2292/2088/1768 
f 2292/2088/1768 2290/2086/1767 2289/2085/1775 
f 2292/2088/1768 2289/2085/1775 2293/2089/1774 
f 2293/2089/1774 2289/2085/1775 2294/2090/1781 
f 2289/2085/1775 2286/2082/1780 2294/2090/1781 
f 2294/2090/1781 2286/2082/1780 2285/2081/1785 
f 2294/2090/1781 2285/2081/1785 2295/2091/1784 
f 2295/2091/1784 2285/2081/1785 2273/2069/1914 
f 2294/2090/1781 2295/2091/1784 2296/2092/1782 
f 2273/2069/1914 2296/2092/1782 2295/2091/1784 
f 2294/2090/1781 2296/2092/1782 2293/2089/1774 
f 2296/2092/1782 2297/2093/1773 2293/2089/1774 
f 2293/2089/1774 2297/2093/1773 2298/2094/1769 
f 2293/2089/1774 2298/2094/1769 2292/2088/1768 
f 2292/2088/1768 2298/2094/1769 2299/2095/1764 
f 2292/2088/1768 2299/2095/1764 2291/2087/1765 
f 2291/2087/1765 2299/2095/1764 2300/2096/1762 
f 2291/2087/1765 2300/2096/1762 1787/1666/1763 
f 2291/2087/1765 1787/1666/1763 1774/1657/1766 
f 1787/1666/1763 2300/2096/1762 1788/1667/1761 
f 2300/2096/1762 2301/2097/1760 1788/1667/1761 
f 2301/2097/1760 2300/2096/1762 2302/2098/1759 
f 2302/2098/1759 2300/2096/1762 2299/2095/1764 
f 2302/2098/1759 2299/2095/1764 2303/2099/1770 
f 2303/2099/1770 2299/2095/1764 2298/2094/1769 
f 2303/2099/1770 2298/2094/1769 2304/2100/1772 
f 2304/2100/1772 2298/2094/1769 2297/2093/1773 
f 2304/2100/1772 2297/2093/1773 2296/2092/1782 
f 2304/2100/1772 2296/2092/1782 2273/2069/1914 
f 2304/2100/1772 2273/2069/1914 2240/2036/1733 
f 2304/2100/1772 2240/2036/1733 2305/2101/1757 
f 2304/2100/1772 2305/2101/1757 2306/2102/1771 
f 2304/2100/1772 2306/2102/1771 2303/2099/1770 
f 2306/2102/1771 2305/2101/1757 2307/2103/1758 
f 2303/2099/1770 2306/2102/1771 2307/2103/1758 
f 2303/2099/1770 2307/2103/1758 2302/2098/1759 
f 2302/2098/1759 2307/2103/1758 2308/2104/1754 
f 2302/2098/1759 2308/2104/1754 2301/2097/1760 
f 2307/2103/1758 2309/2105/1915 2308/2104/1754 
f 2309/2105/1915 2307/2103/1758 2305/2101/1757 
f 2309/2105/1915 2305/2101/1757 2310/2106/1916 
f 2310/2106/1916 2305/2101/1757 2240/2036/1733 
f 2310/2106/1916 2240/2036/1733 2311/2107/1747 
f 2310/2106/1916 2311/2107/1747 2309/2105/1915 
f 2309/2105/1915 2311/2107/1747 2312/2108/1748 
f 2309/2105/1915 2312/2108/1748 2308/2104/1754 
f 2308/2104/1754 2312/2108/1748 2313/2109/1752 
f 2308/2104/1754 2313/2109/1752 2301/2097/1760 
f 2301/2097/1760 2313/2109/1752 1801/1676/1753 
f 2301/2097/1760 1801/1676/1753 1788/1667/1761 
f 1801/1676/1753 2313/2109/1752 1802/1677/1751 
f 2313/2109/1752 2314/2110/1749 1802/1677/1751 
f 2314/2110/1749 2313/2109/1752 2312/2108/1748 
f 2314/2110/1749 2312/2108/1748 2315/2111/1746 
f 2315/2111/1746 2312/2108/1748 2311/2107/1747 
f 2315/2111/1746 2311/2107/1747 2316/2112/1740 
f 2316/2112/1740 2311/2107/1747 2240/2036/1733 
f 2316/2112/1740 2240/2036/1733 2317/2113/1739 
f 2317/2113/1739 2240/2036/1733 2239/2035/1734 
f 2317/2113/1739 2239/2035/1734 2318/2114/1738 
f 2317/2113/1739 2318/2114/1738 2316/2112/1740 
f 2316/2112/1740 2318/2114/1738 2319/2115/1741 
f 2316/2112/1740 2319/2115/1741 2315/2111/1746 
f 2315/2111/1746 2319/2115/1741 2320/2116/1745 
f 2315/2111/1746 2320/2116/1745 2314/2110/1749 
f 2314/2110/1749 2320/2116/1745 1815/1686/1750 
f 2314/2110/1749 1815/1686/1750 1802/1677/1751 
f 1815/1686/1750 2320/2116/1745 1816/1687/1744 
f 2320/2116/1745 2321/2117/1742 1816/1687/1744 
f 2321/2117/1742 2320/2116/1745 2319/2115/1741 
f 2321/2117/1742 2319/2115/1741 2236/2032/1737 
f 2236/2032/1737 2319/2115/1741 2318/2114/1738 
f 2236/2032/1737 2318/2114/1738 2237/2033/1736 
f 2237/2033/1736 2318/2114/1738 2239/2035/1734 
f 2236/2032/1737 2235/2031/1729 2321/2117/1742 
f 2321/2117/1742 2235/2031/1729 1829/1696/1743 
f 2321/2117/1742 1829/1696/1743 1816/1687/1744 
f 2322/2118/1917 2323/2119/1429 2324/2120/1918 
f 2322/2118/1917 2324/2120/1918 2325/2121/1919 
f 2322/2118/1917 2325/2121/1919 2326/2122/1920 
f 2325/2121/1919 2327/2123/1921 2326/2122/1920 
f 2326/2122/1920 2327/2123/1921 2328/2124/1922 
f 2327/2123/1921 2325/2121/1919 2329/2125/1923 
f 2325/2121/1919 2330/2126/1924 2329/2125/1923 
f 2330/2126/1924 2325/2121/1919 2324/2120/1918 
f 2330/2126/1924 2324/2120/1918 2331/2127/1925 
f 2331/2127/1925 2324/2120/1918 2332/2128/1926 
f 2332/2128/1926 2324/2120/1918 2323/2119/1429 
f 2332/2128/1926 2323/2119/1429 2333/2129/1927 
f 2332/2128/1926 2333/2129/1927 2334/2130/1928 
f 2332/2128/1926 2334/2130/1928 2335/2131/1929 
f 2332/2128/1926 2335/2131/1929 2331/2127/1925 
f 2331/2127/1925 2335/2131/1929 2336/2132/1930 
f 2331/2127/1925 2336/2132/1930 2337/2133/1931 
f 2331/2127/1925 2337/2133/1931 2330/2126/1924 
f 2337/2133/1931 2338/2134/1932 2330/2126/1924 
f 2330/2126/1924 2338/2134/1932 2329/2125/1923 
f 2338/2134/1932 2339/2135/1933 2329/2125/1923 
f 2329/2125/1923 2339/2135/1933 2340/2136/1934 
f 2329/2125/1923 2340/2136/1934 2327/2123/1921 
f 2340/2136/1934 2341/2137/1935 2327/2123/1921 
f 2327/2123/1921 2341/2137/1935 2328/2124/1922 
f 2328/2124/1922 2341/2137/1935 2342/2138/1936 
f 2341/2137/1935 2343/2139/1937 2342/2138/1936 
f 2343/2139/1937 2341/2137/1935 2344/2140/1938 
f 2341/2137/1935 2340/2136/1934 2344/2140/1938 
f 2344/2140/1938 2340/2136/1934 2345/2141/1939 
f 2345/2141/1939 2340/2136/1934 2339/2135/1933 
f 2345/2141/1939 2339/2135/1933 2346/2142/1940 
f 2346/2142/1940 2339/2135/1933 2347/2143/1941 
f 2339/2135/1933 2338/2134/1932 2347/2143/1941 
f 2347/2143/1941 2338/2134/1932 2348/2144/1942 
f 2338/2134/1932 2337/2133/1931 2348/2144/1942 
f 2348/2144/1942 2337/2133/1931 2349/2145/1943 
f 2337/2133/1931 2336/2132/1930 2349/2145/1943 
f 2349/2145/1943 2336/2132/1930 2350/2146/1944 
f 2336/2132/1930 2351/2147/1945 2350/2146/1944 
f 2351/2147/1945 2336/2132/1930 2335/2131/1929 
f 2351/2147/1945 2335/2131/1929 2352/2148/1946 
f 2352/2148/1946 2335/2131/1929 2334/2130/1928 
f 2352/2148/1946 2334/2130/1928 2353/2149/1947 
f 2353/2149/1947 2334/2130/1928 2354/2150/1948 
f 2354/2150/1948 2334/2130/1928 2333/2129/1927 
f 2353/2149/1947 2354/2150/1948 2355/2151/1949 
f 2353/2149/1947 2355/2151/1949 2356/2152/1950 
f 2353/2149/1947 2356/2152/1950 2357/2153/1951 
f 2353/2149/1947 2357/2153/1951 2352/2148/1946 
f 2352/2148/1946 2357/2153/1951 2358/2154/1952 
f 2352/2148/1946 2358/2154/1952 2351/2147/1945 
f 2351/2147/1945 2358/2154/1952 2359/2155/1953 
f 2351/2147/1945 2359/2155/1953 2350/2146/1944 
f 2350/2146/1944 2359/2155/1953 2360/2156/1954 
f 2350/2146/1944 2360/2156/1954 2361/2157/1955 
f 2350/2146/1944 2361/2157/1955 2349/2145/1943 
f 2361/2157/1955 2362/2158/1956 2349/2145/1943 
f 2349/2145/1943 2362/2158/1956 2348/2144/1942 
f 2362/2158/1956 2363/2159/1957 2348/2144/1942 
f 2348/2144/1942 2363/2159/1957 2347/2143/1941 
f 2363/2159/1957 2364/2160/1958 2347/2143/1941 
f 2347/2143/1941 2364/2160/1958 2346/2142/1940 
f 2364/2160/1958 2365/2161/1959 2346/2142/1940 
f 2346/2142/1940 2365/2161/1959 2366/2162/1960 
f 2346/2142/1940 2366/2162/1960 2345/2141/1939 
f 2345/2141/1939 2366/2162/1960 2367/2163/1961 
f 2345/2141/1939 2367/2163/1961 2344/2140/1938 
f 2366/2162/1960 2368/2164/1962 2367/2163/1961 
f 2368/2164/1962 2366/2162/1960 2369/2165/1963 
f 2369/2165/1963 2366/2162/1960 2365/2161/1959 
f 2369/2165/1963 2365/2161/1959 2370/2166/1964 
f 2365/2161/1959 2371/2167/1965 2370/2166/1964 
f 2371/2167/1965 2365/2161/1959 2364/2160/1958 
f 2371/2167/1965 2364/2160/1958 2372/2168/1966 
f 2372/2168/1966 2364/2160/1958 2363/2159/1957 
f 2372/2168/1966 2363/2159/1957 2373/2169/1967 
f 2373/2169/1967 2363/2159/1957 2362/2158/1956 
f 2373/2169/1967 2362/2158/1956 2374/2170/1968 
f 2374/2170/1968 2362/2158/1956 2361/2157/1955 
f 2374/2170/1968 2361/2157/1955 2375/2171/1969 
f 2375/2171/1969 2361/2157/1955 2360/2156/1954 
f 2375/2171/1969 2360/2156/1954 2376/2172/1970 
f 2376/2172/1970 2360/2156/1954 2377/2173/1971 
f 2377/2173/1971 2360/2156/1954 2359/2155/1953 
f 2377/2173/1971 2359/2155/1953 2378/2174/1972 
f 2378/2174/1972 2359/2155/1953 2358/2154/1952 
f 2377/2173/1971 2378/2174/1972 2379/2175/1973 
f 2377/2173/1971 2379/2175/1973 2380/2176/1974 
f 2377/2173/1971 2380/2176/1974 2376/2172/1970 
f 2376/2172/1970 2380/2176/1974 2381/2177/1975 
f 2376/2172/1970 2381/2177/1975 2382/2178/1976 
f 2376/2172/1970 2382/2178/1976 2375/2171/1969 
f 2382/2178/1976 2383/2179/1977 2375/2171/1969 
f 2375/2171/1969 2383/2179/1977 2374/2170/1968 
f 2383/2179/1977 2384/2180/1978 2374/2170/1968 
f 2374/2170/1968 2384/2180/1978 2373/2169/1967 
f 2384/2180/1978 2385/2181/1979 2373/2169/1967 
f 2373/2169/1967 2385/2181/1979 2372/2168/1966 
f 2385/2181/1979 2386/2182/1980 2372/2168/1966 
f 2372/2168/1966 2386/2182/1980 2371/2167/1965 
f 2386/2182/1980 2387/2183/1981 2371/2167/1965 
f 2371/2167/1965 2387/2183/1981 2370/2166/1964 
f 2387/2183/1981 2388/2184/1982 2370/2166/1964 
f 2370/2166/1964 2388/2184/1982 2389/2185/1983 
f 2370/2166/1964 2389/2185/1983 2369/2165/1963 
f 2389/2185/1983 2390/2186/1984 2369/2165/1963 
f 2369/2165/1963 2390/2186/1984 2368/2164/1962 
f 2390/2186/1984 2389/2185/1983 2391/2187/1985 
f 2391/2187/1985 2389/2185/1983 2392/2188/1986 
f 2392/2188/1986 2389/2185/1983 2388/2184/1982 
f 2392/2188/1986 2388/2184/1982 2393/2189/1987 
f 2393/2189/1987 2388/2184/1982 2394/2190/1988 
f 2388/2184/1982 2387/2183/1981 2394/2190/1988 
f 2394/2190/1988 2387/2183/1981 2395/2191/1989 
f 2387/2183/1981 2386/2182/1980 2395/2191/1989 
f 2395/2191/1989 2386/2182/1980 2396/2192/1990 
f 2386/2182/1980 2385/2181/1979 2396/2192/1990 
f 2396/2192/1990 2385/2181/1979 2397/2193/1991 
f 2385/2181/1979 2384/2180/1978 2397/2193/1991 
f 2397/2193/1991 2384/2180/1978 2398/2194/1992 
f 2384/2180/1978 2383/2179/1977 2398/2194/1992 
f 2398/2194/1992 2383/2179/1977 2399/2195/1993 
f 2383/2179/1977 2382/2178/1976 2399/2195/1993 
f 2399/2195/1993 2382/2178/1976 2400/2196/1994 
f 2382/2178/1976 2381/2177/1975 2400/2196/1994 
f 2400/2196/1994 2381/2177/1975 2401/2197/1995 
f 2381/2177/1975 2402/2198/1996 2401/2197/1995 
f 2402/2198/1996 2381/2177/1975 2380/2176/1974 
f 2402/2198/1996 2380/2176/1974 2403/2199/1997 
f 2403/2199/1997 2380/2176/1974 2379/2175/1973 
f 2402/2198/1996 2403/2199/1997 2404/2200/1998 
f 2402/2198/1996 2404/2200/1998 2405/2201/1999 
f 2402/2198/1996 2405/2201/1999 2401/2197/1995 
f 2401/2197/1995 2405/2201/1999 2406/2202/2000 
f 2401/2197/1995 2406/2202/2000 2407/2203/2001 
f 2401/2197/1995 2407/2203/2001 2400/2196/1994 
f 2407/2203/2001 2408/2204/2002 2400/2196/1994 
f 2400/2196/1994 2408/2204/2002 2399/2195/1993 
f 2408/2204/2002 2407/2203/2001 2406/2202/2000 
f 2399/2195/1993 2408/2204/2002 2409/2205/2003 
f 2399/2195/1993 2409/2205/2003 2398/2194/1992 
f 2409/2205/2003 2410/2206/2004 2398/2194/1992 
f 2398/2194/1992 2410/2206/2004 2397/2193/1991 
f 2410/2206/2004 2409/2205/2003 2408/2204/2002 
f 2397/2193/1991 2410/2206/2004 2411/2207/2005 
f 2397/2193/1991 2411/2207/2005 2396/2192/1990 
f 2411/2207/2005 2412/2208/2006 2396/2192/1990 
f 2396/2192/1990 2412/2208/2006 2395/2191/1989 
f 2411/2207/2005 2410/2206/2004 2412/2208/2006 
f 2410/2206/2004 2408/2204/2002 2412/2208/2006 
f 2408/2204/2002 2413/2209/2007 2412/2208/2006 
f 2413/2209/2007 2408/2204/2002 2414/2210/2008 
f 2408/2204/2002 2406/2202/2000 2414/2210/2008 
f 2406/2202/2000 2415/2211/2009 2414/2210/2008 
f 2415/2211/2009 2406/2202/2000 2405/2201/1999 
f 2415/2211/2009 2405/2201/1999 2416/2212/2010 
f 2416/2212/2010 2405/2201/1999 2404/2200/1998 
f 2415/2211/2009 2416/2212/2010 2414/2210/2008 
f 2404/2200/1998 2417/2213/2011 2416/2212/2010 
f 2417/2213/2011 2404/2200/1998 2418/2214/2012 
f 2418/2214/2012 2404/2200/1998 2403/2199/1997 
f 2418/2214/2012 2403/2199/1997 2419/2215/2013 
f 2403/2199/1997 2379/2175/1973 2419/2215/2013 
f 2419/2215/2013 2379/2175/1973 2420/2216/2014 
f 2420/2216/2014 2379/2175/1973 2378/2174/1972 
f 2419/2215/2013 2420/2216/2014 2421/2217/2015 
f 2419/2215/2013 2421/2217/2015 2422/2218/2016 
f 2419/2215/2013 2422/2218/2016 2418/2214/2012 
f 2422/2218/2016 2423/2219/2017 2418/2214/2012 
f 2418/2214/2012 2423/2219/2017 2417/2213/2011 
f 2417/2213/2011 2423/2219/2017 2424/2220/2018 
f 2417/2213/2011 2424/2220/2018 2425/2221/2019 
f 2417/2213/2011 2425/2221/2019 2416/2212/2010 
f 2416/2212/2010 2425/2221/2019 2414/2210/2008 
f 2414/2210/2008 2425/2221/2019 2426/2222/2020 
f 2425/2221/2019 2427/2223/2021 2426/2222/2020 
f 2427/2223/2021 2425/2221/2019 2424/2220/2018 
f 2426/2222/2020 2427/2223/2021 2428/2224/2022 
f 2426/2222/2020 2428/2224/2022 2414/2210/2008 
f 2414/2210/2008 2428/2224/2022 2429/2225/2023 
f 2414/2210/2008 2429/2225/2023 2413/2209/2007 
f 2428/2224/2022 2430/2226/2024 2429/2225/2023 
f 2430/2226/2024 2428/2224/2022 2431/2227/2025 
f 2431/2227/2025 2428/2224/2022 2427/2223/2021 
f 2431/2227/2025 2427/2223/2021 2432/2228/2026 
f 2432/2228/2026 2427/2223/2021 2424/2220/2018 
f 2432/2228/2026 2424/2220/2018 2433/2229/2027 
f 2433/2229/2027 2424/2220/2018 2423/2219/2017 
f 2433/2229/2027 2423/2219/2017 2434/2230/2028 
f 2423/2219/2017 2422/2218/2016 2434/2230/2028 
f 2434/2230/2028 2422/2218/2016 2435/2231/2029 
f 2435/2231/2029 2422/2218/2016 2421/2217/2015 
f 2435/2231/2029 2421/2217/2015 2436/2232/2030 
f 2436/2232/2030 2421/2217/2015 2437/2233/2031 
f 2421/2217/2015 2420/2216/2014 2437/2233/2031 
f 2437/2233/2031 2420/2216/2014 2438/2234/2032 
f 2420/2216/2014 2378/2174/1972 2438/2234/2032 
f 2438/2234/2032 2378/2174/1972 2358/2154/1952 
f 2438/2234/2032 2358/2154/1952 2357/2153/1951 
f 2438/2234/2032 2357/2153/1951 2439/2235/2033 
f 2438/2234/2032 2439/2235/2033 2437/2233/2031 
f 2439/2235/2033 2440/2236/2034 2437/2233/2031 
f 2437/2233/2031 2440/2236/2034 2436/2232/2030 
f 2440/2236/2034 2441/2237/2035 2436/2232/2030 
f 2436/2232/2030 2441/2237/2035 2442/2238/2036 
f 2436/2232/2030 2442/2238/2036 2435/2231/2029 
f 2435/2231/2029 2442/2238/2036 2443/2239/2037 
f 2435/2231/2029 2443/2239/2037 2434/2230/2028 
f 2434/2230/2028 2443/2239/2037 2444/2240/2038 
f 2434/2230/2028 2444/2240/2038 2433/2229/2027 
f 2444/2240/2038 2445/2241/2039 2433/2229/2027 
f 2433/2229/2027 2445/2241/2039 2432/2228/2026 
f 2432/2228/2026 2445/2241/2039 2446/2242/2040 
f 2432/2228/2026 2446/2242/2040 2431/2227/2025 
f 2431/2227/2025 2446/2242/2040 2447/2243/2041 
f 2431/2227/2025 2447/2243/2041 2430/2226/2024 
f 2430/2226/2024 2447/2243/2041 2429/2225/2023 
f 2447/2243/2041 2448/2244/2042 2429/2225/2023 
f 2448/2244/2042 2447/2243/2041 2449/2245/2043 
f 2449/2245/2043 2447/2243/2041 2446/2242/2040 
f 2449/2245/2043 2446/2242/2040 2450/2246/2044 
f 2450/2246/2044 2446/2242/2040 2445/2241/2039 
f 2450/2246/2044 2445/2241/2039 2451/2247/2045 
f 2445/2241/2039 2444/2240/2038 2451/2247/2045 
f 2451/2247/2045 2444/2240/2038 2452/2248/2046 
f 2452/2248/2046 2444/2240/2038 2443/2239/2037 
f 2452/2248/2046 2443/2239/2037 2453/2249/2047 
f 2453/2249/2047 2443/2239/2037 2442/2238/2036 
f 2453/2249/2047 2442/2238/2036 2454/2250/2048 
f 2454/2250/2048 2442/2238/2036 2441/2237/2035 
f 2454/2250/2048 2441/2237/2035 2455/2251/2049 
f 2441/2237/2035 2456/2252/2050 2455/2251/2049 
f 2456/2252/2050 2441/2237/2035 2440/2236/2034 
f 2456/2252/2050 2440/2236/2034 2457/2253/2051 
f 2457/2253/2051 2440/2236/2034 2439/2235/2033 
f 2457/2253/2051 2439/2235/2033 2356/2152/1950 
f 2356/2152/1950 2439/2235/2033 2357/2153/1951 
f 2457/2253/2051 2356/2152/1950 2458/2254/2052 
f 2457/2253/2051 2458/2254/2052 2459/2255/2053 
f 2457/2253/2051 2459/2255/2053 2456/2252/2050 
f 2459/2255/2053 2460/2256/2054 2456/2252/2050 
f 2456/2252/2050 2460/2256/2054 2455/2251/2049 
f 2460/2256/2054 2461/2257/2055 2455/2251/2049 
f 2455/2251/2049 2461/2257/2055 2462/2258/2056 
f 2455/2251/2049 2462/2258/2056 2454/2250/2048 
f 2462/2258/2056 2463/2259/2057 2454/2250/2048 
f 2454/2250/2048 2463/2259/2057 2453/2249/2047 
f 2453/2249/2047 2463/2259/2057 2464/2260/2058 
f 2453/2249/2047 2464/2260/2058 2452/2248/2046 
f 2452/2248/2046 2464/2260/2058 2465/2261/2059 
f 2452/2248/2046 2465/2261/2059 2451/2247/2045 
f 2451/2247/2045 2465/2261/2059 2466/2262/2060 
f 2451/2247/2045 2466/2262/2060 2450/2246/2044 
f 2466/2262/2060 2467/2263/2061 2450/2246/2044 
f 2450/2246/2044 2467/2263/2061 2449/2245/2043 
f 2449/2245/2043 2467/2263/2061 2468/2264/2062 
f 2449/2245/2043 2468/2264/2062 2448/2244/2042 
f 2467/2263/2061 2469/2265/2063 2468/2264/2062 
f 2469/2265/2063 2467/2263/2061 2470/2266/2064 
f 2467/2263/2061 2466/2262/2060 2470/2266/2064 
f 2470/2266/2064 2466/2262/2060 2471/2267/2065 
f 2471/2267/2065 2466/2262/2060 2465/2261/2059 
f 2471/2267/2065 2465/2261/2059 2472/2268/2066 
f 2472/2268/2066 2465/2261/2059 2464/2260/2058 
f 2472/2268/2066 2464/2260/2058 2473/2269/2067 
f 2473/2269/2067 2464/2260/2058 2463/2259/2057 
f 2473/2269/2067 2463/2259/2057 2474/2270/2068 
f 2463/2259/2057 2462/2258/2056 2474/2270/2068 
f 2474/2270/2068 2462/2258/2056 2475/2271/2069 
f 2475/2271/2069 2462/2258/2056 2461/2257/2055 
f 2474/2270/2068 2475/2271/2069 2476/2272/2070 
f 2474/2270/2068 2476/2272/2070 2477/2273/2071 
f 2474/2270/2068 2477/2273/2071 2473/2269/2067 
f 2477/2273/2071 2478/2274/2072 2473/2269/2067 
f 2473/2269/2067 2478/2274/2072 2472/2268/2066 
f 2472/2268/2066 2478/2274/2072 2479/2275/2073 
f 2472/2268/2066 2479/2275/2073 2471/2267/2065 
f 2471/2267/2065 2479/2275/2073 2480/2276/2074 
f 2471/2267/2065 2480/2276/2074 2470/2266/2064 
f 2470/2266/2064 2480/2276/2074 2481/2277/2075 
f 2470/2266/2064 2481/2277/2075 2469/2265/2063 
f 2481/2277/2075 2391/2187/1985 2469/2265/2063 
f 2469/2265/2063 2391/2187/1985 2482/2278/2076 
f 2469/2265/2063 2482/2278/2076 2468/2264/2062 
f 2468/2264/2062 2482/2278/2076 2483/2279/2077 
f 2468/2264/2062 2483/2279/2077 2448/2244/2042 
f 2483/2279/2077 2482/2278/2076 2484/2280/2078 
f 2482/2278/2076 2392/2188/1986 2484/2280/2078 
f 2392/2188/1986 2482/2278/2076 2391/2187/1985 
f 2484/2280/2078 2392/2188/1986 2393/2189/1987 
f 2391/2187/1985 2481/2277/2075 2390/2186/1984 
f 2390/2186/1984 2481/2277/2075 2485/2281/2079 
f 2485/2281/2079 2481/2277/2075 2480/2276/2074 
f 2485/2281/2079 2480/2276/2074 2486/2282/2080 
f 2486/2282/2080 2480/2276/2074 2479/2275/2073 
f 2486/2282/2080 2479/2275/2073 2487/2283/2081 
f 2487/2283/2081 2479/2275/2073 2478/2274/2072 
f 2487/2283/2081 2478/2274/2072 2488/2284/2082 
f 2478/2274/2072 2477/2273/2071 2488/2284/2082 
f 2488/2284/2082 2477/2273/2071 2489/2285/2083 
f 2489/2285/2083 2477/2273/2071 2476/2272/2070 
f 2488/2284/2082 2489/2285/2083 2490/2286/2084 
f 2488/2284/2082 2490/2286/2084 2491/2287/2085 
f 2488/2284/2082 2491/2287/2085 2487/2283/2081 
f 2491/2287/2085 2492/2288/2086 2487/2283/2081 
f 2487/2283/2081 2492/2288/2086 2486/2282/2080 
f 2486/2282/2080 2492/2288/2086 2493/2289/2087 
f 2486/2282/2080 2493/2289/2087 2485/2281/2079 
f 2485/2281/2079 2493/2289/2087 2368/2164/1962 
f 2485/2281/2079 2368/2164/1962 2390/2186/1984 
f 2493/2289/2087 2367/2163/1961 2368/2164/1962 
f 2367/2163/1961 2493/2289/2087 2494/2290/2088 
f 2494/2290/2088 2493/2289/2087 2492/2288/2086 
f 2494/2290/2088 2492/2288/2086 2495/2291/2089 
f 2492/2288/2086 2491/2287/2085 2495/2291/2089 
f 2495/2291/2089 2491/2287/2085 2496/2292/2090 
f 2496/2292/2090 2491/2287/2085 2490/2286/2084 
f 2495/2291/2089 2496/2292/2090 2497/2293/2091 
f 2495/2291/2089 2497/2293/2091 2343/2139/1937 
f 2495/2291/2089 2343/2139/1937 2494/2290/2088 
f 2343/2139/1937 2344/2140/1938 2494/2290/2088 
f 2494/2290/2088 2344/2140/1938 2367/2163/1961 
f 2343/2139/1937 2497/2293/2091 2342/2138/1936 
f 2484/2280/2078 2393/2189/1987 2498/2294/2092 
f 2498/2294/2092 2393/2189/1987 2413/2209/2007 
f 2393/2189/1987 2394/2190/1988 2413/2209/2007 
f 2498/2294/2092 2413/2209/2007 2499/2295/2093 
f 2498/2294/2092 2499/2295/2093 2484/2280/2078 
f 2484/2280/2078 2499/2295/2093 2483/2279/2077 
f 2499/2295/2093 2500/2296/2094 2483/2279/2077 
f 2500/2296/2094 2499/2295/2093 2429/2225/2023 
f 2429/2225/2023 2499/2295/2093 2413/2209/2007 
f 2500/2296/2094 2429/2225/2023 2448/2244/2042 
f 2500/2296/2094 2448/2244/2042 2483/2279/2077 
f 2501/2297/2095 2413/2209/2007 2394/2190/1988 
f 2413/2209/2007 2501/2297/2095 2412/2208/2006 
f 2394/2190/1988 2395/2191/1989 2501/2297/2095 
f 2412/2208/2006 2501/2297/2095 2395/2191/1989 
f 2355/2151/1949 2458/2254/2052 2356/2152/1950 
f 2502/2122/2096 2503/2118/2097 2504/2121/2098 
f 2504/2121/2098 2503/2118/2097 2505/2120/2099 
f 2503/2118/2097 2506/2119/2100 2505/2120/2099 
f 2505/2120/2099 2506/2119/2100 2507/2128/2101 
f 2506/2119/2100 2508/2129/2102 2507/2128/2101 
f 2505/2120/2099 2507/2128/2101 2509/2127/2103 
f 2505/2120/2099 2509/2127/2103 2510/2126/2104 
f 2505/2120/2099 2510/2126/2104 2504/2121/2098 
f 2504/2121/2098 2510/2126/2104 2511/2125/2105 
f 2504/2121/2098 2511/2125/2105 2512/2123/2106 
f 2504/2121/2098 2512/2123/2106 2502/2122/2096 
f 2502/2122/2096 2512/2123/2106 2513/2124/2107 
f 2512/2123/2106 2514/2137/2108 2513/2124/2107 
f 2514/2137/2108 2512/2123/2106 2515/2136/2109 
f 2512/2123/2106 2511/2125/2105 2515/2136/2109 
f 2515/2136/2109 2511/2125/2105 2516/2135/2110 
f 2516/2135/2110 2511/2125/2105 2517/2134/2111 
f 2511/2125/2105 2510/2126/2104 2517/2134/2111 
f 2517/2134/2111 2510/2126/2104 2518/2133/2112 
f 2510/2126/2104 2509/2127/2103 2518/2133/2112 
f 2518/2133/2112 2509/2127/2103 2519/2132/2113 
f 2509/2127/2103 2520/2131/2114 2519/2132/2113 
f 2520/2131/2114 2509/2127/2103 2507/2128/2101 
f 2520/2131/2114 2507/2128/2101 2521/2130/2115 
f 2521/2130/2115 2507/2128/2101 2508/2129/2102 
f 2521/2130/2115 2508/2129/2102 2522/2150/2116 
f 2521/2130/2115 2522/2150/2116 2523/2149/2117 
f 2521/2130/2115 2523/2149/2117 2524/2148/2118 
f 2521/2130/2115 2524/2148/2118 2520/2131/2114 
f 2520/2131/2114 2524/2148/2118 2525/2147/2119 
f 2520/2131/2114 2525/2147/2119 2519/2132/2113 
f 2519/2132/2113 2525/2147/2119 2526/2146/2120 
f 2519/2132/2113 2526/2146/2120 2527/2145/2121 
f 2519/2132/2113 2527/2145/2121 2518/2133/2112 
f 2527/2145/2121 2528/2144/2122 2518/2133/2112 
f 2518/2133/2112 2528/2144/2122 2517/2134/2111 
f 2528/2144/2122 2529/2143/2123 2517/2134/2111 
f 2517/2134/2111 2529/2143/2123 2516/2135/2110 
f 2529/2143/2123 2530/2142/2124 2516/2135/2110 
f 2516/2135/2110 2530/2142/2124 2531/2141/2125 
f 2516/2135/2110 2531/2141/2125 2515/2136/2109 
f 2515/2136/2109 2531/2141/2125 2532/2140/2126 
f 2515/2136/2109 2532/2140/2126 2514/2137/2108 
f 2532/2140/2126 2533/2139/2127 2514/2137/2108 
f 2514/2137/2108 2533/2139/2127 2534/2138/2128 
f 2514/2137/2108 2534/2138/2128 2513/2124/2107 
f 2534/2138/2128 2533/2139/2127 2535/2293/2129 
f 2533/2139/2127 2536/2291/2130 2535/2293/2129 
f 2536/2291/2130 2533/2139/2127 2537/2290/2131 
f 2533/2139/2127 2532/2140/2126 2537/2290/2131 
f 2537/2290/2131 2532/2140/2126 2538/2163/2132 
f 2538/2163/2132 2532/2140/2126 2531/2141/2125 
f 2538/2163/2132 2531/2141/2125 2539/2162/2133 
f 2539/2162/2133 2531/2141/2125 2530/2142/2124 
f 2539/2162/2133 2530/2142/2124 2540/2161/2134 
f 2540/2161/2134 2530/2142/2124 2541/2160/2135 
f 2530/2142/2124 2529/2143/2123 2541/2160/2135 
f 2541/2160/2135 2529/2143/2123 2542/2159/2136 
f 2529/2143/2123 2528/2144/2122 2542/2159/2136 
f 2542/2159/2136 2528/2144/2122 2543/2158/2137 
f 2528/2144/2122 2527/2145/2121 2543/2158/2137 
f 2543/2158/2137 2527/2145/2121 2544/2157/2138 
f 2527/2145/2121 2526/2146/2120 2544/2157/2138 
f 2544/2157/2138 2526/2146/2120 2545/2156/2139 
f 2526/2146/2120 2546/2155/2140 2545/2156/2139 
f 2546/2155/2140 2526/2146/2120 2525/2147/2119 
f 2546/2155/2140 2525/2147/2119 2547/2154/2141 
f 2547/2154/2141 2525/2147/2119 2524/2148/2118 
f 2546/2155/2140 2547/2154/2141 2548/2174/2142 
f 2546/2155/2140 2548/2174/2142 2549/2173/2143 
f 2546/2155/2140 2549/2173/2143 2545/2156/2139 
f 2545/2156/2139 2549/2173/2143 2550/2172/2144 
f 2545/2156/2139 2550/2172/2144 2551/2171/2145 
f 2545/2156/2139 2551/2171/2145 2544/2157/2138 
f 2544/2157/2138 2551/2171/2145 2552/2170/2146 
f 2544/2157/2138 2552/2170/2146 2543/2158/2137 
f 2543/2158/2137 2552/2170/2146 2553/2169/2147 
f 2543/2158/2137 2553/2169/2147 2542/2159/2136 
f 2542/2159/2136 2553/2169/2147 2554/2168/2148 
f 2542/2159/2136 2554/2168/2148 2541/2160/2135 
f 2541/2160/2135 2554/2168/2148 2555/2167/2149 
f 2541/2160/2135 2555/2167/2149 2540/2161/2134 
f 2540/2161/2134 2555/2167/2149 2556/2166/2150 
f 2540/2161/2134 2556/2166/2150 2557/2165/2151 
f 2540/2161/2134 2557/2165/2151 2539/2162/2133 
f 2539/2162/2133 2557/2165/2151 2558/2164/2152 
f 2539/2162/2133 2558/2164/2152 2538/2163/2132 
f 2557/2165/2151 2559/2186/2153 2558/2164/2152 
f 2559/2186/2153 2557/2165/2151 2560/2185/2154 
f 2557/2165/2151 2556/2166/2150 2560/2185/2154 
f 2560/2185/2154 2556/2166/2150 2561/2184/2155 
f 2561/2184/2155 2556/2166/2150 2562/2183/2156 
f 2556/2166/2150 2555/2167/2149 2562/2183/2156 
f 2562/2183/2156 2555/2167/2149 2563/2182/2157 
f 2555/2167/2149 2554/2168/2148 2563/2182/2157 
f 2563/2182/2157 2554/2168/2148 2564/2181/2158 
f 2554/2168/2148 2553/2169/2147 2564/2181/2158 
f 2564/2181/2158 2553/2169/2147 2565/2180/2159 
f 2553/2169/2147 2552/2170/2146 2565/2180/2159 
f 2565/2180/2159 2552/2170/2146 2566/2179/2160 
f 2552/2170/2146 2551/2171/2145 2566/2179/2160 
f 2566/2179/2160 2551/2171/2145 2567/2178/2161 
f 2551/2171/2145 2550/2172/2144 2567/2178/2161 
f 2567/2178/2161 2550/2172/2144 2568/2177/2162 
f 2550/2172/2144 2569/2176/2163 2568/2177/2162 
f 2569/2176/2163 2550/2172/2144 2549/2173/2143 
f 2569/2176/2163 2549/2173/2143 2570/2175/2164 
f 2570/2175/2164 2549/2173/2143 2548/2174/2142 
f 2569/2176/2163 2570/2175/2164 2571/2199/2165 
f 2569/2176/2163 2571/2199/2165 2572/2198/2166 
f 2569/2176/2163 2572/2198/2166 2568/2177/2162 
f 2568/2177/2162 2572/2198/2166 2573/2197/2167 
f 2568/2177/2162 2573/2197/2167 2574/2196/2168 
f 2568/2177/2162 2574/2196/2168 2567/2178/2161 
f 2574/2196/2168 2575/2195/2169 2567/2178/2161 
f 2567/2178/2161 2575/2195/2169 2566/2179/2160 
f 2575/2195/2169 2576/2194/2170 2566/2179/2160 
f 2566/2179/2160 2576/2194/2170 2565/2180/2159 
f 2576/2194/2170 2577/2193/2171 2565/2180/2159 
f 2565/2180/2159 2577/2193/2171 2564/2181/2158 
f 2577/2193/2171 2578/2192/2172 2564/2181/2158 
f 2564/2181/2158 2578/2192/2172 2563/2182/2157 
f 2578/2192/2172 2579/2191/2173 2563/2182/2157 
f 2563/2182/2157 2579/2191/2173 2562/2183/2156 
f 2579/2191/2173 2580/2190/2174 2562/2183/2156 
f 2562/2183/2156 2580/2190/2174 2561/2184/2155 
f 2580/2190/2174 2581/2189/2175 2561/2184/2155 
f 2561/2184/2155 2581/2189/2175 2582/2188/2176 
f 2561/2184/2155 2582/2188/2176 2560/2185/2154 
f 2560/2185/2154 2582/2188/2176 2583/2187/2177 
f 2560/2185/2154 2583/2187/2177 2559/2186/2153 
f 2582/2188/2176 2584/2278/2178 2583/2187/2177 
f 2584/2278/2178 2582/2188/2176 2585/2280/2179 
f 2585/2280/2179 2582/2188/2176 2581/2189/2175 
f 2585/2280/2179 2581/2189/2175 2586/2294/2180 
f 2586/2294/2180 2581/2189/2175 2587/2209/2181 
f 2581/2189/2175 2580/2190/2174 2587/2209/2181 
f 2587/2209/2181 2580/2190/2174 2588/2297/2182 
f 2580/2190/2174 2579/2191/2173 2588/2297/2182 
f 2588/2297/2182 2579/2191/2173 2589/2208/2183 
f 2579/2191/2173 2578/2192/2172 2589/2208/2183 
f 2588/2297/2182 2589/2208/2183 2587/2209/2181 
f 2589/2208/2183 2578/2192/2172 2590/2207/2184 
f 2578/2192/2172 2577/2193/2171 2590/2207/2184 
f 2590/2207/2184 2577/2193/2171 2591/2206/2185 
f 2577/2193/2171 2576/2194/2170 2591/2206/2185 
f 2590/2207/2184 2591/2206/2185 2589/2208/2183 
f 2591/2206/2185 2576/2194/2170 2592/2205/2186 
f 2576/2194/2170 2575/2195/2169 2592/2205/2186 
f 2592/2205/2186 2575/2195/2169 2593/2204/2187 
f 2575/2195/2169 2574/2196/2168 2593/2204/2187 
f 2592/2205/2186 2593/2204/2187 2591/2206/2185 
f 2591/2206/2185 2593/2204/2187 2589/2208/2183 
f 2593/2204/2187 2587/2209/2181 2589/2208/2183 
f 2587/2209/2181 2593/2204/2187 2594/2210/2188 
f 2587/2209/2181 2594/2210/2188 2595/2225/2189 
f 2587/2209/2181 2595/2225/2189 2596/2295/2190 
f 2587/2209/2181 2596/2295/2190 2586/2294/2180 
f 2586/2294/2180 2596/2295/2190 2585/2280/2179 
f 2585/2280/2179 2596/2295/2190 2597/2279/2191 
f 2585/2280/2179 2597/2279/2191 2584/2278/2178 
f 2596/2295/2190 2598/2296/2192 2597/2279/2191 
f 2598/2296/2192 2596/2295/2190 2595/2225/2189 
f 2598/2296/2192 2595/2225/2189 2599/2244/2193 
f 2598/2296/2192 2599/2244/2193 2597/2279/2191 
f 2597/2279/2191 2599/2244/2193 2600/2264/2194 
f 2597/2279/2191 2600/2264/2194 2584/2278/2178 
f 2584/2278/2178 2600/2264/2194 2601/2265/2195 
f 2584/2278/2178 2601/2265/2195 2583/2187/2177 
f 2583/2187/2177 2601/2265/2195 2602/2277/2196 
f 2583/2187/2177 2602/2277/2196 2559/2186/2153 
f 2559/2186/2153 2602/2277/2196 2603/2281/2197 
f 2559/2186/2153 2603/2281/2197 2558/2164/2152 
f 2603/2281/2197 2602/2277/2196 2604/2276/2198 
f 2602/2277/2196 2605/2266/2199 2604/2276/2198 
f 2605/2266/2199 2602/2277/2196 2601/2265/2195 
f 2605/2266/2199 2601/2265/2195 2606/2263/2200 
f 2606/2263/2200 2601/2265/2195 2600/2264/2194 
f 2606/2263/2200 2600/2264/2194 2607/2245/2201 
f 2607/2245/2201 2600/2264/2194 2599/2244/2193 
f 2607/2245/2201 2599/2244/2193 2608/2243/2202 
f 2608/2243/2202 2599/2244/2193 2595/2225/2189 
f 2608/2243/2202 2595/2225/2189 2609/2226/2203 
f 2609/2226/2203 2595/2225/2189 2610/2224/2204 
f 2610/2224/2204 2595/2225/2189 2594/2210/2188 
f 2609/2226/2203 2610/2224/2204 2611/2227/2205 
f 2609/2226/2203 2611/2227/2205 2608/2243/2202 
f 2608/2243/2202 2611/2227/2205 2612/2242/2206 
f 2608/2243/2202 2612/2242/2206 2607/2245/2201 
f 2607/2245/2201 2612/2242/2206 2613/2246/2207 
f 2607/2245/2201 2613/2246/2207 2606/2263/2200 
f 2606/2263/2200 2613/2246/2207 2614/2262/2208 
f 2606/2263/2200 2614/2262/2208 2605/2266/2199 
f 2605/2266/2199 2614/2262/2208 2615/2267/2209 
f 2605/2266/2199 2615/2267/2209 2604/2276/2198 
f 2604/2276/2198 2615/2267/2209 2616/2275/2210 
f 2604/2276/2198 2616/2275/2210 2617/2282/2211 
f 2604/2276/2198 2617/2282/2211 2603/2281/2197 
f 2617/2282/2211 2618/2289/2212 2603/2281/2197 
f 2603/2281/2197 2618/2289/2212 2558/2164/2152 
f 2618/2289/2212 2538/2163/2132 2558/2164/2152 
f 2538/2163/2132 2618/2289/2212 2537/2290/2131 
f 2537/2290/2131 2618/2289/2212 2619/2288/2213 
f 2618/2289/2212 2617/2282/2211 2619/2288/2213 
f 2619/2288/2213 2617/2282/2211 2620/2283/2214 
f 2617/2282/2211 2616/2275/2210 2620/2283/2214 
f 2620/2283/2214 2616/2275/2210 2621/2274/2215 
f 2616/2275/2210 2622/2268/2216 2621/2274/2215 
f 2622/2268/2216 2616/2275/2210 2615/2267/2209 
f 2622/2268/2216 2615/2267/2209 2623/2261/2217 
f 2623/2261/2217 2615/2267/2209 2614/2262/2208 
f 2623/2261/2217 2614/2262/2208 2624/2247/2218 
f 2624/2247/2218 2614/2262/2208 2613/2246/2207 
f 2624/2247/2218 2613/2246/2207 2625/2241/2219 
f 2625/2241/2219 2613/2246/2207 2612/2242/2206 
f 2625/2241/2219 2612/2242/2206 2626/2228/2220 
f 2626/2228/2220 2612/2242/2206 2611/2227/2205 
f 2626/2228/2220 2611/2227/2205 2627/2223/2221 
f 2627/2223/2221 2611/2227/2205 2610/2224/2204 
f 2627/2223/2221 2610/2224/2204 2628/2222/2222 
f 2628/2222/2222 2610/2224/2204 2594/2210/2188 
f 2628/2222/2222 2594/2210/2188 2629/2221/2223 
f 2628/2222/2222 2629/2221/2223 2627/2223/2221 
f 2627/2223/2221 2629/2221/2223 2630/2220/2224 
f 2627/2223/2221 2630/2220/2224 2626/2228/2220 
f 2626/2228/2220 2630/2220/2224 2631/2229/2225 
f 2626/2228/2220 2631/2229/2225 2625/2241/2219 
f 2625/2241/2219 2631/2229/2225 2632/2240/2226 
f 2625/2241/2219 2632/2240/2226 2624/2247/2218 
f 2624/2247/2218 2632/2240/2226 2633/2248/2227 
f 2624/2247/2218 2633/2248/2227 2623/2261/2217 
f 2623/2261/2217 2633/2248/2227 2634/2260/2228 
f 2623/2261/2217 2634/2260/2228 2622/2268/2216 
f 2622/2268/2216 2634/2260/2228 2635/2269/2229 
f 2622/2268/2216 2635/2269/2229 2621/2274/2215 
f 2621/2274/2215 2635/2269/2229 2636/2273/2230 
f 2621/2274/2215 2636/2273/2230 2637/2284/2231 
f 2621/2274/2215 2637/2284/2231 2620/2283/2214 
f 2620/2283/2214 2637/2284/2231 2638/2287/2232 
f 2620/2283/2214 2638/2287/2232 2619/2288/2213 
f 2619/2288/2213 2638/2287/2232 2536/2291/2130 
f 2619/2288/2213 2536/2291/2130 2537/2290/2131 
f 2536/2291/2130 2638/2287/2232 2639/2292/2233 
f 2639/2292/2233 2638/2287/2232 2640/2286/2234 
f 2638/2287/2232 2637/2284/2231 2640/2286/2234 
f 2640/2286/2234 2637/2284/2231 2641/2285/2235 
f 2637/2284/2231 2636/2273/2230 2641/2285/2235 
f 2641/2285/2235 2636/2273/2230 2642/2272/2236 
f 2636/2273/2230 2643/2270/2237 2642/2272/2236 
f 2643/2270/2237 2636/2273/2230 2635/2269/2229 
f 2643/2270/2237 2635/2269/2229 2644/2259/2238 
f 2644/2259/2238 2635/2269/2229 2634/2260/2228 
f 2644/2259/2238 2634/2260/2228 2645/2249/2239 
f 2645/2249/2239 2634/2260/2228 2633/2248/2227 
f 2645/2249/2239 2633/2248/2227 2646/2239/2240 
f 2646/2239/2240 2633/2248/2227 2632/2240/2226 
f 2646/2239/2240 2632/2240/2226 2647/2230/2241 
f 2647/2230/2241 2632/2240/2226 2631/2229/2225 
f 2647/2230/2241 2631/2229/2225 2648/2219/2242 
f 2648/2219/2242 2631/2229/2225 2630/2220/2224 
f 2648/2219/2242 2630/2220/2224 2649/2213/2243 
f 2649/2213/2243 2630/2220/2224 2629/2221/2223 
f 2648/2219/2242 2649/2213/2243 2650/2214/2244 
f 2648/2219/2242 2650/2214/2244 2651/2218/2245 
f 2648/2219/2242 2651/2218/2245 2647/2230/2241 
f 2647/2230/2241 2651/2218/2245 2652/2231/2246 
f 2647/2230/2241 2652/2231/2246 2646/2239/2240 
f 2646/2239/2240 2652/2231/2246 2653/2238/2247 
f 2646/2239/2240 2653/2238/2247 2645/2249/2239 
f 2645/2249/2239 2653/2238/2247 2654/2250/2248 
f 2645/2249/2239 2654/2250/2248 2644/2259/2238 
f 2644/2259/2238 2654/2250/2248 2655/2258/2249 
f 2644/2259/2238 2655/2258/2249 2643/2270/2237 
f 2643/2270/2237 2655/2258/2249 2656/2271/2250 
f 2643/2270/2237 2656/2271/2250 2642/2272/2236 
f 2656/2271/2250 2655/2258/2249 2657/2257/2251 
f 2655/2258/2249 2658/2251/2252 2657/2257/2251 
f 2658/2251/2252 2655/2258/2249 2654/2250/2248 
f 2658/2251/2252 2654/2250/2248 2659/2237/2253 
f 2659/2237/2253 2654/2250/2248 2653/2238/2247 
f 2659/2237/2253 2653/2238/2247 2660/2232/2254 
f 2660/2232/2254 2653/2238/2247 2652/2231/2246 
f 2660/2232/2254 2652/2231/2246 2661/2217/2255 
f 2661/2217/2255 2652/2231/2246 2651/2218/2245 
f 2661/2217/2255 2651/2218/2245 2662/2215/2256 
f 2662/2215/2256 2651/2218/2245 2650/2214/2244 
f 2662/2215/2256 2650/2214/2244 2571/2199/2165 
f 2571/2199/2165 2650/2214/2244 2663/2200/2257 
f 2663/2200/2257 2650/2214/2244 2649/2213/2243 
f 2663/2200/2257 2649/2213/2243 2664/2212/2258 
f 2664/2212/2258 2649/2213/2243 2629/2221/2223 
f 2664/2212/2258 2629/2221/2223 2594/2210/2188 
f 2664/2212/2258 2594/2210/2188 2665/2211/2259 
f 2664/2212/2258 2665/2211/2259 2666/2201/2260 
f 2664/2212/2258 2666/2201/2260 2663/2200/2257 
f 2663/2200/2257 2666/2201/2260 2572/2198/2166 
f 2663/2200/2257 2572/2198/2166 2571/2199/2165 
f 2666/2201/2260 2573/2197/2167 2572/2198/2166 
f 2573/2197/2167 2666/2201/2260 2667/2202/2261 
f 2667/2202/2261 2666/2201/2260 2665/2211/2259 
f 2667/2202/2261 2665/2211/2259 2594/2210/2188 
f 2667/2202/2261 2594/2210/2188 2593/2204/2187 
f 2667/2202/2261 2593/2204/2187 2668/2203/2262 
f 2667/2202/2261 2668/2203/2262 2573/2197/2167 
f 2573/2197/2167 2668/2203/2262 2574/2196/2168 
f 2668/2203/2262 2593/2204/2187 2574/2196/2168 
f 2669/2256/2263 2657/2257/2251 2658/2251/2252 
f 2669/2256/2263 2658/2251/2252 2670/2252/2264 
f 2670/2252/2264 2658/2251/2252 2659/2237/2253 
f 2670/2252/2264 2659/2237/2253 2671/2236/2265 
f 2671/2236/2265 2659/2237/2253 2660/2232/2254 
f 2671/2236/2265 2660/2232/2254 2672/2233/2266 
f 2672/2233/2266 2660/2232/2254 2661/2217/2255 
f 2672/2233/2266 2661/2217/2255 2673/2216/2267 
f 2673/2216/2267 2661/2217/2255 2662/2215/2256 
f 2673/2216/2267 2662/2215/2256 2570/2175/2164 
f 2570/2175/2164 2662/2215/2256 2571/2199/2165 
f 2673/2216/2267 2570/2175/2164 2548/2174/2142 
f 2673/2216/2267 2548/2174/2142 2674/2234/2268 
f 2673/2216/2267 2674/2234/2268 2672/2233/2266 
f 2672/2233/2266 2674/2234/2268 2675/2235/2269 
f 2672/2233/2266 2675/2235/2269 2671/2236/2265 
f 2671/2236/2265 2675/2235/2269 2676/2253/2270 
f 2671/2236/2265 2676/2253/2270 2670/2252/2264 
f 2670/2252/2264 2676/2253/2270 2677/2255/2271 
f 2670/2252/2264 2677/2255/2271 2669/2256/2263 
f 2677/2255/2271 2676/2253/2270 2678/2254/2272 
f 2676/2253/2270 2679/2152/2273 2678/2254/2272 
f 2679/2152/2273 2676/2253/2270 2675/2235/2269 
f 2679/2152/2273 2675/2235/2269 2680/2153/2274 
f 2680/2153/2274 2675/2235/2269 2674/2234/2268 
f 2680/2153/2274 2674/2234/2268 2547/2154/2141 
f 2547/2154/2141 2674/2234/2268 2548/2174/2142 
f 2680/2153/2274 2547/2154/2141 2524/2148/2118 
f 2680/2153/2274 2524/2148/2118 2523/2149/2117 
f 2680/2153/2274 2523/2149/2117 2679/2152/2273 
f 2679/2152/2273 2523/2149/2117 2681/2151/2275 
f 2679/2152/2273 2681/2151/2275 2678/2254/2272 
f 2681/2151/2275 2523/2149/2117 2522/2150/2116 
f 2639/2292/2233 2535/2293/2129 2536/2291/2130 
# 0 polygons - 5139 triangles

