# Noesis .obj export.
#
mtllib stove01a.mtl
g
v  -38.319317 39.634037 30.251867
v  38.319309 39.635223 27.648136
v  -38.319317 39.635223 27.648136
v  38.319309 39.634037 30.251867
v  38.319309 39.159943 30.703800
v  -38.319317 39.159943 30.703800
v  -36.823170 7.647096 27.648136
v  36.823170 7.647096 27.648136
v  -36.823170 8.282522 29.095406
v  36.823170 8.282522 29.095406
v  -36.823170 8.282522 29.095406
v  -37.881107 8.085303 27.648136
v  -36.823170 7.647096 27.648136
v  -37.881107 8.720429 29.111656
v  -38.319317 9.306494 27.648136
v  -38.319317 9.940891 29.150888
v  -38.319321 16.234703 29.372862
v  -38.319317 39.635223 27.648136
v  -38.319321 16.983692 29.736572
v  -38.319317 39.159943 30.703800
v  -38.319317 39.634037 30.251867
v  36.823170 8.282522 29.095406
v  -37.881107 8.720429 29.111656
v  -36.823170 8.282522 29.095406
v  37.881107 8.720429 29.111656
v  38.319317 9.940891 29.150888
v  -38.319317 9.940891 29.150888
v  38.319317 16.234703 29.372862
v  -38.319321 16.234703 29.372862
v  38.319317 16.983692 29.736572
v  -38.319321 16.983692 29.736572
v  38.319309 39.159943 30.703800
v  -38.319317 39.159943 30.703800
v  37.881100 8.085303 27.648136
v  36.823170 8.282522 29.095406
v  36.823170 7.647096 27.648136
v  37.881107 8.720429 29.111656
v  38.319309 9.306494 27.648136
v  38.319317 9.940891 29.150888
v  38.319317 16.234703 29.372862
v  38.319309 39.635223 27.648136
v  38.319317 16.983692 29.736572
v  38.319309 39.159943 30.703800
v  38.319309 39.634037 30.251867
v  0.000000 84.138298 27.252579
v  -25.128689 84.138298 25.156626
v  0.000000 84.138298 25.156626
v  -25.128689 84.138298 27.252579
v  -27.584129 83.480370 25.156626
v  -27.584129 83.480362 27.252579
v  -29.381636 81.682861 27.252579
v  -29.381636 81.682861 25.156626
v  -30.039570 79.227417 25.156626
v  -30.039570 79.227417 27.252579
v  -30.039570 49.062187 25.156630
v  -30.039570 49.062187 27.252579
v  -29.381636 46.606750 25.156630
v  -29.381636 46.606747 27.252579
v  -27.584129 44.809238 25.156630
v  -27.584129 44.809238 27.252579
v  -25.128689 44.151306 25.156630
v  -25.128689 44.151306 27.252579
v  0.000000 44.151306 25.156630
v  0.000000 44.151306 27.252579
v  25.128689 84.138298 27.252579
v  0.000000 84.138298 27.252579
v  0.000000 84.138298 25.156626
v  25.128689 84.138298 25.156626
v  27.584129 83.480362 27.252579
v  27.584129 83.480370 25.156626
v  29.381636 81.682861 27.252579
v  29.381636 81.682861 25.156626
v  30.039570 79.227417 27.252579
v  30.039570 79.227417 25.156626
v  30.039570 49.062187 25.156630
v  30.039570 49.062187 27.252579
v  29.381636 46.606750 25.156630
v  29.381636 46.606747 27.252579
v  27.584129 44.809238 25.156630
v  27.584129 44.809238 27.252579
v  25.128689 44.151306 27.252579
v  25.128689 44.151306 25.156630
v  0.000000 44.151306 27.252579
v  0.000000 44.151306 25.156630
v  -35.440834 7.447998 26.712162
v  35.516682 7.447998 26.712162
v  -35.440834 7.449675 27.810818
v  35.516682 7.449675 27.810818
v  35.516682 8.594625 27.755249
v  -35.440834 8.594625 27.755249
v  -35.440834 7.449675 27.810818
v  35.516682 7.449675 27.810818
v  0.000002 5.095052 26.712164
v  -37.467773 5.095052 26.712164
v  -37.467773 5.095052 -32.082870
v  0.000002 5.095052 -32.082870
v  37.467777 5.095052 -32.082870
v  37.467777 5.095052 26.712164
v  -37.467773 7.447998 26.712164
v  -37.467773 5.095052 -32.082870
v  -37.467773 5.095052 26.712164
v  -37.467773 7.447998 -32.082870
v  37.467777 7.447998 26.712164
v  0.000002 5.095052 26.712164
v  37.467777 5.095052 26.712164
v  0.000002 7.447998 26.712164
v  -37.467773 5.095052 26.712164
v  -37.467773 7.447998 26.712164
v  37.467777 7.447998 -32.082870
v  37.467777 7.447998 26.712164
v  37.467777 5.095052 26.712164
v  37.467777 5.095052 -32.082870
v  -12.229218 117.478798 -34.630272
v  -12.117077 116.942429 -29.072445
v  -12.229218 117.478798 -29.233303
v  -12.229218 116.550636 -34.630272
v  -11.958805 116.072357 -29.002779
v  -11.800219 115.221130 -29.107729
v  -11.648340 114.815887 -30.160942
v  -11.679276 114.815887 -29.263405
v  12.229218 117.478798 -29.233303
v  -12.229218 117.478798 -29.233303
v  -12.117077 116.942429 -29.072445
v  12.117077 116.942429 -29.072445
v  11.958805 116.072357 -29.002779
v  -11.958805 116.072357 -29.002779
v  11.800219 115.221130 -29.107729
v  -11.800219 115.221130 -29.107729
v  11.679276 114.815887 -29.263405
v  -11.679276 114.815887 -29.263405
v  11.648340 114.815887 -30.160942
v  -11.648340 114.815887 -30.160942
v  12.229218 116.550636 -34.630272
v  -12.229218 116.550636 -34.630272
v  -12.229218 117.478798 -34.630272
v  12.229218 117.478798 -34.630272
v  12.117077 116.942429 -29.072445
v  12.229218 117.478798 -34.630272
v  12.229218 117.478798 -29.233303
v  12.229218 116.550636 -34.630272
v  11.958805 116.072357 -29.002779
v  11.800219 115.221130 -29.107729
v  11.648340 114.815887 -30.160942
v  11.679276 114.815887 -29.263405
v  13.228202 118.260422 -35.035069
v  13.322213 127.688995 -35.035175
v  13.624115 119.385895 -35.035179
v  12.858398 128.879395 -35.035057
v  12.435193 117.409073 -35.034935
v  11.999948 129.772964 -35.034908
v  11.370880 117.049255 -35.034866
v  10.859109 130.147781 -35.034840
v  -11.370880 117.049255 -35.034866
v  11.370880 116.457458 -35.034866
v  -10.859109 130.147781 -35.034840
v  -11.370880 116.457458 -35.034866
v  -11.999948 129.772964 -35.034908
v  -12.435193 117.409073 -35.034935
v  -12.858398 128.879395 -35.035057
v  -13.228202 118.260422 -35.035069
v  -13.322213 127.688995 -35.035175
v  -13.624115 119.385895 -35.035179
v  -28.297546 97.427612 6.349543
v  -25.970367 98.049774 6.570081
v  -28.262892 97.276657 6.130214
v  -26.006159 98.200333 6.791130
v  -24.451572 98.412224 6.786673
v  -26.342764 98.101273 7.782970
v  -28.650909 97.326508 7.338278
v  -24.607395 98.540047 8.079920
v  -24.442902 98.561974 6.997898
v  -24.657238 98.384384 8.153355
v  -26.400152 97.923523 7.833689
v  -28.711792 97.145905 7.390217
v  -23.004303 98.587296 8.155737
v  -22.992086 98.432251 8.301285
v  -22.842537 98.608704 7.071522
v  -22.784889 98.459412 6.929575
v  -21.718498 98.621574 8.428493
v  -21.740433 98.465431 8.580147
v  -21.356140 98.647980 7.409958
v  -19.947395 98.659332 9.423407
v  -21.282993 98.498840 7.289604
v  -19.228924 98.694016 8.560255
v  -20.038706 98.501572 9.544733
v  -18.523434 98.679214 10.908791
v  -18.646008 98.521271 10.980420
v  -19.136187 98.545158 8.459318
v  -17.492653 98.719406 10.295897
v  -16.643000 98.710388 12.548388
v  -17.766464 98.672379 12.836984
v  -17.902933 98.514572 12.872875
v  -17.364355 98.571259 10.218658
v  -16.498384 98.562088 12.512533
v  -16.443403 98.680130 14.918560
v  -16.294956 98.531357 14.920610
v  -17.558199 98.647125 14.896400
v  -16.994629 98.627869 17.258856
v  -17.699566 98.489777 14.892486
v  -16.859428 98.477905 17.313150
v  -18.009335 98.603989 16.835850
v  -18.139658 98.447777 16.779455
v  -19.053230 98.546204 18.574028
v  -18.229443 98.559608 19.308781
v  -19.162733 98.391243 18.475992
v  -18.122715 98.408165 19.403297
v  -20.235842 98.478767 20.671471
v  -20.673992 98.480881 19.676167
v  -20.173536 98.325310 20.812119
v  -20.727072 98.327972 19.554901
v  -22.624723 98.413055 20.157518
v  -22.550865 98.400803 21.242949
v  -22.539093 98.245575 21.399727
v  -22.632710 98.260254 20.025009
v  -24.881817 98.323402 21.106274
v  -24.701193 98.322067 20.025724
v  -24.911943 98.170128 21.262695
v  -24.686541 98.168388 19.896563
v  -26.597939 98.379250 19.440979
v  -27.147812 98.402283 20.393311
v  -26.551819 98.223946 19.328625
v  -27.246031 98.252716 20.532412
v  -28.887636 98.623184 18.741184
v  -28.022623 98.554779 18.076941
v  -27.939011 98.394699 17.994598
v  -28.963095 98.688950 16.305769
v  -29.031775 98.481018 18.833790
v  -30.009052 98.782921 16.639717
v  -28.855082 98.525620 16.261091
v  -30.284763 98.867073 14.250894
v  -29.207161 98.760345 14.320658
v  -30.175909 98.644287 16.682802
v  -29.099434 98.595901 14.323486
v  -28.726101 98.759949 12.381496
v  -28.627964 98.595238 12.434544
v  -29.720596 98.868835 11.883996
v  -30.460793 98.730751 14.235457
v  -27.400791 98.504486 11.013269
v  -28.123367 98.727570 10.068282
v  -27.457603 98.665581 10.919140
v  -25.748222 98.513092 10.112829
v  -28.240395 98.581985 9.937843
v  -29.881233 98.732468 11.807438
v  -25.737524 98.356995 10.236076
v  -25.941280 98.531433 9.019733
v  -25.974363 98.378685 8.863853
v  -23.785080 98.359581 10.285362
v  -23.546841 98.555191 9.068462
v  -23.752949 98.519012 10.148155
v  -23.519468 98.405624 8.926035
v  -21.804319 98.428741 10.855028
v  -21.740036 98.585876 10.722286
v  -21.285578 98.614365 9.747725
v  36.619606 2.217997 22.021452
v  36.305958 1.682272 22.144539
v  36.305958 2.217997 22.021452
v  36.619606 1.682272 22.144539
v  36.619606 1.346749 22.533447
v  36.305958 1.346749 22.533447
v  36.305958 1.346749 23.013193
v  36.619606 1.346749 23.013193
v  36.305958 1.682272 23.443048
v  36.619606 1.682272 23.443048
v  36.305958 2.222075 23.691910
v  36.619606 2.222075 23.691910
v  36.493027 3.898278 24.319916
v  36.805771 3.898278 24.319914
v  36.501633 4.915123 24.725607
v  36.813797 4.915123 24.725607
v  36.619606 1.682272 22.144539
v  36.619606 1.346749 23.013193
v  36.619606 1.346749 22.533447
v  36.619606 1.682272 23.443048
v  36.619606 2.217997 22.021452
v  36.619606 2.222075 23.691910
v  36.805672 3.898278 22.010479
v  36.805771 3.898278 24.319914
v  36.813797 4.914011 22.002497
v  36.813797 4.915123 24.725607
v  36.671432 5.169650 22.005459
v  36.671432 5.169824 24.722771
v  -36.195610 0.042304 23.496481
v  -34.275784 0.042226 22.005636
v  -34.275784 0.042304 23.496481
v  -36.195610 0.042226 22.005636
v  -34.275784 0.918347 20.799330
v  -36.195610 0.918347 20.799330
v  -34.275784 2.336211 20.338400
v  -36.195610 2.336211 20.338400
v  -34.275784 3.753969 20.798822
v  -36.195625 3.753956 20.798822
v  -34.275784 4.630485 22.004713
v  -36.195625 4.630471 22.004713
v  -34.275784 4.630563 23.495556
v  -36.195625 4.630549 23.495556
v  -36.195610 3.754442 24.701864
v  -34.275784 3.754442 24.701864
v  -34.275784 2.336578 25.162802
v  -36.195610 2.336578 25.162802
v  -34.275784 0.918819 24.702372
v  -36.195610 0.918819 24.702372
v  -34.275784 0.042304 23.496481
v  -36.195610 0.042304 23.496481
v  -36.216797 0.042226 -28.143200
v  -36.216797 0.042304 -29.634047
v  -34.296970 0.042304 -29.634047
v  -34.296970 0.042226 -28.143200
v  -36.216797 0.918347 -26.936895
v  -34.296970 0.918347 -26.936895
v  -36.216797 2.336211 -26.475965
v  -34.296970 2.336211 -26.475965
v  -34.296982 3.753956 -26.936388
v  -36.216797 3.753969 -26.936388
v  -36.216797 4.630485 -28.142279
v  -34.296982 4.630471 -28.142279
v  -36.216797 4.630563 -29.633120
v  -34.296982 4.630549 -29.633120
v  -36.216797 3.754442 -30.839432
v  -34.296970 3.754442 -30.839432
v  -36.216797 2.336578 -31.300365
v  -34.296970 2.336578 -31.300365
v  -36.216797 0.918819 -30.839937
v  -34.296970 0.918819 -30.839937
v  -36.216797 0.042304 -29.634047
v  -34.296970 0.042304 -29.634047
v  34.275784 0.042304 23.496481
v  36.195610 0.042226 22.005636
v  36.195610 0.042304 23.496481
v  34.275784 0.042226 22.005636
v  36.195610 0.918347 20.799330
v  34.275784 0.918347 20.799330
v  36.195610 2.336211 20.338400
v  34.275784 2.336211 20.338400
v  36.195610 3.753969 20.798822
v  34.275772 3.753956 20.798822
v  36.195610 4.630485 22.004713
v  34.275772 4.630471 22.004713
v  36.195610 4.630563 23.495556
v  34.275772 4.630549 23.495556
v  34.275784 3.754442 24.701864
v  36.195610 3.754442 24.701864
v  36.195610 2.336578 25.162802
v  34.275784 2.336578 25.162802
v  36.195610 0.918819 24.702372
v  34.275784 0.918819 24.702372
v  36.195610 0.042304 23.496481
v  34.275784 0.042304 23.496481
v  34.296970 0.042226 -28.143200
v  34.296970 0.042304 -29.634047
v  36.216797 0.042304 -29.634047
v  36.216797 0.042226 -28.143200
v  34.296970 0.918347 -26.936895
v  36.216797 0.918347 -26.936895
v  34.296970 2.336211 -26.475965
v  36.216797 2.336211 -26.475965
v  36.216789 3.753956 -26.936388
v  34.296970 3.753969 -26.936388
v  34.296970 4.630485 -28.142279
v  36.216789 4.630471 -28.142279
v  34.296970 4.630563 -29.633120
v  36.216789 4.630549 -29.633120
v  34.296970 3.754442 -30.839432
v  36.216797 3.754442 -30.839432
v  34.296970 2.336578 -31.300365
v  36.216797 2.336578 -31.300365
v  34.296970 0.918819 -30.839937
v  36.216797 0.918819 -30.839937
v  34.296970 0.042304 -29.634047
v  36.216797 0.042304 -29.634047
v  -35.723377 35.204082 -32.097118
v  -33.319263 47.066811 -32.097118
v  -30.760714 41.767624 -32.097118
v  -33.319263 79.127724 -32.097118
v  -35.723377 94.228279 -32.097118
v  -30.875576 85.374748 -32.097118
v  -26.243284 89.771584 -32.097118
v  -21.255495 92.716393 -32.097118
v  -20.147840 91.994675 -31.047291
v  0.000000 94.228279 -32.097118
v  0.000000 92.708519 -32.097118
v  0.000000 91.994492 -31.045633
v  0.000000 94.905128 -31.727644
v  -35.723377 94.905128 -31.727644
v  21.251764 92.609581 -32.097118
v  35.723377 94.228279 -32.097118
v  20.147633 91.975853 -31.043602
v  26.220364 89.495140 -32.097118
v  0.000000 95.483002 -31.077957
v  35.723377 94.905128 -31.727644
v  -35.723377 95.483002 -31.077957
v  30.862761 85.275139 -32.097118
v  0.000000 95.496178 -25.797993
v  35.723377 95.483002 -31.077957
v  33.319263 79.127724 -32.097118
v  35.723377 35.204082 -32.097118
v  -35.723377 95.496178 -25.797993
v  35.723377 95.496178 -25.797993
v  33.319263 47.066811 -32.097118
v  30.760714 41.767624 -32.097118
v  0.000000 39.308254 -32.097118
v  -24.547714 40.035091 -22.183685
v  0.000000 40.035091 -22.183685
v  -25.247824 39.308254 -32.097118
v  -29.907736 42.426262 -22.183685
v  -30.760714 41.767624 -32.097118
v  -33.319263 47.066811 -32.097118
v  -32.395336 47.578506 -22.183685
v  -33.319263 79.127724 -32.097118
v  -32.395336 78.750381 -22.183685
v  -30.079885 84.737358 -22.134209
v  -30.875576 85.374748 -32.097118
v  -26.243284 89.771584 -32.097118
v  -25.700521 88.853592 -22.060040
v  -20.147840 91.994675 -31.047291
v  -19.646845 91.004684 -22.183685
v  0.000000 91.994492 -31.045633
v  0.000000 91.004684 -22.183685
v  0.000000 40.035091 -22.183685
v  24.547714 40.035091 -22.183685
v  0.000000 39.308254 -32.097118
v  25.247824 39.308254 -32.097118
v  29.907736 42.426262 -22.183685
v  30.760714 41.767624 -32.097118
v  33.319263 47.066811 -32.097118
v  32.395336 47.578506 -22.183685
v  33.319263 79.127724 -32.097118
v  32.395336 78.750381 -22.183685
v  30.079174 84.730980 -22.143789
v  30.862761 85.275139 -32.097118
v  26.220364 89.495140 -32.097118
v  25.700945 88.841782 -22.083752
v  20.147633 91.975853 -31.043602
v  19.646845 91.004684 -22.183685
v  0.000000 91.994492 -31.045633
v  0.000000 91.004684 -22.183685
v  -3.760026 49.824406 -22.152954
v  -3.760026 44.045292 -22.507351
v  -3.760026 44.045292 -22.152954
v  -3.760026 49.824406 -22.507351
v  3.677762 43.109638 -22.152954
v  3.677762 48.831673 -22.507351
v  3.677762 48.831673 -22.152954
v  3.677762 43.109638 -22.507351
v  -2.447376 48.831673 -22.507351
v  3.677762 48.831673 -22.152954
v  3.677762 48.831673 -22.507351
v  -2.447376 48.831673 -22.152954
v  -2.447376 48.831673 -22.507351
v  -2.447376 49.824406 -22.507351
v  -2.447376 48.831673 -22.152954
v  -2.447376 49.824406 -22.152954
v  2.279984 44.045292 -22.507351
v  2.279984 43.109638 -22.507351
v  2.279984 44.045292 -22.152954
v  2.279984 43.109638 -22.152954
v  -3.760026 49.824406 -22.152954
v  -2.447376 49.824406 -22.152954
v  -2.447376 49.824406 -22.507351
v  -3.760026 49.824406 -22.507351
v  -2.447376 48.831673 -22.507351
v  -3.760026 49.824406 -22.507351
v  -2.447376 49.824406 -22.507351
v  -3.760026 44.045292 -22.507351
v  2.279984 44.045292 -22.507351
v  3.677762 48.831673 -22.507351
v  3.677762 43.109638 -22.507351
v  2.279984 43.109638 -22.507351
v  28.721958 72.535187 22.802225
v  30.082739 72.485962 -13.155503
v  30.082739 72.485962 23.934858
v  28.721958 72.535187 -12.245029
v  30.082739 72.485962 23.934858
v  28.721958 73.323044 22.802225
v  28.721958 72.535187 22.802225
v  30.082739 73.372276 23.934858
v  30.082739 73.372276 -13.155503
v  28.721958 73.323044 22.802225
v  30.082739 73.372276 23.934858
v  28.721958 73.323044 -12.245029
v  28.721958 73.323044 -12.245029
v  28.721958 72.535187 22.802225
v  28.721958 73.323044 22.802225
v  28.721958 72.535187 -12.245029
v  28.721958 66.649269 22.802225
v  30.082739 66.600044 -13.155503
v  30.082739 66.600044 23.934858
v  28.721958 66.649269 -12.245029
v  30.082739 66.600044 23.934858
v  28.721958 67.437134 22.802225
v  28.721958 66.649269 22.802225
v  30.082739 67.486359 23.934858
v  30.082739 67.486359 -13.155503
v  28.721958 67.437134 22.802225
v  30.082739 67.486359 23.934858
v  28.721958 67.437134 -12.245029
v  28.721958 67.437134 -12.245029
v  28.721958 66.649269 22.802225
v  28.721958 67.437134 22.802225
v  28.721958 66.649269 -12.245029
v  28.721958 61.395897 22.802225
v  30.082739 61.346668 -13.155503
v  30.082739 61.346668 23.934858
v  28.721958 61.395897 -12.245029
v  30.082739 61.346668 23.934858
v  28.721958 62.183762 22.802225
v  28.721958 61.395897 22.802225
v  30.082739 62.232983 23.934858
v  30.082739 62.232983 -13.155503
v  28.721958 62.183762 22.802225
v  30.082739 62.232983 23.934858
v  28.721958 62.183762 -12.245029
v  28.721958 62.183762 -12.245029
v  28.721958 61.395897 22.802225
v  28.721958 62.183762 22.802225
v  28.721958 61.395897 -12.245029
v  28.721958 55.883171 22.802225
v  30.082739 55.833946 -13.155503
v  30.082739 55.833946 23.934858
v  28.721958 55.883171 -12.245029
v  30.082739 55.833946 23.934858
v  28.721958 56.671036 22.802225
v  28.721958 55.883171 22.802225
v  30.082739 56.720257 23.934858
v  30.082739 56.720257 -13.155503
v  28.721958 56.671036 22.802225
v  30.082739 56.720257 23.934858
v  28.721958 56.671036 -12.245029
v  28.721958 56.671036 -12.245029
v  28.721958 55.883171 22.802225
v  28.721958 56.671036 22.802225
v  28.721958 55.883171 -12.245029
v  28.721958 50.466301 22.802225
v  30.082739 50.417076 -13.155503
v  30.082739 50.417076 23.934858
v  28.721958 50.466301 -12.245029
v  30.082739 50.417076 23.934858
v  28.721958 51.254166 22.802225
v  28.721958 50.466301 22.802225
v  30.082739 51.303387 23.934858
v  30.082739 51.303387 -13.155503
v  28.721958 51.254166 22.802225
v  30.082739 51.303387 23.934858
v  28.721958 51.254166 -12.245029
v  28.721958 51.254166 -12.245029
v  28.721958 50.466301 22.802225
v  28.721958 51.254166 22.802225
v  28.721958 50.466301 -12.245029
v  -30.082739 72.485962 23.934858
v  -30.082739 72.485962 -13.155503
v  -28.721958 72.535187 22.802225
v  -28.721958 72.535187 -12.245029
v  -28.721958 73.323044 22.802225
v  -30.082739 72.485962 23.934858
v  -28.721958 72.535187 22.802225
v  -30.082739 73.372276 23.934858
v  -28.721958 73.323044 22.802225
v  -30.082739 73.372276 -13.155503
v  -30.082739 73.372276 23.934858
v  -28.721958 73.323044 -12.245029
v  -28.721958 73.323044 -12.245029
v  -28.721958 73.323044 22.802225
v  -28.721958 72.535187 22.802225
v  -28.721958 72.535187 -12.245029
v  -30.082739 66.600044 23.934858
v  -30.082739 66.600044 -13.155503
v  -28.721958 66.649269 22.802225
v  -28.721958 66.649269 -12.245029
v  -28.721958 67.437134 22.802225
v  -30.082739 66.600044 23.934858
v  -28.721958 66.649269 22.802225
v  -30.082739 67.486359 23.934858
v  -28.721958 67.437134 22.802225
v  -30.082739 67.486359 -13.155503
v  -30.082739 67.486359 23.934858
v  -28.721958 67.437134 -12.245029
v  -28.721958 67.437134 -12.245029
v  -28.721958 67.437134 22.802225
v  -28.721958 66.649269 22.802225
v  -28.721958 66.649269 -12.245029
v  -30.082739 61.346668 23.934858
v  -30.082739 61.346668 -13.155503
v  -28.721958 61.395897 22.802225
v  -28.721958 61.395897 -12.245029
v  -28.721958 62.183762 22.802225
v  -30.082739 61.346668 23.934858
v  -28.721958 61.395897 22.802225
v  -30.082739 62.232983 23.934858
v  -28.721958 62.183762 22.802225
v  -30.082739 62.232983 -13.155503
v  -30.082739 62.232983 23.934858
v  -28.721958 62.183762 -12.245029
v  -28.721958 62.183762 -12.245029
v  -28.721958 62.183762 22.802225
v  -28.721958 61.395897 22.802225
v  -28.721958 61.395897 -12.245029
v  -30.082739 55.833946 23.934858
v  -30.082739 55.833946 -13.155503
v  -28.721958 55.883171 22.802225
v  -28.721958 55.883171 -12.245029
v  -28.721958 56.671036 22.802225
v  -30.082739 55.833946 23.934858
v  -28.721958 55.883171 22.802225
v  -30.082739 56.720257 23.934858
v  -21.227449 98.464897 9.617653
v  -19.432867 98.644867 11.376810
v  -20.320711 98.608765 12.001566
v  -19.315182 98.496506 11.292068
v  -20.433910 98.451004 12.080099
v  -19.711317 98.600349 13.744225
v  -18.591137 98.634682 13.689581
v  -18.448687 98.485855 13.684088
v  -18.988441 98.586357 16.073622
v  -19.858416 98.442635 13.752453
v  -20.015139 98.561020 15.722807
v  -20.147434 98.404541 15.679238
v  -18.850050 98.436562 16.122894
v  -20.951124 98.507515 17.391260
v  -20.275740 98.515060 18.219133
v  -21.025198 98.353615 17.293783
v  -20.166977 98.363205 18.345768
v  -22.088741 98.425186 19.094555
v  -22.334280 98.411758 18.086708
v  -22.052431 98.273666 19.252361
v  -22.365519 98.256889 17.965040
v  -23.963032 98.331161 18.124681
v  -24.201757 98.360451 19.123545
v  -24.253576 98.211250 19.276657
v  -23.951786 98.174599 17.998024
v  -25.127512 98.331108 17.706177
v  -25.083637 98.174202 17.600586
v  -25.732460 98.372116 18.565514
v  -26.171299 98.408134 16.604252
v  -25.852457 98.225853 18.694510
v  -27.090132 98.480865 17.138474
v  -26.089123 98.248047 16.537428
v  -27.686775 98.572090 15.496943
v  -26.634407 98.477905 15.252439
v  -27.253195 98.339966 17.215527
v  -26.532820 98.315201 15.219310
v  -27.805885 98.638924 13.686932
v  -27.864117 98.434273 15.529275
v  -26.706898 98.529938 13.763280
v  -26.586687 98.364227 13.768771
v  -27.973986 98.501793 13.672310
v  -26.604181 98.548943 12.553620
v  -26.460882 98.380539 12.576998
v  -27.697134 98.658836 12.414065
v  -27.840412 98.519257 12.401031
v  31.856691 97.427612 -15.424387
v  31.209787 98.049774 -14.254889
v  32.051960 97.276657 -15.318675
v  31.013275 98.200333 -14.362248
v  30.687963 98.412224 -13.427698
v  30.190128 98.101273 -15.009923
v  31.042051 97.326508 -16.086830
v  29.520412 98.540047 -14.005277
v  30.485907 98.561974 -13.489859
v  29.467764 98.384384 -14.076729
v  30.161413 97.923523 -15.080924
v  31.013351 97.145905 -16.161531
v  28.915096 98.587296 -12.518923
v  28.773788 98.432251 -12.555872
v  29.883564 98.608704 -12.005349
v  29.998213 98.459412 -11.903723
v  28.229734 98.621574 -11.397331
v  29.069477 98.647980 -10.716484
v  28.094042 98.465431 -11.468513
v  26.701832 98.659332 -10.058613
v  29.158604 98.498840 -10.607431
v  27.276468 98.694016 -9.093720
v  26.617834 98.501572 -10.185114
v  24.827045 98.679214 -9.210552
v  27.340763 98.545158 -8.972664
v  25.061708 98.719406 -8.034508
v  24.800318 98.521271 -9.349981
v  22.654842 98.710388 -7.983421
v  22.756828 98.672379 -9.138868
v  25.091818 98.571259 -7.887814
v  22.640495 98.562088 -7.835121
v  22.768431 98.514572 -9.279501
v  20.353477 98.680130 -8.584479
v  20.302113 98.531357 -8.445188
v  20.745598 98.647125 -9.628270
v  20.796364 98.489777 -9.760268
v  18.330305 98.627869 -9.883560
v  18.234085 98.477905 -9.774156
v  19.067064 98.603989 -10.699493
v  19.163639 98.447777 -10.803600
v  17.775703 98.546204 -12.262622
v  16.808563 98.559608 -11.730522
v  17.904610 98.391243 -12.333231
v  16.683903 98.408165 -11.661358
v  16.191776 98.478767 -14.076185
v  17.276176 98.480881 -14.157891
v  16.038408 98.325310 -14.064267
v  17.408199 98.327972 -14.167562
v  17.471888 98.413055 -16.157579
v  17.599495 98.260254 -16.120983
v  16.423807 98.400803 -16.449383
v  16.272060 98.245575 -16.490490
v  18.404531 98.168388 -18.014828
v  17.328888 98.323402 -18.601789
v  18.287621 98.322067 -18.071653
v  17.191425 98.170128 -18.682285
v  19.470606 98.379250 -19.665428
v  18.755732 98.402283 -20.501041
v  19.561192 98.223946 -19.584526
v  18.657278 98.252716 -20.639975
v  20.892927 98.623184 -21.591415
v  21.231213 98.554779 -20.554581
v  21.281013 98.394699 -20.448318
v  23.214476 98.688950 -20.851580
v  20.853605 98.481018 -21.758163
v  23.247887 98.782921 -21.949047
v  23.220634 98.525620 -20.734852
v  23.262825 98.644287 -22.120728
v  25.592184 98.867073 -21.413548
v  25.167564 98.760345 -20.420677
v  25.129023 98.595901 -20.320040
v  25.665358 98.730751 -21.574390
v  26.835859 98.759949 -19.321335
v  27.636131 98.868835 -20.093407
v  26.753160 98.595238 -19.246464
v  27.761814 98.732468 -20.219381
v  28.816341 98.727570 -17.982704
v  27.792349 98.665581 -17.638271
v  28.978310 98.581985 -18.049618
v  27.684673 98.504486 -17.616047
v  27.983421 98.513092 -15.757951
v  29.078419 98.531433 -15.575990
v  29.236418 98.378685 -15.555276
v  27.863646 98.356995 -15.788902
v  28.235128 98.555191 -13.334434
v  28.360310 98.405624 -13.261194
v  27.285688 98.519012 -13.888313
v  27.167011 98.359581 -13.964303
v  26.074028 98.585876 -12.181470
v  26.841635 98.614365 -11.428421
v  25.970268 98.428741 -12.286285
v  26.944927 98.464897 -11.330296
v  24.688574 98.644867 -10.223931
v  24.395128 98.608765 -11.269148
v  24.729294 98.496506 -10.084742
v  24.358772 98.451004 -11.402037
v  22.549000 98.600349 -11.274834
v  22.227507 98.634682 -10.200388
v  22.590225 98.442635 -11.416277
v  22.185251 98.485855 -10.064240
v  20.111830 98.586357 -11.368899
v  20.784512 98.561020 -12.220181
v  20.019287 98.436562 -11.254816
v  20.869646 98.404541 -12.330415
v  19.522963 98.507515 -13.658338
v  18.517435 98.515060 -13.297179
v  19.639542 98.353615 -13.695725
v  18.361813 98.363205 -13.236793
v  18.295704 98.425186 -15.298223
v  19.327793 98.411758 -15.194136
v  18.134813 98.273666 -15.316534
v  19.452921 98.256889 -15.183078
v  19.834358 98.331161 -16.742579
v  18.971998 98.360451 -17.300297
v  19.950045 98.174599 -16.689798
v  18.844883 98.211250 -17.400145
v  20.616749 98.331108 -17.701237
v  20.701704 98.174202 -17.624704
v  20.007904 98.372116 -18.557817
v  22.003361 98.408134 -18.318510
v  19.926228 98.225853 -18.713919
v  21.805601 98.480865 -19.362799
v  22.039009 98.248047 -18.218773
v  23.552126 98.572090 -19.378765
v  23.432238 98.477905 -18.305038
v  21.787245 98.339966 -19.542217
v  23.429649 98.315201 -18.198217
v  25.298500 98.638924 -18.888346
v  -28.721958 56.671036 22.802225
v  -30.082739 56.720257 -13.155503
v  -30.082739 56.720257 23.934858
v  -28.721958 56.671036 -12.245029
v  -28.721958 56.671036 -12.245029
v  -28.721958 56.671036 22.802225
v  -28.721958 55.883171 22.802225
v  -28.721958 55.883171 -12.245029
v  -30.082739 50.417076 23.934858
v  -30.082739 50.417076 -13.155503
v  -28.721958 50.466301 22.802225
v  -28.721958 50.466301 -12.245029
v  -28.721958 51.254166 22.802225
v  -30.082739 50.417076 23.934858
v  -28.721958 50.466301 22.802225
v  -30.082739 51.303387 23.934858
v  -28.721958 51.254166 22.802225
v  -30.082739 51.303387 -13.155503
v  -30.082739 51.303387 23.934858
v  -28.721958 51.254166 -12.245029
v  -28.721958 51.254166 -12.245029
v  -28.721958 51.254166 22.802225
v  -28.721958 50.466301 22.802225
v  -28.721958 50.466301 -12.245029
v  31.195604 94.422447 31.061628
v  31.636763 93.313606 29.911905
v  31.503403 94.111809 29.643881
v  31.295568 93.824127 31.262531
v  31.005466 93.284393 31.443766
v  31.249735 92.593536 30.153698
v  30.490150 92.226639 30.276897
v  30.436111 93.009384 31.536114
v  29.804972 93.104149 31.504293
v  29.648144 92.353065 30.234444
v  29.045334 92.924515 30.042559
v  29.353130 93.532486 31.360466
v  28.911972 93.722725 29.774532
v  29.253166 94.130791 31.159561
v  29.543268 94.670525 30.978325
v  29.299000 94.442802 29.532740
v  30.112625 94.945541 30.885977
v  30.058586 94.809700 29.409542
v  30.900591 94.683273 29.451994
v  30.743763 94.850784 30.917799
v  31.503403 94.111809 29.643881
v  31.195604 94.422447 31.061628
v  29.353130 93.532486 31.360466
v  29.543268 94.670525 30.978325
v  29.253166 94.130791 31.159561
v  29.804972 93.104149 31.504293
v  30.112625 94.945541 30.885977
v  30.436111 93.009384 31.536114
v  30.743763 94.850784 30.917799
v  31.005466 93.284393 31.443766
v  31.195604 94.422447 31.061628
v  31.295568 93.824127 31.262531
v  23.641336 94.422447 31.061628
v  24.082493 93.313606 29.911905
v  23.949133 94.111809 29.643881
v  23.741297 93.824127 31.262531
v  23.451195 93.284393 31.443766
v  23.695465 92.593536 30.153698
v  22.935881 92.226639 30.276897
v  22.881842 93.009384 31.536114
v  22.250704 93.104149 31.504293
v  22.093874 92.353065 30.234444
v  21.491064 92.924515 30.042559
v  21.798859 93.532486 31.360466
v  21.357702 93.722725 29.774532
v  21.698898 94.130791 31.159561
v  21.989000 94.670525 30.978325
v  21.744730 94.442802 29.532740
v  22.558355 94.945541 30.885977
v  22.504316 94.809700 29.409542
v  23.346323 94.683273 29.451994
v  23.189493 94.850784 30.917799
v  23.949133 94.111809 29.643881
v  23.641336 94.422447 31.061628
v  21.798859 93.532486 31.360466
v  21.989000 94.670525 30.978325
v  21.698898 94.130791 31.159561
v  22.250704 93.104149 31.504293
v  22.558355 94.945541 30.885977
v  22.881842 93.009384 31.536114
v  23.189493 94.850784 30.917799
v  23.451195 93.284393 31.443766
v  23.641336 94.422447 31.061628
v  23.741297 93.824127 31.262531
v  -21.797367 94.422447 31.061628
v  -21.356209 93.313606 29.911905
v  -21.489569 94.111809 29.643881
v  -21.697405 93.824127 31.262531
v  -21.987507 93.284393 31.443766
v  -21.743238 92.593536 30.153698
v  -22.502821 92.226639 30.276897
v  -22.556860 93.009384 31.536114
v  -23.188000 93.104149 31.504293
v  -23.344830 92.353065 30.234444
v  -23.947638 92.924515 30.042559
v  -23.639843 93.532486 31.360466
v  -24.081001 93.722725 29.774532
v  -23.739805 94.130791 31.159561
v  -23.449703 94.670525 30.978325
v  -23.693974 94.442802 29.532740
v  -22.880346 94.945541 30.885977
v  -22.934385 94.809700 29.409542
v  -22.092381 94.683273 29.451994
v  -22.249210 94.850784 30.917799
v  -21.489569 94.111809 29.643881
v  -21.797367 94.422447 31.061628
v  -23.639843 93.532486 31.360466
v  -23.449703 94.670525 30.978325
v  -23.739805 94.130791 31.159561
v  -23.188000 93.104149 31.504293
v  -22.880346 94.945541 30.885977
v  -22.556860 93.009384 31.536114
v  -22.249210 94.850784 30.917799
v  -21.987507 93.284393 31.443766
v  -21.797367 94.422447 31.061628
v  -21.697405 93.824127 31.262531
v  -29.386250 94.483673 30.914227
v  -28.945091 93.374832 29.764503
v  -29.078453 94.173035 29.496475
v  -29.286285 93.885353 31.115129
v  -29.576387 93.345619 31.296364
v  -29.332119 92.654762 30.006292
v  -30.091705 92.287865 30.129492
v  -30.145744 93.070610 31.388708
v  -30.776882 93.165375 31.356892
v  -30.933710 92.414291 30.087042
v  -31.536522 92.985741 29.895153
v  -31.228724 93.593712 31.213062
v  -31.669882 93.783951 29.627127
v  -31.328688 94.192017 31.012157
v  -31.038586 94.731750 30.830919
v  -31.282854 94.504028 29.385338
v  -30.469231 95.006767 30.738575
v  -30.523270 94.870926 29.262138
v  -29.681263 94.744499 29.304590
v  -29.838091 94.912010 30.770397
v  -29.078453 94.173035 29.496475
v  -29.386250 94.483673 30.914227
v  -31.228724 93.593712 31.213062
v  -31.038586 94.731750 30.830919
v  -31.328688 94.192017 31.012157
v  -30.776882 93.165375 31.356892
v  -30.469231 95.006767 30.738575
v  -30.145744 93.070610 31.388708
v  -29.838091 94.912010 30.770397
v  -29.576387 93.345619 31.296364
v  -29.386250 94.483673 30.914227
v  -29.286285 93.885353 31.115129
v  30.024343 96.339378 30.306377
v  29.567104 94.215752 29.612368
v  29.567104 94.531181 30.862247
v  30.024343 95.787048 28.117868
v  29.567104 94.531181 30.862247
v  31.062407 94.531181 30.862247
v  30.564091 96.339378 30.306377
v  30.024343 96.339378 30.306377
v  31.062407 94.215752 29.612368
v  30.564091 96.339378 30.306377
v  31.062407 94.531181 30.862247
v  30.564091 95.787048 28.117868
v  30.564091 95.787048 28.117868
v  30.024343 96.339378 30.306377
v  30.564091 96.339378 30.306377
v  30.024343 95.787048 28.117868
v  22.470076 96.339378 30.306377
v  22.012836 94.215752 29.612368
v  22.012836 94.531181 30.862247
v  22.470076 95.787048 28.117868
v  22.012836 94.531181 30.862247
v  23.508137 94.531181 30.862247
v  23.009821 96.339378 30.306377
v  22.470076 96.339378 30.306377
v  23.508137 94.215752 29.612368
v  23.009821 96.339378 30.306377
v  23.508137 94.531181 30.862247
v  23.009821 95.787048 28.117868
v  23.009821 96.339378 30.306377
v  23.009821 95.787048 28.117868
v  22.470076 96.339378 30.306377
v  22.470076 95.787048 28.117868
v  -22.968628 96.339378 30.306377
v  -23.425867 94.215752 29.612368
v  -23.425867 94.531181 30.862247
v  -22.968628 95.787048 28.117868
v  -23.425867 94.531181 30.862247
v  -21.930567 94.531181 30.862247
v  -22.428883 96.339378 30.306377
v  -22.968628 96.339378 30.306377
v  -21.930567 94.215752 29.612368
v  -22.428883 96.339378 30.306377
v  -21.930567 94.531181 30.862247
v  -22.428883 95.787048 28.117868
v  -22.428883 96.339378 30.306377
v  -22.428883 95.787048 28.117868
v  -22.968628 96.339378 30.306377
v  -22.968628 95.787048 28.117868
v  -30.557510 96.400604 30.158974
v  -31.014750 94.276978 29.464964
v  -31.014750 94.592407 30.714842
v  -30.557510 95.848274 27.970463
v  -31.014750 94.592407 30.714842
v  -29.519447 94.592407 30.714842
v  -30.017763 96.400604 30.158974
v  -30.557510 96.400604 30.158974
v  -29.519447 94.276978 29.464964
v  -30.017763 96.400604 30.158974
v  -29.519447 94.592407 30.714842
v  -30.017763 95.848274 27.970463
v  -30.017763 96.400604 30.158974
v  -30.017763 95.848274 27.970463
v  -30.557510 96.400604 30.158974
v  -30.557510 95.848274 27.970463
v  37.345497 97.915352 -28.470888
v  37.449776 95.359352 -29.008818
v  37.449776 95.524506 -29.442730
v  37.345497 97.915352 -27.988342
v  31.643444 99.312943 -27.943251
v  37.218864 99.312943 -27.451981
v  37.218864 99.312943 -27.943251
v  31.643444 99.312943 -27.443256
v  31.643444 99.312943 -27.943251
v  37.218864 99.312943 -27.943251
v  36.882652 98.643806 -28.220970
v  37.449776 95.524506 -29.442730
v  37.345497 97.915352 -28.470888
v  26.269705 99.312943 -27.943251
v  30.896780 101.326492 -28.362867
v  0.000000 95.524506 -29.442730
v  26.269705 101.326492 -28.362867
v  0.000000 99.312943 -27.943251
v  -26.269705 99.312943 -27.943251
v  -37.449776 95.524506 -29.442730
v  -31.643444 99.312943 -27.943251
v  -30.896780 101.326492 -28.362867
v  -26.269705 101.326492 -28.362867
v  -36.882652 98.643806 -28.220970
v  -37.345497 97.915352 -28.470888
v  -37.218864 99.312943 -27.943251
v  36.882652 98.643806 -27.738422
v  37.218864 99.312943 -27.943251
v  37.218864 99.312943 -27.451981
v  36.882652 98.643806 -28.220970
v  37.449776 95.359352 -29.722902
v  37.449776 95.524506 -29.442730
v  37.449776 95.359352 -29.008818
v  37.449776 95.507065 -29.686897
v  30.896780 101.326492 -27.862877
v  31.643444 99.312943 -27.443256
v  31.643444 99.312943 -27.943251
v  30.896780 101.326492 -28.362867
v  0.000000 99.312943 -27.443256
v  26.269705 99.312943 -27.443256
v  26.269705 99.312943 -27.943251
v  0.000000 99.312943 -27.943251
v  -26.269705 99.312943 -27.943251
v  -26.269705 99.312943 -27.443256
v  26.269705 101.326492 -27.862877
v  26.269705 99.312943 -27.943251
v  26.269705 99.312943 -27.443256
v  26.269705 101.326492 -28.362867
v  26.269705 101.326492 -27.862877
v  30.896780 101.326492 -28.362867
v  26.269705 101.326492 -28.362867
v  30.896780 101.326492 -27.862877
v  36.882652 98.643806 -28.220970
v  37.345497 97.915352 -27.988342
v  37.345497 97.915352 -28.470888
v  36.882652 98.643806 -27.738422
v  37.449776 95.507065 -29.686897
v  0.000000 95.507065 -29.686897
v  37.449776 95.524506 -29.442730
v  0.000000 95.524506 -29.442730
v  -37.449776 95.524506 -29.442730
v  -37.449776 95.507065 -29.686897
v  0.000000 95.359352 -29.722902
v  37.449776 95.507065 -29.686897
v  37.449776 95.359352 -29.722902
v  0.000000 95.507065 -29.686897
v  -37.449776 95.507065 -29.686897
v  -37.449776 95.359352 -29.722902
v  -37.449776 95.359352 -29.008818
v  -37.345497 97.915352 -28.470888
v  -37.449776 95.524506 -29.442730
v  -37.345497 97.915352 -27.988342
v  -37.218864 99.312943 -27.451981
v  -31.643444 99.312943 -27.943251
v  -37.218864 99.312943 -27.943251
v  -31.643444 99.312943 -27.443256
v  -37.218864 99.312943 -27.943251
v  -36.882652 98.643806 -27.738422
v  -37.218864 99.312943 -27.451981
v  -36.882652 98.643806 -28.220970
v  -37.449776 95.359352 -29.722902
v  -37.449776 95.359352 -29.008818
v  -37.449776 95.524506 -29.442730
v  -37.449776 95.507065 -29.686897
v  -30.896780 101.326492 -27.862877
v  -31.643444 99.312943 -27.943251
v  -31.643444 99.312943 -27.443256
v  -30.896780 101.326492 -28.362867
v  -26.269705 99.312943 -27.943251
v  -26.269705 101.326492 -27.862877
v  -26.269705 99.312943 -27.443256
v  -26.269705 101.326492 -28.362867
v  -26.269705 101.326492 -28.362867
v  -30.896780 101.326492 -28.362867
v  -26.269705 101.326492 -27.862877
v  -30.896780 101.326492 -27.862877
v  -37.345497 97.915352 -27.988342
v  -36.882652 98.643806 -28.220970
v  -37.345497 97.915352 -28.470888
v  -36.882652 98.643806 -27.738422
v  10.611304 129.351486 -28.111965
v  10.592050 129.110733 -28.662384
v  11.450901 129.086456 -28.098240
v  11.636515 128.574677 -28.662754
v  12.084022 128.423141 -28.063887
v  12.228357 127.468178 -28.663523
v  12.423178 127.536407 -28.017962
v  12.715581 119.505348 -27.602022
v  12.519474 119.472420 -28.669062
v  12.436041 118.698586 -27.560240
v  12.020137 118.480476 -28.669750
v  11.871537 118.090973 -27.528772
v  11.093192 117.995323 -28.670088
v  11.112896 117.845558 -27.516058
v  11.871537 118.090973 -27.528772
v  11.112896 117.845558 -27.516058
v  11.341328 117.350914 -27.490442
v  12.281372 117.663666 -27.506638
v  12.436041 118.698586 -27.560240
v  11.341328 117.349693 -28.299471
v  12.281385 117.662537 -28.315670
v  12.981439 118.415283 -27.545565
v  12.715581 119.505348 -27.602022
v  12.981462 118.414291 -28.354597
v  13.329956 119.410408 -27.597105
v  13.329956 119.409561 -28.406134
v  13.029984 127.649391 -28.023811
v  12.423178 127.536407 -28.017962
v  13.029984 127.650238 -28.832840
v  12.616663 128.716354 -28.079069
v  12.084022 128.423141 -28.063887
v  12.616695 128.717392 -28.888098
v  11.849326 129.516281 -28.120497
v  11.450901 129.086456 -28.098240
v  11.849344 129.517532 -28.929525
v  10.830324 129.846130 -28.137583
v  10.611304 129.351486 -28.111965
v  10.830324 129.847473 -28.946611
v  23.580694 98.434273 -19.556751
v  24.860546 98.529938 -17.877502
v  24.815338 98.364227 -17.765985
v  25.368261 98.501793 -19.041985
v  25.966963 98.548943 -17.377836
v  25.897202 98.380539 -17.250500
v  26.462503 98.658836 -18.361940
v  26.522505 98.519257 -18.492701
v  29.734951 97.767830 11.808608
v  31.176743 97.893784 9.096893
v  31.012096 97.769249 8.993218
v  29.860825 97.900253 11.857343
v  32.246658 97.887924 9.676659
v  28.815556 97.899796 14.162323
v  28.695171 97.768311 14.121160
v  31.108883 97.902802 12.372236
v  30.022299 97.903336 14.648740
v  32.367371 97.769234 9.728462
v  28.627773 97.901932 16.840500
v  27.640963 97.901031 16.116510
v  27.519623 97.764877 16.030836
v  26.063871 97.901451 17.758537
v  31.274801 97.767670 12.443363
v  30.195555 97.768379 14.726520
v  28.759163 97.764885 16.940437
v  26.818190 97.901505 18.728456
v  25.967657 97.764488 17.634140
v  24.110395 97.901901 19.006090
v  24.044609 97.764763 18.855724
v  26.915676 97.764488 18.853123
v  24.630108 97.901047 20.106359
v  24.697992 97.764763 20.239210
v  21.952765 97.902191 19.668779
v  21.935158 97.765121 19.499249
v  22.127151 97.900772 20.876823
v  22.154430 97.765121 21.019138
v  19.798885 97.765663 19.381559
v  19.482288 97.900513 20.726789
v  19.753078 97.902473 19.549639
v  19.457861 97.765663 20.863976
v  17.769632 97.765175 18.589123
v  17.673103 97.902252 18.730663
v  17.016262 97.900726 19.759377
v  16.943100 97.765175 19.883499
v  15.095551 97.901505 17.973232
v  16.018904 97.901443 17.171898
v  14.980228 97.764534 18.080851
v  16.140770 97.764534 17.073654
v  14.766709 97.901031 15.286875
v  14.905993 97.764732 15.232630
v  13.654571 97.901917 15.795822
v  13.507748 97.764732 15.872569
v  14.276896 97.765030 13.086144
v  12.930515 97.902145 13.306345
v  14.132393 97.900803 13.102142
v  12.765042 97.765030 13.343122
v  14.104997 97.764786 10.830632
v  13.956971 97.900978 10.813488
v  12.734260 97.901970 10.731200
v  12.567571 97.764786 10.727234
v  14.592820 97.764519 8.665686
v  13.304461 97.901543 8.183697
v  14.448913 97.901413 8.606277
v  13.154396 97.764519 8.134582
v  15.630116 97.764595 6.694852
v  15.500392 97.901741 6.597210
v  14.507725 97.901215 5.878233
v  14.382328 97.764595 5.791061
v  17.072609 97.902008 5.060557
v  16.395741 97.900940 4.055458
v  17.173277 97.764847 5.193214
v  19.077358 97.901497 4.148581
v  16.322001 97.764847 3.929374
v  18.796589 97.901436 2.952864
v  19.123283 97.764496 4.300332
v  21.384733 97.901604 2.699598
v  21.383528 97.901329 3.923278
v  18.770412 97.764496 2.797601
v  21.383739 97.764511 4.077762
v  23.668388 97.901596 4.165047
v  23.625938 97.764542 4.318952
v  23.968050 97.901352 2.977160
v  21.385256 97.764511 2.539801
v  26.347479 97.901184 4.144313
v  25.612705 97.901779 5.108437
v  24.002590 97.764542 2.825909
v  25.519630 97.764603 5.240387
v  27.069530 97.901443 6.712556
v  28.148376 97.901505 6.126694
v  26.443213 97.764603 4.028429
v  26.934641 97.764496 6.793453
v  28.968033 97.901787 8.655992
v  27.737846 97.901184 8.832667
v  28.290522 97.764496 6.057152
v  27.589708 97.764603 8.861440
v  27.735645 97.900925 11.083021
v  29.052052 97.902039 11.325050
v  29.131815 97.764618 8.633889
v  27.590006 97.764862 11.060603
v  28.193457 97.902031 13.781816
v  27.046099 97.900894 13.217176
v  29.219555 97.764862 11.351715
v  28.340816 97.764870 13.859653
v  26.913691 97.764923 13.155519
v  25.797686 97.900635 15.093877
v  26.689938 97.902359 15.925096
v  25.692987 97.765366 14.997694
v  26.816051 97.765366 16.043957
v  24.542852 97.902451 17.463352
v  23.993519 97.900543 16.388077
v  24.624195 97.765579 17.616838
v  23.932514 97.765579 16.262892
v  21.901310 97.900665 17.079220
v  22.029171 97.902313 18.285114
v  21.891760 97.765320 16.937586
v  22.052807 97.765320 18.455263
v  19.375456 97.902176 17.894493
v  19.322651 97.765083 18.053928
v  19.808886 97.900787 16.771759
v  19.867756 97.765083 16.641418
v  16.984030 97.764832 16.525162
v  18.056784 97.900940 15.639809
v  17.107779 97.902008 16.412390
v  18.177345 97.764832 15.553583
v  15.731146 97.764938 14.134778
v  15.886538 97.902092 14.072093
v  17.034435 97.900864 13.677086
v  17.174839 97.764938 13.637850
v  15.235487 97.764679 11.506629
v  16.622742 97.901077 11.489382
v  15.399796 97.901871 11.497753
v  16.772957 97.764679 11.496031
v  15.741110 97.764496 8.854939
v  15.890259 97.901543 8.904880
v  17.027983 97.901413 9.334034
v  17.170994 97.764496 9.394289
v  17.053423 97.764496 6.517076
v  18.131058 97.901512 7.387338
v  17.177238 97.901436 6.613632
v  18.252186 97.764496 7.489472
v  19.252996 97.764839 4.851056
v  19.315239 97.900948 4.981966
v  19.820461 97.902008 6.070791
v  19.888283 97.764839 6.220330
v  21.890738 97.902039 5.639102
v  21.948719 97.900925 4.422689
v  21.883993 97.764847 5.805890
v  23.836777 97.902023 6.276307
v  21.956911 97.764847 4.276158
v  24.505131 97.900917 5.295285
v  23.753906 97.764915 6.417787
v  25.111767 97.901123 7.823345
v  24.594263 97.764900 5.183863
v  26.261721 97.901810 7.399843
v  24.973194 97.764641 7.885522
v  26.582357 97.902359 9.163724
v  25.371080 97.900620 9.257502
v  26.418798 97.764641 7.353220
v  25.230536 97.765411 9.276648
v  25.320833 97.900497 10.740761
v  26.522261 97.902473 10.929317
v  26.755234 97.765411 9.158796
v  25.181568 97.765656 10.726192
v  24.873318 97.900841 12.075435
v  25.930218 97.902115 12.659635
v  26.694494 97.765656 10.963768
v  24.745325 97.764984 12.008987
v  24.015825 97.900940 13.076094
v  23.935177 97.764847 12.952730
v  24.689941 97.902031 14.094620
v  26.074770 97.764984 12.743795
v  22.942873 97.902077 14.742682
v  22.723404 97.900879 13.550536
v  -10.830324 129.846130 -28.137583
v  -10.611304 129.351486 -28.111965
v  -10.830324 129.847473 -28.946611
v  -11.450901 129.086456 -28.098240
v  -11.849344 129.517532 -28.929525
v  -11.849326 129.516281 -28.120497
v  -12.084022 128.423141 -28.063887
v  -12.616695 128.717392 -28.888098
v  -12.616663 128.716354 -28.079069
v  -12.423178 127.536407 -28.017962
v  -13.029984 127.650238 -28.832840
v  -13.029984 127.649391 -28.023811
v  -12.715581 119.505348 -27.602022
v  -13.329956 119.409561 -28.406134
v  -13.329956 119.410408 -27.597105
v  -12.981462 118.414291 -28.354597
v  -12.981439 118.415283 -27.545565
v  -12.436041 118.698586 -27.560240
v  -12.281385 117.662537 -28.315670
v  -12.281372 117.663666 -27.506638
v  -11.871537 118.090973 -27.528772
v  -11.341328 117.349693 -28.299471
v  -11.341328 117.350914 -27.490442
v  -11.112896 117.845558 -27.516058
v  -11.112896 117.845558 -27.516058
v  11.112896 117.845558 -27.516058
v  11.093192 117.995323 -28.670088
v  -11.093192 117.995323 -28.670088
v  11.341328 117.350914 -27.490442
v  -11.341328 117.349693 -28.299471
v  11.341328 117.349693 -28.299471
v  -11.341328 117.350914 -27.490442
v  11.112896 117.845558 -27.516058
v  -11.112896 117.845558 -27.516058
v  11.370881 117.056404 -28.299147
v  11.370880 117.049255 -35.034866
v  12.435196 117.415878 -28.315336
v  12.435193 117.409073 -35.034935
v  13.228207 118.266403 -28.353268
v  13.228202 118.260422 -35.035069
v  13.624115 119.390678 -28.406113
v  13.624115 119.385895 -35.035179
v  13.322213 127.684418 -28.832817
v  13.322213 127.688995 -35.035175
v  12.858423 128.873520 -28.889132
v  12.858398 128.879395 -35.035057
v  11.999979 129.766266 -28.929350
v  11.999948 129.772964 -35.034908
v  10.859174 130.140747 -28.946253
v  10.859109 130.147781 -35.034840
v  -10.859174 130.140747 -28.946253
v  -10.859109 130.147781 -35.034840
v  -11.999948 129.772964 -35.034908
v  -11.999979 129.766266 -28.929350
v  -12.858398 128.879395 -35.035057
v  -12.858423 128.873520 -28.889132
v  -13.322213 127.688995 -35.035175
v  -13.322213 127.684418 -28.832817
v  -13.624115 119.385895 -35.035179
v  -13.624115 119.390678 -28.406113
v  -13.228202 118.260422 -35.035069
v  -13.228207 118.266403 -28.353268
v  -12.435193 117.409073 -35.034935
v  -12.435196 117.415878 -28.315336
v  -11.370880 117.049255 -35.034866
v  -11.370881 117.056404 -28.299147
v  10.611304 129.351486 -28.111965
v  -10.592050 129.110733 -28.662384
v  10.592050 129.110733 -28.662384
v  -10.611304 129.351486 -28.111965
v  -10.611304 129.351486 -28.111965
v  -11.450901 129.086456 -28.098240
v  -10.592050 129.110733 -28.662384
v  -11.636515 128.574677 -28.662754
v  -12.084022 128.423141 -28.063887
v  -12.228357 127.468178 -28.663523
v  -12.423178 127.536407 -28.017962
v  -12.715581 119.505348 -27.602022
v  -12.519474 119.472420 -28.669062
v  -12.436041 118.698586 -27.560240
v  -12.020137 118.480476 -28.669750
v  -11.871537 118.090973 -27.528772
v  -11.093192 117.995323 -28.670088
v  -11.112896 117.845558 -27.516058
v  -11.341328 117.349693 -28.299471
v  -12.281385 117.662537 -28.315670
v  -11.370881 117.056404 -28.299147
v  -12.435196 117.415878 -28.315336
v  -13.228207 118.266403 -28.353268
v  -12.981462 118.414291 -28.354597
v  -13.329956 119.409561 -28.406134
v  -13.624115 119.390678 -28.406113
v  -13.322213 127.684418 -28.832817
v  -13.029984 127.650238 -28.832840
v  -12.858423 128.873520 -28.889132
v  -12.616695 128.717392 -28.888098
v  -11.849344 129.517532 -28.929525
v  -11.999979 129.766266 -28.929350
v  -10.859174 130.140747 -28.946253
v  -10.830324 129.847473 -28.946611
v  10.859174 130.140747 -28.946253
v  10.830324 129.847473 -28.946611
v  11.849344 129.517532 -28.929525
v  11.999979 129.766266 -28.929350
v  12.858423 128.873520 -28.889132
v  12.616695 128.717392 -28.888098
v  13.029984 127.650238 -28.832840
v  13.322213 127.684418 -28.832817
v  13.329956 119.409561 -28.406134
v  13.624115 119.390678 -28.406113
v  13.228207 118.266403 -28.353268
v  12.981462 118.414291 -28.354597
v  12.281385 117.662537 -28.315670
v  12.435196 117.415878 -28.315336
v  11.370881 117.056404 -28.299147
v  11.341328 117.349693 -28.299471
v  -11.341328 117.349693 -28.299471
v  -11.370881 117.056404 -28.299147
v  11.370881 117.056404 -28.299147
v  -11.370881 117.056404 -28.299147
v  -11.370880 117.049255 -35.034866
v  11.370880 117.049255 -35.034866
v  -12.333194 128.137848 -28.298542
v  11.325375 129.243576 -28.297720
v  -11.325375 129.243576 -28.297720
v  12.333194 128.137848 -28.298542
v  -12.637266 117.857704 -28.294119
v  12.637266 117.857704 -28.294119
v  11.597727 114.820694 -29.541090
v  -11.597727 114.820694 -29.541090
v  -11.270998 114.778900 -29.148235
v  11.270998 114.778900 -29.148235
v  -11.202221 114.489571 -28.871273
v  11.202221 114.489571 -28.871273
v  9.198114 105.139778 -27.445490
v  -9.198114 105.139778 -27.445490
v  -8.693355 104.422638 -27.332270
v  8.693355 104.422638 -27.332270
v  7.868622 104.107643 -27.282541
v  -7.868622 104.107643 -27.282541
v  -11.202221 114.489571 -28.871273
v  -11.270998 114.778900 -29.148235
v  -11.597727 114.820694 -29.541090
v  -9.198114 105.139778 -27.445490
v  -9.492041 104.709259 -27.838173
v  -8.693355 104.422638 -27.332270
v  -9.000599 103.988350 -27.734089
v  -8.182758 103.670395 -27.688185
v  -7.868622 104.107643 -27.282541
v  -8.182758 103.670395 -27.688185
v  8.182758 103.670395 -27.688185
v  -7.868622 104.107643 -27.282541
v  7.868622 104.107643 -27.282541
v  11.202221 114.489571 -28.871273
v  11.597727 114.820694 -29.541090
v  11.270998 114.778900 -29.148235
v  9.198114 105.139778 -27.445490
v  9.492041 104.709259 -27.838173
v  8.693355 104.422638 -27.332270
v  9.000599 103.988350 -27.734089
v  8.182758 103.670395 -27.688185
v  7.868622 104.107643 -27.282541
v  -0.106103 121.296310 -27.091005
v  -0.103112 121.444366 -27.482935
v  -0.176592 120.737160 -27.482935
v  -0.180955 120.737160 -26.884573
v  -0.246916 120.205864 -26.841427
v  -0.250073 120.087769 -27.482935
v  -0.157860 120.073402 -26.839968
v  -0.158516 119.954025 -27.482927
v  0.000218 119.910980 -27.482927
v  0.000264 120.030487 -26.837036
v  -0.103112 121.444366 -27.482935
v  -0.000048 121.342514 -27.095457
v  -0.001332 121.492363 -27.482929
v  -0.106103 121.296310 -27.091005
v  -0.000048 121.342514 -27.095457
v  0.100528 121.444389 -27.482939
v  -0.001332 121.492363 -27.482929
v  0.106005 121.296310 -27.091000
v  0.175127 120.737160 -27.482929
v  0.100528 121.444389 -27.482939
v  0.106005 121.296310 -27.091000
v  0.180979 120.737160 -26.884573
v  0.246926 120.205864 -26.841427
v  0.249727 120.087730 -27.482924
v  0.157867 120.073402 -26.839968
v  0.158380 119.954041 -27.482929
v  0.000218 119.910980 -27.482927
v  0.000264 120.030487 -26.837036
v  -0.157860 120.073402 -26.839968
v  -0.180955 120.737160 -26.884573
v  -0.246916 120.205864 -26.841427
v  0.000129 120.737160 -26.884573
v  0.000264 120.030487 -26.837036
v  -0.106103 121.296310 -27.091005
v  0.157867 120.073402 -26.839968
v  -0.000048 121.342514 -27.095457
v  0.106005 121.296310 -27.091000
v  0.180979 120.737160 -26.884573
v  0.246926 120.205864 -26.841427
v  -3.771540 124.336586 -26.960474
v  -3.275841 124.544548 -27.533766
v  -3.830805 124.395859 -27.533766
v  -3.297533 124.463593 -26.960474
v  -2.869578 124.138283 -27.533766
v  -2.950536 124.116600 -26.960474
v  -3.077546 123.642586 -26.960474
v  -3.018281 123.583328 -27.533766
v  -3.573245 123.434624 -27.533766
v  -3.551553 123.515579 -26.960474
v  -3.979507 123.840889 -27.533766
v  -3.898550 123.862587 -26.960474
v  -3.771540 124.336586 -26.960474
v  -3.830805 124.395859 -27.533766
v  -3.898550 123.862587 -26.960474
v  -3.297533 124.463593 -26.960474
v  -3.771540 124.336586 -26.960474
v  -3.551553 123.515579 -26.960474
v  -2.950536 124.116600 -26.960474
v  -3.077546 123.642586 -26.960474
v  3.275856 124.553848 -27.533766
v  3.771555 124.345886 -26.960474
v  3.830820 124.405159 -27.533766
v  3.297548 124.472893 -26.960474
v  2.869593 124.147583 -27.533766
v  2.950551 124.125900 -26.960474
v  3.077561 123.651886 -26.960474
v  3.018296 123.592628 -27.533766
v  3.573260 123.443924 -27.533766
v  3.551567 123.524879 -26.960474
v  3.979522 123.850189 -27.533766
v  3.898564 123.871887 -26.960474
v  3.771555 124.345886 -26.960474
v  3.830820 124.405159 -27.533766
v  3.297548 124.472893 -26.960474
v  3.898564 123.871887 -26.960474
v  3.771555 124.345886 -26.960474
v  3.551567 123.524879 -26.960474
v  2.950551 124.125900 -26.960474
v  3.077561 123.651886 -26.960474
v  -9.581060 114.114716 -34.208435
v  -9.355288 114.041351 -32.760773
v  -9.355288 114.041351 -34.208435
v  -9.581060 114.114716 -32.760773
v  -9.720596 113.922653 -34.208435
v  -9.720596 113.922653 -32.760773
v  -9.581060 113.730606 -34.208435
v  -9.581060 113.730606 -32.760773
v  -9.355288 113.803955 -34.208435
v  -9.355288 113.803955 -32.760773
v  9.355288 114.041351 -32.760773
v  9.581060 114.114716 -34.208435
v  9.355288 114.041351 -34.208435
v  9.581060 114.114716 -32.760773
v  9.720596 113.922653 -34.208435
v  9.720596 113.922653 -32.760773
v  9.581060 113.730606 -34.208435
v  9.581060 113.730606 -32.760773
v  9.355288 113.803955 -34.208435
v  9.355288 113.803955 -32.760773
v  -9.365514 68.836731 -27.821472
v  -9.591287 68.429199 -29.108351
v  -9.365514 68.500229 -29.126677
v  -9.591287 68.765701 -27.803162
v  -9.730823 68.951675 -27.851105
v  -9.730823 68.615173 -29.156309
v  -9.591287 68.801147 -29.204252
v  -9.591287 69.137650 -27.899048
v  -9.365514 68.730118 -29.185942
v  -9.365514 69.066620 -27.880737
v  9.591287 68.429199 -29.108351
v  9.365514 68.836731 -27.821472
v  9.365514 68.500229 -29.126677
v  9.591287 68.765701 -27.803162
v  9.730823 68.951675 -27.851105
v  9.730823 68.615173 -29.156309
v  9.591287 68.801147 -29.204252
v  9.591287 69.137650 -27.899048
v  9.365514 68.730118 -29.185942
v  9.365514 69.066620 -27.880737
v  8.992306 67.335625 -29.358498
v  9.059971 91.337692 -34.757927
v  9.046073 67.335495 -28.722387
v  9.006238 91.337814 -35.393951
v  9.038603 115.827599 -34.057007
v  8.984692 115.985512 -34.687149
v  9.006238 91.337814 -35.393951
v  -8.984692 115.985512 -34.687149
v  8.984692 115.985512 -34.687149
v  -9.006238 91.337814 -35.393951
v  8.992306 67.335625 -29.358498
v  -8.992306 67.335625 -29.358498
v  -9.059971 91.337692 -34.757927
v  -8.992306 67.335625 -29.358498
v  -9.046073 67.335495 -28.722387
v  -9.006238 91.337814 -35.393951
v  -9.038603 115.827599 -34.057007
v  -8.984692 115.985512 -34.687149
v  -9.304426 115.834282 -34.011543
v  -9.304426 99.428467 -27.928617
v  -9.304426 114.843300 -30.048996
v  -9.304426 95.849998 -31.992996
v  -9.304426 96.134987 -29.314306
v  -9.304426 96.069801 -29.196075
v  22.702572 97.764923 13.406619
v  24.782909 97.764847 14.233582
v  22.978710 97.764923 14.905989
v  21.367567 97.901360 13.568873
v  21.414202 97.764511 13.420318
v  21.069183 97.901573 14.756523
v  21.039209 97.764511 14.912971
v  20.381805 97.764671 12.812161
v  19.420494 97.901085 13.777908
v  20.262436 97.901848 12.920937
v  19.323275 97.764679 13.889421
v  19.765816 97.764847 11.795590
v  19.602341 97.902039 11.831184
v  18.419657 97.900925 12.132239
v  18.278503 97.764847 12.174124
v  18.522913 97.901001 10.209245
v  19.673603 97.901955 10.553888
v  18.382673 97.764778 10.169479
v  19.829582 97.764786 10.602816
v  20.345104 97.901329 9.427557
v  19.472391 97.901497 8.563461
v  20.456314 97.764572 9.535295
v  19.360233 97.764496 8.452385
v  21.041655 97.900940 7.645496
v  21.442257 97.901733 8.790120
v  20.987274 97.765091 7.509877
v  21.489983 97.764763 8.941906
v  22.853132 97.901192 7.499434
v  22.860424 97.764595 7.346622
v  22.755445 97.901794 8.718985
v  22.737865 97.764603 8.881224
v  23.745926 97.899506 7.659139
v  23.758047 97.764572 7.499162
v  23.505600 97.901215 8.866349
v  23.455177 97.764572 9.013608
v  24.288351 97.720238 8.040069
v  24.146152 97.867859 8.106078
v  23.964146 97.913277 8.751597
v  24.058882 97.784264 8.852258
v  21.298670 37.451878 34.582283
v  -20.313948 37.451878 30.531591
v  21.298670 37.451878 30.531591
v  -20.313948 37.451878 34.582283
v  -20.313948 39.635330 31.531590
v  21.298670 39.635330 30.531591
v  -20.313948 39.635330 30.531591
v  21.298670 39.635330 31.531590
v  -20.313948 38.610703 33.247574
v  21.298670 38.610703 33.247574
v  -20.313948 38.085892 34.479973
v  21.298670 38.085892 34.479973
v  -20.313948 37.451878 34.582283
v  21.298670 37.451878 34.582283
v  -20.313948 37.451878 30.531591
v  -20.313948 39.635330 31.531590
v  -20.313948 39.635330 30.531591
v  -20.313948 38.610703 33.247574
v  -20.313948 37.451878 34.582283
v  -20.313948 38.085892 34.479973
v  21.298670 37.451878 30.531591
v  21.298670 39.635330 30.531591
v  21.298670 39.635330 31.531590
v  21.298670 38.610703 33.247574
v  21.298670 37.451878 34.582283
v  21.298670 38.085892 34.479973
v  -38.319309 7.449675 27.783030
v  -38.319309 7.447998 -32.180901
v  -35.542908 7.447998 -32.180901
v  -35.542908 7.449675 27.783030
v  -38.319309 95.029861 -31.727644
v  -38.319309 95.514023 24.181583
v  -38.319309 95.548264 -31.122124
v  -38.319309 95.344193 24.985575
v  -38.319309 94.228279 -32.180916
v  -38.319309 94.922348 25.610008
v  -38.319309 88.628891 27.783030
v  -38.319309 7.447998 -32.180901
v  -38.319309 7.449675 27.783030
v  -35.542908 94.228279 -32.180916
v  -38.319309 94.228279 -32.180916
v  -38.319309 95.029861 -31.727644
v  -35.542908 95.029861 -31.727644
v  -35.542908 95.548264 -31.122124
v  -38.319309 95.548264 -31.122124
v  -38.319309 95.514023 24.181583
v  -35.542908 95.514023 24.181583
v  -38.319309 95.344193 24.985575
v  -35.542908 95.344193 24.985575
v  -38.319309 94.922348 25.610008
v  -35.542908 94.922348 25.610008
v  -35.542908 94.228279 -32.180916
v  -38.319309 7.447998 -32.180901
v  -38.319309 94.228279 -32.180916
v  -35.542908 7.447998 -32.180901
v  -35.542908 7.449675 27.783030
v  -38.319309 88.628891 27.783030
v  -38.319309 7.449675 27.783030
v  -35.542908 88.628891 27.783030
v  -38.319309 94.922348 25.610008
v  -35.542908 94.922348 25.610008
v  38.319309 7.449675 27.783030
v  35.542908 7.447998 -32.180901
v  38.319309 7.447998 -32.180901
v  35.542908 7.449675 27.783030
v  38.319309 95.514023 24.181583
v  38.319309 95.029861 -31.727644
v  38.319309 95.548264 -31.122124
v  38.319309 95.344193 24.985575
v  38.319309 94.228279 -32.180916
v  38.319309 94.922348 25.610008
v  38.319309 88.628891 27.783030
v  38.319309 7.447998 -32.180901
v  38.319309 7.449675 27.783030
v  38.319309 94.228279 -32.180916
v  35.542908 94.228279 -32.180916
v  38.319309 95.029861 -31.727644
v  35.542908 95.029861 -31.727644
v  35.542908 95.548264 -31.122124
v  38.319309 95.548264 -31.122124
v  38.319309 95.514023 24.181583
v  35.542908 95.514023 24.181583
v  38.319309 95.344193 24.985575
v  35.542908 95.344193 24.985575
v  38.319309 94.922348 25.610008
v  35.542908 94.922348 25.610008
v  38.319309 7.447998 -32.180901
v  35.542908 94.228279 -32.180916
v  38.319309 94.228279 -32.180916
v  35.542908 7.447998 -32.180901
v  38.319309 88.628891 27.783030
v  35.542908 7.449675 27.783030
v  38.319309 7.449675 27.783030
v  35.542908 88.628891 27.783030
v  38.319309 94.922348 25.610008
v  35.542908 94.922348 25.610008
v  0.747716 108.658936 -26.176172
v  -0.337953 110.588135 -26.634502
v  -0.747585 108.658936 -26.176172
v  0.349940 110.588135 -26.634502
v  -0.337953 110.588135 -26.634502
v  -0.747650 108.297523 -28.076893
v  -0.747585 108.658936 -26.176172
v  -0.341903 110.936104 -28.383764
v  0.747650 108.297523 -28.076893
v  0.349940 110.588135 -26.634502
v  0.747716 108.658936 -26.176172
v  0.345991 110.936104 -28.383764
v  0.349940 110.588135 -26.634502
v  0.345991 110.936104 -28.383764
v  -0.337953 110.588135 -26.634502
v  -0.341903 110.936104 -28.383764
v  0.459898 109.053482 -27.599373
v  0.861069 108.547699 -25.848154
v  1.200924 108.522331 -27.511343
v  0.330084 108.928284 -25.911230
v  -0.326248 108.928284 -25.911230
v  -0.456061 109.053482 -27.599373
v  -0.857232 108.547699 -25.848154
v  -1.197088 108.522331 -27.511343
v  -1.480134 107.662926 -27.368916
v  -1.060050 107.931885 -25.746096
v  -0.857232 107.316078 -25.644037
v  -1.197087 106.803528 -27.226486
v  -0.456061 106.272385 -27.138460
v  -0.326248 106.935486 -25.580963
v  0.330085 106.935486 -25.580963
v  0.459898 106.272385 -27.138460
v  0.861069 107.316078 -25.644037
v  1.200924 106.803528 -27.226486
v  1.483971 107.662926 -27.368916
v  1.063886 107.931885 -25.746096
v  0.861069 108.547699 -25.848154
v  1.200924 108.522331 -27.511343
v  -0.857232 107.316078 -25.644037
v  -0.857232 108.547699 -25.848154
v  -1.060050 107.931885 -25.746096
v  -0.326248 108.928284 -25.911230
v  -0.326248 106.935486 -25.580963
v  0.330084 108.928284 -25.911230
v  0.330085 106.935486 -25.580963
v  0.861069 107.316078 -25.644037
v  0.861069 108.547699 -25.848154
v  1.063886 107.931885 -25.746096
v  37.415508 95.815506 -30.681065
v  37.407406 95.734741 -29.157948
v  37.407406 95.734741 -30.681065
v  37.415508 95.815506 -29.157948
v  35.730309 95.812500 -29.157948
v  35.730309 95.812500 -30.681065
v  37.407406 95.734741 -30.681065
v  35.262985 95.526466 -30.681065
v  35.722206 95.731735 -30.681065
v  35.262985 95.526466 -29.157948
v  35.254879 95.445702 -30.681065
v  34.422398 95.523460 -30.681065
v  34.414295 95.442696 -30.681065
v  34.163776 95.523460 -30.599949
v  34.155674 95.442696 -30.599949
v  33.916027 95.523460 -30.356657
v  33.907925 95.442696 -30.356657
v  33.597076 95.442696 -29.732794
v  33.605179 95.523460 -29.732794
v  33.427765 95.523460 -29.578070
v  33.183777 95.523460 -29.511230
v  33.021004 95.523460 -29.092812
v  33.419662 95.442696 -29.578070
v  33.012901 95.442696 -29.092812
v  33.175674 95.442696 -29.511230
v  33.175674 95.442696 -29.511230
v  -37.407406 95.734741 -29.157948
v  -37.415508 95.815506 -30.681065
v  -37.407406 95.734741 -30.681065
v  -37.415508 95.815506 -29.157948
v  -35.730309 95.812500 -29.157948
v  -35.730309 95.812500 -30.681065
v  -37.407406 95.734741 -30.681065
v  -35.262985 95.526466 -30.681065
v  -35.722206 95.731735 -30.681065
v  -35.262985 95.526466 -29.157948
v  -35.254879 95.445702 -30.681065
v  -34.422398 95.523460 -30.681065
v  -34.414295 95.442696 -30.681065
v  -34.163776 95.523460 -30.599949
v  -34.155674 95.442696 -30.599949
v  -33.916027 95.523460 -30.356657
v  -33.907925 95.442696 -30.356657
v  -33.597076 95.442696 -29.732794
v  -33.605179 95.523460 -29.732794
v  -33.427765 95.523460 -29.578070
v  -33.183777 95.523460 -29.511230
v  -33.021004 95.523460 -29.092812
v  -33.419662 95.442696 -29.578070
v  -33.012901 95.442696 -29.092812
v  -33.175674 95.442696 -29.511230
v  -33.175674 95.442696 -29.511230
v  -3.580723 124.296104 -27.449953
v  -3.764584 123.935745 -28.103485
v  -3.764322 123.935768 -27.449953
v  -3.580843 124.296356 -28.103485
v  -3.181287 124.232841 -27.449953
v  -3.181100 124.233032 -28.103485
v  -3.117787 123.833298 -28.103485
v  -3.118023 123.833420 -27.449953
v  -3.478400 123.649551 -28.103489
v  -3.478359 123.649811 -27.449953
v  -3.764584 123.935745 -28.103485
v  -3.764322 123.935768 -27.449953
v  3.764337 123.945068 -27.449953
v  3.764600 123.945045 -28.103485
v  3.580738 124.305412 -27.449953
v  3.580858 124.305656 -28.103485
v  3.181303 124.242149 -27.449953
v  3.181115 124.242340 -28.103485
v  3.117802 123.842598 -28.103485
v  3.118038 123.842712 -27.449953
v  3.478415 123.658844 -28.103489
v  3.478374 123.659111 -27.449953
v  3.764600 123.945045 -28.103485
v  3.764337 123.945068 -27.449953
v  0.053857 120.927986 -28.103485
v  0.339780 120.641769 -27.449953
v  0.340042 120.641815 -28.103485
v  0.053816 120.927727 -27.449953
v  -0.306520 120.744118 -27.449953
v  -0.306756 120.744255 -28.103485
v  -0.243255 120.344696 -27.449953
v  -0.243443 120.344505 -28.103485
v  0.156300 120.281197 -28.103489
v  0.156179 120.281433 -27.449953
v  0.340042 120.641815 -28.103485
v  0.339780 120.641769 -27.449953
v  -9.304426 95.507294 -32.335693
v  -9.304426 91.343811 -34.716244
v  -9.304426 95.916786 -29.241615
v  -9.304426 95.849998 -29.399130
v  -9.304426 93.133942 -32.335693
v  -9.304426 92.529503 -32.076508
v  -9.304426 92.109009 -31.537268
v  -9.304426 91.237846 -25.673080
v  -9.304426 67.341980 -28.678244
v  -9.304426 67.341980 -24.256332
v  -8.951686 67.341980 -28.678244
v  -9.304426 67.341980 -24.256332
v  -9.304426 67.341980 -28.678244
v  -8.951686 67.341980 -24.256332
v  -10.356208 91.343811 -34.599106
v  -10.356208 115.834282 -33.894409
v  -8.888430 115.834282 -33.894409
v  -8.888430 91.343811 -34.599106
v  -10.356208 67.341980 -28.561111
v  -8.888430 67.341980 -28.561111
v  -10.356208 115.834282 -33.894409
v  -10.356208 91.348717 -34.514229
v  -10.356208 115.832970 -33.808769
v  -10.356208 91.343811 -34.599106
v  -10.356208 67.341980 -28.561111
v  -10.356208 67.353889 -28.476965
v  -10.356208 91.343811 -34.875427
v  -10.356208 115.834282 -34.170731
v  -8.888430 115.834282 -34.170731
v  -8.888430 91.343811 -34.875427
v  -10.356208 67.341980 -28.837433
v  -8.888430 67.341980 -28.837433
v  -10.356208 115.834282 -34.170731
v  -10.356208 91.348717 -34.790550
v  -10.356208 115.832970 -34.085091
v  -10.356208 91.343811 -34.875427
v  -10.356208 67.341980 -28.837433
v  -10.356208 67.353889 -28.753286
v  10.356208 91.343811 -34.875427
v  8.888430 115.834282 -34.170731
v  10.356208 115.834282 -34.170731
v  8.888430 91.343811 -34.875427
v  10.356208 67.341980 -28.837433
v  8.888430 67.341980 -28.837433
v  10.356208 91.348717 -34.790550
v  10.356208 115.834282 -34.170731
v  10.356208 115.832970 -34.085091
v  10.356208 91.343811 -34.875427
v  10.356208 67.341980 -28.837433
v  10.356208 67.353889 -28.753286
v  10.356208 91.343811 -34.599106
v  8.888430 115.834282 -33.894409
v  10.356208 115.834282 -33.894409
v  8.888430 91.343811 -34.599106
v  10.356208 67.341980 -28.561111
v  8.888430 67.341980 -28.561111
v  10.356208 91.348717 -34.514229
v  10.356208 115.834282 -33.894409
v  10.356208 115.832970 -33.808769
v  10.356208 91.343811 -34.599106
v  10.356208 67.341980 -28.561111
v  10.356208 67.353889 -28.476965
v  9.304426 115.834282 -34.011543
v  9.304426 114.843300 -30.048996
v  9.304426 99.428467 -27.928617
v  9.304426 95.849998 -31.992996
v  9.304426 96.134987 -29.314306
v  9.304426 96.069801 -29.196075
v  9.304426 95.507294 -32.335693
v  9.304426 91.343811 -34.716244
v  9.304426 95.916786 -29.241615
v  9.304426 95.849998 -29.399130
v  9.304426 93.133942 -32.335693
v  9.304426 92.529503 -32.076508
v  9.304426 92.109009 -31.537268
v  9.304426 91.237846 -25.673080
v  9.304426 67.341980 -28.678244
v  9.304426 67.341980 -24.256332
v  9.304426 67.341980 -24.256332
v  8.951686 67.341980 -28.678244
v  9.304426 67.341980 -28.678244
v  8.951686 67.341980 -24.256332
v  9.798501 95.803482 -29.492538
v  9.798501 95.916786 -31.895035
v  9.798501 95.916786 -29.492538
v  9.798501 95.803482 -31.895294
v  9.798501 95.681328 -32.267097
v  9.798501 95.602814 -32.202339
v  9.798501 95.213760 -32.457367
v  9.798501 95.213516 -32.351200
v  9.798501 93.230583 -32.351200
v  9.798501 93.190971 -32.457367
v  9.798501 92.673096 -32.121365
v  9.798501 92.614586 -32.221848
v  9.798501 92.165482 -31.778580
v  9.798501 92.247147 -31.696350
v  9.798501 91.889206 -31.201124
v  9.798501 91.985603 -31.143936
v  9.798501 91.124931 -25.673080
v  9.798501 91.221413 -25.673080
v  9.271665 95.916786 -31.895035
v  9.271665 95.916786 -29.492538
v  9.798501 95.916786 -29.492538
v  9.798501 95.916786 -31.895035
v  9.798501 95.681328 -32.267097
v  9.271665 95.681328 -32.267097
v  9.798501 95.213760 -32.457367
v  9.271665 95.213760 -32.457367
v  9.798501 93.190971 -32.457367
v  9.271665 93.190971 -32.457367
v  9.271666 92.614586 -32.221848
v  9.798501 92.614586 -32.221848
v  9.798501 92.165482 -31.778580
v  9.271666 92.165482 -31.778580
v  9.798501 91.889206 -31.201124
v  9.271666 91.889206 -31.201124
v  9.798501 91.124931 -25.673080
v  9.271665 91.124931 -25.673080
v  -9.798501 95.916786 -31.895035
v  -9.798501 95.803482 -29.492538
v  -9.798501 95.916786 -29.492538
v  -9.798501 95.803482 -31.895294
v  -9.798501 95.681328 -32.267097
v  -9.798501 95.602814 -32.202339
v  -9.798501 95.213760 -32.457367
v  -9.798501 95.213516 -32.351200
v  -9.798501 93.230583 -32.351200
v  -9.798501 93.190971 -32.457367
v  -9.798501 92.673096 -32.121365
v  -9.798501 92.614586 -32.221848
v  -9.798501 92.165482 -31.778580
v  -9.798501 92.247147 -31.696350
v  -9.798501 91.889206 -31.201124
v  -9.798501 91.985603 -31.143936
v  -9.798501 91.124931 -25.673080
v  -9.798501 91.221413 -25.673080
v  -9.271665 95.916786 -29.492538
v  -9.271665 95.916786 -31.895035
v  -9.798501 95.916786 -29.492538
v  -9.798501 95.916786 -31.895035
v  -9.798501 95.681328 -32.267097
v  -9.271665 95.681328 -32.267097
v  -9.798501 95.213760 -32.457367
v  -9.271665 95.213760 -32.457367
v  -9.798501 93.190971 -32.457367
v  -9.271665 93.190971 -32.457367
v  -9.271666 92.614586 -32.221848
v  -9.798501 92.614586 -32.221848
v  -9.798501 92.165482 -31.778580
v  -9.271666 92.165482 -31.778580
v  -9.798501 91.889206 -31.201124
v  -9.271666 91.889206 -31.201124
v  -9.798501 91.124931 -25.673080
v  -9.271665 91.124931 -25.673080
v  24.818443 97.842903 -15.878012
v  30.158298 97.842903 -21.508566
v  24.733463 97.934250 -15.958606
v  30.073318 97.934250 -21.589159
v  29.988417 97.842903 -21.669678
v  24.648561 97.842903 -16.039124
v  24.878559 97.934250 -13.018842
v  30.649731 97.842903 -7.693405
v  24.952343 97.842903 -13.096642
v  30.575943 97.934250 -7.615604
v  24.791231 97.842903 -12.926759
v  30.488617 97.842903 -7.523520
v  16.349833 97.934250 -7.080402
v  21.616480 97.842903 -12.819360
v  16.257164 97.842903 -7.168285
v  21.709148 97.934250 -12.731476
v  21.786362 97.842903 -12.658247
v  16.427046 97.842903 -7.007174
v  16.187656 97.934250 -21.287308
v  21.904560 97.842903 -16.020426
v  16.264980 97.842903 -21.368843
v  21.827236 97.934250 -15.938889
v  21.743450 97.842903 -15.850541
v  16.103868 97.842903 -21.198957
v  14.249049 97.146698 4.721386
v  19.965956 97.055351 9.988268
v  14.326374 97.055351 4.639851
v  19.888630 97.146698 10.069804
v  19.804842 97.055351 10.158152
v  14.165261 97.055351 4.809735
v  22.879835 97.055351 10.130682
v  28.219690 97.055351 4.500128
v  22.794857 97.146698 10.050087
v  28.134712 97.146698 4.419535
v  28.049809 97.055351 4.339016
v  22.709955 97.055351 9.969570
v  22.939955 97.146698 12.989850
v  28.711124 97.055351 18.315289
v  23.013737 97.055351 12.912050
v  28.637337 97.146698 18.393089
v  22.852625 97.055351 13.081935
v  28.550011 97.055351 18.485174
v  14.411226 97.146698 18.928291
v  19.677874 97.055351 13.189334
v  14.318557 97.055351 18.840408
v  19.770542 97.146698 13.277216
v  19.847755 97.055351 13.350445
v  14.488441 97.055351 19.001520
v  -21.925724 97.842903 12.674749
v  -16.585869 97.842903 7.044195
v  -22.010704 97.934250 12.594154
v  -16.670849 97.934250 6.963602
v  -16.755751 97.842903 6.883083
v  -22.095606 97.842903 12.513638
v  -24.916931 97.934250 12.613871
v  -30.640299 97.842903 7.353801
v  -25.000715 97.842903 12.702219
v  -30.556509 97.934250 7.265453
v  -24.839605 97.842903 12.532335
v  -30.479187 97.842903 7.183918
v  -30.394333 97.934250 21.472359
v  -25.127687 97.842903 15.733400
v  -30.487003 97.842903 21.384474
v  -25.035017 97.934250 15.821282
v  -24.957804 97.842903 15.894511
v  -30.317120 97.842903 21.545588
v  -21.865606 97.934250 15.533918
v  -16.094437 97.842903 20.859354
v  -21.791822 97.842903 15.456118
v  -16.168222 97.934250 20.937157
v  -21.952936 97.842903 15.626001
v  -16.255550 97.842903 21.029242
v  25.822670 97.034492 -14.703531
v  25.584084 98.076019 -13.197175
v  25.584084 97.034492 -13.197173
v  25.822670 98.076019 -14.703533
v  25.130272 97.034492 -16.062435
v  25.130272 98.076019 -16.062437
v  23.771370 98.076019 -16.754837
v  23.771370 97.034492 -16.754833
v  22.265009 98.076019 -16.516249
v  22.265009 97.034492 -16.516247
v  21.186579 98.076019 -15.437818
v  21.186579 97.034492 -15.437818
v  20.947990 98.076019 -13.931458
v  20.947990 97.034492 -13.931458
v  21.640388 98.076019 -12.572556
v  21.640388 97.034492 -12.572554
v  22.999290 98.076019 -11.880157
v  22.999290 97.034492 -11.880157
v  24.505650 98.076019 -12.118740
v  24.505650 97.034492 -12.118739
v  25.584084 97.034492 -13.197173
v  25.584084 98.076019 -13.197175
v  23.691507 96.304741 11.348395
v  23.452923 97.346268 12.854753
v  23.452923 96.304741 12.854753
v  23.691507 97.346268 11.348395
v  22.999111 96.304741 9.989491
v  22.999111 97.346268 9.989491
v  21.640209 97.346268 9.297092
v  21.640209 96.304741 9.297094
v  20.133846 97.346268 9.535680
v  20.133846 96.304741 9.535682
v  19.055418 97.346268 10.614110
v  19.055418 96.304741 10.614111
v  18.816832 97.346268 12.120470
v  18.816832 96.304741 12.120470
v  19.509228 97.346268 13.479373
v  19.509228 96.304741 13.479374
v  20.868132 97.346268 14.171770
v  20.868132 96.304741 14.171772
v  22.374489 97.346268 13.933187
v  22.374489 96.304741 13.933189
v  23.452923 96.304741 12.854753
v  23.452923 97.346268 12.854753
v  -20.971962 97.034492 13.846177
v  -21.210550 98.076019 15.352533
v  -21.210550 97.034492 15.352535
v  -20.971962 98.076019 13.846175
v  -21.664362 97.034492 12.487273
v  -21.664362 98.076019 12.487272
v  -23.023264 98.076019 11.794873
v  -23.023264 97.034492 11.794875
v  -24.529625 98.076019 12.033461
v  -24.529625 97.034492 12.033463
v  -25.608053 98.076019 13.111891
v  -25.608053 97.034492 13.111891
v  -25.846642 98.076019 14.618251
v  -25.846642 97.034492 14.618252
v  -25.154245 98.076019 15.977153
v  -25.154245 97.034492 15.977155
v  -23.795341 98.076019 16.669552
v  -23.795341 97.034492 16.669554
v  -22.288984 98.076019 16.430969
v  -22.288984 97.034492 16.430971
v  -21.210550 97.034492 15.352535
v  -21.210550 98.076019 15.352533
v  21.969488 97.766479 -13.264182
v  20.948759 97.064331 -13.555508
v  21.969488 97.064331 -13.264182
v  20.948759 97.766479 -13.555508
v  13.798822 97.766479 -13.859254
v  13.798822 97.064331 -13.859254
v  20.948761 97.766479 -14.995381
v  21.969488 97.766479 -13.264182
v  21.969488 97.766479 -15.286708
v  20.948759 97.766479 -13.555508
v  13.798824 97.766479 -14.691634
v  13.798822 97.766479 -13.859254
v  21.969488 97.064331 -15.286708
v  20.948761 97.766479 -14.995381
v  21.969488 97.766479 -15.286708
v  20.948761 97.064331 -14.995381
v  13.798824 97.064331 -14.691634
v  13.798824 97.766479 -14.691634
v  20.248787 96.688927 10.004546
v  20.540112 95.986778 8.983818
v  20.248787 95.986778 10.004546
v  20.540112 96.688927 8.983818
v  20.843857 96.688927 1.833881
v  20.843857 95.986778 1.833881
v  22.271313 96.688927 10.004546
v  22.271313 95.986778 10.004546
v  21.979986 96.688927 8.983818
v  21.979986 95.986778 8.983818
v  21.676241 95.986778 1.833881
v  21.676241 96.688927 1.833881
v  20.248787 96.688927 10.004546
v  22.271313 96.688927 10.004546
v  20.540112 96.688927 8.983818
v  21.979986 96.688927 8.983818
v  21.676241 96.688927 1.833881
v  20.843857 96.688927 1.833881
v  37.633232 114.424896 -32.134140
v  37.604977 113.258934 -30.843241
v  37.591213 113.961456 -31.344435
v  37.604977 115.097916 -34.845764
v  37.694862 97.948601 -34.845764
v  37.694862 95.664688 -27.428202
v  37.694862 96.566704 -34.126579
v  37.694862 95.659187 -32.778767
v  37.633232 114.424896 -32.134140
v  37.498177 115.350410 -34.845764
v  37.604977 115.097916 -34.845764
v  37.421780 114.580795 -31.714043
v  37.591213 113.961456 -31.344435
v  37.301895 116.056488 -34.890038
v  37.006596 114.674446 -31.312021
v  37.397945 114.070854 -30.931410
v  37.604977 113.258934 -30.843241
v  0.000000 116.056488 -34.890038
v  0.000000 114.674446 -31.312021
v  36.992989 114.067032 -30.583471
v  37.387554 113.229439 -30.384344
v  37.694862 95.664688 -27.428202
v  37.006596 113.211655 -30.115011
v  37.489838 95.833412 -26.996275
v  0.000000 114.135071 -30.539381
v  0.000000 113.211655 -30.115011
v  -36.992989 114.067032 -30.583471
v  -37.006596 114.674446 -31.312021
v  -37.301895 116.056488 -34.890038
v  0.000000 95.837074 -26.743921
v  37.111599 95.837074 -26.743921
v  -37.006596 113.211655 -30.115011
v  -37.387554 113.229439 -30.384344
v  -37.397945 114.070854 -30.931410
v  -37.421780 114.580795 -31.714043
v  -37.498177 115.350410 -34.845764
v  -37.111599 95.837074 -26.743921
v  -37.489838 95.833412 -26.996275
v  -37.604977 113.258934 -30.843241
v  -37.694862 95.664688 -27.428202
v  -37.591213 113.961456 -31.344435
v  -37.633232 114.424896 -32.134140
v  -37.604977 115.097916 -34.845764
v  -37.604977 113.258934 -30.843241
v  -37.633232 114.424896 -32.134140
v  -37.591213 113.961456 -31.344435
v  -37.604977 115.097916 -34.845764
v  -37.694862 97.948601 -34.845764
v  -37.694862 95.664688 -27.428202
v  -37.694862 96.566704 -34.126579
v  -37.694862 95.659187 -32.778767
v  -20.679842 43.286594 23.873625
v  -20.679842 45.065655 -8.447676
v  -20.679842 45.065655 23.873625
v  -20.679842 43.286594 -8.447676
v  -20.679842 45.065655 23.873625
v  -24.612961 43.286594 23.873625
v  -20.679842 43.286594 23.873625
v  -24.612961 49.242363 23.873625
v  -3.165601 47.882435 23.873625
v  1.209650 44.107491 23.873625
v  1.209657 47.882317 23.873625
v  5.584915 47.882202 23.873625
v  23.099140 45.065655 23.873625
v  27.054077 49.242363 23.873625
v  27.054077 43.286594 23.873625
v  23.099140 43.286594 23.873625
v  23.099140 43.286594 23.873625
v  23.099140 45.065655 -8.447676
v  23.099140 43.286594 -8.447676
v  23.099140 45.065655 23.873625
v  27.054077 43.286594 -8.447676
v  27.054077 49.242363 23.873625
v  27.054077 43.286594 23.873625
v  27.054077 49.242363 -8.447676
v  -24.612961 49.242363 23.873625
v  -3.165601 47.882435 23.873625
v  -24.612961 49.242363 -8.447676
v  -3.165601 47.882435 -8.447676
v  -1.958247 47.882401 0.359978
v  -1.158479 47.882381 -2.584856
v  1.240819 47.882317 -3.566451
v  1.209657 47.882317 -8.447676
v  -1.958247 47.882401 15.533331
v  5.584915 47.882202 -8.447676
v  3.640109 47.882256 -2.584836
v  -1.158479 47.882381 18.830589
v  1.240819 47.882317 19.929665
v  1.209657 47.882317 23.873625
v  4.439872 47.882233 0.359963
v  5.584915 47.882202 23.873625
v  27.054077 49.242363 23.873625
v  27.054077 49.242363 -8.447676
v  3.640109 47.882256 18.830563
v  4.439872 47.882233 15.533278
v  -24.612961 43.286594 -8.447676
v  -24.612961 43.286594 23.873625
v  -24.612961 49.242363 23.873625
v  -24.612961 49.242363 -8.447676
v  7.068559 86.697227 -17.945986
v  7.065101 86.696899 -15.240426
v  6.910223 86.367401 -15.240426
v  6.915400 86.365524 -17.945986
v  6.582194 86.423752 -17.945986
v  6.573273 86.425247 -15.240426
v  6.529421 86.791458 -17.945986
v  6.997361 86.425644 -13.987909
v  6.519908 86.790504 -15.240426
v  7.320842 86.368088 -14.129750
v  6.946013 86.790276 -13.965313
v  8.395631 86.424706 -12.774851
v  8.362646 86.790878 -12.729266
v  8.603005 86.366989 -13.061687
v  10.217153 86.423752 -12.378762
v  10.217153 86.791458 -12.325989
v  10.217153 86.365524 -12.711973
v  18.040413 86.792000 -12.257547
v  18.059114 86.422897 -12.308238
v  18.177275 86.364296 -12.629144
v  19.671318 86.786270 -11.290583
v  19.719727 86.431793 -11.320841
v  20.025902 86.375259 -11.514180
v  20.441269 86.425247 -9.914604
v  20.387903 86.790504 -9.914604
v  20.778217 86.367401 -9.914604
v  20.379749 86.791458 19.679298
v  20.387903 86.790504 -9.914604
v  20.441269 86.425247 -9.914604
v  20.432522 86.423752 19.679697
v  20.778217 86.367401 -9.914604
v  20.765726 86.365524 19.682261
v  20.933090 86.696899 -9.914604
v  20.918880 86.697227 19.683426
v  15.036149 86.697227 -7.562874
v  15.881064 86.365524 -5.882715
v  15.727907 86.697227 -5.881550
v  15.143794 86.365524 -7.673301
v  16.214270 86.423752 -5.885275
v  13.713808 86.365524 -8.458302
v  15.376468 86.423752 -7.919268
v  13.713808 86.697227 -8.279688
v  13.713808 86.423752 -8.849718
v  12.391463 86.697227 -7.562874
v  12.283821 86.365524 -7.673301
v  12.051147 86.423752 -7.919268
v  11.546551 86.365524 -5.882715
v  11.213345 86.423752 -5.885275
v  11.699707 86.697227 -5.881550
v  16.243282 86.423752 19.679697
v  15.881064 86.365524 -5.882715
v  16.214270 86.423752 -5.885275
v  15.910075 86.365524 19.682261
v  15.727907 86.697227 -5.881550
v  15.756922 86.697227 19.683426
v  11.183620 86.423752 19.679697
v  11.213345 86.423752 -5.885275
v  11.546551 86.365524 -5.882715
v  11.516827 86.365524 19.682261
v  11.699707 86.697227 -5.881550
v  11.669981 86.697227 19.683426
v  16.958927 86.423752 21.418303
v  15.910075 86.365524 19.682261
v  16.243282 86.423752 19.679697
v  16.725761 86.365524 21.662436
v  18.337900 86.423752 22.171051
v  15.756922 86.697227 19.683426
v  16.619364 86.697227 21.777561
v  18.337900 86.365524 22.561552
v  18.337900 86.697227 22.742500
v  19.950039 86.365524 21.662436
v  19.716877 86.423752 21.418303
v  20.056438 86.697227 21.777561
v  20.765726 86.365524 19.682261
v  20.918880 86.697227 19.683426
v  20.432522 86.423752 19.679697
v  20.041788 86.791458 20.897072
v  20.379749 86.791458 19.679298
v  5.787249 86.697227 -7.562874
v  6.632165 86.365524 -5.882715
v  6.479009 86.697227 -5.881550
v  5.894894 86.365524 -7.673301
v  6.965368 86.423752 -5.885275
v  4.457113 86.365524 -8.458302
v  6.127568 86.423752 -7.919268
v  4.457113 86.697227 -8.279688
v  4.457113 86.423752 -8.849718
v  3.126976 86.697227 -7.562874
v  3.019332 86.365524 -7.673301
v  2.786657 86.423752 -7.919268
v  2.282061 86.365524 -5.882715
v  1.948856 86.423752 -5.885275
v  2.435217 86.697227 -5.881550
v  6.994381 86.423752 19.679697
v  6.632165 86.365524 -5.882715
v  6.965368 86.423752 -5.885275
v  6.661177 86.365524 19.682261
v  6.479009 86.697227 -5.881550
v  6.508021 86.697227 19.683426
v  7.710025 86.423752 21.418303
v  6.661177 86.365524 19.682261
v  6.994381 86.423752 19.679697
v  7.476861 86.365524 21.662436
v  9.089001 86.423752 22.171051
v  6.508021 86.697227 19.683426
v  7.370463 86.697227 21.777561
v  9.089001 86.365524 22.561552
v  9.089001 86.697227 22.742500
v  10.701140 86.365524 21.662436
v  10.467978 86.423752 21.418303
v  10.807539 86.697227 21.777561
v  11.516827 86.365524 19.682261
v  11.669981 86.697227 19.683426
v  11.183620 86.423752 19.679697
v  -7.415663 86.696899 -15.240426
v  -7.419120 86.697227 -17.945986
v  -7.260786 86.367401 -15.240426
v  -7.265963 86.365524 -17.945986
v  -6.932756 86.423752 -17.945986
v  -6.923835 86.425247 -15.240426
v  -6.879983 86.791458 -17.945986
v  -7.347923 86.425644 -13.987909
v  -6.870470 86.790504 -15.240426
v  -7.671404 86.368088 -14.129750
v  -7.296575 86.790276 -13.965313
v  -8.746193 86.424706 -12.774851
v  -8.713207 86.790878 -12.729266
v  -8.953568 86.366989 -13.061687
v  -10.567715 86.423752 -12.378762
v  -10.567715 86.791458 -12.325989
v  -10.567715 86.365524 -12.711973
v  -18.390976 86.792000 -12.257547
v  -18.409676 86.422897 -12.308238
v  -18.527838 86.364296 -12.629144
v  -20.021877 86.786270 -11.290583
v  -20.070290 86.431793 -11.320841
v  -20.376465 86.375259 -11.514180
v  -20.791832 86.425247 -9.914604
v  -20.738464 86.790504 -9.914604
v  -21.128780 86.367401 -9.914604
v  -20.730310 86.791458 19.679298
v  -20.791832 86.425247 -9.914604
v  -20.738464 86.790504 -9.914604
v  -20.783085 86.423752 19.679697
v  -21.128780 86.367401 -9.914604
v  -21.116287 86.365524 19.682261
v  -21.283653 86.696899 -9.914604
v  -21.269444 86.697227 19.683426
v  -16.231628 86.365524 -5.882715
v  -15.386713 86.697227 -7.562874
v  -16.078472 86.697227 -5.881550
v  -15.494357 86.365524 -7.673301
v  -16.564833 86.423752 -5.885275
v  -14.064370 86.365524 -8.458302
v  -15.727032 86.423752 -7.919268
v  -14.064370 86.697227 -8.279688
v  -14.064370 86.423752 -8.849718
v  -21.586809 97.123543 13.098134
v  -21.586809 97.825691 13.098134
v  -20.566086 97.123543 13.389460
v  -20.566086 97.825691 13.389460
v  -13.416147 97.825691 13.693205
v  -13.416147 97.123543 13.693205
v  -20.566082 97.825691 14.829331
v  -21.586809 97.825691 15.120658
v  -21.586809 97.123543 15.120658
v  -20.566082 97.123543 14.829331
v  -13.416147 97.123543 14.525586
v  -13.416147 97.825691 14.525586
v  -21.586809 97.825691 15.120658
v  -20.566086 97.825691 13.389460
v  -21.586809 97.825691 13.098134
v  -20.566082 97.825691 14.829331
v  -13.416147 97.825691 13.693205
v  -13.416147 97.825691 14.525586
v  23.157488 97.102341 -6.270467
v  23.008926 97.559578 -12.181880
v  23.157490 97.102341 -12.181880
v  23.008928 97.559578 -6.270464
v  23.397869 97.842163 -12.181879
v  23.397869 97.842163 -6.270467
v  23.786810 97.559578 -6.270468
v  23.786812 97.559578 -12.181880
v  23.638248 97.102341 -6.270468
v  23.638248 97.102341 -12.181880
v  11.232439 96.675468 11.425666
v  19.162123 97.132698 11.277103
v  19.162123 96.675468 11.425666
v  11.232439 97.132698 11.277103
v  19.162123 97.415283 11.666044
v  11.232439 97.415283 11.666044
v  19.162123 97.132698 12.054987
v  11.232439 97.132698 12.054987
v  19.162123 96.675468 11.906425
v  11.232439 96.675468 11.906425
v  -23.303076 97.179764 11.918569
v  -23.303076 97.179764 5.766374
v  -23.154514 97.636993 11.918567
v  -23.154514 97.636993 5.766372
v  -23.543455 97.919579 11.918567
v  -23.543455 97.919579 5.766372
v  -23.932398 97.636993 5.766372
v  -23.932398 97.636993 11.918567
v  -23.783836 97.179764 5.766375
v  -23.783834 97.179764 11.918567
v  -31.012079 97.755417 -9.135400
v  -29.734951 97.753998 -11.950784
v  -31.176727 97.879951 -9.239073
v  -29.860825 97.886421 -11.999518
v  -32.246635 97.874084 -9.818836
v  -28.815552 97.885963 -14.304502
v  -28.695171 97.754478 -14.263339
v  -31.108866 97.888962 -12.514414
v  -30.022293 97.889503 -14.790918
v  -32.367344 97.755409 -9.870646
v  -28.627773 97.888107 -16.982660
v  -27.640966 97.887199 -16.258678
v  -27.519623 97.751045 -16.173014
v  -26.063868 97.887619 -17.900692
v  -31.274790 97.753838 -12.585543
v  -30.195555 97.754547 -14.868699
v  -28.759163 97.751053 -17.082600
v  -26.818186 97.887672 -18.870607
v  -25.967657 97.750648 -17.776295
v  -24.110392 97.888062 -19.148249
v  -24.044609 97.750923 -18.997877
v  -26.915676 97.750648 -18.995277
v  -24.630108 97.887215 -20.248501
v  -24.697989 97.750923 -20.381351
v  -21.952768 97.888359 -19.810928
v  -21.935150 97.751289 -19.641396
v  -22.127151 97.886940 -21.018970
v  -22.154430 97.751289 -21.161285
v  -19.798885 97.751823 -19.523710
v  -19.482286 97.886673 -20.868931
v  -19.753078 97.888634 -19.691790
v  -19.457855 97.751823 -21.006123
v  -17.769632 97.751350 -18.731277
v  -17.673103 97.888412 -18.872816
v  -17.016262 97.886887 -19.901524
v  -16.943100 97.751343 -20.025644
v  -15.095546 97.887672 -18.115387
v  -16.018900 97.887611 -17.314053
v  -14.980224 97.750702 -18.223009
v  -16.140770 97.750702 -17.215809
v  -14.766704 97.887199 -15.429049
v  -14.905988 97.750893 -15.374808
v  -13.654566 97.888084 -15.937998
v  -13.507740 97.750893 -16.014750
v  -14.276892 97.751198 -13.228324
v  -12.930508 97.888321 -13.448524
v  -14.132386 97.886971 -13.244319
v  -12.765037 97.751198 -13.485299
v  -14.104992 97.750946 -10.972810
v  -13.956965 97.887146 -10.955667
v  -12.734255 97.888138 -10.873376
v  -12.567565 97.750946 -10.869411
v  -14.592814 97.750694 -8.807867
v  -13.304454 97.887711 -8.325885
v  -14.448907 97.887581 -8.748461
v  -13.154390 97.750694 -8.276772
v  -15.630111 97.750763 -6.837046
v  -15.500389 97.887909 -6.739405
v  -14.507718 97.887383 -6.020427
v  -14.382322 97.750763 -5.933254
v  -17.072609 97.888168 -5.202752
v  -16.395741 97.887108 -4.197643
v  -17.173273 97.751015 -5.335408
v  -19.077358 97.887665 -4.290767
v  -16.321997 97.751015 -4.071558
v  -18.796589 97.887596 -3.095049
v  -19.123276 97.750664 -4.442522
v  -21.384729 97.887779 -2.841785
v  -21.383524 97.887505 -4.065466
v  -18.770412 97.750664 -2.939786
v  -21.383732 97.750679 -4.219948
v  -23.668386 97.887764 -4.307232
v  -23.625938 97.750702 -4.461143
v  -23.968046 97.887512 -3.119347
v  -21.385250 97.750679 -2.681990
v  -26.347479 97.887352 -4.286498
v  -25.612705 97.887947 -5.250631
v  -24.002590 97.750702 -2.968097
v  -25.519627 97.750771 -5.382578
v  -27.069530 97.887611 -6.854749
v  -28.148376 97.887672 -6.268888
v  -26.443213 97.750771 -4.170613
v  -26.934641 97.750664 -6.935648
v  -28.968033 97.887955 -8.798171
v  -27.737846 97.887352 -8.974849
v  -28.290522 97.750664 -6.199347
v  -27.589708 97.750771 -9.003619
v  -27.735645 97.887093 -11.225195
v  -29.052052 97.888199 -11.467226
v  -29.131811 97.750786 -8.776073
v  -27.590000 97.751030 -11.202779
v  -28.193453 97.888199 -13.923998
v  -27.046099 97.887054 -13.359359
v  -29.219553 97.751030 -11.493893
v  -28.340813 97.751030 -14.001828
v  -26.913687 97.751083 -13.297696
v  -25.797686 97.886803 -15.236054
v  -26.689934 97.888527 -16.067272
v  -25.692987 97.751541 -15.139869
v  -26.816051 97.751541 -16.186131
v  -24.542849 97.888618 -17.605505
v  -23.993519 97.886711 -16.530237
v  -24.624195 97.751740 -17.758997
v  -23.932514 97.751740 -16.405054
v  -21.901310 97.886833 -17.221378
v  -22.029171 97.888489 -18.427269
v  -21.891754 97.751488 -17.079742
v  -22.052807 97.751488 -18.597422
v  -19.375450 97.888344 -18.036648
v  -19.322651 97.751251 -18.196089
v  -19.808882 97.886955 -16.913921
v  -19.867748 97.751251 -16.783581
v  -16.984026 97.750999 -16.667324
v  -18.056780 97.887108 -15.781985
v  -17.107775 97.888168 -16.554548
v  -18.177345 97.750999 -15.695758
v  -15.731141 97.751106 -14.276953
v  -15.886534 97.888268 -14.214272
v  -17.034435 97.887024 -13.819263
v  -17.174839 97.751106 -13.780030
v  -15.235482 97.750854 -11.648807
v  -16.622742 97.887245 -11.631558
v  -15.399792 97.888031 -11.639931
v  -16.772957 97.750854 -11.638206
v  -15.741105 97.750664 -8.997120
v  -15.890254 97.887711 -9.047059
v  -17.027979 97.887581 -9.476213
v  -17.170994 97.750664 -9.536469
v  -17.053423 97.750664 -6.659274
v  -18.131058 97.887680 -7.529536
v  -17.177238 97.887596 -6.755829
v  -18.252186 97.750664 -7.631670
v  -19.252991 97.751007 -4.993252
v  -19.315239 97.887108 -5.124158
v  -19.820461 97.888168 -6.212984
v  -19.888283 97.751007 -6.362524
v  -21.890732 97.888199 -5.781294
v  -21.948719 97.887093 -4.564879
v  -21.883995 97.751022 -5.948082
v  -23.836777 97.888191 -6.418500
v  -21.956915 97.751022 -4.418346
v  -24.505131 97.887077 -5.437479
v  -23.753906 97.751083 -6.559980
v  -25.111767 97.887291 -7.965542
v  -24.594255 97.751076 -5.326054
v  -26.261723 97.887978 -7.542039
v  -24.973194 97.750809 -8.027719
v  -26.582354 97.888527 -9.305903
v  -25.371080 97.886780 -9.399683
v  -26.418798 97.750809 -7.495414
v  -12.742027 86.697227 -7.562874
v  -12.634383 86.365524 -7.673301
v  -12.401709 86.423752 -7.919268
v  -11.897113 86.365524 -5.882715
v  -11.563908 86.423752 -5.885275
v  -12.050269 86.697227 -5.881550
v  -16.593845 86.423752 19.679697
v  -16.564833 86.423752 -5.885275
v  -16.231628 86.365524 -5.882715
v  -16.260639 86.365524 19.682261
v  -16.078472 86.697227 -5.881550
v  -16.107485 86.697227 19.683426
v  -11.534184 86.423752 19.679697
v  -11.897113 86.365524 -5.882715
v  -11.563908 86.423752 -5.885275
v  -11.867389 86.365524 19.682261
v  -12.050269 86.697227 -5.881550
v  -12.020544 86.697227 19.683426
v  -16.260639 86.365524 19.682261
v  -17.309488 86.423752 21.418303
v  -16.593845 86.423752 19.679697
v  -17.076324 86.365524 21.662436
v  -16.107485 86.697227 19.683426
v  -18.688465 86.423752 22.171051
v  -16.969927 86.697227 21.777561
v  -18.688465 86.365524 22.561552
v  -18.688465 86.697227 22.742500
v  -20.300602 86.365524 21.662436
v  -20.067440 86.423752 21.418303
v  -20.407001 86.697227 21.777561
v  -21.116287 86.365524 19.682261
v  -21.269444 86.697227 19.683426
v  -20.783085 86.423752 19.679697
v  -20.392351 86.791458 20.897072
v  -20.730310 86.791458 19.679298
v  -6.982727 86.365524 -5.882715
v  -6.137813 86.697227 -7.562874
v  -6.829571 86.697227 -5.881550
v  -6.245456 86.365524 -7.673301
v  -7.315932 86.423752 -5.885275
v  -4.807526 86.365524 -8.458302
v  -6.478131 86.423752 -7.919268
v  -4.807526 86.697227 -8.279688
v  -4.807526 86.423752 -8.849718
v  -3.477239 86.697227 -7.562874
v  -3.369596 86.365524 -7.673301
v  -3.136920 86.423752 -7.919268
v  -2.632325 86.365524 -5.882715
v  -2.299120 86.423752 -5.885275
v  -2.785480 86.697227 -5.881550
v  -7.344943 86.423752 19.679697
v  -7.315932 86.423752 -5.885275
v  -6.982727 86.365524 -5.882715
v  -7.011738 86.365524 19.682261
v  -6.829571 86.697227 -5.881550
v  -6.858584 86.697227 19.683426
v  -7.011738 86.365524 19.682261
v  -8.060589 86.423752 21.418303
v  -7.344943 86.423752 19.679697
v  -7.827424 86.365524 21.662436
v  -6.858584 86.697227 19.683426
v  -9.439564 86.423752 22.171051
v  -7.721025 86.697227 21.777561
v  -9.439564 86.365524 22.561552
v  -9.439564 86.697227 22.742500
v  -11.051704 86.365524 21.662436
v  -10.818538 86.423752 21.418303
v  -11.158102 86.697227 21.777561
v  -11.867389 86.365524 19.682261
v  -12.020544 86.697227 19.683426
v  -11.534184 86.423752 19.679697
v  1.919132 86.423752 19.679697
v  1.948856 86.423752 -5.885275
v  2.282061 86.365524 -5.882715
v  2.252337 86.365524 19.682261
v  2.435217 86.697227 -5.881550
v  2.405491 86.697227 19.683426
v  -2.270108 86.423752 19.679697
v  -2.632325 86.365524 -5.882715
v  -2.299120 86.423752 -5.885275
v  -2.603313 86.365524 19.682261
v  -2.785480 86.697227 -5.881550
v  -2.756467 86.697227 19.683426
v  -1.554464 86.423752 21.418303
v  -2.603313 86.365524 19.682261
v  -2.270108 86.423752 19.679697
v  -1.787628 86.365524 21.662436
v  -0.175488 86.423752 22.171051
v  -2.756467 86.697227 19.683426
v  -1.894026 86.697227 21.777561
v  -0.175488 86.365524 22.561552
v  -0.175488 86.697227 22.742500
v  1.436652 86.365524 21.662436
v  1.203488 86.423752 21.418303
v  1.543050 86.697227 21.777561
v  2.252337 86.365524 19.682261
v  2.405491 86.697227 19.683426
v  1.919132 86.423752 19.679697
v  0.000000 90.339783 25.156626
v  -25.128689 90.339783 -17.855854
v  0.000000 90.339783 -17.855852
v  -25.128689 90.339783 25.156626
v  -28.482883 88.783096 -17.855854
v  -28.482883 88.783096 25.156626
v  -30.039570 85.428902 25.156626
v  -30.039570 85.428902 -17.855854
v  -30.039570 49.062187 -17.855850
v  -30.039570 49.062187 25.156630
v  -29.381636 46.606750 25.156630
v  -29.381636 46.606747 -17.855850
v  -27.584129 44.809238 25.156630
v  -27.584129 44.809238 -17.855850
v  -25.128689 44.151306 -17.855850
v  -25.128689 44.151306 25.156630
v  0.000000 44.151306 -17.855850
v  0.000000 44.151306 25.156631
v  25.128689 90.339783 -17.855854
v  0.000000 90.339783 25.156626
v  0.000000 90.339783 -17.855852
v  25.128689 90.339783 25.156626
v  28.482883 88.783096 25.156626
v  28.482883 88.783096 -17.855854
v  30.039570 85.428902 25.156626
v  30.039570 85.428902 -17.855854
v  30.039570 49.062187 -17.855850
v  30.039570 49.062187 25.156630
v  29.381636 46.606750 25.156630
v  29.381636 46.606747 -17.855850
v  27.584129 44.809238 25.156630
v  27.584129 44.809238 -17.855850
v  25.128689 44.151306 25.156630
v  25.128689 44.151306 -17.855850
v  0.000000 44.151306 -17.855850
v  0.000000 44.151306 25.156631
v  -30.039570 49.062187 -17.855850
v  -28.482883 88.783096 -17.855854
v  -30.039570 85.428902 -17.855854
v  -29.381636 46.606747 -17.855850
v  -27.584129 44.809238 -17.855850
v  -25.128689 44.151306 -17.855850
v  -25.128689 90.339783 -17.855854
v  0.000000 90.339783 -17.855852
v  0.000000 44.151306 -17.855850
v  25.128689 44.151306 -17.855850
v  25.128689 90.339783 -17.855854
v  28.482883 88.783096 -17.855854
v  27.584129 44.809238 -17.855850
v  29.381636 46.606747 -17.855850
v  30.039570 49.062187 -17.855850
v  30.039570 85.428902 -17.855854
v  -37.643555 43.413181 -32.105873
v  0.000000 43.413181 -32.747272
v  -37.643555 43.413181 -32.747272
v  0.000000 43.413181 -32.105873
v  -37.643555 3.824902 -32.747272
v  -37.643555 43.413181 -32.747272
v  0.000000 43.413181 -32.747272
v  0.000000 3.824902 -32.747272
v  -37.643555 3.824902 -32.105873
v  -37.643555 43.413181 -32.747272
v  -37.643555 3.824902 -32.747272
v  -37.643555 43.413181 -32.105873
v  0.000000 3.824902 -32.105873
v  -37.643555 3.824902 -32.105873
v  -37.643555 3.824902 -32.747272
v  0.000000 3.824902 -32.747272
v  0.000000 3.824902 -32.105873
v  -37.643555 7.529537 -32.105873
v  -37.643555 3.824902 -32.105873
v  0.000000 7.529537 -32.105873
v  37.643555 43.413181 -32.105873
v  0.000000 43.413181 -32.747272
v  0.000000 43.413181 -32.105873
v  37.643555 43.413181 -32.747272
v  37.643555 3.824902 -32.105873
v  0.000000 7.529537 -32.105873
v  0.000000 3.824902 -32.105873
v  37.643555 7.529537 -32.105873
v  37.643555 3.824902 -32.747272
v  0.000000 3.824902 -32.105873
v  0.000000 3.824902 -32.747272
v  37.643555 3.824902 -32.105873
v  0.000000 3.824902 -32.747272
v  0.000000 43.413181 -32.747272
v  37.643555 3.824902 -32.747272
v  37.643555 43.413181 -32.747272
v  37.643555 43.413181 -32.747272
v  37.643555 3.824902 -32.105873
v  37.643555 3.824902 -32.747272
v  37.643555 43.413181 -32.105873
v  -37.026321 63.318783 -32.169380
v  -37.179028 64.314651 -31.714975
v  -37.138714 64.041046 -32.445934
v  -37.066628 63.592381 -31.438431
v  -33.901558 64.125656 -31.559076
v  -37.179028 64.314651 -31.714975
v  -37.066628 63.592381 -31.438431
v  -33.581356 64.785042 -31.830103
v  -30.955065 62.757240 -31.237566
v  -33.679520 64.531555 -32.562820
v  -37.138714 64.041046 -32.445934
v  -30.450302 62.976463 -32.196064
v  -30.417910 63.273384 -31.473875
v  -27.086794 60.289444 -30.540154
v  -27.519306 59.695198 -30.274466
v  -30.987448 62.460316 -31.959766
v  -33.999737 63.872169 -32.291801
v  -27.102592 59.980148 -31.257692
v  -37.026321 63.318783 -32.169380
v  -33.901558 64.125656 -31.559076
v  -24.764881 58.405071 -30.662251
v  -24.788431 58.730030 -29.950216
v  -27.535110 59.385914 -30.992014
v  -25.061178 58.056324 -29.656092
v  -27.519306 59.695198 -30.274466
v  -30.955065 62.757240 -31.237566
v  -25.039902 57.733028 -30.368921
v  -22.186478 57.249565 -30.201643
v  -22.254745 57.575027 -29.495165
v  -37.066628 63.592381 -31.438431
v  -22.351707 56.857521 -29.179399
v  -19.723372 56.938248 -29.318010
v  -25.061178 58.056324 -29.656092
v  -22.288456 56.534515 -29.887047
v  -19.565336 56.617599 -30.012980
v  -19.720964 56.228840 -28.990129
v  -15.360896 57.317482 -28.516665
v  -15.293121 56.620003 -28.170681
v  -22.351707 56.857521 -29.179399
v  -19.720964 56.228840 -28.990129
v  -19.562935 55.908184 -29.685101
v  -15.035280 57.027416 -29.165211
v  -14.967511 56.329929 -28.819227
v  -15.293121 56.620003 -28.170681
v  -10.800966 58.591007 -26.805010
v  -10.566341 57.967239 -26.396799
v  -10.408766 58.330364 -27.428726
v  -10.174145 57.706570 -27.020514
v  -10.566341 57.967239 -26.396799
v  -6.736442 61.089230 -25.298548
v  -6.369106 60.571163 -24.843075
v  -6.301673 60.862495 -25.907099
v  -5.934331 60.344421 -25.451633
v  -6.369106 60.571163 -24.843075
v  -2.840575 65.012917 -23.976557
v  -2.412965 64.558136 -23.506334
v  -2.449805 64.739952 -24.595901
v  -2.022211 64.285202 -24.125671
v  -2.412965 64.558136 -23.506334
v  0.082024 68.210358 -23.542448
v  0.487526 67.731071 -23.077011
v  0.513514 67.982574 -24.152946
v  0.919030 67.503288 -23.687513
v  0.487526 67.731071 -23.077011
v  -1.617915 40.300812 -21.852612
v  -1.617915 42.169018 -32.235600
v  -1.617915 40.300812 -32.235600
v  -1.617915 42.169018 -21.852612
v  -0.000000 43.103123 -21.852612
v  0.000000 43.103123 -32.235600
v  1.617915 42.169018 -21.852612
v  1.617915 42.169018 -32.235600
v  -25.230536 97.751579 -9.418826
v  -25.320833 97.886665 -10.882940
v  -26.522261 97.888649 -11.071493
v  -26.755232 97.751579 -9.300976
v  -25.181559 97.751823 -10.868372
v  -24.873318 97.887016 -12.217612
v  -25.930218 97.888275 -12.801812
v  -26.694494 97.751823 -11.105944
v  -24.745321 97.751152 -12.151163
v  -24.015825 97.887108 -13.218270
v  -23.935177 97.751015 -13.094908
v  -24.689941 97.888199 -14.236799
v  -26.074764 97.751152 -12.885971
v  -22.942869 97.888245 -14.884861
v  -22.723404 97.887047 -13.692716
v  -22.702572 97.751083 -13.548799
v  -24.782909 97.751015 -14.375761
v  -22.978708 97.751083 -15.048168
v  -21.367567 97.887535 -13.711053
v  -21.414202 97.750679 -13.562497
v  -21.069183 97.887733 -14.898701
v  -21.039209 97.750679 -15.055147
v  -20.381805 97.750839 -12.954341
v  -19.420494 97.887260 -13.920088
v  -20.262436 97.888008 -13.063115
v  -19.323271 97.750839 -14.031599
v  -19.765814 97.751022 -11.937769
v  -19.602341 97.888199 -11.973362
v  -18.419657 97.887093 -12.274419
v  -18.278503 97.751022 -12.316300
v  -18.522913 97.887161 -10.351422
v  -19.673603 97.888130 -10.696068
v  -18.382668 97.750946 -10.311659
v  -19.829580 97.750946 -10.744995
v  -20.345104 97.887489 -9.569738
v  -19.472391 97.887665 -8.705645
v  -20.456314 97.750732 -9.677475
v  -19.360233 97.750664 -8.594570
v  -21.041649 97.887108 -7.787695
v  -21.442257 97.887894 -8.932298
v  -20.987274 97.751251 -7.652073
v  -21.489983 97.750938 -9.084084
v  -22.853132 97.887367 -7.641632
v  -22.860424 97.750763 -7.488819
v  -22.755442 97.887962 -8.861168
v  -22.737865 97.750771 -9.023405
v  -23.745926 97.885674 -7.801336
v  -23.758047 97.750748 -7.641358
v  -23.505600 97.887383 -9.008530
v  -23.455177 97.750748 -9.155786
v  -24.288347 97.706398 -8.182265
v  -24.146152 97.854027 -8.248273
v  -23.964146 97.899445 -8.893781
v  -24.058876 97.770432 -8.994437
v  -31.123549 96.164063 -11.839572
v  -29.940313 96.164063 -7.416777
v  -29.940304 96.164063 -16.262379
v  -25.682858 96.164063 -20.519798
v  -25.682863 96.164063 -3.159316
v  -21.260050 96.164063 -1.976066
v  -21.260057 96.164063 -21.703060
v  -16.837236 96.164063 -20.519798
v  -16.837238 96.164063 -3.159323
v  -12.579788 96.164063 -7.416777
v  -12.579790 96.164063 -16.262384
v  -11.396527 96.164063 -11.839572
v  -30.640810 99.167564 -14.887566
v  -33.912186 98.408348 -11.839574
v  -31.123549 99.167564 -11.839572
v  -33.292946 98.408348 -15.749307
v  -29.239803 99.167564 -17.637180
v  -31.495842 98.408348 -19.276302
v  -27.057674 99.167564 -19.819294
v  -28.696802 98.408348 -22.075356
v  -25.169790 98.408348 -23.872463
v  -24.308037 99.167564 -21.220299
v  -21.260050 98.408348 -24.491695
v  -21.260057 99.167564 -21.703060
v  -18.212053 99.167564 -21.220299
v  -17.350319 98.408348 -23.872463
v  -13.823295 98.408348 -22.075356
v  -15.462417 99.167564 -19.819294
v  -13.280292 99.167564 -17.637180
v  -11.024231 98.408348 -19.276302
v  -11.879282 99.167564 -14.887567
v  -9.227124 98.408348 -15.749306
v  -11.396527 99.167564 -11.839572
v  -8.607884 98.408348 -11.839572
v  -33.912186 98.408348 -11.839574
v  -30.640816 99.167564 -8.791578
v  -31.123549 99.167564 -11.839572
v  -33.292953 98.408348 -7.929855
v  -29.239813 99.167564 -6.041957
v  -31.495846 98.408348 -4.402823
v  -27.057680 99.167564 -3.859822
v  -28.696802 98.408348 -1.603769
v  -25.169786 98.408348 0.193339
v  -24.308044 99.167564 -2.458817
v  -21.260050 98.408348 0.812576
v  -21.260050 99.167564 -1.976066
v  -17.350319 98.408348 0.193332
v  -18.212053 99.167564 -2.458818
v  -15.462415 99.167564 -3.859823
v  -13.823292 98.408348 -1.603771
v  -11.024231 98.408348 -4.402826
v  -13.280292 99.167564 -6.041956
v  -11.879282 99.167564 -8.791580
v  -9.227124 98.408348 -7.929859
v  -11.396527 99.167564 -11.839572
v  -8.607884 98.408348 -11.839572
v  -14.249044 97.132858 -4.863578
v  -19.965952 97.041519 -10.130449
v  -14.326368 97.041519 -4.782043
v  -19.888630 97.132858 -10.211986
v  -19.804842 97.041519 -10.300331
v  -14.165257 97.041519 -4.951928
v  -28.219690 97.041519 -4.642321
v  -22.794857 97.132858 -10.192266
v  -22.879835 97.041519 -10.272863
v  -28.134712 97.132858 -4.561728
v  -22.709951 97.041519 -10.111750
v  -28.049814 97.041519 -4.481202
v  -28.637335 97.132858 -18.535242
v  -22.852621 97.041519 -13.224112
v  -28.550001 97.041519 -18.627333
v  -22.939951 97.132858 -13.132030
v  -23.013737 97.041519 -13.054226
v  -28.711124 97.041519 -18.457443
v  -14.411220 97.132858 -19.070444
v  -19.677870 97.041519 -13.331511
v  -14.318551 97.041519 -18.982563
v  -19.770542 97.132858 -13.419395
v  -19.847748 97.041519 -13.492623
v  -14.488433 97.041519 -19.143679
v  -22.374489 96.290916 -14.075364
v  -23.452923 96.290916 -12.996934
v  -23.452923 97.332436 -12.996933
v  -22.374489 97.332436 -14.075366
v  -20.868128 96.290916 -14.313947
v  -20.868128 97.332436 -14.313947
v  -19.509228 96.290916 -13.621553
v  -19.509228 97.332436 -13.621552
v  -18.816828 96.290916 -12.262650
v  -18.816828 97.332436 -12.262648
v  -19.055414 96.290916 -10.756292
v  -19.055414 97.332436 -10.756291
v  -20.133844 96.290916 -9.677861
v  -20.133844 97.332436 -9.677861
v  -21.640209 96.290916 -9.439274
v  -21.640209 97.332436 -9.439274
v  -22.999111 96.290916 -10.131676
v  -22.999111 97.332436 -10.131669
v  -23.691507 97.332436 -11.490571
v  -23.691507 96.290916 -11.490572
v  -23.452923 97.332436 -12.996933
v  -23.452923 96.290916 -12.996934
v  -21.979982 96.675095 -9.125997
v  -20.248787 96.675095 -10.146728
v  -22.271313 96.675095 -10.146728
v  -20.540110 96.675095 -9.125997
v  -21.676237 96.675095 -1.976074
v  -20.843855 96.675095 -1.976074
v  -22.271313 95.972946 -10.146728
v  -21.979982 96.675095 -9.125997
v  -22.271313 96.675095 -10.146728
v  -21.979982 95.972946 -9.125997
v  -21.676237 95.972946 -1.976074
v  -21.676237 96.675095 -1.976074
v  -20.540110 95.972946 -9.125997
v  -20.248787 95.972946 -10.146728
v  -20.248787 96.675095 -10.146728
v  -20.540110 96.675095 -9.125997
v  -20.843855 96.675095 -1.976074
v  -20.843855 95.972946 -1.976074
v  -19.162127 96.661636 -11.567840
v  -11.232434 96.661636 -11.567842
v  -19.162119 97.118866 -11.419281
v  -11.232434 97.118866 -11.419279
v  -11.232434 97.401443 -11.808223
v  -19.162119 97.401443 -11.808223
v  -19.162119 97.118866 -12.197165
v  -11.232434 97.118866 -12.197165
v  -19.162119 96.661636 -12.048602
v  -11.232434 96.661636 -12.048602
v  0.459729 95.821968 29.721645
v  0.459729 93.770447 30.343319
v  0.459729 95.493980 28.333351
v  -0.459746 93.770447 30.343319
v  -0.459746 95.821968 29.721645
v  0.459729 95.493980 28.333351
v  -0.459746 95.493980 28.333351
v  -0.459746 95.493980 28.333351
v  -30.039570 79.227417 27.252579
v  -30.544302 48.105568 27.776501
v  -30.039570 49.062187 27.252579
v  -29.381636 46.606747 27.252579
v  -30.542967 80.250237 27.776501
v  -29.381636 81.682861 27.252579
v  -35.552570 39.660706 27.776501
v  -29.734638 46.170322 27.776501
v  -28.059881 44.478943 27.776501
v  -27.584129 44.809238 27.252579
v  -26.223316 43.653343 27.776501
v  -35.552570 89.306206 27.776501
v  -29.720863 82.143143 27.776501
v  -27.584129 83.480362 27.252579
v  -28.028002 83.829063 27.776501
v  -26.086103 84.639534 27.776501
v  -25.128689 44.151306 27.252579
v  26.223316 43.653343 27.776501
v  0.000000 44.151306 27.252579
v  35.588413 39.660706 27.776501
v  -25.128689 84.138298 27.252579
v  26.086103 84.639534 27.776501
v  0.000000 84.138298 27.252579
v  35.588413 89.306206 27.776501
v  25.128689 44.151306 27.252579
v  28.059881 44.478943 27.776501
v  27.584129 44.809238 27.252579
v  25.128689 84.138298 27.252579
v  28.028002 83.829063 27.776501
v  27.584129 83.480362 27.252579
v  30.542967 80.250237 27.776501
v  29.720863 82.143143 27.776501
v  29.734638 46.170322 27.776501
v  29.381636 46.606747 27.252579
v  29.381636 81.682861 27.252579
v  30.039570 79.227417 27.252579
v  30.544302 48.105568 27.776501
v  30.039570 49.062187 27.252579
v  31.205473 95.892998 28.052870
v  31.950167 94.725815 29.323519
v  32.660755 94.887558 28.379976
v  33.216618 93.260696 28.909260
v  30.934044 95.427841 29.095121
v  29.406647 95.892998 28.052870
v  32.338291 93.589897 29.693079
v  31.950167 92.453964 30.062639
v  1.617915 40.300812 -32.235600
v  1.617915 40.300812 -21.852612
v  9.046451 64.620209 -22.431021
v  -9.020896 64.620209 -22.431021
v  -9.020896 64.620209 -22.785419
v  9.046451 64.620209 -22.785419
v  -9.020895 67.339172 -22.420090
v  9.046451 67.339172 -22.420090
v  9.046451 67.344261 -29.380428
v  -9.020895 67.344261 -29.380428
v  9.046451 64.620209 -22.785419
v  -9.020895 67.026230 -22.784405
v  9.046451 67.026230 -22.784405
v  -9.020896 64.620209 -22.785419
v  -9.020895 67.026230 -22.784405
v  9.046451 67.026230 -29.645691
v  9.046451 67.026230 -22.784405
v  -9.020895 67.026230 -29.645693
v  -9.020896 64.620209 -22.431021
v  -9.020895 67.026230 -22.784405
v  -9.020896 64.620209 -22.785419
v  -9.020895 67.339172 -22.420090
v  -9.020895 67.344261 -29.380428
v  -9.020895 67.026230 -29.645693
v  -9.020895 68.098518 -29.894035
v  -9.020895 68.161568 -29.593966
v  9.046451 64.620209 -22.785419
v  9.046451 67.026230 -22.784405
v  9.046451 64.620209 -22.431021
v  9.046451 67.339172 -22.420090
v  9.046451 67.344261 -29.380428
v  9.046451 67.026230 -29.645691
v  9.046451 68.098518 -29.894030
v  9.046451 68.161568 -29.593966
v  9.046451 68.098518 -29.894030
v  -9.020895 67.026230 -29.645693
v  -9.020895 68.098518 -29.894035
v  9.046451 67.026230 -29.645691
v  -9.020895 68.161568 -29.593966
v  9.046451 68.098518 -29.894030
v  -9.020895 68.098518 -29.894035
v  9.046451 68.161568 -29.593966
v  -9.020895 68.161568 -29.593966
v  9.046451 67.344261 -29.380428
v  9.046451 68.161568 -29.593966
v  -9.020895 67.344261 -29.380428
v  8.583491 114.817917 -32.076241
v  10.872750 112.589943 -31.841925
v  8.788601 115.060555 -31.861961
v  10.631001 112.384415 -32.056824
v  11.966803 109.370995 -31.841854
v  10.796556 112.521400 -32.374168
v  8.728104 114.976082 -32.393936
v  11.870371 109.338333 -32.374229
v  11.666431 109.269272 -32.057140
v  12.335199 92.939308 -31.839809
v  11.038352 112.726974 -32.159279
v  12.170681 109.440041 -32.158962
v  8.933267 115.218781 -32.179676
v  12.233394 92.939171 -32.372177
v  12.550491 92.939255 -32.156898
v  12.018132 92.939201 -32.055092
v  12.373933 89.517410 -32.236923
v  8.788601 115.060555 -31.861961
v  10.872750 112.589943 -31.841925
v  11.966803 109.370995 -31.841854
v  12.158338 89.532539 -31.920757
v  12.475019 89.552322 -31.706694
v  12.335199 92.939308 -31.839809
v  12.690631 89.537186 -32.022861
v  12.830773 86.135101 -31.311470
v  12.514472 86.095650 -31.524315
v  12.475019 89.552322 -31.706694
v  12.298545 86.125877 -31.209072
v  12.614841 86.165329 -30.996227
v  13.206058 83.680176 -29.976213
v  12.614841 86.165329 -30.996227
v  12.914738 83.503532 -30.106894
v  12.678398 83.646263 -29.858908
v  12.969507 83.822044 -29.728931
v  12.969507 83.822044 -29.728931
v  13.640393 82.155212 -28.474527
v  13.341475 81.964203 -28.615612
v  13.106039 82.114700 -28.361341
v  13.406974 82.304581 -28.218296
v  14.446743 80.562180 -26.306618
v  14.209242 80.721008 -26.050854
v  13.406974 82.304581 -28.218296
v  14.757111 80.777229 -26.159950
v  16.032286 79.772675 -24.704838
v  14.530230 80.928474 -25.890537
v  15.801372 79.926170 -24.440228
v  14.530230 80.928474 -25.890537
v  16.249168 80.088562 -24.698839
v  17.196268 79.880386 -23.244711
v  17.478657 79.732536 -23.447598
v  16.018263 80.242142 -24.434242
v  16.018263 80.242142 -24.434242
v  17.284611 80.179436 -23.392586
v  17.566746 80.033112 -23.595936
v  17.284611 80.179436 -23.392586
v  17.814556 80.120888 -22.491743
v  17.902096 80.430359 -22.647753
v  18.094570 79.966530 -22.694397
v  18.186007 80.281586 -22.846548
v  17.902096 80.430359 -22.647753
v  18.545261 80.384460 -21.813244
v  18.635508 80.720909 -21.965473
v  18.266129 80.547935 -21.609505
v  18.347431 80.874496 -21.768957
v  18.347431 80.874496 -21.768957
v  -37.147564 115.983391 -35.000000
v  38.282413 116.423843 -35.000000
v  37.147564 115.983391 -35.000000
v  -38.308777 116.423843 -35.000000
v  38.282413 88.866463 28.122982
v  -38.308777 89.174896 27.707937
v  38.282421 89.174896 27.707937
v  -38.308777 88.866463 28.122982
v  38.282413 88.816460 28.600906
v  -38.308777 88.816460 28.600906
v  38.282413 89.096046 29.578897
v  -38.308777 89.096046 29.578897
v  38.282413 89.413261 29.980612
v  -38.308777 89.413261 29.980612
v  38.282413 89.918068 30.042776
v  -38.308777 89.918068 30.042776
v  38.282413 97.411057 27.551615
v  -38.308777 97.411057 27.551615
v  -38.308777 98.093834 26.791769
v  38.282413 98.093834 26.791769
v  -38.308777 98.422173 25.626120
v  38.282413 98.422173 25.626120
v  -23.390228 98.422173 24.382723
v  -31.597687 98.422173 20.200815
v  -31.597689 98.422173 8.274682
v  -31.182140 98.422173 -4.700717
v  -38.308777 98.422173 -25.592470
v  -23.390228 98.422173 4.092772
v  21.260050 98.422173 23.961777
v  -15.182774 98.422173 20.200815
v  -31.182146 98.422173 -18.916452
v  -21.260052 98.422173 0.284047
v  -15.182768 98.422173 8.274679
v  11.337962 98.422173 18.906219
v  31.182137 98.422173 18.906219
v  -21.260033 98.422173 -24.322159
v  38.282413 98.422173 -25.592470
v  -38.308777 98.762085 -26.744812
v  -11.337961 98.422173 -4.700717
v  11.337961 98.422173 4.488583
v  15.321715 98.422173 -8.486814
v  -11.337959 98.422173 -18.916451
v  23.390219 98.422173 -24.322159
v  15.321713 98.422173 -20.211046
v  21.260052 98.422173 -0.566977
v  23.390236 98.422173 -4.375701
v  31.458742 98.422173 -20.211046
v  31.182140 98.422173 4.488581
v  31.458736 98.422173 -8.486814
v  38.282413 98.762085 -26.744812
v  38.282413 99.834839 -27.343983
v  -38.308777 99.834839 -27.343983
v  38.282413 113.800034 -29.440149
v  -38.308777 113.800034 -29.440149
v  38.282413 115.097603 -30.314350
v  -38.308777 115.097603 -30.314350
v  38.282413 116.060814 -31.911310
v  -38.308777 116.060814 -31.911310
v  38.282413 116.494202 -33.744675
v  -38.308777 116.494202 -33.744675
v  38.282413 116.423843 -35.000000
v  -38.308777 116.423843 -35.000000
v  -37.147816 115.972176 -34.900829
v  37.147564 115.983391 -35.000000
v  37.147816 115.972176 -34.900829
v  -37.147564 115.983391 -35.000000
v  37.154343 97.949394 -34.900829
v  37.147816 115.972176 -34.900829
v  37.147564 115.983391 -35.000000
v  37.154343 97.929504 -35.000000
v  37.154343 96.937454 -34.589252
v  37.154343 96.990242 -34.442974
v  37.154343 96.108124 -33.803402
v  37.154335 96.262794 -33.727104
v  37.154343 95.727264 -32.778767
v  37.154343 95.518356 -32.798611
v  37.154343 95.517555 -26.831871
v  37.154343 95.730408 -26.832205
v  -37.948410 116.112839 -34.814690
v  37.147816 115.972176 -34.900829
v  38.100090 116.112839 -34.814690
v  -37.147816 115.972176 -34.900829
v  38.168129 97.948601 -34.900829
v  38.100090 116.112839 -34.814690
v  37.147816 115.972176 -34.900829
v  37.154343 97.949394 -34.900829
v  37.154343 96.990242 -34.442974
v  38.168129 96.738060 -34.052277
v  38.168129 95.730408 -26.832205
v  38.168129 95.727264 -32.778767
v  37.154343 95.730408 -26.832205
v  37.154343 95.727264 -32.778767
v  37.154335 96.262794 -33.727104
v  38.168129 96.738060 -34.052277
v  37.154343 96.990242 -34.442974
v  38.282413 113.800034 -29.440149
v  38.282413 116.060814 -31.911310
v  38.282413 115.097603 -30.314350
v  38.282413 97.929504 -35.000000
v  38.282413 99.834839 -27.343983
v  38.282413 116.423843 -35.000000
v  38.282413 116.494202 -33.744675
v  38.282413 96.937454 -34.589252
v  38.282413 96.108124 -33.803402
v  38.282413 98.762085 -26.744812
v  38.282413 95.518356 -32.798611
v  38.282413 98.422173 -25.592470
v  38.282413 95.514023 24.193924
v  38.282413 98.422173 25.626120
v  38.282413 95.344193 24.985575
v  38.282413 98.093834 26.791769
v  38.282413 97.411057 27.551615
v  38.282413 94.922348 25.610008
v  38.282413 89.918068 30.042776
v  38.282421 89.174896 27.707937
v  38.282413 88.866463 28.122982
v  38.282413 89.413261 29.980612
v  38.282413 89.096046 29.578897
v  38.282413 88.816460 28.600906
v  38.282413 97.929504 -35.000000
v  37.147564 115.983391 -35.000000
v  38.282413 116.423843 -35.000000
v  37.154343 97.929504 -35.000000
v  38.282413 96.937454 -34.589252
v  37.154343 96.937454 -34.589252
v  38.282413 96.108124 -33.803402
v  37.154343 96.108124 -33.803402
v  37.154343 95.518356 -32.798611
v  38.282413 95.518356 -32.798611
v  37.154343 95.517555 -26.831871
v  38.282413 95.514023 24.193924
v  37.154343 95.514023 24.193924
v  37.154343 95.344193 24.985575
v  38.282413 95.344193 24.985575
v  38.282413 94.922348 25.610008
v  37.154335 94.922348 25.610008
v  38.282421 89.174896 27.707937
v  37.142433 89.174896 27.707937
v  -38.308777 89.174896 27.707937
v  -37.438080 94.922348 25.610008
v  -37.147564 89.174896 27.707937
v  -38.308777 94.922348 25.610008
v  -37.438080 95.344193 24.985575
v  -38.308777 95.344193 24.985575
v  32.660755 91.633850 29.438538
v  30.934044 91.751930 30.291037
v  29.678053 95.427841 29.095121
v  31.205473 90.628395 29.765650
v  29.406647 90.628395 29.765650
v  29.678053 91.751930 30.291037
v  28.661934 94.725815 29.323519
v  27.951366 94.887550 28.379982
v  27.951366 91.633850 29.438538
v  28.661934 92.453964 30.062639
v  27.395498 93.260696 28.909260
v  28.273811 93.589897 29.693079
v  23.610559 95.892990 28.052872
v  24.355251 94.725800 29.323519
v  25.065836 94.887543 28.379976
v  25.621706 93.260689 28.909260
v  23.339132 95.427826 29.095125
v  21.811733 95.892990 28.052872
v  24.743376 93.589874 29.693075
v  24.355251 92.453957 30.062645
v  25.065836 91.633835 29.438538
v  23.339132 91.751923 30.291042
v  22.083141 95.427826 29.095125
v  23.610559 90.628387 29.765654
v  21.811733 90.628387 29.765654
v  22.083141 91.751923 30.291042
v  21.067022 94.725800 29.323519
v  20.356455 94.887527 28.379982
v  20.356455 91.633835 29.438540
v  21.067022 92.453941 30.062645
v  19.800587 93.260689 28.909260
v  20.678898 93.589874 29.693075
v  -24.355251 94.725800 29.323519
v  -23.610559 95.892990 28.052872
v  -25.065836 94.887543 28.379976
v  -25.621706 93.260689 28.909260
v  -23.339132 95.427826 29.095125
v  -24.355251 92.453957 30.062645
v  -24.743376 93.589874 29.693075
v  -21.811733 95.892990 28.052872
v  -25.065836 91.633835 29.438538
v  -23.339132 91.751923 30.291042
v  -22.083141 95.427826 29.095125
v  -23.610559 90.628387 29.765654
v  -21.811733 90.628387 29.765654
v  -22.083141 91.751923 30.291042
v  -21.067022 94.725800 29.323519
v  -20.356455 94.887527 28.379982
v  -20.356455 91.633835 29.438540
v  -21.067022 92.453941 30.062645
v  -19.800587 93.260689 28.909260
v  -20.678898 93.589874 29.693075
v  -31.950167 94.725815 29.323519
v  -31.205473 95.892998 28.052870
v  -32.660755 94.887558 28.379976
v  -33.216618 93.260696 28.909260
v  -30.934044 95.427841 29.095121
v  -31.950167 92.453964 30.062639
v  -32.338291 93.589897 29.693079
v  -29.406647 95.892998 28.052870
v  -32.660755 91.633850 29.438538
v  -30.934044 91.751930 30.291037
v  -29.678053 95.427841 29.095121
v  -31.205473 90.628395 29.765650
v  -29.406647 90.628395 29.765650
v  -29.678053 91.751930 30.291037
v  -28.661934 94.725815 29.323519
v  -27.951366 94.887550 28.379982
v  -27.951366 91.633850 29.438538
v  -28.661934 92.453964 30.062639
v  -27.395498 93.260696 28.909260
v  -28.273811 93.589897 29.693079
v  1.240819 44.945736 -3.720499
v  3.640109 47.882256 -2.584836
v  1.240819 47.882317 -3.566451
v  -1.158479 47.882381 -2.584856
v  3.669083 44.945736 -2.757815
v  -1.187445 44.945736 -2.757815
v  4.478504 44.945736 0.130236
v  4.439872 47.882233 0.359963
v  -1.996866 44.945736 0.130236
v  -1.958247 47.882401 0.359978
v  4.478504 44.945736 15.555199
v  4.439872 47.882233 15.533278
v  -1.996866 44.945736 15.555199
v  -1.958247 47.882401 15.533331
v  3.640109 47.882256 18.830563
v  3.669083 44.945736 18.969505
v  -1.158479 47.882381 18.830589
v  -1.187445 44.945736 18.969505
v  1.240819 44.945736 20.107609
v  1.240819 47.882317 19.929665
v  30.640820 99.181404 8.649397
v  29.239809 99.181404 5.899762
v  29.940313 96.177902 7.274579
v  27.057680 99.181404 3.717638
v  31.123566 96.177902 11.697392
v  31.123566 99.181404 11.697392
v  25.682867 96.177902 3.017133
v  24.308050 99.181404 2.316628
v  30.640814 99.181404 14.745387
v  29.940310 96.177902 16.120205
v  21.260054 96.177902 1.833874
v  21.260054 99.181404 1.833874
v  29.239803 99.181404 17.495022
v  18.212055 99.181404 2.316629
v  16.837238 96.177902 3.017134
v  27.057680 99.181404 19.677145
v  25.682863 96.177902 20.377651
v  15.462420 99.181404 3.717639
v  24.308044 99.181404 21.078157
v  21.260054 96.177902 21.560913
v  13.280298 99.181404 5.899764
v  12.579794 96.177902 7.274581
v  21.260054 99.181404 21.560913
v  11.879289 99.181404 8.649399
v  11.396532 96.177902 11.697394
v  18.212055 99.181404 21.078157
v  16.837238 96.177902 20.377651
v  11.396532 99.181404 11.697394
v  15.462422 99.181404 19.677145
v  12.579794 96.177902 16.120205
v  11.879289 99.181404 14.745389
v  13.280298 99.181404 17.495022
v  30.941832 98.970970 -16.802593
v  29.814016 98.970970 -19.016085
v  30.377924 96.630684 -17.909340
v  28.057384 98.970970 -20.772718
v  31.330452 96.630684 -14.348930
v  31.330452 98.970970 -14.348930
v  26.950636 96.630684 -21.336624
v  25.843891 98.970970 -21.900532
v  30.941826 98.970970 -11.895267
v  30.377907 96.630684 -10.788530
v  23.390228 96.630684 -22.289139
v  23.390228 98.970970 -22.289139
v  29.813990 98.970970 -9.681793
v  26.950636 96.630684 -7.361244
v  20.936565 98.970970 -21.900528
v  19.829819 96.630684 -21.336624
v  28.057381 98.970970 -7.925154
v  18.723068 98.970970 -20.772717
v  25.843889 98.970970 -6.797335
v  23.390228 96.630684 -6.408711
v  16.966461 98.970970 -19.016085
v  16.402546 96.630684 -17.909340
v  23.390228 98.970970 -6.408711
v  15.838629 98.970970 -16.802593
v  15.450009 96.630684 -14.348928
v  20.936565 98.970970 -6.797335
v  19.829819 96.630684 -7.361244
v  15.450009 98.970970 -14.348928
v  18.723072 98.970970 -7.925153
v  15.838629 98.970970 -11.895266
v  16.402546 96.630684 -10.788529
v  16.966461 98.970970 -9.681793
v  -15.759041 98.990593 11.618844
v  -16.898743 98.990593 9.382027
v  -16.328894 96.625641 10.500436
v  -18.673887 98.990593 7.606884
v  -15.366326 96.625641 14.098366
v  -15.366326 98.990593 14.098366
v  -19.792294 96.625641 7.037035
v  -20.910702 98.990593 6.467186
v  -15.759048 98.990593 16.577887
v  -16.328909 96.625641 17.696285
v  -23.390224 96.625641 6.074484
v  -23.390224 98.990593 6.074484
v  -16.898769 98.990593 18.814686
v  -19.792297 96.625641 21.159687
v  -25.869745 98.990593 6.467187
v  -26.988152 96.625641 7.037035
v  -18.673889 98.990593 20.589836
v  -28.106564 98.990593 7.606885
v  -20.910707 98.990593 21.729540
v  -23.390224 96.625641 22.122257
v  -29.881685 98.990593 9.382027
v  -30.451542 96.625641 10.500436
v  -23.390224 98.990593 22.122257
v  -31.021404 98.990593 11.618847
v  -31.414116 96.625641 14.098367
v  -25.869745 98.990593 21.729540
v  -26.988152 96.625641 21.159687
v  -31.414116 98.990593 14.098367
v  -28.106564 98.990593 20.589836
v  -31.021404 98.990593 16.577888
v  -30.451542 96.625641 17.696285
v  -29.881685 98.990593 18.814686
v  -34.275784 0.042226 22.005636
v  -34.011192 2.336184 22.750603
v  -34.275784 0.042304 23.496481
v  -34.275784 0.918347 20.799330
v  -34.275784 0.918819 24.702372
v  -34.275784 2.336211 20.338400
v  -34.275784 2.336578 25.162802
v  -34.275784 3.753969 20.798822
v  -34.275784 3.754442 24.701864
v  -34.275784 4.630485 22.004713
v  -34.275784 4.630563 23.495556
v  -36.195610 0.042304 23.496481
v  -36.460217 2.336171 22.750603
v  -36.195610 0.042226 22.005636
v  -36.195610 0.918819 24.702372
v  -36.195610 0.918347 20.799330
v  -36.195610 2.336578 25.162802
v  -36.195610 2.336211 20.338400
v  -36.195610 3.754442 24.701864
v  -36.195625 3.753956 20.798822
v  -36.195625 4.630471 22.004713
v  -36.195625 4.630549 23.495556
v  -36.216797 0.042226 -28.143200
v  -36.481392 2.336184 -28.888168
v  -36.216797 0.042304 -29.634047
v  -36.216797 0.918347 -26.936895
v  -36.216797 0.918819 -30.839937
v  -36.216797 2.336211 -26.475965
v  -36.216797 2.336578 -31.300365
v  -36.216797 3.753969 -26.936388
v  -36.216797 3.754442 -30.839432
v  -36.216797 4.630485 -28.142279
v  -36.216797 4.630563 -29.633120
v  -34.296970 0.042304 -29.634047
v  -34.032391 2.336171 -28.888168
v  -34.296970 0.042226 -28.143200
v  -34.296970 0.918819 -30.839937
v  -34.296970 0.918347 -26.936895
v  -34.296970 2.336578 -31.300365
v  -34.296970 2.336211 -26.475965
v  -34.296970 3.754442 -30.839432
v  -37.438080 95.514023 24.193924
v  -38.308777 95.514023 24.193924
v  -37.147564 95.517555 -26.831871
v  -38.308777 95.518356 -32.798611
v  -37.147564 95.518356 -32.798611
v  -37.147564 96.108124 -33.803402
v  -38.308777 96.108124 -33.803402
v  -38.308777 96.937454 -34.588379
v  -37.147564 96.937454 -34.588379
v  -37.147564 97.929504 -35.000000
v  -38.308777 97.929504 -35.000000
v  -37.147564 115.983391 -35.000000
v  -38.308777 116.423843 -35.000000
v  -37.147564 97.949394 -34.900829
v  -37.147564 115.983391 -35.000000
v  -37.147816 115.972176 -34.900829
v  -37.147564 97.929504 -35.000000
v  -37.147564 96.937454 -34.588379
v  -37.147564 96.990242 -34.442974
v  -37.147564 96.108124 -33.803402
v  -37.147564 96.262794 -33.727104
v  -37.147564 95.727264 -32.778767
v  -37.147564 95.518356 -32.798611
v  -37.147564 95.517555 -26.831871
v  -37.147564 95.730408 -26.832205
v  -37.147564 95.727264 -32.778767
v  -37.948410 95.730492 -26.832216
v  -37.147564 95.730408 -26.832205
v  -37.948410 95.727264 -32.778767
v  -37.147564 96.262794 -33.727104
v  -37.948410 96.737442 -34.052277
v  -37.147564 96.990242 -34.442974
v  -37.948410 116.112839 -34.814690
v  -37.948410 97.948601 -34.900829
v  -37.147816 115.972176 -34.900829
v  -37.147564 97.949394 -34.900829
v  -37.147564 96.990242 -34.442974
v  -37.948410 96.737442 -34.052277
v  -38.308777 116.060814 -31.911310
v  -38.308777 113.800034 -29.440149
v  -38.308777 115.097603 -30.314350
v  -38.308777 97.929504 -35.000000
v  -38.308777 99.834839 -27.343983
v  -38.308777 116.423843 -35.000000
v  -38.308777 116.494202 -33.744675
v  -38.308777 96.937454 -34.588379
v  -38.308777 96.108124 -33.803402
v  -38.308777 98.762085 -26.744812
v  -38.308777 95.518356 -32.798611
v  -38.308777 98.422173 -25.592470
v  -38.308777 95.514023 24.193924
v  -38.308777 98.422173 25.626120
v  -38.308777 95.344193 24.985575
v  -38.308777 98.093834 26.791769
v  -38.308777 97.411057 27.551615
v  -38.308777 94.922348 25.610008
v  -38.308777 89.918068 30.042776
v  -38.308777 89.174896 27.707937
v  -38.308777 88.866463 28.122982
v  -38.308777 89.413261 29.980612
v  -38.308777 89.096046 29.578897
v  -38.308777 88.816460 28.600906
v  31.123566 96.177902 11.697392
v  29.940313 96.177902 7.274579
v  29.940310 96.177902 16.120205
v  25.682867 96.177902 3.017133
v  25.682863 96.177902 20.377651
v  21.260054 96.177902 1.833874
v  21.260054 96.177902 21.560913
v  16.837238 96.177902 20.377651
v  16.837238 96.177902 3.017134
v  12.579794 96.177902 7.274581
v  12.579794 96.177902 16.120205
v  11.396532 96.177902 11.697394
v  30.640814 99.181404 14.745387
v  33.912209 98.422173 11.697394
v  31.123566 99.181404 11.697392
v  33.292969 98.422173 15.607127
v  29.239803 99.181404 17.495022
v  31.495863 98.422173 19.134148
v  27.057680 99.181404 19.677145
v  28.696802 98.422173 21.933208
v  25.169786 98.422173 23.730316
v  24.308044 99.181404 21.078157
v  21.260054 98.422173 24.349556
v  21.260054 99.181404 21.560913
v  18.212055 99.181404 21.078157
v  17.350319 98.422173 23.730316
v  13.823298 98.422173 21.933208
v  15.462422 99.181404 19.677145
v  13.280298 99.181404 17.495022
v  11.024237 98.422173 19.134148
v  11.879289 99.181404 14.745389
v  9.227130 98.422173 15.607127
v  11.396532 99.181404 11.697394
v  8.607890 98.422173 11.697394
v  33.912209 98.422173 11.697394
v  30.640820 99.181404 8.649397
v  31.123566 99.181404 11.697392
v  33.292976 98.422173 7.787660
v  31.495869 98.422173 4.260637
v  29.239809 99.181404 5.899762
v  28.696806 98.422173 1.461576
v  27.057680 99.181404 3.717638
v  24.308050 99.181404 2.316628
v  25.169786 98.422173 -0.335531
v  21.260054 98.422173 -0.954771
v  21.260054 99.181404 1.833874
v  17.350319 98.422173 -0.335530
v  18.212055 99.181404 2.316629
v  13.823298 98.422173 1.461578
v  15.462420 99.181404 3.717639
v  11.024237 98.422173 4.260639
v  13.280298 99.181404 5.899764
v  11.879289 99.181404 8.649399
v  9.227130 98.422173 7.787661
v  11.396532 99.181404 11.697394
v  8.607890 98.422173 11.697394
v  15.838629 98.970970 -16.802593
v  13.101657 98.422173 -14.348928
v  15.450009 98.970970 -14.348928
v  13.605213 98.422173 -17.528271
v  15.066597 98.422173 -20.396400
v  16.966461 98.970970 -19.016085
v  18.723068 98.970970 -20.772717
v  17.342758 98.422173 -22.672560
v  20.210882 98.422173 -24.133945
v  20.936565 98.970970 -21.900528
v  23.390228 98.422173 -24.637505
v  23.390228 98.970970 -22.289139
v  25.843891 98.970970 -21.900532
v  26.569574 98.422173 -24.133945
v  28.057384 98.970970 -20.772718
v  29.437696 98.422173 -22.672562
v  31.713840 98.422173 -20.396402
v  29.814016 98.970970 -19.016085
v  33.175247 98.422173 -17.528275
v  30.941832 98.970970 -16.802593
v  33.678795 98.422173 -14.348928
v  31.330452 98.970970 -14.348930
v  13.101657 98.422173 -14.348928
v  15.838629 98.970970 -11.895266
v  15.450009 98.970970 -14.348928
v  13.605213 98.422173 -11.169585
v  15.066597 98.422173 -8.301459
v  16.966461 98.970970 -9.681793
v  18.723072 98.970970 -7.925153
v  17.342758 98.422173 -6.025301
v  20.936565 98.970970 -6.797335
v  20.210886 98.422173 -4.563915
v  23.390228 98.970970 -6.408711
v  23.390228 98.422173 -4.060357
v  26.569572 98.422173 -4.563915
v  25.843889 98.970970 -6.797335
v  28.057381 98.970970 -7.925154
v  29.437696 98.422173 -6.025301
v  31.713873 98.422173 -8.301459
v  29.813990 98.970970 -9.681793
v  30.941826 98.970970 -11.895267
v  33.175240 98.422173 -11.169585
v  31.330452 98.970970 -14.348930
v  33.678795 98.422173 -14.348928
v  16.402546 96.630684 -10.788529
v  16.402546 96.630684 -17.909340
v  15.450009 96.630684 -14.348928
v  19.829819 96.630684 -21.336624
v  19.829819 96.630684 -7.361244
v  23.390228 96.630684 -22.289139
v  23.390228 96.630684 -6.408711
v  26.950636 96.630684 -7.361244
v  26.950636 96.630684 -21.336624
v  30.377907 96.630684 -10.788530
v  30.377924 96.630684 -17.909340
v  31.330452 96.630684 -14.348930
v  -31.021404 98.990593 11.618847
v  -33.787216 98.436012 14.098367
v  -31.414116 98.990593 14.098367
v  -33.278355 98.436012 10.885519
v  -31.801569 98.436012 7.987167
v  -29.881685 98.990593 9.382027
v  -28.106564 98.990593 7.606885
v  -29.501423 98.436012 5.687023
v  -26.603073 98.436012 4.210236
v  -25.869745 98.990593 6.467187
v  -23.390224 98.436012 3.701370
v  -23.390224 98.990593 6.074484
v  -20.910702 98.990593 6.467186
v  -20.177374 98.436012 4.210236
v  -18.673887 98.990593 7.606884
v  -17.279028 98.436012 5.687021
v  -14.978901 98.436012 7.987165
v  -16.898743 98.990593 9.382027
v  -13.502090 98.436012 10.885516
v  -15.759041 98.990593 11.618844
v  -12.993236 98.436012 14.098367
v  -15.366326 98.990593 14.098366
v  -33.787216 98.436012 14.098367
v  -31.021404 98.990593 16.577888
v  -31.414116 98.990593 14.098367
v  -33.278355 98.436012 17.311214
v  -31.801569 98.436012 20.209564
v  -29.881685 98.990593 18.814686
v  -28.106564 98.990593 20.589836
v  -29.501423 98.436012 22.509708
v  -25.869745 98.990593 21.729540
v  -26.603069 98.436012 23.986496
v  -23.390224 98.990593 22.122257
v  -23.390224 98.436012 24.495359
v  -20.910707 98.990593 21.729540
v  -20.177378 98.436012 23.986496
v  -17.279030 98.436012 22.509708
v  -18.673889 98.990593 20.589836
v  -14.978862 98.436012 20.209564
v  -16.898769 98.990593 18.814686
v  -15.759048 98.990593 16.577887
v  -13.502097 98.436012 17.311214
v  -12.993236 98.436012 14.098367
v  -15.366326 98.990593 14.098366
v  -30.451542 96.625641 17.696285
v  -30.451542 96.625641 10.500436
v  -31.414116 96.625641 14.098367
v  -26.988152 96.625641 21.159687
v  -26.988152 96.625641 7.037035
v  -23.390224 96.625641 6.074484
v  -23.390224 96.625641 22.122257
v  -19.792297 96.625641 21.159687
v  -19.792294 96.625641 7.037035
v  -16.328909 96.625641 17.696285
v  -16.328894 96.625641 10.500436
v  -15.366326 96.625641 14.098366
v  -36.650242 5.169650 22.005459
v  -36.480446 4.914011 22.002497
v  -36.792610 4.914011 22.002497
v  -33.969765 4.914011 22.002497
v  -33.799965 5.169650 22.005459
v  -33.657600 4.914011 22.002497
v  -36.480446 4.914011 22.002497
v  -36.791080 3.898278 22.010328
v  -36.792610 4.914011 22.002497
v  -36.478455 3.898278 22.010328
v  -36.604992 2.217997 22.021452
v  -36.291714 2.217997 22.021452
v  -36.291714 1.682272 22.144539
v  -36.604992 1.682272 22.144539
v  -36.604992 1.346749 22.533447
v  -36.291714 1.346749 22.533447
v  -36.291714 1.346749 23.013193
v  -36.604992 1.346749 23.013193
v  -36.291714 1.682272 23.443048
v  -36.604992 1.682272 23.443048
v  -36.291714 2.222075 23.691910
v  -36.604992 2.222075 23.691910
v  -36.478592 3.898278 24.327629
v  -36.791183 3.898278 24.327629
v  -36.480446 4.915123 24.725607
v  -36.792610 4.915123 24.725607
v  -36.291714 2.222075 23.691910
v  -36.291714 2.217997 22.021452
v  -36.478455 3.898278 22.010328
v  -36.478592 3.898278 24.327629
v  -36.480446 4.914011 22.002497
v  -36.480446 4.915123 24.725607
v  -36.604992 1.346749 23.013193
v  -36.604992 1.682272 22.144539
v  -36.604992 1.346749 22.533447
v  -36.604992 1.682272 23.443048
v  -36.604992 2.217997 22.021452
v  -36.604992 2.222075 23.691910
v  -36.791080 3.898278 22.010328
v  -36.791183 3.898278 24.327629
v  -36.792610 4.914011 22.002497
v  -36.792610 4.915123 24.725607
v  -36.650242 5.169650 22.005459
v  -36.650242 5.169505 24.722771
v  -36.031845 4.915494 25.222448
v  -34.418365 4.915494 25.222448
v  -35.225105 4.915864 25.473442
v  -33.969765 4.915123 24.725607
v  -33.657600 4.915123 24.725607
v  -36.480446 4.915123 24.725607
v  -36.792610 4.915123 24.725607
v  -36.480446 4.914011 22.002497
v  -33.969765 4.914011 22.002497
v  -36.031845 4.915494 25.222448
v  -36.650242 5.169505 24.722771
v  -36.792610 4.915123 24.725607
v  -36.002083 5.169824 25.230423
v  -35.225105 4.915864 25.473442
v  -35.225113 5.169824 25.473577
v  -34.448509 5.169824 25.230423
v  -34.418365 4.915494 25.222448
v  -33.799965 5.169824 24.722771
v  -33.657600 4.915123 24.725607
v  -33.969765 4.915123 24.725607
v  -33.969765 4.914011 22.002497
v  -33.978371 3.898278 24.319916
v  -34.296982 3.753956 -26.936388
v  -34.296982 4.630471 -28.142279
v  -34.296982 4.630549 -29.633120
v  36.195610 0.042226 22.005636
v  36.460201 2.336184 22.750603
v  36.195610 0.042304 23.496481
v  36.195610 0.918347 20.799330
v  36.195610 0.918819 24.702372
v  36.195610 2.336211 20.338400
v  36.195610 2.336578 25.162802
v  36.195610 3.753969 20.798822
v  36.195610 3.754442 24.701864
v  36.195610 4.630485 22.004713
v  36.195610 4.630563 23.495556
v  34.275784 0.042304 23.496481
v  34.011181 2.336171 22.750603
v  34.275784 0.042226 22.005636
v  34.275784 0.918819 24.702372
v  34.275784 0.918347 20.799330
v  34.275784 2.336578 25.162802
v  34.275784 2.336211 20.338400
v  34.275784 3.754442 24.701864
v  34.275772 3.753956 20.798822
v  34.275772 4.630471 22.004713
v  34.275772 4.630549 23.495556
v  34.296970 0.042226 -28.143200
v  34.032379 2.336184 -28.888168
v  34.296970 0.042304 -29.634047
v  34.296970 0.918347 -26.936895
v  34.296970 0.918819 -30.839937
v  34.296970 2.336211 -26.475965
v  34.296970 2.336578 -31.300365
v  34.296970 3.753969 -26.936388
v  34.296970 3.754442 -30.839432
v  34.296970 4.630485 -28.142279
v  34.296970 4.630563 -29.633120
v  36.216797 0.042304 -29.634047
v  36.481380 2.336171 -28.888168
v  36.216797 0.042226 -28.143200
v  36.216797 0.918819 -30.839937
v  36.216797 0.918347 -26.936895
v  36.216797 2.336578 -31.300365
v  36.216797 2.336211 -26.475965
v  36.216797 3.754442 -30.839432
v  36.216789 3.753956 -26.936388
v  36.216789 4.630471 -28.142279
v  36.216789 4.630549 -29.633120
v  0.000000 88.765610 -22.183685
v  -19.646845 91.004684 -22.183685
v  0.000000 91.004684 -22.183685
v  -25.700521 88.853592 -22.060040
v  19.646845 91.004684 -22.183685
v  0.000000 84.706657 -22.183685
v  25.700945 88.841782 -22.083752
v  -30.079885 84.737358 -22.134209
v  0.000000 78.750381 -22.183685
v  30.079174 84.730980 -22.143789
v  -32.395336 78.750381 -22.183685
v  32.395336 78.750381 -22.183685
v  -32.395336 47.578506 -22.183685
v  0.000000 47.578506 -22.183685
v  32.395336 47.578506 -22.183685
v  -29.907736 42.426262 -22.183685
v  0.000000 42.426262 -22.183685
v  29.907736 42.426262 -22.183685
v  -24.547714 40.035091 -22.183685
v  0.000000 40.035091 -22.183685
v  24.547714 40.035091 -22.183685
v  -32.054813 88.593987 -32.033844
v  -33.456985 89.018333 -32.033844
v  -32.054817 88.598907 -32.398224
v  -30.648657 89.032578 -32.033844
v  -33.490364 89.013252 -32.394009
v  -34.459457 90.081551 -32.398224
v  -34.463829 90.079323 -32.033844
v  -33.963150 93.215111 -32.398224
v  -32.899181 93.905464 -32.398224
v  -30.615234 89.027855 -32.402031
v  -31.632629 93.972343 -32.398224
v  -34.720383 91.728958 -32.398224
v  -34.725227 91.729721 -32.033844
v  -32.900719 93.910202 -32.033844
v  -33.966618 93.218582 -32.033844
v  -31.631857 93.977196 -32.033844
v  -30.146477 93.215111 -32.398224
v  -29.650173 90.081551 -32.398224
v  -30.143005 93.218582 -32.033844
v  -29.384399 91.729721 -32.033844
v  -29.389248 91.728958 -32.398224
v  -29.645798 90.079323 -32.033844
v  -30.568674 92.164803 -32.364780
v  -31.763905 92.392441 -32.934422
v  -31.196789 92.792908 -32.364784
v  -32.054810 93.022827 -32.364777
v  -32.912838 92.792908 -32.364780
v  -30.969143 91.597679 -32.934422
v  -30.338768 91.306778 -32.364780
v  -32.345715 90.221107 -32.934422
v  -32.849579 92.101540 -32.934422
v  -33.540955 92.164803 -32.364780
v  -31.260044 90.512009 -32.934422
v  -30.568680 90.448746 -32.364780
v  -33.770859 91.306778 -32.364780
v  -33.140484 91.015869 -32.934422
v  -32.054810 89.590736 -32.364784
v  -32.912838 89.820641 -32.364780
v  -31.196789 89.820641 -32.364784
v  -33.540955 90.448746 -32.364784
v  32.102169 88.593811 -32.031208
v  30.699995 89.018158 -32.031208
v  32.102165 88.598724 -32.395584
v  33.508320 89.032402 -32.031208
v  30.666620 89.013077 -32.391369
v  29.697525 90.081375 -32.395584
v  29.693153 90.079147 -32.031208
v  30.193832 93.214935 -32.395584
v  31.257799 93.905296 -32.395584
v  33.541748 89.027679 -32.399387
v  32.524353 93.972168 -32.395584
v  29.436600 91.728783 -32.395584
v  29.431755 91.729553 -32.031208
v  31.256264 93.910027 -32.031208
v  30.190363 93.218407 -32.031208
v  32.525124 93.977013 -32.031208
v  34.010506 93.214935 -32.395584
v  34.506809 90.081375 -32.395584
v  34.013977 93.218407 -32.031208
v  34.772579 91.729553 -32.031208
v  34.767735 91.728783 -32.395584
v  34.511185 90.079147 -32.031208
v  33.588306 92.164627 -32.362141
v  32.393078 92.392273 -32.931782
v  32.960194 92.792740 -32.362144
v  32.102173 93.022652 -32.362137
v  31.244144 92.792740 -32.362141
v  33.187840 91.597504 -32.931782
v  33.818214 91.306602 -32.362141
v  31.811268 90.220932 -32.931782
v  31.307402 92.101357 -32.931782
v  30.616028 92.164627 -32.362141
v  32.896938 90.511826 -32.931782
v  33.588303 90.448578 -32.362141
v  30.386124 91.306602 -32.362141
v  31.016499 91.015694 -32.931782
v  32.102173 89.590561 -32.362144
v  31.244144 89.820465 -32.362141
v  32.960194 89.820465 -32.362144
v  30.616028 90.448578 -32.362144
v  -12.187377 117.673515 -29.202171
v  -12.187591 116.694405 -30.833870
v  -12.061250 116.713104 -30.836796
v  -12.313721 117.654839 -29.199240
v  -12.341480 117.656898 -34.855549
v  -12.181991 116.577576 -31.545179
v  -12.055649 116.596283 -31.547033
v  -12.084760 116.715134 -32.274220
v  -12.211100 116.696419 -32.271282
v  -12.215139 117.675606 -34.858479
v  12.187377 117.673515 -29.202171
v  12.187591 116.694405 -30.833870
v  12.313721 117.654839 -29.199240
v  12.061250 116.713104 -30.836796
v  12.341480 117.656898 -34.855549
v  12.181991 116.577576 -31.545179
v  12.055649 116.596283 -31.547033
v  12.084760 116.715134 -32.274220
v  12.211100 116.696419 -32.271282
v  12.215139 117.675606 -34.858479
v  -0.512010 106.069496 -27.028164
v  -2.639891 105.637741 -27.558184
v  -1.008349 104.464951 -27.385870
v  1.008349 104.464958 -27.385818
v  -1.340460 106.663727 -27.123850
v  -3.263086 107.535324 -27.837130
v  -1.656899 107.625259 -27.278683
v  -1.340460 108.586777 -27.433508
v  -2.639892 109.432938 -28.116041
v  0.512010 106.069496 -27.028164
v  -0.512010 109.181023 -27.529198
v  0.512010 109.181023 -27.529198
v  -1.008349 110.605713 -28.288456
v  2.639891 105.637741 -27.558231
v  1.340460 106.663727 -27.123850
v  1.340460 108.586777 -27.433508
v  1.008348 110.605728 -28.288406
v  3.263085 107.535324 -27.837145
v  1.656898 107.625259 -27.278683
v  2.639891 109.432938 -28.116045
v  0.312072 121.200417 -27.533766
v  0.584188 120.885597 -27.440739
v  0.612476 120.900024 -27.533766
v  0.678935 120.480415 -27.533766
v  0.297659 121.172127 -27.440739
v  0.647578 120.485374 -27.440739
v  0.463614 120.124329 -27.440739
v  -0.107533 121.266891 -27.533766
v  0.486063 120.101883 -27.533766
v  -0.102566 121.235535 -27.440739
v  0.102566 119.940361 -27.440739
v  0.107532 119.909012 -27.533766
v  -0.297659 120.003769 -27.440739
v  -0.463615 121.051575 -27.440739
v  -0.486064 121.074020 -27.533766
v  -0.312072 119.975471 -27.533766
v  -0.584188 120.290283 -27.440739
v  -0.647578 120.690498 -27.440739
v  -0.678935 120.695473 -27.533766
v  -0.612476 120.275879 -27.533766
v  25.584084 98.076019 -13.197175
v  25.822670 98.076019 -14.703533
v  24.915194 98.487679 -14.559804
v  25.130272 98.076019 -16.062437
v  24.765438 98.487679 -13.614297
v  24.480589 98.487679 -15.412758
v  -33.978523 3.898278 22.010479
v  -34.165440 2.222075 23.691910
v  -34.165440 2.217997 22.021452
v  -33.665726 3.898278 22.010479
v  -33.969765 4.914011 22.002497
v  -33.657600 4.914011 22.002497
v  -33.978523 3.898278 22.010479
v  -33.851791 2.217997 22.021452
v  -34.165440 2.217997 22.021452
v  -34.165440 1.682272 22.144539
v  -33.851791 1.682272 22.144539
v  -33.851791 1.346749 22.533447
v  -34.165440 1.346749 22.533447
v  -34.165440 1.346749 23.013193
v  -33.851791 1.346749 23.013193
v  -34.165440 1.682272 23.443048
v  -33.851791 1.682272 23.443048
v  -34.165440 2.222075 23.691910
v  -33.851791 2.222075 23.691910
v  -33.978371 3.898278 24.319916
v  -33.665627 3.898278 24.319914
v  -33.969765 4.915123 24.725607
v  -33.657600 4.915123 24.725607
v  -33.851791 1.682272 22.144539
v  -33.851791 1.346749 23.013193
v  -33.851791 1.346749 22.533447
v  -33.851791 1.682272 23.443048
v  -33.851791 2.217997 22.021452
v  -33.851791 2.222075 23.691910
v  -33.665726 3.898278 22.010479
v  -33.665627 3.898278 24.319914
v  -33.657600 4.914011 22.002497
v  -33.657600 4.915123 24.725607
v  -33.799965 5.169650 22.005459
v  -33.799965 5.169824 24.722771
v  -33.842339 5.169650 -28.143024
v  -34.012138 4.914011 -28.140062
v  -33.699974 4.914011 -28.140062
v  -36.522820 4.914011 -28.140062
v  -36.692619 5.169650 -28.143024
v  -36.834984 4.914011 -28.140062
v  -34.012138 4.914011 -28.140062
v  -33.701504 3.898278 -28.147894
v  -33.699974 4.914011 -28.140062
v  -34.014130 3.898278 -28.147894
v  -33.887592 2.217997 -28.159016
v  -34.200871 2.217997 -28.159016
v  -34.200871 1.682272 -28.282103
v  -33.887592 1.682272 -28.282103
v  -33.887592 1.346749 -28.671011
v  -34.200871 1.346749 -28.671011
v  -34.200871 1.346749 -29.150761
v  -33.887592 1.346749 -29.150761
v  -34.200871 1.682272 -29.580614
v  -33.887592 1.682272 -29.580614
v  -34.200871 2.222075 -29.829475
v  -33.887592 2.222075 -29.829475
v  -34.013992 3.898278 -30.465195
v  -33.701401 3.898278 -30.465195
v  -34.012138 4.915123 -30.863173
v  -33.699974 4.915123 -30.863173
v  -34.014130 3.898278 -28.147894
v  -34.200871 2.222075 -29.829475
v  -34.200871 2.217997 -28.159016
v  -34.013992 3.898278 -30.465195
v  -34.012138 4.914011 -28.140062
v  -34.012138 4.915123 -30.863173
v  -33.887592 1.346749 -29.150761
v  -33.887592 1.682272 -28.282103
v  -33.887592 1.346749 -28.671011
v  -33.887592 1.682272 -29.580614
v  -33.887592 2.217997 -28.159016
v  -33.887592 2.222075 -29.829475
v  -33.701504 3.898278 -28.147894
v  -33.701401 3.898278 -30.465195
v  -33.699974 4.914011 -28.140062
v  -33.699974 4.915123 -30.863173
v  -33.842339 5.169650 -28.143024
v  -33.842339 5.169505 -30.860338
v  -34.460739 4.915494 -31.360012
v  -36.074219 4.915494 -31.360012
v  -35.267479 4.915864 -31.611008
v  -36.522820 4.915123 -30.863173
v  -36.834984 4.915123 -30.863173
v  -34.012138 4.915123 -30.863173
v  -33.699974 4.915123 -30.863173
v  -34.012138 4.914011 -28.140062
v  -36.522820 4.914011 -28.140062
v  -34.460739 4.915494 -31.360012
v  -33.842339 5.169505 -30.860338
v  -33.699974 4.915123 -30.863173
v  -34.490501 5.169824 -31.367987
v  -35.267479 4.915864 -31.611008
v  -35.267467 5.169824 -31.611141
v  -36.044075 5.169824 -31.367987
v  -36.074219 4.915494 -31.360012
v  -36.692619 5.169824 -30.860338
v  -36.834984 4.915123 -30.863173
v  -36.522820 4.915123 -30.863173
v  -36.522820 4.914011 -28.140062
v  -36.514214 3.898278 -30.457481
v  -36.514057 3.898278 -28.148046
v  -36.327145 2.222075 -29.829475
v  -36.327145 2.217997 -28.159016
v  -36.834984 4.914011 -28.140062
v  -36.826859 3.898278 -28.148046
v  -36.522820 4.914011 -28.140062
v  -36.514057 3.898278 -28.148046
v  -36.640793 2.217997 -28.159016
v  -36.327145 2.217997 -28.159016
v  -36.327145 1.682272 -28.282103
v  -36.640793 1.682272 -28.282103
v  -36.640793 1.346749 -28.671011
v  -36.327145 1.346749 -28.671011
v  -36.327145 1.346749 -29.150761
v  -36.640793 1.346749 -29.150761
v  -36.327145 1.682272 -29.580614
v  -36.640793 1.682272 -29.580614
v  -36.327145 2.222075 -29.829475
v  -36.640793 2.222075 -29.829475
v  -36.514214 3.898278 -30.457481
v  -36.826958 3.898278 -30.457479
v  -36.522820 4.915123 -30.863173
v  -36.834984 4.915123 -30.863173
v  -36.640793 1.682272 -28.282103
v  -36.640793 1.346749 -29.150761
v  -36.640793 1.346749 -28.671011
v  -36.640793 1.682272 -29.580614
v  -36.640793 2.217997 -28.159016
v  -36.640793 2.222075 -29.829475
v  -36.826859 3.898278 -28.148046
v  -36.826958 3.898278 -30.457479
v  -36.834984 4.914011 -28.140062
v  -36.834984 4.915123 -30.863173
v  -36.692619 5.169650 -28.143024
v  -36.692619 5.169824 -30.860338
v  36.671432 5.169650 -28.143024
v  36.501633 4.914011 -28.140062
v  36.813797 4.914011 -28.140062
v  33.990948 4.914011 -28.140062
v  33.821152 5.169650 -28.143024
v  33.678787 4.914011 -28.140062
v  36.501633 4.914011 -28.140062
v  36.812267 3.898278 -28.147894
v  36.813797 4.914011 -28.140062
v  36.499641 3.898278 -28.147894
v  36.626179 2.217997 -28.159016
v  36.312901 2.217997 -28.159016
v  36.312901 1.682272 -28.282103
v  36.626179 1.682272 -28.282103
v  36.626179 1.346749 -28.671011
v  36.312901 1.346749 -28.671011
v  36.312901 1.346749 -29.150761
v  36.626179 1.346749 -29.150761
v  36.312901 1.682272 -29.580614
v  36.626179 1.682272 -29.580614
v  36.312901 2.222075 -29.829475
v  36.626179 2.222075 -29.829475
v  36.499779 3.898278 -30.465195
v  36.812366 3.898278 -30.465195
v  36.501633 4.915123 -30.863173
v  36.813797 4.915123 -30.863173
v  36.499641 3.898278 -28.147894
v  36.312901 2.222075 -29.829475
v  36.312901 2.217997 -28.159016
v  36.499779 3.898278 -30.465195
v  36.501633 4.914011 -28.140062
v  36.501633 4.915123 -30.863173
v  36.626179 1.346749 -29.150761
v  36.626179 1.682272 -28.282103
v  36.626179 1.346749 -28.671011
v  36.626179 1.682272 -29.580614
v  36.626179 2.217997 -28.159016
v  36.626179 2.222075 -29.829475
v  36.812267 3.898278 -28.147894
v  36.812366 3.898278 -30.465195
v  36.813797 4.914011 -28.140062
v  36.813797 4.915123 -30.863173
v  36.671432 5.169650 -28.143024
v  36.671432 5.169505 -30.860338
v  36.053032 4.915494 -31.360012
v  34.439552 4.915494 -31.360012
v  35.246292 4.915864 -31.611008
v  33.990948 4.915123 -30.863173
v  33.678787 4.915123 -30.863173
v  36.501633 4.915123 -30.863173
v  36.813797 4.915123 -30.863173
v  36.501633 4.914011 -28.140062
v  33.990948 4.914011 -28.140062
v  36.053032 4.915494 -31.360012
v  36.671432 5.169505 -30.860338
v  36.813797 4.915123 -30.863173
v  36.023270 5.169824 -31.367987
v  35.246292 4.915864 -31.611008
v  35.246296 5.169824 -31.611141
v  34.469692 5.169824 -31.367987
v  34.439552 4.915494 -31.360012
v  33.821152 5.169824 -30.860338
v  33.678787 4.915123 -30.863173
v  33.990948 4.915123 -30.863173
v  33.990948 4.914011 -28.140062
v  33.999557 3.898278 -30.457481
v  33.999710 3.898278 -28.148046
v  34.186626 2.222075 -29.829475
v  34.186626 2.217997 -28.159016
v  33.678787 4.914011 -28.140062
v  33.686913 3.898278 -28.148046
v  33.990948 4.914011 -28.140062
v  33.999710 3.898278 -28.148046
v  33.872978 2.217997 -28.159016
v  34.186626 2.217997 -28.159016
v  34.186626 1.682272 -28.282103
v  33.872978 1.682272 -28.282103
v  33.872978 1.346749 -28.671011
v  34.186626 1.346749 -28.671011
v  34.186626 1.346749 -29.150761
v  33.872978 1.346749 -29.150761
v  34.186626 1.682272 -29.580614
v  33.872978 1.682272 -29.580614
v  34.186626 2.222075 -29.829475
v  33.872978 2.222075 -29.829475
v  33.999557 3.898278 -30.457481
v  33.686813 3.898278 -30.457479
v  33.990948 4.915123 -30.863173
v  33.678787 4.915123 -30.863173
v  33.872978 1.682272 -28.282103
v  33.872978 1.346749 -29.150761
v  33.872978 1.346749 -28.671011
v  33.872978 1.682272 -29.580614
v  33.872978 2.217997 -28.159016
v  33.872978 2.222075 -29.829475
v  33.686913 3.898278 -28.148046
v  33.686813 3.898278 -30.457479
v  33.678787 4.914011 -28.140062
v  33.678787 4.915123 -30.863173
v  33.821152 5.169650 -28.143024
v  33.821152 5.169824 -30.860338
v  33.821152 5.169650 22.005459
v  33.990948 4.914011 22.002497
v  33.678787 4.914011 22.002497
v  36.501633 4.914011 22.002497
v  36.671432 5.169650 22.005459
v  36.813797 4.914011 22.002497
v  33.990948 4.914011 22.002497
v  33.680317 3.898278 22.010328
v  33.678787 4.914011 22.002497
v  33.992943 3.898278 22.010328
v  33.866405 2.217997 22.021452
v  34.179680 2.217997 22.021452
v  34.179680 1.682272 22.144539
v  33.866405 1.682272 22.144539
v  33.866405 1.346749 22.533447
v  34.179680 1.346749 22.533447
v  34.179680 1.346749 23.013193
v  33.866405 1.346749 23.013193
v  34.179680 1.682272 23.443048
v  33.866405 1.682272 23.443048
v  34.179680 2.222075 23.691910
v  33.866405 2.222075 23.691910
v  33.992805 3.898278 24.327629
v  33.680214 3.898278 24.327629
v  33.990948 4.915123 24.725607
v  33.678787 4.915123 24.725607
v  34.179680 2.222075 23.691910
v  34.179680 2.217997 22.021452
v  33.992943 3.898278 22.010328
v  33.992805 3.898278 24.327629
v  33.990948 4.914011 22.002497
v  33.990948 4.915123 24.725607
v  33.866405 1.346749 23.013193
v  33.866405 1.682272 22.144539
v  33.866405 1.346749 22.533447
v  33.866405 1.682272 23.443048
v  33.866405 2.217997 22.021452
v  33.866405 2.222075 23.691910
v  33.680317 3.898278 22.010328
v  33.680214 3.898278 24.327629
v  33.678787 4.914011 22.002497
v  33.678787 4.915123 24.725607
v  33.821152 5.169650 22.005459
v  33.821152 5.169505 24.722771
v  34.439552 4.915494 25.222448
v  36.053032 4.915494 25.222448
v  35.246292 4.915864 25.473442
v  36.501633 4.915123 24.725607
v  36.813797 4.915123 24.725607
v  33.990948 4.915123 24.725607
v  33.678787 4.915123 24.725607
v  33.990948 4.914011 22.002497
v  36.501633 4.914011 22.002497
v  34.439552 4.915494 25.222448
v  33.821152 5.169505 24.722771
v  33.678787 4.915123 24.725607
v  34.469311 5.169824 25.230423
v  35.246292 4.915864 25.473442
v  35.246284 5.169824 25.473577
v  36.022888 5.169824 25.230423
v  36.053032 4.915494 25.222448
v  36.671432 5.169824 24.722771
v  36.813797 4.915123 24.725607
v  36.501633 4.915123 24.725607
v  36.501633 4.914011 22.002497
v  36.493027 3.898278 24.319916
v  36.492874 3.898278 22.010479
v  36.305958 2.222075 23.691910
v  36.305958 2.217997 22.021452
v  36.805672 3.898278 22.010479
v  36.501633 4.914011 22.002497
v  36.813797 4.914011 22.002497
v  36.492874 3.898278 22.010479
v  23.771370 98.076019 -16.754837
v  23.627638 98.487679 -15.847358
v  24.088530 98.487679 -12.937387
v  22.682129 98.487679 -15.697604
v  24.505650 98.076019 -12.118740
v  22.265009 98.076019 -16.516249
v  23.143023 98.487679 -12.787634
v  22.005224 98.487679 -15.020699
v  21.186579 98.076019 -15.437818
v  22.999290 98.076019 -11.880157
v  21.640388 98.076019 -12.572556
v  22.290073 98.487679 -13.222239
v  21.855467 98.487679 -14.075190
v  20.947990 98.076019 -13.931458
v  23.452923 97.346268 12.854753
v  23.691507 97.346268 11.348395
v  22.784033 97.757927 11.492125
v  22.999111 97.346268 9.989491
v  22.634277 97.757927 12.437631
v  22.349428 97.757927 10.639170
v  21.640209 97.346268 9.297092
v  21.496477 97.757927 10.204569
v  21.957371 97.757927 13.114540
v  20.550968 97.757927 10.354324
v  22.374489 97.346268 13.933187
v  20.133846 97.346268 9.535680
v  21.011864 97.757927 13.264294
v  19.874063 97.757927 11.031230
v  19.055418 97.346268 10.614110
v  20.868132 97.346268 14.171770
v  19.509228 97.346268 13.479373
v  20.158913 97.757927 12.829690
v  19.724304 97.757927 11.976738
v  18.816832 97.346268 12.120470
v  -21.210550 98.076019 15.352533
v  -20.971962 98.076019 13.846175
v  -21.879440 98.487679 13.989904
v  -21.664362 98.076019 12.487272
v  -22.029196 98.487679 14.935411
v  -22.314045 98.487679 13.136950
v  -23.023264 98.076019 11.794873
v  -23.166994 98.487679 12.702351
v  -22.706102 98.487679 15.612322
v  -24.112505 98.487679 12.852105
v  -22.288984 98.076019 16.430969
v  -24.529625 98.076019 12.033461
v  -23.651609 98.487679 15.762075
v  -24.789410 98.487679 13.529010
v  -25.608053 98.076019 13.111891
v  -23.795341 98.076019 16.669552
v  -25.154245 98.076019 15.977153
v  -24.504560 98.487679 15.327470
v  -24.939165 98.487679 14.474519
v  -25.846642 98.076019 14.618251
v  -25.682863 96.164063 -3.159316
v  -29.239813 99.167564 -6.041957
v  -27.057680 99.167564 -3.859822
v  -24.308044 99.167564 -2.458817
v  -29.940313 96.164063 -7.416777
v  -21.260050 96.164063 -1.976066
v  -30.640816 99.167564 -8.791578
v  -21.260050 99.167564 -1.976066
v  -31.123549 96.164063 -11.839572
v  -31.123549 99.167564 -11.839572
v  -18.212053 99.167564 -2.458818
v  -16.837238 96.164063 -3.159323
v  -30.640810 99.167564 -14.887566
v  -29.940304 96.164063 -16.262379
v  -15.462415 99.167564 -3.859823
v  -29.239803 99.167564 -17.637180
v  -13.280292 99.167564 -6.041956
v  -12.579788 96.164063 -7.416777
v  -27.057674 99.167564 -19.819294
v  -25.682858 96.164063 -20.519798
v  -11.879282 99.167564 -8.791580
v  -11.396527 96.164063 -11.839572
v  -24.308037 99.167564 -21.220299
v  -21.260057 96.164063 -21.703060
v  -11.396527 99.167564 -11.839572
v  -21.260057 99.167564 -21.703060
v  -11.879282 99.167564 -14.887567
v  -12.579790 96.164063 -16.262384
v  -18.212053 99.167564 -21.220299
v  -16.837236 96.164063 -20.519798
v  -15.462417 99.167564 -19.819294
v  -13.280292 99.167564 -17.637180
v  -22.784037 97.744102 -11.634300
v  -23.452923 97.332436 -12.996933
v  -23.691507 97.332436 -11.490571
v  -22.999111 97.332436 -10.131669
v  -22.634277 97.744102 -12.579807
v  -22.349422 97.744102 -10.781349
v  -22.374489 97.332436 -14.075366
v  -21.640209 97.332436 -9.439274
v  -21.496473 97.744102 -10.346749
v  -21.957363 97.744102 -13.256722
v  -20.550968 97.744102 -10.496502
v  -20.133844 97.332436 -9.677861
v  -20.868128 97.332436 -14.313947
v  -21.011864 97.744102 -13.406472
v  -19.874058 97.744102 -11.173406
v  -20.158913 97.744102 -12.971868
v  -19.055414 97.332436 -10.756291
v  -19.724302 97.744102 -12.118920
v  -19.509228 97.332436 -13.621552
v  -18.816828 97.332436 -12.262648
v  0.899406 95.892990 28.052872
v  1.644107 94.800865 29.546230
v  2.354679 94.887543 28.379976
v  2.910578 93.260689 28.909260
v  0.627960 95.502892 29.317839
v  -0.899403 95.892990 28.052872
v  2.032207 93.664948 29.915789
v  -0.000008 93.865730 30.540974
v  -0.627978 95.502892 29.317839
v  1.644107 92.529022 30.285355
v  -1.644137 94.800865 29.546230
v  2.354679 91.633835 29.438538
v  0.627960 91.826988 30.513754
v  -2.354677 94.887527 28.379982
v  -2.910576 93.260689 28.909260
v  -2.032231 93.664948 29.915789
v  -0.627978 91.826988 30.513754
v  -1.644137 92.529007 30.285355
v  0.899406 90.628387 29.765654
v  -0.899403 90.628387 29.765654
v  -2.354677 91.633835 29.438540

vt  0.614258 -0.787109 0.000000
vt  0.995117 -0.773926 0.000000
vt  0.614258 -0.773926 0.000000
vt  0.995117 -0.787109 0.000000
vt  0.995117 -0.790039 0.000000
vt  0.614258 -0.790039 0.000000
vt  0.626465 -0.960938 0.000000
vt  0.995117 -0.960938 0.000000
vt  0.626465 -0.953125 0.000000
vt  0.995117 -0.953125 0.000000
vt  0.459717 -0.971680 0.000000
vt  0.468262 -0.969238 0.000000
vt  0.466797 -0.974609 0.000000
vt  0.460938 -0.965820 0.000000
vt  0.468262 -0.962891 0.000000
vt  0.460938 -0.959473 0.000000
vt  0.459473 -0.928223 0.000000
vt  0.468262 -0.812012 0.000000
vt  0.457520 -0.924805 0.000000
vt  0.451416 -0.814453 0.000000
vt  0.453613 -0.812012 0.000000
vt  0.988281 -0.949219 0.000000
vt  0.617676 -0.947266 0.000000
vt  0.623047 -0.949219 0.000000
vt  0.993652 -0.947266 0.000000
vt  0.995605 -0.940918 0.000000
vt  0.615723 -0.940918 0.000000
vt  0.995605 -0.909668 0.000000
vt  0.615723 -0.909668 0.000000
vt  0.995605 -0.905762 0.000000
vt  0.615723 -0.905762 0.000000
vt  0.995605 -0.794922 0.000000
vt  0.615723 -0.794922 0.000000
vt  0.468262 -0.969238 0.000000
vt  0.459717 -0.971680 0.000000
vt  0.466797 -0.974609 0.000000
vt  0.460938 -0.965820 0.000000
vt  0.468262 -0.962891 0.000000
vt  0.460938 -0.959473 0.000000
vt  0.459473 -0.928223 0.000000
vt  0.468262 -0.812012 0.000000
vt  0.457520 -0.924805 0.000000
vt  0.451416 -0.814453 0.000000
vt  0.453613 -0.812012 0.000000
vt  0.945313 -0.657227 0.000000
vt  0.936523 -0.552246 0.000000
vt  0.936523 -0.657227 0.000000
vt  0.945313 -0.551758 0.000000
vt  0.932129 -0.544922 0.000000
vt  0.940918 -0.538086 0.000000
vt  0.928223 -0.528809 0.000000
vt  0.923340 -0.540527 0.000000
vt  0.911621 -0.538086 0.000000
vt  0.911621 -0.526367 0.000000
vt  0.719727 -0.538086 0.000000
vt  0.719238 -0.526367 0.000000
vt  0.707520 -0.540527 0.000000
vt  0.703613 -0.528809 0.000000
vt  0.698730 -0.544922 0.000000
vt  0.690430 -0.538086 0.000000
vt  0.694824 -0.552246 0.000000
vt  0.686035 -0.551758 0.000000
vt  0.694824 -0.657227 0.000000
vt  0.686035 -0.657227 0.000000
vt  0.958496 -0.686035 0.000000
vt  0.958496 -0.580566 0.000000
vt  0.949707 -0.580566 0.000000
vt  0.949707 -0.685547 0.000000
vt  0.954102 -0.699707 0.000000
vt  0.945801 -0.692871 0.000000
vt  0.940918 -0.708984 0.000000
vt  0.937012 -0.697266 0.000000
vt  0.924805 -0.711426 0.000000
vt  0.924805 -0.699707 0.000000
vt  0.733398 -0.699707 0.000000
vt  0.732910 -0.711426 0.000000
vt  0.721191 -0.697266 0.000000
vt  0.716797 -0.708984 0.000000
vt  0.712402 -0.692871 0.000000
vt  0.704102 -0.699707 0.000000
vt  0.699219 -0.686035 0.000000
vt  0.708008 -0.685547 0.000000
vt  0.699219 -0.580566 0.000000
vt  0.708008 -0.580566 0.000000
vt  0.433350 -0.568848 0.000000
vt  0.433350 -0.916504 0.000000
vt  0.438721 -0.568848 0.000000
vt  0.438721 -0.916504 0.000000
vt  0.448730 -0.916504 0.000000
vt  0.448730 -0.568848 0.000000
vt  0.443115 -0.568848 0.000000
vt  0.443115 -0.916504 0.000000
vt  0.590332 -0.003513 0.000000
vt  0.627930 -0.003513 0.000000
vt  0.627930 -0.064575 0.000000
vt  0.590332 -0.064575 0.000000
vt  0.627930 -0.064575 0.000000
vt  0.627930 -0.003513 0.000000
vt  0.636230 -0.296143 0.000000
vt  0.647949 -0.004353 0.000000
vt  0.647949 -0.296143 0.000000
vt  0.636230 -0.004353 0.000000
vt  0.573242 -0.004848 0.000000
vt  0.393799 -0.016769 0.000000
vt  0.573242 -0.016769 0.000000
vt  0.393799 -0.004848 0.000000
vt  0.573242 -0.016769 0.000000
vt  0.573242 -0.004848 0.000000
vt  0.636230 -0.004353 0.000000
vt  0.636230 -0.296143 0.000000
vt  0.647949 -0.296143 0.000000
vt  0.647949 -0.004353 0.000000
vt  0.515625 -0.931152 0.000000
vt  0.518066 -0.958496 0.000000
vt  0.515625 -0.957520 0.000000
vt  0.520020 -0.930664 0.000000
vt  0.522461 -0.958984 0.000000
vt  0.526855 -0.958496 0.000000
vt  0.528809 -0.953613 0.000000
vt  0.528809 -0.958008 0.000000
vt  0.522461 -0.802246 0.000000
vt  0.522461 -0.923828 0.000000
vt  0.525391 -0.923340 0.000000
vt  0.525391 -0.803223 0.000000
vt  0.529297 -0.803711 0.000000
vt  0.529297 -0.922363 0.000000
vt  0.533691 -0.804688 0.000000
vt  0.533691 -0.921875 0.000000
vt  0.536133 -0.805176 0.000000
vt  0.536133 -0.921387 0.000000
vt  0.540527 -0.805176 0.000000
vt  0.540527 -0.920898 0.000000
vt  0.517090 -0.922852 0.000000
vt  0.517090 -0.801758 0.000000
vt  0.512695 -0.801758 0.000000
vt  0.512695 -0.922852 0.000000
vt  0.518066 -0.958496 0.000000
vt  0.515625 -0.931152 0.000000
vt  0.515625 -0.957520 0.000000
vt  0.520020 -0.930664 0.000000
vt  0.522461 -0.958984 0.000000
vt  0.526855 -0.958496 0.000000
vt  0.528809 -0.953613 0.000000
vt  0.528809 -0.958008 0.000000
vt  0.624023 -0.291992 0.000000
vt  0.608398 -0.291992 0.000000
vt  0.622559 -0.292725 0.000000
vt  0.606445 -0.291260 0.000000
vt  0.625488 -0.290771 0.000000
vt  0.604980 -0.289795 0.000000
vt  0.626465 -0.288818 0.000000
vt  0.604492 -0.287842 0.000000
vt  0.626465 -0.250732 0.000000
vt  0.627441 -0.288818 0.000000
vt  0.604492 -0.251465 0.000000
vt  0.627441 -0.250732 0.000000
vt  0.605469 -0.249512 0.000000
vt  0.625977 -0.249023 0.000000
vt  0.606934 -0.248169 0.000000
vt  0.624512 -0.247681 0.000000
vt  0.608887 -0.247314 0.000000
vt  0.622559 -0.246948 0.000000
vt  0.305908 -0.677734 0.000000
vt  0.311035 -0.680176 0.000000
vt  0.306152 -0.676758 0.000000
vt  0.310791 -0.681152 0.000000
vt  0.314697 -0.682617 0.000000
vt  0.308105 -0.684570 0.000000
vt  0.302979 -0.680664 0.000000
vt  0.312256 -0.687500 0.000000
vt  0.314453 -0.683594 0.000000
vt  0.311768 -0.687988 0.000000
vt  0.307373 -0.684570 0.000000
vt  0.302246 -0.681152 0.000000
vt  0.318115 -0.689941 0.000000
vt  0.317627 -0.690918 0.000000
vt  0.320313 -0.686035 0.000000
vt  0.320801 -0.685547 0.000000
vt  0.322754 -0.693359 0.000000
vt  0.322021 -0.693848 0.000000
vt  0.325684 -0.689453 0.000000
vt  0.328369 -0.699707 0.000000
vt  0.326172 -0.688965 0.000000
vt  0.332520 -0.697266 0.000000
vt  0.327393 -0.700195 0.000000
vt  0.331787 -0.708008 0.000000
vt  0.331055 -0.708496 0.000000
vt  0.333252 -0.696777 0.000000
vt  0.337158 -0.707031 0.000000
vt  0.337402 -0.717773 0.000000
vt  0.332275 -0.717285 0.000000
vt  0.331299 -0.717285 0.000000
vt  0.337891 -0.707031 0.000000
vt  0.338379 -0.717773 0.000000
vt  0.334961 -0.728027 0.000000
vt  0.335693 -0.728516 0.000000
vt  0.330322 -0.726563 0.000000
vt  0.329346 -0.737305 0.000000
vt  0.329346 -0.726074 0.000000
vt  0.330078 -0.737793 0.000000
vt  0.325684 -0.733887 0.000000
vt  0.324951 -0.733398 0.000000
vt  0.319092 -0.739746 0.000000
vt  0.321289 -0.744141 0.000000
vt  0.318604 -0.739258 0.000000
vt  0.321777 -0.744629 0.000000
vt  0.311523 -0.746582 0.000000
vt  0.311035 -0.742188 0.000000
vt  0.311523 -0.747559 0.000000
vt  0.311035 -0.741211 0.000000
vt  0.302734 -0.741211 0.000000
vt  0.301514 -0.745605 0.000000
vt  0.301270 -0.746582 0.000000
vt  0.302979 -0.740723 0.000000
vt  0.292480 -0.741699 0.000000
vt  0.294922 -0.737793 0.000000
vt  0.291992 -0.742676 0.000000
vt  0.295410 -0.736816 0.000000
vt  0.288330 -0.732422 0.000000
vt  0.284668 -0.735352 0.000000
vt  0.289063 -0.731934 0.000000
vt  0.283936 -0.735840 0.000000
vt  0.280029 -0.726074 0.000000
vt  0.284668 -0.724609 0.000000
vt  0.285400 -0.724121 0.000000
vt  0.283203 -0.715820 0.000000
vt  0.279053 -0.726074 0.000000
vt  0.278320 -0.715332 0.000000
vt  0.284180 -0.715820 0.000000
vt  0.280518 -0.705078 0.000000
vt  0.284912 -0.707031 0.000000
vt  0.277344 -0.715332 0.000000
vt  0.285889 -0.707031 0.000000
vt  0.289551 -0.699219 0.000000
vt  0.290039 -0.699707 0.000000
vt  0.286133 -0.695801 0.000000
vt  0.279541 -0.704590 0.000000
vt  0.296631 -0.695801 0.000000
vt  0.294922 -0.690918 0.000000
vt  0.296387 -0.694824 0.000000
vt  0.304199 -0.694336 0.000000
vt  0.294678 -0.689941 0.000000
vt  0.285400 -0.695313 0.000000
vt  0.303955 -0.694824 0.000000
vt  0.304932 -0.689453 0.000000
vt  0.305176 -0.688477 0.000000
vt  0.311523 -0.697754 0.000000
vt  0.314453 -0.692871 0.000000
vt  0.312012 -0.697266 0.000000
vt  0.314697 -0.692383 0.000000
vt  0.318359 -0.703125 0.000000
vt  0.319092 -0.702637 0.000000
vt  0.322510 -0.699219 0.000000
vt  0.088928 -0.738281 0.000000
vt  0.086060 -0.735840 0.000000
vt  0.086060 -0.738281 0.000000
vt  0.088928 -0.735840 0.000000
vt  0.088928 -0.732910 0.000000
vt  0.086060 -0.732910 0.000000
vt  0.086060 -0.730957 0.000000
vt  0.088928 -0.730957 0.000000
vt  0.086060 -0.728027 0.000000
vt  0.088928 -0.728027 0.000000
vt  0.086060 -0.725586 0.000000
vt  0.088928 -0.725586 0.000000
vt  0.086060 -0.715332 0.000000
vt  0.088928 -0.715332 0.000000
vt  0.086060 -0.708984 0.000000
vt  0.088928 -0.708984 0.000000
vt  0.108948 -0.705078 0.000000
vt  0.104431 -0.706543 0.000000
vt  0.106934 -0.706543 0.000000
vt  0.102173 -0.705078 0.000000
vt  0.109558 -0.702148 0.000000
vt  0.100830 -0.702148 0.000000
vt  0.109558 -0.693359 0.000000
vt  0.097534 -0.693359 0.000000
vt  0.109558 -0.687988 0.000000
vt  0.095337 -0.687988 0.000000
vt  0.109558 -0.686523 0.000000
vt  0.095337 -0.686523 0.000000
vt  0.072876 -0.677246 0.000000
vt  0.082886 -0.684570 0.000000
vt  0.082886 -0.676758 0.000000
vt  0.072937 -0.684570 0.000000
vt  0.082886 -0.692383 0.000000
vt  0.072937 -0.692383 0.000000
vt  0.082886 -0.700195 0.000000
vt  0.072937 -0.700195 0.000000
vt  0.082886 -0.708008 0.000000
vt  0.072937 -0.708008 0.000000
vt  0.082886 -0.715820 0.000000
vt  0.072937 -0.715820 0.000000
vt  0.082886 -0.723633 0.000000
vt  0.072937 -0.723633 0.000000
vt  0.072937 -0.731445 0.000000
vt  0.082886 -0.731445 0.000000
vt  0.082886 -0.739258 0.000000
vt  0.072937 -0.739258 0.000000
vt  0.082947 -0.747070 0.000000
vt  0.072937 -0.747070 0.000000
vt  0.082947 -0.754883 0.000000
vt  0.072937 -0.754883 0.000000
vt  0.082886 -0.684570 0.000000
vt  0.082886 -0.676758 0.000000
vt  0.072876 -0.677246 0.000000
vt  0.072937 -0.684570 0.000000
vt  0.082886 -0.692383 0.000000
vt  0.072937 -0.692383 0.000000
vt  0.082886 -0.700195 0.000000
vt  0.072937 -0.700195 0.000000
vt  0.072937 -0.708008 0.000000
vt  0.082886 -0.708008 0.000000
vt  0.082886 -0.715820 0.000000
vt  0.072937 -0.715820 0.000000
vt  0.082886 -0.723633 0.000000
vt  0.072937 -0.723633 0.000000
vt  0.082886 -0.731445 0.000000
vt  0.072937 -0.731445 0.000000
vt  0.082886 -0.739258 0.000000
vt  0.072937 -0.739258 0.000000
vt  0.082947 -0.747070 0.000000
vt  0.072937 -0.747070 0.000000
vt  0.082947 -0.754883 0.000000
vt  0.072937 -0.754883 0.000000
vt  0.072876 -0.677246 0.000000
vt  0.082886 -0.684570 0.000000
vt  0.082886 -0.676758 0.000000
vt  0.072937 -0.684570 0.000000
vt  0.082886 -0.692383 0.000000
vt  0.072937 -0.692383 0.000000
vt  0.082886 -0.700195 0.000000
vt  0.072937 -0.700195 0.000000
vt  0.082886 -0.708008 0.000000
vt  0.072937 -0.708008 0.000000
vt  0.082886 -0.715820 0.000000
vt  0.072937 -0.715820 0.000000
vt  0.082886 -0.723633 0.000000
vt  0.072937 -0.723633 0.000000
vt  0.072937 -0.731445 0.000000
vt  0.082886 -0.731445 0.000000
vt  0.082886 -0.739258 0.000000
vt  0.072937 -0.739258 0.000000
vt  0.082947 -0.747070 0.000000
vt  0.072937 -0.747070 0.000000
vt  0.082947 -0.754883 0.000000
vt  0.072937 -0.754883 0.000000
vt  0.082886 -0.684570 0.000000
vt  0.082886 -0.676758 0.000000
vt  0.072876 -0.677246 0.000000
vt  0.072937 -0.684570 0.000000
vt  0.082886 -0.692383 0.000000
vt  0.072937 -0.692383 0.000000
vt  0.082886 -0.700195 0.000000
vt  0.072937 -0.700195 0.000000
vt  0.072937 -0.708008 0.000000
vt  0.082886 -0.708008 0.000000
vt  0.082886 -0.715820 0.000000
vt  0.072937 -0.715820 0.000000
vt  0.082886 -0.723633 0.000000
vt  0.072937 -0.723633 0.000000
vt  0.082886 -0.731445 0.000000
vt  0.072937 -0.731445 0.000000
vt  0.082886 -0.739258 0.000000
vt  0.072937 -0.739258 0.000000
vt  0.082947 -0.747070 0.000000
vt  0.072937 -0.747070 0.000000
vt  0.082947 -0.754883 0.000000
vt  0.072937 -0.754883 0.000000
vt  0.476074 -0.793945 0.000000
vt  0.479980 -0.774902 0.000000
vt  0.484131 -0.783691 0.000000
vt  0.479980 -0.723633 0.000000
vt  0.476074 -0.699707 0.000000
vt  0.483887 -0.713867 0.000000
vt  0.491211 -0.707031 0.000000
vt  0.499268 -0.702148 0.000000
vt  0.500977 -0.704102 0.000000
vt  0.533203 -0.699707 0.000000
vt  0.533203 -0.702148 0.000000
vt  0.533203 -0.704102 0.000000
vt  0.533203 -0.698242 0.000000
vt  0.476074 -0.698242 0.000000
vt  0.499268 -0.702148 0.000000
vt  0.476074 -0.699707 0.000000
vt  0.500977 -0.704102 0.000000
vt  0.491211 -0.707031 0.000000
vt  0.533203 -0.696777 0.000000
vt  0.476074 -0.698242 0.000000
vt  0.476074 -0.696777 0.000000
vt  0.483887 -0.713867 0.000000
vt  0.533203 -0.688477 0.000000
vt  0.476074 -0.696777 0.000000
vt  0.479980 -0.723633 0.000000
vt  0.476074 -0.793945 0.000000
vt  0.476074 -0.688477 0.000000
vt  0.476074 -0.688477 0.000000
vt  0.479980 -0.774902 0.000000
vt  0.484131 -0.783691 0.000000
vt  0.469482 -0.806152 0.000000
vt  0.452881 -0.763672 0.000000
vt  0.452881 -0.806152 0.000000
vt  0.469482 -0.762695 0.000000
vt  0.452881 -0.752930 0.000000
vt  0.469482 -0.752930 0.000000
vt  0.469482 -0.743164 0.000000
vt  0.452881 -0.742676 0.000000
vt  0.469482 -0.688477 0.000000
vt  0.452881 -0.688965 0.000000
vt  0.452881 -0.677246 0.000000
vt  0.469482 -0.677246 0.000000
vt  0.469482 -0.666992 0.000000
vt  0.452881 -0.666992 0.000000
vt  0.467773 -0.656250 0.000000
vt  0.452881 -0.655762 0.000000
vt  0.467773 -0.622559 0.000000
vt  0.452881 -0.622559 0.000000
vt  0.452881 -0.806152 0.000000
vt  0.452881 -0.763672 0.000000
vt  0.469482 -0.806152 0.000000
vt  0.469482 -0.762695 0.000000
vt  0.452881 -0.752930 0.000000
vt  0.469482 -0.752930 0.000000
vt  0.469482 -0.743164 0.000000
vt  0.452881 -0.742676 0.000000
vt  0.469482 -0.688477 0.000000
vt  0.452881 -0.688965 0.000000
vt  0.452881 -0.677246 0.000000
vt  0.469482 -0.677246 0.000000
vt  0.469482 -0.666992 0.000000
vt  0.452881 -0.666992 0.000000
vt  0.467773 -0.656250 0.000000
vt  0.452881 -0.655762 0.000000
vt  0.467773 -0.622559 0.000000
vt  0.452881 -0.622559 0.000000
vt  0.627441 -0.754883 0.000000
vt  0.626465 -0.764648 0.000000
vt  0.627441 -0.764648 0.000000
vt  0.626465 -0.754883 0.000000
vt  0.605957 -0.765625 0.000000
vt  0.606445 -0.755859 0.000000
vt  0.605957 -0.755859 0.000000
vt  0.606445 -0.765625 0.000000
vt  0.616211 -0.750977 0.000000
vt  0.605957 -0.750488 0.000000
vt  0.605957 -0.750977 0.000000
vt  0.616211 -0.750488 0.000000
vt  0.620605 -0.750488 0.000000
vt  0.622559 -0.750488 0.000000
vt  0.620605 -0.750000 0.000000
vt  0.622559 -0.750000 0.000000
vt  0.614258 -0.765625 0.000000
vt  0.614258 -0.767090 0.000000
vt  0.614746 -0.765625 0.000000
vt  0.614746 -0.767090 0.000000
vt  0.629395 -0.750488 0.000000
vt  0.627441 -0.750488 0.000000
vt  0.627441 -0.750977 0.000000
vt  0.629395 -0.750977 0.000000
vt  0.620117 -0.755371 0.000000
vt  0.622559 -0.753906 0.000000
vt  0.620117 -0.753906 0.000000
vt  0.622559 -0.763672 0.000000
vt  0.612305 -0.763672 0.000000
vt  0.609863 -0.755371 0.000000
vt  0.609863 -0.765137 0.000000
vt  0.612305 -0.765137 0.000000
vt  0.605957 -0.070923 0.000000
vt  0.608887 -0.144531 0.000000
vt  0.608887 -0.068787 0.000000
vt  0.605957 -0.142456 0.000000
vt  0.612793 -0.075867 0.000000
vt  0.616699 -0.067566 0.000000
vt  0.614258 -0.067566 0.000000
vt  0.618164 -0.075867 0.000000
vt  0.597168 -0.144775 0.000000
vt  0.600098 -0.071655 0.000000
vt  0.597168 -0.069336 0.000000
vt  0.600098 -0.142944 0.000000
vt  0.614258 -0.143799 0.000000
vt  0.616699 -0.080078 0.000000
vt  0.614258 -0.080078 0.000000
vt  0.616699 -0.143799 0.000000
vt  0.605957 -0.070923 0.000000
vt  0.608887 -0.144531 0.000000
vt  0.608887 -0.068787 0.000000
vt  0.605957 -0.142456 0.000000
vt  0.612793 -0.075867 0.000000
vt  0.616699 -0.067566 0.000000
vt  0.614258 -0.067566 0.000000
vt  0.618164 -0.075867 0.000000
vt  0.597168 -0.144775 0.000000
vt  0.600098 -0.071655 0.000000
vt  0.597168 -0.069336 0.000000
vt  0.600098 -0.142944 0.000000
vt  0.614258 -0.143799 0.000000
vt  0.616699 -0.080078 0.000000
vt  0.614258 -0.080078 0.000000
vt  0.616699 -0.143799 0.000000
vt  0.605957 -0.070923 0.000000
vt  0.608887 -0.144531 0.000000
vt  0.608887 -0.068787 0.000000
vt  0.605957 -0.142456 0.000000
vt  0.612793 -0.075867 0.000000
vt  0.616699 -0.067566 0.000000
vt  0.614258 -0.067566 0.000000
vt  0.618164 -0.075867 0.000000
vt  0.597168 -0.144775 0.000000
vt  0.600098 -0.071655 0.000000
vt  0.597168 -0.069336 0.000000
vt  0.600098 -0.142944 0.000000
vt  0.614258 -0.143799 0.000000
vt  0.616699 -0.080078 0.000000
vt  0.614258 -0.080078 0.000000
vt  0.616699 -0.143799 0.000000
vt  0.605957 -0.070923 0.000000
vt  0.608887 -0.144531 0.000000
vt  0.608887 -0.068787 0.000000
vt  0.605957 -0.142456 0.000000
vt  0.612793 -0.075867 0.000000
vt  0.616699 -0.067566 0.000000
vt  0.614258 -0.067566 0.000000
vt  0.618164 -0.075867 0.000000
vt  0.597168 -0.144775 0.000000
vt  0.600098 -0.071655 0.000000
vt  0.597168 -0.069336 0.000000
vt  0.600098 -0.142944 0.000000
vt  0.614258 -0.143799 0.000000
vt  0.616699 -0.080078 0.000000
vt  0.614258 -0.080078 0.000000
vt  0.616699 -0.143799 0.000000
vt  0.605957 -0.070923 0.000000
vt  0.608887 -0.144531 0.000000
vt  0.608887 -0.068787 0.000000
vt  0.605957 -0.142456 0.000000
vt  0.612793 -0.075867 0.000000
vt  0.616699 -0.067566 0.000000
vt  0.614258 -0.067566 0.000000
vt  0.618164 -0.075867 0.000000
vt  0.597168 -0.144775 0.000000
vt  0.600098 -0.071655 0.000000
vt  0.597168 -0.069336 0.000000
vt  0.600098 -0.142944 0.000000
vt  0.614258 -0.143799 0.000000
vt  0.616699 -0.080078 0.000000
vt  0.614258 -0.080078 0.000000
vt  0.616699 -0.143799 0.000000
vt  0.608887 -0.144531 0.000000
vt  0.608887 -0.068787 0.000000
vt  0.605957 -0.142456 0.000000
vt  0.605957 -0.070923 0.000000
vt  0.614258 -0.067566 0.000000
vt  0.618164 -0.075867 0.000000
vt  0.616699 -0.067566 0.000000
vt  0.612793 -0.075867 0.000000
vt  0.600098 -0.142944 0.000000
vt  0.597168 -0.069336 0.000000
vt  0.597168 -0.144775 0.000000
vt  0.600098 -0.071655 0.000000
vt  0.590820 -0.069458 0.000000
vt  0.590820 -0.158936 0.000000
vt  0.593262 -0.158936 0.000000
vt  0.593262 -0.069458 0.000000
vt  0.608887 -0.144531 0.000000
vt  0.608887 -0.068787 0.000000
vt  0.605957 -0.142456 0.000000
vt  0.605957 -0.070923 0.000000
vt  0.614258 -0.067566 0.000000
vt  0.618164 -0.075867 0.000000
vt  0.616699 -0.067566 0.000000
vt  0.612793 -0.075867 0.000000
vt  0.600098 -0.142944 0.000000
vt  0.597168 -0.069336 0.000000
vt  0.597168 -0.144775 0.000000
vt  0.600098 -0.071655 0.000000
vt  0.590820 -0.069458 0.000000
vt  0.590820 -0.158936 0.000000
vt  0.593262 -0.158936 0.000000
vt  0.593262 -0.069458 0.000000
vt  0.608887 -0.144531 0.000000
vt  0.608887 -0.068787 0.000000
vt  0.605957 -0.142456 0.000000
vt  0.605957 -0.070923 0.000000
vt  0.614258 -0.067566 0.000000
vt  0.618164 -0.075867 0.000000
vt  0.616699 -0.067566 0.000000
vt  0.612793 -0.075867 0.000000
vt  0.600098 -0.142944 0.000000
vt  0.597168 -0.069336 0.000000
vt  0.597168 -0.144775 0.000000
vt  0.600098 -0.071655 0.000000
vt  0.590820 -0.069458 0.000000
vt  0.590820 -0.158936 0.000000
vt  0.593262 -0.158936 0.000000
vt  0.593262 -0.069458 0.000000
vt  0.608887 -0.144531 0.000000
vt  0.608887 -0.068787 0.000000
vt  0.605957 -0.142456 0.000000
vt  0.605957 -0.070923 0.000000
vt  0.614258 -0.067566 0.000000
vt  0.618164 -0.075867 0.000000
vt  0.616699 -0.067566 0.000000
vt  0.612793 -0.075867 0.000000
vt  0.322998 -0.698730 0.000000
vt  0.327637 -0.708984 0.000000
vt  0.322998 -0.709961 0.000000
vt  0.328613 -0.708496 0.000000
vt  0.322266 -0.710449 0.000000
vt  0.322998 -0.718262 0.000000
vt  0.327881 -0.719727 0.000000
vt  0.328857 -0.720215 0.000000
vt  0.322998 -0.729004 0.000000
vt  0.322266 -0.718262 0.000000
vt  0.319092 -0.726563 0.000000
vt  0.318359 -0.726074 0.000000
vt  0.323730 -0.729980 0.000000
vt  0.313232 -0.731934 0.000000
vt  0.314697 -0.736328 0.000000
vt  0.312744 -0.731445 0.000000
vt  0.315186 -0.737305 0.000000
vt  0.306152 -0.738281 0.000000
vt  0.306641 -0.732910 0.000000
vt  0.306152 -0.738281 0.000000
vt  0.306641 -0.731934 0.000000
vt  0.300293 -0.730469 0.000000
vt  0.297852 -0.734375 0.000000
vt  0.297363 -0.734863 0.000000
vt  0.300537 -0.729980 0.000000
vt  0.296387 -0.727051 0.000000
vt  0.297119 -0.726563 0.000000
vt  0.292725 -0.729492 0.000000
vt  0.294189 -0.721191 0.000000
vt  0.291992 -0.729980 0.000000
vt  0.289551 -0.721680 0.000000
vt  0.294922 -0.721191 0.000000
vt  0.289551 -0.714355 0.000000
vt  0.294189 -0.714844 0.000000
vt  0.288574 -0.722168 0.000000
vt  0.295166 -0.714844 0.000000
vt  0.291504 -0.706543 0.000000
vt  0.288574 -0.714355 0.000000
vt  0.296143 -0.708496 0.000000
vt  0.297119 -0.708984 0.000000
vt  0.290527 -0.706543 0.000000
vt  0.298096 -0.703613 0.000000
vt  0.299072 -0.703613 0.000000
vt  0.293457 -0.701660 0.000000
vt  0.292969 -0.701172 0.000000
vt  0.305908 -0.677734 0.000000
vt  0.311035 -0.680176 0.000000
vt  0.306152 -0.676758 0.000000
vt  0.310791 -0.681152 0.000000
vt  0.314697 -0.682617 0.000000
vt  0.308105 -0.684570 0.000000
vt  0.302979 -0.680664 0.000000
vt  0.312256 -0.687500 0.000000
vt  0.314453 -0.683594 0.000000
vt  0.311768 -0.687988 0.000000
vt  0.307373 -0.684570 0.000000
vt  0.302246 -0.681152 0.000000
vt  0.318115 -0.689941 0.000000
vt  0.317627 -0.690918 0.000000
vt  0.320313 -0.686035 0.000000
vt  0.320801 -0.685547 0.000000
vt  0.322754 -0.693359 0.000000
vt  0.325684 -0.689453 0.000000
vt  0.322021 -0.693848 0.000000
vt  0.328369 -0.699707 0.000000
vt  0.326172 -0.688965 0.000000
vt  0.332520 -0.697266 0.000000
vt  0.327393 -0.700195 0.000000
vt  0.331787 -0.708008 0.000000
vt  0.333252 -0.696777 0.000000
vt  0.337158 -0.707031 0.000000
vt  0.331055 -0.708496 0.000000
vt  0.337402 -0.717773 0.000000
vt  0.332275 -0.717285 0.000000
vt  0.337891 -0.707031 0.000000
vt  0.338379 -0.717773 0.000000
vt  0.331299 -0.717285 0.000000
vt  0.334961 -0.728027 0.000000
vt  0.335693 -0.728516 0.000000
vt  0.330322 -0.726563 0.000000
vt  0.329346 -0.726074 0.000000
vt  0.329346 -0.737305 0.000000
vt  0.330078 -0.737793 0.000000
vt  0.325684 -0.733887 0.000000
vt  0.324951 -0.733398 0.000000
vt  0.319092 -0.739746 0.000000
vt  0.321289 -0.744141 0.000000
vt  0.318604 -0.739258 0.000000
vt  0.321777 -0.744629 0.000000
vt  0.311523 -0.746582 0.000000
vt  0.311035 -0.742188 0.000000
vt  0.311523 -0.747559 0.000000
vt  0.311035 -0.741211 0.000000
vt  0.302734 -0.741211 0.000000
vt  0.302979 -0.740723 0.000000
vt  0.301514 -0.745605 0.000000
vt  0.301270 -0.746582 0.000000
vt  0.295410 -0.736816 0.000000
vt  0.292480 -0.741699 0.000000
vt  0.294922 -0.737793 0.000000
vt  0.291992 -0.742676 0.000000
vt  0.288330 -0.732422 0.000000
vt  0.284668 -0.735352 0.000000
vt  0.289063 -0.731934 0.000000
vt  0.283936 -0.735840 0.000000
vt  0.280029 -0.726074 0.000000
vt  0.284668 -0.724609 0.000000
vt  0.285400 -0.724121 0.000000
vt  0.283203 -0.715820 0.000000
vt  0.279053 -0.726074 0.000000
vt  0.278320 -0.715332 0.000000
vt  0.284180 -0.715820 0.000000
vt  0.277344 -0.715332 0.000000
vt  0.280518 -0.705078 0.000000
vt  0.284912 -0.707031 0.000000
vt  0.285889 -0.707031 0.000000
vt  0.279541 -0.704590 0.000000
vt  0.289551 -0.699219 0.000000
vt  0.286133 -0.695801 0.000000
vt  0.290039 -0.699707 0.000000
vt  0.285400 -0.695313 0.000000
vt  0.294922 -0.690918 0.000000
vt  0.296387 -0.694824 0.000000
vt  0.294678 -0.689941 0.000000
vt  0.296631 -0.695801 0.000000
vt  0.304199 -0.694336 0.000000
vt  0.304932 -0.689453 0.000000
vt  0.305176 -0.688477 0.000000
vt  0.303955 -0.694824 0.000000
vt  0.314453 -0.692871 0.000000
vt  0.314697 -0.692383 0.000000
vt  0.312012 -0.697266 0.000000
vt  0.311523 -0.697754 0.000000
vt  0.319092 -0.702637 0.000000
vt  0.322510 -0.699219 0.000000
vt  0.318359 -0.703125 0.000000
vt  0.322998 -0.698730 0.000000
vt  0.327637 -0.708984 0.000000
vt  0.322998 -0.709961 0.000000
vt  0.328613 -0.708496 0.000000
vt  0.322266 -0.710449 0.000000
vt  0.322998 -0.718262 0.000000
vt  0.327881 -0.719727 0.000000
vt  0.322266 -0.718262 0.000000
vt  0.328857 -0.720215 0.000000
vt  0.322998 -0.729004 0.000000
vt  0.319092 -0.726563 0.000000
vt  0.323730 -0.729980 0.000000
vt  0.318359 -0.726074 0.000000
vt  0.313232 -0.731934 0.000000
vt  0.314697 -0.736328 0.000000
vt  0.312744 -0.731445 0.000000
vt  0.315186 -0.737305 0.000000
vt  0.306152 -0.737305 0.000000
vt  0.306641 -0.732910 0.000000
vt  0.306152 -0.738281 0.000000
vt  0.306641 -0.731934 0.000000
vt  0.300293 -0.730469 0.000000
vt  0.297852 -0.734375 0.000000
vt  0.300537 -0.729980 0.000000
vt  0.297363 -0.734863 0.000000
vt  0.296387 -0.727051 0.000000
vt  0.297119 -0.726563 0.000000
vt  0.292725 -0.729492 0.000000
vt  0.294189 -0.721191 0.000000
vt  0.291992 -0.729980 0.000000
vt  0.289551 -0.721680 0.000000
vt  0.294922 -0.721191 0.000000
vt  0.289551 -0.714355 0.000000
vt  0.294189 -0.714844 0.000000
vt  0.288574 -0.722168 0.000000
vt  0.295166 -0.714844 0.000000
vt  0.291504 -0.706543 0.000000
vt  0.600098 -0.142944 0.000000
vt  0.597168 -0.069336 0.000000
vt  0.597168 -0.144775 0.000000
vt  0.600098 -0.071655 0.000000
vt  0.590820 -0.069458 0.000000
vt  0.590820 -0.158936 0.000000
vt  0.593262 -0.158936 0.000000
vt  0.593262 -0.069458 0.000000
vt  0.608887 -0.144531 0.000000
vt  0.608887 -0.068787 0.000000
vt  0.605957 -0.142456 0.000000
vt  0.605957 -0.070923 0.000000
vt  0.614258 -0.067566 0.000000
vt  0.618164 -0.075867 0.000000
vt  0.616699 -0.067566 0.000000
vt  0.612793 -0.075867 0.000000
vt  0.600098 -0.142944 0.000000
vt  0.597168 -0.069336 0.000000
vt  0.597168 -0.144775 0.000000
vt  0.600098 -0.071655 0.000000
vt  0.590820 -0.069458 0.000000
vt  0.590820 -0.158936 0.000000
vt  0.593262 -0.158936 0.000000
vt  0.593262 -0.069458 0.000000
vt  0.113770 -0.867188 0.000000
vt  0.110840 -0.875000 0.000000
vt  0.114929 -0.875000 0.000000
vt  0.110413 -0.867188 0.000000
vt  0.106873 -0.867188 0.000000
vt  0.107056 -0.875000 0.000000
vt  0.103333 -0.875000 0.000000
vt  0.103271 -0.867188 0.000000
vt  0.099609 -0.867188 0.000000
vt  0.099670 -0.875000 0.000000
vt  0.096008 -0.875000 0.000000
vt  0.096008 -0.867188 0.000000
vt  0.092285 -0.875000 0.000000
vt  0.092346 -0.867188 0.000000
vt  0.088684 -0.867188 0.000000
vt  0.088623 -0.875000 0.000000
vt  0.085083 -0.867188 0.000000
vt  0.084900 -0.875000 0.000000
vt  0.081177 -0.875000 0.000000
vt  0.081604 -0.867188 0.000000
vt  0.077087 -0.875000 0.000000
vt  0.078247 -0.867188 0.000000
vt  0.072021 -0.854980 0.000000
vt  0.073914 -0.849121 0.000000
vt  0.072021 -0.851563 0.000000
vt  0.073914 -0.857422 0.000000
vt  0.076904 -0.848145 0.000000
vt  0.076904 -0.858398 0.000000
vt  0.079956 -0.849121 0.000000
vt  0.079956 -0.857422 0.000000
vt  0.081787 -0.851563 0.000000
vt  0.081787 -0.854980 0.000000
vt  0.113770 -0.867188 0.000000
vt  0.110840 -0.875000 0.000000
vt  0.114929 -0.875000 0.000000
vt  0.110413 -0.867188 0.000000
vt  0.106873 -0.867188 0.000000
vt  0.107056 -0.875000 0.000000
vt  0.103333 -0.875000 0.000000
vt  0.103271 -0.867188 0.000000
vt  0.099609 -0.867188 0.000000
vt  0.099670 -0.875000 0.000000
vt  0.096008 -0.875000 0.000000
vt  0.096008 -0.867188 0.000000
vt  0.092285 -0.875000 0.000000
vt  0.092346 -0.867188 0.000000
vt  0.088684 -0.867188 0.000000
vt  0.088623 -0.875000 0.000000
vt  0.085083 -0.867188 0.000000
vt  0.084900 -0.875000 0.000000
vt  0.081177 -0.875000 0.000000
vt  0.081604 -0.867188 0.000000
vt  0.077087 -0.875000 0.000000
vt  0.078247 -0.867188 0.000000
vt  0.102722 -0.839355 0.000000
vt  0.104553 -0.833984 0.000000
vt  0.102722 -0.836426 0.000000
vt  0.104553 -0.842285 0.000000
vt  0.107605 -0.833008 0.000000
vt  0.107605 -0.843262 0.000000
vt  0.110596 -0.833984 0.000000
vt  0.110596 -0.842285 0.000000
vt  0.112488 -0.836426 0.000000
vt  0.112488 -0.839355 0.000000
vt  0.113770 -0.867188 0.000000
vt  0.110840 -0.875000 0.000000
vt  0.114929 -0.875000 0.000000
vt  0.110413 -0.867188 0.000000
vt  0.106873 -0.867188 0.000000
vt  0.107056 -0.875000 0.000000
vt  0.103333 -0.875000 0.000000
vt  0.103271 -0.867188 0.000000
vt  0.099609 -0.867188 0.000000
vt  0.099670 -0.875000 0.000000
vt  0.096008 -0.875000 0.000000
vt  0.096008 -0.867188 0.000000
vt  0.092285 -0.875000 0.000000
vt  0.092346 -0.867188 0.000000
vt  0.088684 -0.867188 0.000000
vt  0.088623 -0.875000 0.000000
vt  0.085083 -0.867188 0.000000
vt  0.084900 -0.875000 0.000000
vt  0.081177 -0.875000 0.000000
vt  0.081604 -0.867188 0.000000
vt  0.077087 -0.875000 0.000000
vt  0.078247 -0.867188 0.000000
vt  0.072021 -0.854980 0.000000
vt  0.073914 -0.849121 0.000000
vt  0.072021 -0.851563 0.000000
vt  0.073914 -0.857422 0.000000
vt  0.076904 -0.848145 0.000000
vt  0.076904 -0.858398 0.000000
vt  0.079956 -0.849121 0.000000
vt  0.079956 -0.857422 0.000000
vt  0.081787 -0.851563 0.000000
vt  0.081787 -0.854980 0.000000
vt  0.113770 -0.867188 0.000000
vt  0.110840 -0.875000 0.000000
vt  0.114929 -0.875000 0.000000
vt  0.110413 -0.867188 0.000000
vt  0.106873 -0.867188 0.000000
vt  0.107056 -0.875000 0.000000
vt  0.103333 -0.875000 0.000000
vt  0.103271 -0.867188 0.000000
vt  0.099609 -0.867188 0.000000
vt  0.099670 -0.875000 0.000000
vt  0.096008 -0.875000 0.000000
vt  0.096008 -0.867188 0.000000
vt  0.092285 -0.875000 0.000000
vt  0.092346 -0.867188 0.000000
vt  0.088684 -0.867188 0.000000
vt  0.088623 -0.875000 0.000000
vt  0.085083 -0.867188 0.000000
vt  0.084900 -0.875000 0.000000
vt  0.081177 -0.875000 0.000000
vt  0.081604 -0.867188 0.000000
vt  0.077087 -0.875000 0.000000
vt  0.078247 -0.867188 0.000000
vt  0.102722 -0.839355 0.000000
vt  0.104553 -0.833984 0.000000
vt  0.102722 -0.836426 0.000000
vt  0.104553 -0.842285 0.000000
vt  0.107605 -0.833008 0.000000
vt  0.107605 -0.843262 0.000000
vt  0.110596 -0.833984 0.000000
vt  0.110596 -0.842285 0.000000
vt  0.112488 -0.836426 0.000000
vt  0.112488 -0.839355 0.000000
vt  0.080017 -0.890625 0.000000
vt  0.088623 -0.897949 0.000000
vt  0.082520 -0.899902 0.000000
vt  0.090637 -0.887207 0.000000
vt  0.068604 -0.898438 0.000000
vt  0.075989 -0.898438 0.000000
vt  0.073608 -0.888672 0.000000
vt  0.070923 -0.888672 0.000000
vt  0.088623 -0.897949 0.000000
vt  0.080017 -0.890625 0.000000
vt  0.082520 -0.899902 0.000000
vt  0.090637 -0.887207 0.000000
vt  0.041718 -0.870117 0.000000
vt  0.052948 -0.873047 0.000000
vt  0.052948 -0.870117 0.000000
vt  0.041718 -0.873047 0.000000
vt  0.105164 -0.852539 0.000000
vt  0.113770 -0.860352 0.000000
vt  0.107666 -0.862305 0.000000
vt  0.115845 -0.849121 0.000000
vt  0.094116 -0.861816 0.000000
vt  0.101563 -0.861816 0.000000
vt  0.099182 -0.852539 0.000000
vt  0.096497 -0.852539 0.000000
vt  0.113770 -0.860352 0.000000
vt  0.105164 -0.852539 0.000000
vt  0.107666 -0.862305 0.000000
vt  0.115845 -0.849121 0.000000
vt  0.088562 -0.861816 0.000000
vt  0.088562 -0.850586 0.000000
vt  0.085876 -0.861816 0.000000
vt  0.085876 -0.850586 0.000000
vt  0.080017 -0.890625 0.000000
vt  0.088623 -0.897949 0.000000
vt  0.082520 -0.899902 0.000000
vt  0.090637 -0.887207 0.000000
vt  0.068604 -0.898438 0.000000
vt  0.075989 -0.898438 0.000000
vt  0.073608 -0.888672 0.000000
vt  0.070923 -0.888672 0.000000
vt  0.088623 -0.897949 0.000000
vt  0.080017 -0.890625 0.000000
vt  0.082520 -0.899902 0.000000
vt  0.090637 -0.887207 0.000000
vt  0.052948 -0.870117 0.000000
vt  0.041718 -0.870117 0.000000
vt  0.052948 -0.873047 0.000000
vt  0.041718 -0.873047 0.000000
vt  0.105164 -0.852539 0.000000
vt  0.113770 -0.860352 0.000000
vt  0.107666 -0.862305 0.000000
vt  0.115845 -0.849121 0.000000
vt  0.094116 -0.861816 0.000000
vt  0.101563 -0.861816 0.000000
vt  0.099182 -0.852539 0.000000
vt  0.096497 -0.852539 0.000000
vt  0.113770 -0.860352 0.000000
vt  0.105164 -0.852539 0.000000
vt  0.107666 -0.862305 0.000000
vt  0.115845 -0.849121 0.000000
vt  0.088562 -0.861816 0.000000
vt  0.088562 -0.850586 0.000000
vt  0.085876 -0.861816 0.000000
vt  0.085876 -0.850586 0.000000
vt  0.596680 -0.608398 0.000000
vt  0.595215 -0.613770 0.000000
vt  0.594727 -0.613281 0.000000
vt  0.597656 -0.608398 0.000000
vt  0.595703 -0.571777 0.000000
vt  0.605469 -0.568848 0.000000
vt  0.605469 -0.571777 0.000000
vt  0.595703 -0.568848 0.000000
vt  0.590820 -0.577148 0.000000
vt  0.600098 -0.577148 0.000000
vt  0.599609 -0.578613 0.000000
vt  0.600586 -0.585449 0.000000
vt  0.600586 -0.580078 0.000000
vt  0.581543 -0.577148 0.000000
vt  0.589355 -0.573730 0.000000
vt  0.537109 -0.585449 0.000000
vt  0.582031 -0.573730 0.000000
vt  0.537109 -0.577148 0.000000
vt  0.581543 -0.577148 0.000000
vt  0.600586 -0.585449 0.000000
vt  0.590820 -0.577148 0.000000
vt  0.589355 -0.573730 0.000000
vt  0.582031 -0.573730 0.000000
vt  0.599609 -0.578613 0.000000
vt  0.600586 -0.580078 0.000000
vt  0.600098 -0.577148 0.000000
vt  0.597656 -0.607422 0.000000
vt  0.597656 -0.605957 0.000000
vt  0.598633 -0.605957 0.000000
vt  0.597168 -0.607422 0.000000
vt  0.594238 -0.613770 0.000000
vt  0.594727 -0.613281 0.000000
vt  0.595215 -0.613770 0.000000
vt  0.594238 -0.613281 0.000000
vt  0.591797 -0.568848 0.000000
vt  0.595703 -0.568848 0.000000
vt  0.595703 -0.571777 0.000000
vt  0.591797 -0.571777 0.000000
vt  0.531738 -0.568848 0.000000
vt  0.579590 -0.568848 0.000000
vt  0.579590 -0.571777 0.000000
vt  0.531738 -0.571777 0.000000
vt  0.579590 -0.571777 0.000000
vt  0.579590 -0.568848 0.000000
vt  0.583496 -0.568848 0.000000
vt  0.579590 -0.571777 0.000000
vt  0.579590 -0.568848 0.000000
vt  0.583496 -0.571777 0.000000
vt  0.583496 -0.568848 0.000000
vt  0.591797 -0.571777 0.000000
vt  0.583496 -0.571777 0.000000
vt  0.591797 -0.568848 0.000000
vt  0.597168 -0.607422 0.000000
vt  0.597656 -0.608398 0.000000
vt  0.596680 -0.608398 0.000000
vt  0.597656 -0.607422 0.000000
vt  0.600586 -0.585449 0.000000
vt  0.537109 -0.585449 0.000000
vt  0.600586 -0.585449 0.000000
vt  0.537109 -0.585449 0.000000
vt  0.600586 -0.585449 0.000000
vt  0.600586 -0.585449 0.000000
vt  0.537109 -0.589844 0.000000
vt  0.600098 -0.589355 0.000000
vt  0.600098 -0.589844 0.000000
vt  0.537109 -0.589355 0.000000
vt  0.600098 -0.589355 0.000000
vt  0.600098 -0.589844 0.000000
vt  0.595215 -0.613770 0.000000
vt  0.596680 -0.608398 0.000000
vt  0.594727 -0.613281 0.000000
vt  0.597656 -0.608398 0.000000
vt  0.605469 -0.568848 0.000000
vt  0.595703 -0.571777 0.000000
vt  0.605469 -0.571777 0.000000
vt  0.595703 -0.568848 0.000000
vt  0.597656 -0.605957 0.000000
vt  0.597656 -0.607422 0.000000
vt  0.598633 -0.605957 0.000000
vt  0.597168 -0.607422 0.000000
vt  0.594238 -0.613770 0.000000
vt  0.595215 -0.613770 0.000000
vt  0.594727 -0.613281 0.000000
vt  0.594238 -0.613281 0.000000
vt  0.591797 -0.568848 0.000000
vt  0.595703 -0.571777 0.000000
vt  0.595703 -0.568848 0.000000
vt  0.591797 -0.571777 0.000000
vt  0.579590 -0.571777 0.000000
vt  0.583496 -0.568848 0.000000
vt  0.579590 -0.568848 0.000000
vt  0.583496 -0.571777 0.000000
vt  0.583496 -0.571777 0.000000
vt  0.591797 -0.571777 0.000000
vt  0.583496 -0.568848 0.000000
vt  0.591797 -0.568848 0.000000
vt  0.597656 -0.608398 0.000000
vt  0.597168 -0.607422 0.000000
vt  0.596680 -0.608398 0.000000
vt  0.597656 -0.607422 0.000000
vt  0.572266 -0.312012 0.000000
vt  0.575195 -0.313232 0.000000
vt  0.574707 -0.308350 0.000000
vt  0.578125 -0.308838 0.000000
vt  0.577637 -0.305176 0.000000
vt  0.583008 -0.306396 0.000000
vt  0.582520 -0.303223 0.000000
vt  0.622559 -0.299805 0.000000
vt  0.622559 -0.305176 0.000000
vt  0.626953 -0.299561 0.000000
vt  0.628418 -0.305420 0.000000
vt  0.630859 -0.299805 0.000000
vt  0.633789 -0.306396 0.000000
vt  0.634766 -0.300537 0.000000
vt  0.587891 -0.293457 0.000000
vt  0.591797 -0.294189 0.000000
vt  0.592285 -0.291504 0.000000
vt  0.587402 -0.290527 0.000000
vt  0.583984 -0.293701 0.000000
vt  0.592285 -0.287354 0.000000
vt  0.587402 -0.286865 0.000000
vt  0.583008 -0.291016 0.000000
vt  0.579590 -0.295410 0.000000
vt  0.582031 -0.287109 0.000000
vt  0.578613 -0.292480 0.000000
vt  0.576172 -0.289307 0.000000
vt  0.544434 -0.317627 0.000000
vt  0.546387 -0.319824 0.000000
vt  0.541504 -0.314697 0.000000
vt  0.541016 -0.321777 0.000000
vt  0.543457 -0.323486 0.000000
vt  0.537598 -0.319824 0.000000
vt  0.539063 -0.326416 0.000000
vt  0.541504 -0.327637 0.000000
vt  0.535645 -0.325439 0.000000
vt  0.538574 -0.331299 0.000000
vt  0.541016 -0.332275 0.000000
vt  0.534668 -0.331055 0.000000
vt  0.288574 -0.714355 0.000000
vt  0.296143 -0.708496 0.000000
vt  0.297119 -0.708984 0.000000
vt  0.290527 -0.706543 0.000000
vt  0.298096 -0.703613 0.000000
vt  0.299072 -0.703613 0.000000
vt  0.293457 -0.701660 0.000000
vt  0.292969 -0.701172 0.000000
vt  0.300537 -0.878906 0.000000
vt  0.313965 -0.885742 0.000000
vt  0.314453 -0.884766 0.000000
vt  0.300293 -0.879883 0.000000
vt  0.311035 -0.891113 0.000000
vt  0.289063 -0.875000 0.000000
vt  0.289307 -0.874023 0.000000
vt  0.297852 -0.885742 0.000000
vt  0.286621 -0.880859 0.000000
vt  0.310791 -0.891602 0.000000
vt  0.275879 -0.874512 0.000000
vt  0.279541 -0.869629 0.000000
vt  0.279785 -0.868652 0.000000
vt  0.271484 -0.862305 0.000000
vt  0.297607 -0.886719 0.000000
vt  0.286377 -0.881836 0.000000
vt  0.275391 -0.875000 0.000000
vt  0.266602 -0.866211 0.000000
vt  0.271973 -0.861816 0.000000
vt  0.265381 -0.853516 0.000000
vt  0.266113 -0.853027 0.000000
vt  0.266113 -0.866699 0.000000
vt  0.260010 -0.855957 0.000000
vt  0.259277 -0.856445 0.000000
vt  0.261963 -0.843750 0.000000
vt  0.262939 -0.843262 0.000000
vt  0.256104 -0.844238 0.000000
vt  0.255371 -0.844727 0.000000
vt  0.263428 -0.833984 0.000000
vt  0.256836 -0.832031 0.000000
vt  0.262695 -0.833496 0.000000
vt  0.256104 -0.832031 0.000000
vt  0.267334 -0.824707 0.000000
vt  0.266602 -0.824219 0.000000
vt  0.261719 -0.820801 0.000000
vt  0.260986 -0.820313 0.000000
vt  0.270264 -0.812012 0.000000
vt  0.274414 -0.816406 0.000000
vt  0.269775 -0.811035 0.000000
vt  0.274902 -0.817383 0.000000
vt  0.283447 -0.810547 0.000000
vt  0.283691 -0.811523 0.000000
vt  0.281006 -0.805176 0.000000
vt  0.280762 -0.804199 0.000000
vt  0.294434 -0.809082 0.000000
vt  0.293213 -0.802246 0.000000
vt  0.294189 -0.808105 0.000000
vt  0.292969 -0.800781 0.000000
vt  0.305420 -0.808105 0.000000
vt  0.305420 -0.807129 0.000000
vt  0.305908 -0.801270 0.000000
vt  0.305908 -0.799805 0.000000
vt  0.315918 -0.810059 0.000000
vt  0.318359 -0.803711 0.000000
vt  0.316406 -0.809082 0.000000
vt  0.318604 -0.802734 0.000000
vt  0.325684 -0.814941 0.000000
vt  0.326172 -0.813965 0.000000
vt  0.329590 -0.809082 0.000000
vt  0.330078 -0.808594 0.000000
vt  0.333740 -0.821289 0.000000
vt  0.338623 -0.817871 0.000000
vt  0.333008 -0.821777 0.000000
vt  0.338135 -0.830566 0.000000
vt  0.339355 -0.817383 0.000000
vt  0.343994 -0.829102 0.000000
vt  0.337402 -0.830566 0.000000
vt  0.345215 -0.840820 0.000000
vt  0.339355 -0.840820 0.000000
vt  0.344727 -0.828613 0.000000
vt  0.338623 -0.840820 0.000000
vt  0.338135 -0.851563 0.000000
vt  0.337402 -0.851074 0.000000
vt  0.343994 -0.853027 0.000000
vt  0.345947 -0.840820 0.000000
vt  0.338135 -0.863770 0.000000
vt  0.333496 -0.860352 0.000000
vt  0.344727 -0.853027 0.000000
vt  0.332764 -0.859863 0.000000
vt  0.325684 -0.866699 0.000000
vt  0.328369 -0.872070 0.000000
vt  0.338867 -0.864258 0.000000
vt  0.325195 -0.866211 0.000000
vt  0.316162 -0.875977 0.000000
vt  0.315186 -0.870117 0.000000
vt  0.328857 -0.873047 0.000000
vt  0.314941 -0.869141 0.000000
vt  0.304199 -0.870117 0.000000
vt  0.302979 -0.876465 0.000000
vt  0.316162 -0.876953 0.000000
vt  0.304199 -0.869141 0.000000
vt  0.291016 -0.872559 0.000000
vt  0.293701 -0.866699 0.000000
vt  0.302734 -0.877441 0.000000
vt  0.290527 -0.873535 0.000000
vt  0.293945 -0.865723 0.000000
vt  0.284424 -0.860840 0.000000
vt  0.280518 -0.865234 0.000000
vt  0.284912 -0.860352 0.000000
vt  0.279785 -0.866211 0.000000
vt  0.272949 -0.855469 0.000000
vt  0.278076 -0.853027 0.000000
vt  0.272217 -0.855957 0.000000
vt  0.278809 -0.852539 0.000000
vt  0.274658 -0.843262 0.000000
vt  0.268799 -0.843750 0.000000
vt  0.275391 -0.843262 0.000000
vt  0.268066 -0.844238 0.000000
vt  0.270752 -0.831543 0.000000
vt  0.270020 -0.831543 0.000000
vt  0.276367 -0.833984 0.000000
vt  0.276855 -0.833984 0.000000
vt  0.277588 -0.820313 0.000000
vt  0.281738 -0.825684 0.000000
vt  0.278076 -0.821289 0.000000
vt  0.282227 -0.826660 0.000000
vt  0.289307 -0.814453 0.000000
vt  0.289551 -0.815430 0.000000
vt  0.291504 -0.821289 0.000000
vt  0.291748 -0.822266 0.000000
vt  0.302002 -0.812012 0.000000
vt  0.302246 -0.819336 0.000000
vt  0.302246 -0.813477 0.000000
vt  0.302246 -0.820313 0.000000
vt  0.315186 -0.814453 0.000000
vt  0.314941 -0.815430 0.000000
vt  0.312744 -0.821289 0.000000
vt  0.312500 -0.822266 0.000000
vt  0.326660 -0.820801 0.000000
vt  0.322266 -0.826172 0.000000
vt  0.326172 -0.821289 0.000000
vt  0.321777 -0.827148 0.000000
vt  0.334717 -0.831055 0.000000
vt  0.333984 -0.831543 0.000000
vt  0.328857 -0.833984 0.000000
vt  0.328125 -0.834473 0.000000
vt  0.330811 -0.843262 0.000000
vt  0.336914 -0.843750 0.000000
vt  0.330078 -0.843262 0.000000
vt  0.327637 -0.852051 0.000000
vt  0.337646 -0.843750 0.000000
vt  0.332520 -0.855469 0.000000
vt  0.327148 -0.851563 0.000000
vt  0.320068 -0.857910 0.000000
vt  0.333008 -0.855957 0.000000
vt  0.322266 -0.863770 0.000000
vt  0.319824 -0.856934 0.000000
vt  0.313477 -0.865234 0.000000
vt  0.313232 -0.859375 0.000000
vt  0.322510 -0.864746 0.000000
vt  0.312988 -0.858398 0.000000
vt  0.305908 -0.858887 0.000000
vt  0.304932 -0.864746 0.000000
vt  0.313721 -0.866211 0.000000
vt  0.305908 -0.857910 0.000000
vt  0.299316 -0.856934 0.000000
vt  0.296387 -0.861816 0.000000
vt  0.304688 -0.865723 0.000000
vt  0.299561 -0.855957 0.000000
vt  0.294434 -0.853027 0.000000
vt  0.294922 -0.852539 0.000000
vt  0.289307 -0.856445 0.000000
vt  0.295898 -0.862793 0.000000
vt  0.286133 -0.848145 0.000000
vt  0.291992 -0.847168 0.000000
vt  0.538574 -0.438721 0.000000
vt  0.541504 -0.437988 0.000000
vt  0.534668 -0.438965 0.000000
vt  0.541992 -0.442383 0.000000
vt  0.535156 -0.444824 0.000000
vt  0.539063 -0.443848 0.000000
vt  0.543457 -0.446777 0.000000
vt  0.537598 -0.450684 0.000000
vt  0.541016 -0.448730 0.000000
vt  0.546875 -0.450195 0.000000
vt  0.542480 -0.455811 0.000000
vt  0.544922 -0.452637 0.000000
vt  0.580566 -0.468750 0.000000
vt  0.578125 -0.475342 0.000000
vt  0.579590 -0.471680 0.000000
vt  0.584473 -0.476074 0.000000
vt  0.584473 -0.471924 0.000000
vt  0.584473 -0.468750 0.000000
vt  0.590332 -0.474365 0.000000
vt  0.589355 -0.470459 0.000000
vt  0.588379 -0.467529 0.000000
vt  0.595215 -0.471436 0.000000
vt  0.593262 -0.467773 0.000000
vt  0.591797 -0.465332 0.000000
vt  0.627930 -0.440918 0.000000
vt  0.627930 -0.329102 0.000000
vt  0.622070 -0.329102 0.000000
vt  0.622070 -0.440918 0.000000
vt  0.607910 -0.330322 0.000000
vt  0.611816 -0.442871 0.000000
vt  0.611816 -0.330322 0.000000
vt  0.607910 -0.442871 0.000000
vt  0.605469 -0.331543 0.000000
vt  0.605469 -0.441895 0.000000
vt  0.604492 -0.739258 0.000000
vt  0.638672 -0.739258 0.000000
vt  0.604980 -0.733887 0.000000
vt  0.638672 -0.733887 0.000000
vt  0.604980 -0.728027 0.000000
vt  0.638672 -0.728027 0.000000
vt  0.605469 -0.722168 0.000000
vt  0.638672 -0.722168 0.000000
vt  0.607910 -0.680664 0.000000
vt  0.638672 -0.680664 0.000000
vt  0.607910 -0.674316 0.000000
vt  0.638672 -0.674316 0.000000
vt  0.608398 -0.668457 0.000000
vt  0.638672 -0.668457 0.000000
vt  0.608398 -0.662598 0.000000
vt  0.638672 -0.662598 0.000000
vt  0.608398 -0.554688 0.000000
vt  0.638672 -0.554688 0.000000
vt  0.638672 -0.548828 0.000000
vt  0.608398 -0.548828 0.000000
vt  0.638672 -0.542969 0.000000
vt  0.608398 -0.542969 0.000000
vt  0.638672 -0.536621 0.000000
vt  0.607910 -0.536621 0.000000
vt  0.638672 -0.495361 0.000000
vt  0.605469 -0.495361 0.000000
vt  0.638672 -0.489258 0.000000
vt  0.605469 -0.489258 0.000000
vt  0.638672 -0.483643 0.000000
vt  0.604980 -0.483643 0.000000
vt  0.638672 -0.478027 0.000000
vt  0.604980 -0.478027 0.000000
vt  0.614746 -0.335205 0.000000
vt  0.618164 -0.441162 0.000000
vt  0.618164 -0.335205 0.000000
vt  0.614746 -0.441162 0.000000
vt  0.556152 -0.449707 0.000000
vt  0.559570 -0.452148 0.000000
vt  0.557617 -0.447266 0.000000
vt  0.562988 -0.449951 0.000000
vt  0.563965 -0.453613 0.000000
vt  0.568848 -0.450928 0.000000
vt  0.568848 -0.454346 0.000000
vt  0.608398 -0.456299 0.000000
vt  0.608887 -0.450928 0.000000
vt  0.612793 -0.456055 0.000000
vt  0.614258 -0.450195 0.000000
vt  0.617188 -0.455566 0.000000
vt  0.619141 -0.449219 0.000000
vt  0.621094 -0.454590 0.000000
vt  0.006042 -0.986816 0.000000
vt  0.011482 -0.986816 0.000000
vt  0.006042 -0.983398 0.000000
vt  0.011482 -0.983398 0.000000
vt  0.017242 -0.983398 0.000000
vt  0.017242 -0.986816 0.000000
vt  0.023209 -0.986816 0.000000
vt  0.023209 -0.983398 0.000000
vt  0.064514 -0.983398 0.000000
vt  0.064514 -0.986816 0.000000
vt  0.070862 -0.983398 0.000000
vt  0.070862 -0.986816 0.000000
vt  0.076965 -0.986816 0.000000
vt  0.076965 -0.983398 0.000000
vt  0.082825 -0.983398 0.000000
vt  0.082825 -0.986816 0.000000
vt  0.190552 -0.983398 0.000000
vt  0.190552 -0.986816 0.000000
vt  0.196411 -0.986816 0.000000
vt  0.196411 -0.983398 0.000000
vt  0.202515 -0.983398 0.000000
vt  0.202515 -0.986816 0.000000
vt  0.208862 -0.986816 0.000000
vt  0.208862 -0.983398 0.000000
vt  0.250244 -0.986816 0.000000
vt  0.250244 -0.983398 0.000000
vt  0.256104 -0.983398 0.000000
vt  0.256104 -0.986816 0.000000
vt  0.261963 -0.986816 0.000000
vt  0.261963 -0.983398 0.000000
vt  0.267334 -0.983398 0.000000
vt  0.267334 -0.986816 0.000000
vt  0.377197 -0.986816 0.000000
vt  0.377197 -0.983398 0.000000
vt  0.638672 -0.662598 0.000000
vt  0.638672 -0.554688 0.000000
vt  0.608398 -0.554688 0.000000
vt  0.608398 -0.662598 0.000000
vt  0.550781 -0.444092 0.000000
vt  0.545410 -0.326660 0.000000
vt  0.545410 -0.439209 0.000000
vt  0.550781 -0.321533 0.000000
vt  0.602051 -0.445801 0.000000
vt  0.602051 -0.320313 0.000000
vt  0.594238 -0.619141 0.000000
vt  0.477783 -0.618652 0.000000
vt  0.479492 -0.620605 0.000000
vt  0.592285 -0.620605 0.000000
vt  0.480225 -0.622070 0.000000
vt  0.591309 -0.622070 0.000000
vt  0.582031 -0.669434 0.000000
vt  0.489502 -0.669434 0.000000
vt  0.491943 -0.672852 0.000000
vt  0.579590 -0.673340 0.000000
vt  0.575195 -0.674805 0.000000
vt  0.496094 -0.674805 0.000000
vt  0.476074 -0.623047 0.000000
vt  0.474609 -0.621582 0.000000
vt  0.472168 -0.621094 0.000000
vt  0.485352 -0.670410 0.000000
vt  0.482666 -0.672363 0.000000
vt  0.487305 -0.673828 0.000000
vt  0.485107 -0.676270 0.000000
vt  0.489502 -0.677734 0.000000
vt  0.490967 -0.674805 0.000000
vt  0.493896 -0.682617 0.000000
vt  0.575195 -0.682617 0.000000
vt  0.495605 -0.679688 0.000000
vt  0.573730 -0.679688 0.000000
vt  0.595215 -0.622559 0.000000
vt  0.599121 -0.620605 0.000000
vt  0.596680 -0.621094 0.000000
vt  0.586914 -0.669922 0.000000
vt  0.589355 -0.671875 0.000000
vt  0.584961 -0.673828 0.000000
vt  0.587402 -0.675781 0.000000
vt  0.583984 -0.678711 0.000000
vt  0.581055 -0.676270 0.000000
vt  0.352295 -0.991699 0.000000
vt  0.351318 -0.993164 0.000000
vt  0.354736 -0.994141 0.000000
vt  0.355225 -0.991211 0.000000
vt  0.357666 -0.991211 0.000000
vt  0.357910 -0.994629 0.000000
vt  0.358643 -0.991211 0.000000
vt  0.358643 -0.994629 0.000000
vt  0.359375 -0.994629 0.000000
vt  0.359375 -0.991211 0.000000
vt  0.351318 -0.993164 0.000000
vt  0.351563 -0.991211 0.000000
vt  0.350586 -0.993164 0.000000
vt  0.352295 -0.991699 0.000000
vt  0.351563 -0.991211 0.000000
vt  0.351318 -0.993164 0.000000
vt  0.350586 -0.993164 0.000000
vt  0.352295 -0.991699 0.000000
vt  0.354736 -0.994141 0.000000
vt  0.351318 -0.993164 0.000000
vt  0.352295 -0.991699 0.000000
vt  0.355225 -0.991211 0.000000
vt  0.357666 -0.991211 0.000000
vt  0.357910 -0.994629 0.000000
vt  0.358643 -0.991211 0.000000
vt  0.358643 -0.994629 0.000000
vt  0.359375 -0.994629 0.000000
vt  0.359375 -0.991211 0.000000
vt  0.345459 -0.996094 0.000000
vt  0.345215 -0.992676 0.000000
vt  0.344971 -0.995117 0.000000
vt  0.346191 -0.992676 0.000000
vt  0.346191 -0.996094 0.000000
vt  0.345703 -0.989746 0.000000
vt  0.346924 -0.996094 0.000000
vt  0.346191 -0.989258 0.000000
vt  0.346680 -0.989746 0.000000
vt  0.347168 -0.992676 0.000000
vt  0.347412 -0.995117 0.000000
vt  0.379395 -0.991211 0.000000
vt  0.376953 -0.994141 0.000000
vt  0.379639 -0.994141 0.000000
vt  0.376709 -0.991211 0.000000
vt  0.374268 -0.994141 0.000000
vt  0.374268 -0.991211 0.000000
vt  0.371582 -0.991211 0.000000
vt  0.371582 -0.994141 0.000000
vt  0.368896 -0.994141 0.000000
vt  0.368896 -0.991211 0.000000
vt  0.366211 -0.994141 0.000000
vt  0.366211 -0.991211 0.000000
vt  0.363770 -0.991211 0.000000
vt  0.363525 -0.994141 0.000000
vt  0.336914 -0.994629 0.000000
vt  0.339111 -0.990723 0.000000
vt  0.336914 -0.992188 0.000000
vt  0.339111 -0.995605 0.000000
vt  0.341309 -0.992188 0.000000
vt  0.341309 -0.994629 0.000000
vt  0.366211 -0.994141 0.000000
vt  0.363770 -0.991211 0.000000
vt  0.363525 -0.994141 0.000000
vt  0.366211 -0.991211 0.000000
vt  0.368896 -0.994141 0.000000
vt  0.368896 -0.991211 0.000000
vt  0.371582 -0.991211 0.000000
vt  0.371582 -0.994141 0.000000
vt  0.374268 -0.994141 0.000000
vt  0.374268 -0.991211 0.000000
vt  0.376953 -0.994141 0.000000
vt  0.376709 -0.991211 0.000000
vt  0.379395 -0.991211 0.000000
vt  0.379639 -0.994141 0.000000
vt  0.339111 -0.990723 0.000000
vt  0.341309 -0.994629 0.000000
vt  0.341309 -0.992188 0.000000
vt  0.339111 -0.995605 0.000000
vt  0.336914 -0.992188 0.000000
vt  0.336914 -0.994629 0.000000
vt  0.453125 -0.960449 0.000000
vt  0.452148 -0.953125 0.000000
vt  0.452148 -0.960449 0.000000
vt  0.453125 -0.953125 0.000000
vt  0.454346 -0.960449 0.000000
vt  0.454346 -0.953125 0.000000
vt  0.455566 -0.960449 0.000000
vt  0.455566 -0.953125 0.000000
vt  0.456543 -0.960449 0.000000
vt  0.456543 -0.953125 0.000000
vt  0.452148 -0.953125 0.000000
vt  0.453125 -0.960449 0.000000
vt  0.452148 -0.960449 0.000000
vt  0.453125 -0.953125 0.000000
vt  0.454346 -0.960449 0.000000
vt  0.454346 -0.953125 0.000000
vt  0.455566 -0.960449 0.000000
vt  0.455566 -0.953125 0.000000
vt  0.456543 -0.960449 0.000000
vt  0.456543 -0.953125 0.000000
vt  0.456543 -0.953125 0.000000
vt  0.455566 -0.960449 0.000000
vt  0.456543 -0.960449 0.000000
vt  0.455566 -0.953125 0.000000
vt  0.454346 -0.953125 0.000000
vt  0.454346 -0.960449 0.000000
vt  0.453125 -0.960449 0.000000
vt  0.453125 -0.953125 0.000000
vt  0.452148 -0.960449 0.000000
vt  0.452148 -0.953125 0.000000
vt  0.455566 -0.960449 0.000000
vt  0.456543 -0.953125 0.000000
vt  0.456543 -0.960449 0.000000
vt  0.455566 -0.953125 0.000000
vt  0.454346 -0.953125 0.000000
vt  0.454346 -0.960449 0.000000
vt  0.453125 -0.960449 0.000000
vt  0.453125 -0.953125 0.000000
vt  0.452148 -0.960449 0.000000
vt  0.452148 -0.953125 0.000000
vt  0.573242 -0.883301 0.000000
vt  0.572266 -0.841309 0.000000
vt  0.572266 -0.883301 0.000000
vt  0.573242 -0.841309 0.000000
vt  0.572266 -0.800293 0.000000
vt  0.573242 -0.800293 0.000000
vt  0.576660 -0.841309 0.000000
vt  0.606934 -0.800293 0.000000
vt  0.576660 -0.800293 0.000000
vt  0.606934 -0.841309 0.000000
vt  0.576660 -0.883301 0.000000
vt  0.606934 -0.883301 0.000000
vt  0.611328 -0.841309 0.000000
vt  0.609863 -0.883301 0.000000
vt  0.611328 -0.883301 0.000000
vt  0.609863 -0.841309 0.000000
vt  0.611328 -0.800293 0.000000
vt  0.609863 -0.800293 0.000000
vt  0.589355 -0.886719 0.000000
vt  0.600586 -0.914551 0.000000
vt  0.596191 -0.888184 0.000000
vt  0.593750 -0.920898 0.000000
vt  0.598633 -0.920410 0.000000
vt  0.598633 -0.920410 0.000000
vt  0.292725 -0.847168 0.000000
vt  0.288818 -0.856934 0.000000
vt  0.285400 -0.848145 0.000000
vt  0.291992 -0.840820 0.000000
vt  0.292725 -0.841309 0.000000
vt  0.286133 -0.839355 0.000000
vt  0.285400 -0.839355 0.000000
vt  0.295654 -0.836426 0.000000
vt  0.291016 -0.831543 0.000000
vt  0.295166 -0.835938 0.000000
vt  0.290283 -0.831055 0.000000
vt  0.300781 -0.833984 0.000000
vt  0.300537 -0.833008 0.000000
vt  0.299072 -0.827148 0.000000
vt  0.298828 -0.826172 0.000000
vt  0.308350 -0.827637 0.000000
vt  0.306641 -0.833008 0.000000
vt  0.308594 -0.826660 0.000000
vt  0.306396 -0.833984 0.000000
vt  0.312256 -0.836426 0.000000
vt  0.316406 -0.832031 0.000000
vt  0.311768 -0.836914 0.000000
vt  0.317139 -0.831055 0.000000
vt  0.321045 -0.839355 0.000000
vt  0.315430 -0.841309 0.000000
vt  0.321777 -0.838867 0.000000
vt  0.314697 -0.841309 0.000000
vt  0.321777 -0.847656 0.000000
vt  0.322510 -0.847656 0.000000
vt  0.315674 -0.847168 0.000000
vt  0.314941 -0.847168 0.000000
vt  0.321045 -0.852051 0.000000
vt  0.321777 -0.852051 0.000000
vt  0.314941 -0.850586 0.000000
vt  0.314209 -0.850586 0.000000
vt  0.319092 -0.854492 0.000000
vt  0.318848 -0.853516 0.000000
vt  0.315674 -0.853027 0.000000
vt  0.315186 -0.853516 0.000000
vt  0.790527 -0.976074 0.000000
vt  0.583984 -0.996094 0.000000
vt  0.790527 -0.996094 0.000000
vt  0.583984 -0.976074 0.000000
vt  0.795898 -0.972656 0.000000
vt  0.995605 -0.966309 0.000000
vt  0.795898 -0.966309 0.000000
vt  0.995605 -0.972656 0.000000
vt  0.795898 -0.980957 0.000000
vt  0.995605 -0.980957 0.000000
vt  0.795898 -0.987793 0.000000
vt  0.995605 -0.987793 0.000000
vt  0.795898 -0.991699 0.000000
vt  0.995605 -0.991699 0.000000
vt  0.616211 -0.972656 0.000000
vt  0.621582 -0.960938 0.000000
vt  0.616211 -0.960938 0.000000
vt  0.630371 -0.966309 0.000000
vt  0.637695 -0.972656 0.000000
vt  0.637207 -0.969238 0.000000
vt  0.616211 -0.972656 0.000000
vt  0.616211 -0.960938 0.000000
vt  0.621582 -0.960938 0.000000
vt  0.630371 -0.966309 0.000000
vt  0.637695 -0.972656 0.000000
vt  0.637207 -0.969238 0.000000
vt  0.697754 -0.469971 0.000000
vt  0.995117 -0.469971 0.000000
vt  0.995117 -0.486328 0.000000
vt  0.697754 -0.486328 0.000000
vt  0.970703 -0.029755 0.000000
vt  0.693359 -0.027191 0.000000
vt  0.967773 -0.027191 0.000000
vt  0.689453 -0.028702 0.000000
vt  0.973633 -0.033722 0.000000
vt  0.686523 -0.030792 0.000000
vt  0.675781 -0.062012 0.000000
vt  0.973633 -0.464600 0.000000
vt  0.675781 -0.464600 0.000000
vt  0.683594 -0.020905 0.000000
vt  0.683594 -0.004433 0.000000
vt  0.688477 -0.004433 0.000000
vt  0.688477 -0.020905 0.000000
vt  0.692383 -0.020905 0.000000
vt  0.692383 -0.004433 0.000000
vt  0.966797 -0.004433 0.000000
vt  0.966797 -0.020920 0.000000
vt  0.970703 -0.004433 0.000000
vt  0.970703 -0.020905 0.000000
vt  0.974609 -0.004433 0.000000
vt  0.974609 -0.020905 0.000000
vt  0.995117 -0.032806 0.000000
vt  0.979004 -0.463379 0.000000
vt  0.979004 -0.032806 0.000000
vt  0.995117 -0.463379 0.000000
vt  0.654785 -0.463867 0.000000
vt  0.671387 -0.060760 0.000000
vt  0.671387 -0.463867 0.000000
vt  0.654785 -0.060760 0.000000
vt  0.671387 -0.027710 0.000000
vt  0.654785 -0.027710 0.000000
vt  0.697754 -0.469971 0.000000
vt  0.995117 -0.486328 0.000000
vt  0.995117 -0.469971 0.000000
vt  0.697754 -0.486328 0.000000
vt  0.693359 -0.027191 0.000000
vt  0.970703 -0.029755 0.000000
vt  0.967773 -0.027191 0.000000
vt  0.689453 -0.028702 0.000000
vt  0.973633 -0.033722 0.000000
vt  0.686523 -0.030792 0.000000
vt  0.675781 -0.062012 0.000000
vt  0.973633 -0.464600 0.000000
vt  0.675781 -0.464600 0.000000
vt  0.683594 -0.004433 0.000000
vt  0.683594 -0.020905 0.000000
vt  0.688477 -0.004433 0.000000
vt  0.688477 -0.020905 0.000000
vt  0.692383 -0.020905 0.000000
vt  0.692383 -0.004433 0.000000
vt  0.966797 -0.004433 0.000000
vt  0.966797 -0.020920 0.000000
vt  0.970703 -0.004433 0.000000
vt  0.970703 -0.020905 0.000000
vt  0.974609 -0.004433 0.000000
vt  0.974609 -0.020905 0.000000
vt  0.979004 -0.463379 0.000000
vt  0.995117 -0.032806 0.000000
vt  0.979004 -0.032806 0.000000
vt  0.995117 -0.463379 0.000000
vt  0.671387 -0.060760 0.000000
vt  0.654785 -0.463867 0.000000
vt  0.671387 -0.463867 0.000000
vt  0.654785 -0.060760 0.000000
vt  0.671387 -0.027710 0.000000
vt  0.654785 -0.027710 0.000000
vt  0.589844 -0.691895 0.000000
vt  0.584473 -0.682129 0.000000
vt  0.582520 -0.691895 0.000000
vt  0.587891 -0.682129 0.000000
vt  0.602539 -0.697754 0.000000
vt  0.593262 -0.708008 0.000000
vt  0.602539 -0.708008 0.000000
vt  0.594238 -0.694824 0.000000
vt  0.604004 -0.691895 0.000000
vt  0.594727 -0.681641 0.000000
vt  0.594727 -0.691895 0.000000
vt  0.603516 -0.678711 0.000000
vt  0.588379 -0.708008 0.000000
vt  0.588379 -0.699219 0.000000
vt  0.584961 -0.708008 0.000000
vt  0.584961 -0.699219 0.000000
vt  0.545410 -0.704102 0.000000
vt  0.541504 -0.695801 0.000000
vt  0.541504 -0.704102 0.000000
vt  0.545410 -0.695801 0.000000
vt  0.549316 -0.695801 0.000000
vt  0.549316 -0.704102 0.000000
vt  0.553223 -0.695801 0.000000
vt  0.553223 -0.704102 0.000000
vt  0.557129 -0.704102 0.000000
vt  0.557129 -0.695801 0.000000
vt  0.561035 -0.695801 0.000000
vt  0.561035 -0.704102 0.000000
vt  0.564941 -0.704102 0.000000
vt  0.564941 -0.695801 0.000000
vt  0.568848 -0.695801 0.000000
vt  0.568848 -0.704102 0.000000
vt  0.572754 -0.695801 0.000000
vt  0.572754 -0.704102 0.000000
vt  0.576660 -0.704102 0.000000
vt  0.576660 -0.695801 0.000000
vt  0.580566 -0.695801 0.000000
vt  0.580566 -0.704102 0.000000
vt  0.482910 -0.978027 0.000000
vt  0.482910 -0.971680 0.000000
vt  0.481934 -0.974609 0.000000
vt  0.485596 -0.969727 0.000000
vt  0.485352 -0.979980 0.000000
vt  0.488770 -0.969727 0.000000
vt  0.488770 -0.979980 0.000000
vt  0.491455 -0.978027 0.000000
vt  0.491455 -0.971680 0.000000
vt  0.492432 -0.975098 0.000000
vt  0.455078 -0.927246 0.000000
vt  0.447754 -0.926758 0.000000
vt  0.455078 -0.926758 0.000000
vt  0.447754 -0.927246 0.000000
vt  0.447754 -0.935547 0.000000
vt  0.455078 -0.935547 0.000000
vt  0.455566 -0.927246 0.000000
vt  0.455322 -0.937988 0.000000
vt  0.455566 -0.935547 0.000000
vt  0.447754 -0.937988 0.000000
vt  0.455566 -0.937988 0.000000
vt  0.455322 -0.942383 0.000000
vt  0.455811 -0.942383 0.000000
vt  0.455078 -0.943359 0.000000
vt  0.455322 -0.943848 0.000000
vt  0.453857 -0.944824 0.000000
vt  0.454102 -0.945313 0.000000
vt  0.450928 -0.946777 0.000000
vt  0.450684 -0.946289 0.000000
vt  0.449951 -0.947266 0.000000
vt  0.449707 -0.948730 0.000000
vt  0.447754 -0.949707 0.000000
vt  0.450439 -0.947754 0.000000
vt  0.447754 -0.949707 0.000000
vt  0.450195 -0.948730 0.000000
vt  0.449951 -0.949219 0.000000
vt  0.447754 -0.926758 0.000000
vt  0.455078 -0.927246 0.000000
vt  0.455078 -0.926758 0.000000
vt  0.447754 -0.927246 0.000000
vt  0.447754 -0.935547 0.000000
vt  0.455078 -0.935547 0.000000
vt  0.455566 -0.927246 0.000000
vt  0.455322 -0.937988 0.000000
vt  0.455566 -0.935547 0.000000
vt  0.447754 -0.937988 0.000000
vt  0.455566 -0.937988 0.000000
vt  0.455322 -0.942383 0.000000
vt  0.455811 -0.942383 0.000000
vt  0.455078 -0.943359 0.000000
vt  0.455322 -0.943848 0.000000
vt  0.453857 -0.944824 0.000000
vt  0.454102 -0.945313 0.000000
vt  0.450928 -0.946777 0.000000
vt  0.450684 -0.946289 0.000000
vt  0.449951 -0.947266 0.000000
vt  0.449707 -0.948730 0.000000
vt  0.447754 -0.949707 0.000000
vt  0.450439 -0.947754 0.000000
vt  0.447754 -0.949707 0.000000
vt  0.450195 -0.948730 0.000000
vt  0.449951 -0.949219 0.000000
vt  0.303711 -0.994629 0.000000
vt  0.302002 -0.991699 0.000000
vt  0.302002 -0.994629 0.000000
vt  0.303711 -0.991699 0.000000
vt  0.305664 -0.994629 0.000000
vt  0.305664 -0.991699 0.000000
vt  0.307617 -0.991699 0.000000
vt  0.307617 -0.994629 0.000000
vt  0.309814 -0.991699 0.000000
vt  0.309814 -0.994629 0.000000
vt  0.311768 -0.991699 0.000000
vt  0.311768 -0.994629 0.000000
vt  0.302002 -0.991699 0.000000
vt  0.302002 -0.994629 0.000000
vt  0.303955 -0.991699 0.000000
vt  0.303955 -0.994629 0.000000
vt  0.305908 -0.991699 0.000000
vt  0.305908 -0.994629 0.000000
vt  0.307861 -0.994629 0.000000
vt  0.307861 -0.991699 0.000000
vt  0.310059 -0.994629 0.000000
vt  0.310059 -0.991699 0.000000
vt  0.311768 -0.994629 0.000000
vt  0.311768 -0.991699 0.000000
vt  0.303711 -0.994629 0.000000
vt  0.302002 -0.991699 0.000000
vt  0.302002 -0.994629 0.000000
vt  0.303711 -0.991699 0.000000
vt  0.305664 -0.991699 0.000000
vt  0.305664 -0.994629 0.000000
vt  0.307861 -0.991699 0.000000
vt  0.307861 -0.994629 0.000000
vt  0.309814 -0.994629 0.000000
vt  0.309814 -0.991699 0.000000
vt  0.311768 -0.994629 0.000000
vt  0.311768 -0.991699 0.000000
vt  0.593262 -0.921387 0.000000
vt  0.589355 -0.928711 0.000000
vt  0.598633 -0.920410 0.000000
vt  0.598145 -0.920898 0.000000
vt  0.593750 -0.925781 0.000000
vt  0.594238 -0.926758 0.000000
vt  0.595215 -0.927246 0.000000
vt  0.604980 -0.928223 0.000000
vt  0.601563 -0.969238 0.000000
vt  0.608887 -0.969238 0.000000
vt  0.601563 -0.969238 0.000000
vt  0.608887 -0.969238 0.000000
vt  0.601563 -0.969238 0.000000
vt  0.608887 -0.969238 0.000000
vt  0.575195 -0.927246 0.000000
vt  0.575195 -0.886230 0.000000
vt  0.571777 -0.886230 0.000000
vt  0.571777 -0.927246 0.000000
vt  0.575195 -0.968750 0.000000
vt  0.571777 -0.968750 0.000000
vt  0.579590 -0.886719 0.000000
vt  0.582031 -0.928223 0.000000
vt  0.582031 -0.886719 0.000000
vt  0.579590 -0.928223 0.000000
vt  0.579590 -0.969727 0.000000
vt  0.582031 -0.969727 0.000000
vt  0.575195 -0.927246 0.000000
vt  0.575195 -0.886230 0.000000
vt  0.571777 -0.886230 0.000000
vt  0.571777 -0.927246 0.000000
vt  0.575195 -0.968750 0.000000
vt  0.571777 -0.968750 0.000000
vt  0.579590 -0.886719 0.000000
vt  0.582031 -0.928223 0.000000
vt  0.582031 -0.886719 0.000000
vt  0.579590 -0.928223 0.000000
vt  0.579590 -0.969727 0.000000
vt  0.582031 -0.969727 0.000000
vt  0.575195 -0.927246 0.000000
vt  0.571777 -0.886230 0.000000
vt  0.575195 -0.886230 0.000000
vt  0.571777 -0.927246 0.000000
vt  0.575195 -0.968750 0.000000
vt  0.571777 -0.968750 0.000000
vt  0.582031 -0.928223 0.000000
vt  0.582031 -0.886719 0.000000
vt  0.582031 -0.886719 0.000000
vt  0.582031 -0.928223 0.000000
vt  0.582031 -0.969727 0.000000
vt  0.582031 -0.969727 0.000000
vt  0.575195 -0.927246 0.000000
vt  0.571777 -0.886230 0.000000
vt  0.575195 -0.886230 0.000000
vt  0.571777 -0.927246 0.000000
vt  0.575195 -0.968750 0.000000
vt  0.571777 -0.968750 0.000000
vt  0.579590 -0.928223 0.000000
vt  0.582031 -0.886719 0.000000
vt  0.579590 -0.886719 0.000000
vt  0.582031 -0.928223 0.000000
vt  0.582031 -0.969727 0.000000
vt  0.579590 -0.969727 0.000000
vt  0.589355 -0.886719 0.000000
vt  0.596191 -0.888184 0.000000
vt  0.600586 -0.914551 0.000000
vt  0.593750 -0.920898 0.000000
vt  0.598633 -0.920410 0.000000
vt  0.598633 -0.920410 0.000000
vt  0.593262 -0.921387 0.000000
vt  0.589355 -0.928711 0.000000
vt  0.598633 -0.920410 0.000000
vt  0.598145 -0.920898 0.000000
vt  0.593750 -0.925781 0.000000
vt  0.594238 -0.926758 0.000000
vt  0.595215 -0.927246 0.000000
vt  0.604980 -0.928223 0.000000
vt  0.601563 -0.969238 0.000000
vt  0.608887 -0.969238 0.000000
vt  0.608887 -0.969238 0.000000
vt  0.601563 -0.969238 0.000000
vt  0.601563 -0.969238 0.000000
vt  0.608887 -0.969238 0.000000
vt  0.472412 -0.991211 0.000000
vt  0.472900 -0.979492 0.000000
vt  0.472900 -0.991211 0.000000
vt  0.472412 -0.979492 0.000000
vt  0.472900 -0.977539 0.000000
vt  0.472412 -0.977539 0.000000
vt  0.472900 -0.975098 0.000000
vt  0.472412 -0.975098 0.000000
vt  0.472412 -0.965332 0.000000
vt  0.472900 -0.965332 0.000000
vt  0.472412 -0.961914 0.000000
vt  0.472900 -0.961914 0.000000
vt  0.472900 -0.958984 0.000000
vt  0.472412 -0.958984 0.000000
vt  0.472900 -0.956055 0.000000
vt  0.472412 -0.956055 0.000000
vt  0.472900 -0.927734 0.000000
vt  0.472412 -0.927734 0.000000
vt  0.475830 -0.980469 0.000000
vt  0.475830 -0.991699 0.000000
vt  0.478516 -0.991699 0.000000
vt  0.478516 -0.980469 0.000000
vt  0.478516 -0.978516 0.000000
vt  0.475830 -0.978516 0.000000
vt  0.478516 -0.976074 0.000000
vt  0.475830 -0.976074 0.000000
vt  0.478516 -0.966309 0.000000
vt  0.475830 -0.966309 0.000000
vt  0.475830 -0.963379 0.000000
vt  0.478516 -0.963379 0.000000
vt  0.478516 -0.959961 0.000000
vt  0.475830 -0.959961 0.000000
vt  0.478516 -0.956543 0.000000
vt  0.475830 -0.956543 0.000000
vt  0.478516 -0.927734 0.000000
vt  0.475830 -0.927734 0.000000
vt  0.472412 -0.939941 0.000000
vt  0.472900 -0.927734 0.000000
vt  0.472412 -0.927734 0.000000
vt  0.472900 -0.939941 0.000000
vt  0.472412 -0.941895 0.000000
vt  0.472900 -0.941895 0.000000
vt  0.472412 -0.944336 0.000000
vt  0.472900 -0.944336 0.000000
vt  0.472900 -0.954102 0.000000
vt  0.472412 -0.954102 0.000000
vt  0.472900 -0.957520 0.000000
vt  0.472412 -0.957520 0.000000
vt  0.472412 -0.960449 0.000000
vt  0.472900 -0.960449 0.000000
vt  0.472412 -0.963379 0.000000
vt  0.472900 -0.963379 0.000000
vt  0.472412 -0.991211 0.000000
vt  0.472900 -0.991211 0.000000
vt  0.475830 -0.927734 0.000000
vt  0.475830 -0.938965 0.000000
vt  0.478516 -0.927734 0.000000
vt  0.478516 -0.938965 0.000000
vt  0.478516 -0.940918 0.000000
vt  0.475830 -0.940918 0.000000
vt  0.478516 -0.943359 0.000000
vt  0.475830 -0.943359 0.000000
vt  0.478516 -0.952637 0.000000
vt  0.475830 -0.952637 0.000000
vt  0.475830 -0.956055 0.000000
vt  0.478516 -0.956055 0.000000
vt  0.478516 -0.959473 0.000000
vt  0.475830 -0.959473 0.000000
vt  0.478516 -0.962402 0.000000
vt  0.475830 -0.962402 0.000000
vt  0.478516 -0.991699 0.000000
vt  0.475830 -0.991699 0.000000
vt  0.044342 -0.866211 0.000000
vt  0.044342 -0.828613 0.000000
vt  0.042908 -0.866211 0.000000
vt  0.042908 -0.828613 0.000000
vt  0.041473 -0.828613 0.000000
vt  0.041473 -0.866211 0.000000
vt  0.042908 -0.866211 0.000000
vt  0.041473 -0.828613 0.000000
vt  0.041473 -0.866211 0.000000
vt  0.042908 -0.828613 0.000000
vt  0.044342 -0.866211 0.000000
vt  0.044342 -0.828613 0.000000
vt  0.042908 -0.828613 0.000000
vt  0.044342 -0.866211 0.000000
vt  0.044342 -0.828613 0.000000
vt  0.042908 -0.866211 0.000000
vt  0.041473 -0.866211 0.000000
vt  0.041473 -0.828613 0.000000
vt  0.042908 -0.828613 0.000000
vt  0.044342 -0.866211 0.000000
vt  0.044342 -0.828613 0.000000
vt  0.042908 -0.866211 0.000000
vt  0.041473 -0.866211 0.000000
vt  0.041473 -0.828613 0.000000
vt  0.042908 -0.828613 0.000000
vt  0.044342 -0.866211 0.000000
vt  0.044342 -0.828613 0.000000
vt  0.042908 -0.866211 0.000000
vt  0.041473 -0.866211 0.000000
vt  0.041473 -0.828613 0.000000
vt  0.044342 -0.866211 0.000000
vt  0.044342 -0.828613 0.000000
vt  0.042908 -0.866211 0.000000
vt  0.042908 -0.828613 0.000000
vt  0.041473 -0.828613 0.000000
vt  0.041473 -0.866211 0.000000
vt  0.042908 -0.866211 0.000000
vt  0.041473 -0.828613 0.000000
vt  0.041473 -0.866211 0.000000
vt  0.042908 -0.828613 0.000000
vt  0.044342 -0.866211 0.000000
vt  0.044342 -0.828613 0.000000
vt  0.042908 -0.828613 0.000000
vt  0.044342 -0.866211 0.000000
vt  0.044342 -0.828613 0.000000
vt  0.042908 -0.866211 0.000000
vt  0.041473 -0.866211 0.000000
vt  0.041473 -0.828613 0.000000
vt  0.044342 -0.866211 0.000000
vt  0.044342 -0.828613 0.000000
vt  0.042908 -0.866211 0.000000
vt  0.042908 -0.828613 0.000000
vt  0.041473 -0.828613 0.000000
vt  0.041473 -0.866211 0.000000
vt  0.042908 -0.866211 0.000000
vt  0.041473 -0.828613 0.000000
vt  0.041473 -0.866211 0.000000
vt  0.042908 -0.828613 0.000000
vt  0.044342 -0.866211 0.000000
vt  0.044342 -0.828613 0.000000
vt  0.042908 -0.828613 0.000000
vt  0.044342 -0.866211 0.000000
vt  0.044342 -0.828613 0.000000
vt  0.042908 -0.866211 0.000000
vt  0.041473 -0.866211 0.000000
vt  0.041473 -0.828613 0.000000
vt  0.042908 -0.866211 0.000000
vt  0.041473 -0.828613 0.000000
vt  0.041473 -0.866211 0.000000
vt  0.042908 -0.828613 0.000000
vt  0.044342 -0.866211 0.000000
vt  0.044342 -0.828613 0.000000
vt  0.107788 -0.879395 0.000000
vt  0.115906 -0.884277 0.000000
vt  0.115906 -0.879395 0.000000
vt  0.107788 -0.884277 0.000000
vt  0.099731 -0.879395 0.000000
vt  0.099731 -0.884277 0.000000
vt  0.091614 -0.884277 0.000000
vt  0.091614 -0.879395 0.000000
vt  0.083557 -0.884277 0.000000
vt  0.083557 -0.879395 0.000000
vt  0.075439 -0.884277 0.000000
vt  0.075439 -0.879395 0.000000
vt  0.068420 -0.884277 0.000000
vt  0.068420 -0.879395 0.000000
vt  0.061401 -0.884277 0.000000
vt  0.061401 -0.879395 0.000000
vt  0.054352 -0.884277 0.000000
vt  0.054352 -0.879395 0.000000
vt  0.047272 -0.884277 0.000000
vt  0.047272 -0.879395 0.000000
vt  0.040222 -0.879395 0.000000
vt  0.040222 -0.884277 0.000000
vt  0.107788 -0.879395 0.000000
vt  0.115906 -0.884277 0.000000
vt  0.115906 -0.879395 0.000000
vt  0.107788 -0.884277 0.000000
vt  0.099731 -0.879395 0.000000
vt  0.099731 -0.884277 0.000000
vt  0.091614 -0.884277 0.000000
vt  0.091614 -0.879395 0.000000
vt  0.083557 -0.884277 0.000000
vt  0.083557 -0.879395 0.000000
vt  0.075439 -0.884277 0.000000
vt  0.075439 -0.879395 0.000000
vt  0.068420 -0.884277 0.000000
vt  0.068420 -0.879395 0.000000
vt  0.061401 -0.884277 0.000000
vt  0.061401 -0.879395 0.000000
vt  0.054352 -0.884277 0.000000
vt  0.054352 -0.879395 0.000000
vt  0.047272 -0.884277 0.000000
vt  0.047272 -0.879395 0.000000
vt  0.040222 -0.879395 0.000000
vt  0.040222 -0.884277 0.000000
vt  0.107788 -0.879395 0.000000
vt  0.115906 -0.884277 0.000000
vt  0.115906 -0.879395 0.000000
vt  0.107788 -0.884277 0.000000
vt  0.099731 -0.879395 0.000000
vt  0.099731 -0.884277 0.000000
vt  0.091614 -0.884277 0.000000
vt  0.091614 -0.879395 0.000000
vt  0.083557 -0.884277 0.000000
vt  0.083557 -0.879395 0.000000
vt  0.075439 -0.884277 0.000000
vt  0.075439 -0.879395 0.000000
vt  0.068420 -0.884277 0.000000
vt  0.068420 -0.879395 0.000000
vt  0.061401 -0.884277 0.000000
vt  0.061401 -0.879395 0.000000
vt  0.054352 -0.884277 0.000000
vt  0.054352 -0.879395 0.000000
vt  0.047272 -0.884277 0.000000
vt  0.047272 -0.879395 0.000000
vt  0.040222 -0.879395 0.000000
vt  0.040222 -0.884277 0.000000
vt  0.051056 -0.866211 0.000000
vt  0.048523 -0.861328 0.000000
vt  0.047882 -0.866211 0.000000
vt  0.052002 -0.861328 0.000000
vt  0.053497 -0.825195 0.000000
vt  0.049988 -0.825195 0.000000
vt  0.062195 -0.861328 0.000000
vt  0.054047 -0.866211 0.000000
vt  0.063171 -0.866211 0.000000
vt  0.055023 -0.861328 0.000000
vt  0.060699 -0.825195 0.000000
vt  0.056519 -0.825195 0.000000
vt  0.069702 -0.866211 0.000000
vt  0.065552 -0.861328 0.000000
vt  0.066528 -0.866211 0.000000
vt  0.069092 -0.861328 0.000000
vt  0.067566 -0.825195 0.000000
vt  0.064087 -0.825195 0.000000
vt  0.051056 -0.866211 0.000000
vt  0.048523 -0.861328 0.000000
vt  0.047882 -0.866211 0.000000
vt  0.052002 -0.861328 0.000000
vt  0.053497 -0.825195 0.000000
vt  0.049988 -0.825195 0.000000
vt  0.066528 -0.866211 0.000000
vt  0.069702 -0.866211 0.000000
vt  0.065552 -0.861328 0.000000
vt  0.069092 -0.861328 0.000000
vt  0.067566 -0.825195 0.000000
vt  0.064087 -0.825195 0.000000
vt  0.054047 -0.866211 0.000000
vt  0.063171 -0.866211 0.000000
vt  0.055023 -0.861328 0.000000
vt  0.062195 -0.861328 0.000000
vt  0.060699 -0.825195 0.000000
vt  0.056519 -0.825195 0.000000
vt  0.596191 -0.169434 0.000000
vt  0.599121 -0.170410 0.000000
vt  0.597656 -0.170166 0.000000
vt  0.592773 -0.166016 0.000000
vt  0.624023 -0.157471 0.000000
vt  0.630371 -0.170410 0.000000
vt  0.626953 -0.157959 0.000000
vt  0.628418 -0.160400 0.000000
vt  0.596680 -0.174683 0.000000
vt  0.591309 -0.174438 0.000000
vt  0.591797 -0.174072 0.000000
vt  0.597168 -0.175293 0.000000
vt  0.598633 -0.174561 0.000000
vt  0.590820 -0.175659 0.000000
vt  0.597656 -0.176270 0.000000
vt  0.599121 -0.175415 0.000000
vt  0.600586 -0.174561 0.000000
vt  0.590820 -0.241699 0.000000
vt  0.597656 -0.241699 0.000000
vt  0.599121 -0.176270 0.000000
vt  0.601074 -0.175415 0.000000
vt  0.632324 -0.174438 0.000000
vt  0.601074 -0.176270 0.000000
vt  0.632324 -0.175171 0.000000
vt  0.599121 -0.241699 0.000000
vt  0.601074 -0.241699 0.000000
vt  0.599121 -0.176270 0.000000
vt  0.597656 -0.176270 0.000000
vt  0.590820 -0.175659 0.000000
vt  0.632324 -0.241699 0.000000
vt  0.632324 -0.176025 0.000000
vt  0.601074 -0.176270 0.000000
vt  0.601074 -0.175415 0.000000
vt  0.599121 -0.175415 0.000000
vt  0.597168 -0.175293 0.000000
vt  0.591309 -0.174438 0.000000
vt  0.632324 -0.176025 0.000000
vt  0.632324 -0.175171 0.000000
vt  0.600586 -0.174561 0.000000
vt  0.632324 -0.174438 0.000000
vt  0.598633 -0.174561 0.000000
vt  0.596680 -0.174683 0.000000
vt  0.591797 -0.174072 0.000000
vt  0.599121 -0.170410 0.000000
vt  0.596191 -0.169434 0.000000
vt  0.597656 -0.170166 0.000000
vt  0.592773 -0.166016 0.000000
vt  0.624023 -0.157471 0.000000
vt  0.630371 -0.170410 0.000000
vt  0.626953 -0.157959 0.000000
vt  0.628418 -0.160400 0.000000
vt  0.508301 -0.275879 0.000000
vt  0.595703 -0.280029 0.000000
vt  0.508301 -0.280029 0.000000
vt  0.595703 -0.275879 0.000000
vt  0.577148 -0.242310 0.000000
vt  0.587891 -0.246338 0.000000
vt  0.577637 -0.246826 0.000000
vt  0.586914 -0.231079 0.000000
vt  0.532227 -0.237183 0.000000
vt  0.521484 -0.247314 0.000000
vt  0.521484 -0.237793 0.000000
vt  0.532227 -0.237183 0.000000
vt  0.577148 -0.242310 0.000000
vt  0.586914 -0.231079 0.000000
vt  0.587891 -0.246338 0.000000
vt  0.577637 -0.246826 0.000000
vt  0.508301 -0.275879 0.000000
vt  0.595703 -0.280029 0.000000
vt  0.595703 -0.275879 0.000000
vt  0.508301 -0.280029 0.000000
vt  0.595215 -0.271240 0.000000
vt  0.512695 -0.256104 0.000000
vt  0.512695 -0.271240 0.000000
vt  0.595215 -0.256104 0.000000
vt  0.585449 -0.226563 0.000000
vt  0.530762 -0.226563 0.000000
vt  0.585449 -0.143921 0.000000
vt  0.530762 -0.143921 0.000000
vt  0.527832 -0.166504 0.000000
vt  0.525391 -0.158936 0.000000
vt  0.519531 -0.156494 0.000000
vt  0.519531 -0.143921 0.000000
vt  0.527832 -0.205322 0.000000
vt  0.530762 -0.143921 0.000000
vt  0.525391 -0.158936 0.000000
vt  0.525391 -0.213745 0.000000
vt  0.519531 -0.216553 0.000000
vt  0.519531 -0.226563 0.000000
vt  0.527832 -0.166504 0.000000
vt  0.530762 -0.226563 0.000000
vt  0.585449 -0.226563 0.000000
vt  0.585449 -0.143921 0.000000
vt  0.525391 -0.213745 0.000000
vt  0.527832 -0.205322 0.000000
vt  0.595215 -0.271240 0.000000
vt  0.512695 -0.271240 0.000000
vt  0.512695 -0.256104 0.000000
vt  0.595215 -0.256104 0.000000
vt  0.406738 -0.547363 0.000000
vt  0.401123 -0.552734 0.000000
vt  0.400391 -0.552246 0.000000
vt  0.406006 -0.546387 0.000000
vt  0.405273 -0.545898 0.000000
vt  0.399658 -0.551270 0.000000
vt  0.404541 -0.544922 0.000000
vt  0.397949 -0.554199 0.000000
vt  0.398926 -0.550781 0.000000
vt  0.398682 -0.554688 0.000000
vt  0.396973 -0.554199 0.000000
vt  0.396973 -0.558594 0.000000
vt  0.395996 -0.558594 0.000000
vt  0.397705 -0.559082 0.000000
vt  0.397461 -0.562988 0.000000
vt  0.396484 -0.563477 0.000000
vt  0.398193 -0.562988 0.000000
vt  0.400879 -0.581543 0.000000
vt  0.401855 -0.581543 0.000000
vt  0.402588 -0.581543 0.000000
vt  0.400879 -0.585938 0.000000
vt  0.401611 -0.585938 0.000000
vt  0.402588 -0.586426 0.000000
vt  0.400635 -0.589844 0.000000
vt  0.399902 -0.589355 0.000000
vt  0.401367 -0.590332 0.000000
vt  0.621582 -0.145386 0.000000
vt  0.621582 -0.069702 0.000000
vt  0.622559 -0.069702 0.000000
vt  0.622559 -0.145386 0.000000
vt  0.623535 -0.069702 0.000000
vt  0.623535 -0.145386 0.000000
vt  0.624512 -0.069702 0.000000
vt  0.624512 -0.145386 0.000000
vt  0.397949 -0.538086 0.000000
vt  0.395508 -0.541992 0.000000
vt  0.396484 -0.542480 0.000000
vt  0.397217 -0.537598 0.000000
vt  0.394531 -0.541992 0.000000
vt  0.401123 -0.535156 0.000000
vt  0.396729 -0.536621 0.000000
vt  0.401123 -0.536133 0.000000
vt  0.401123 -0.534180 0.000000
vt  0.404541 -0.538086 0.000000
vt  0.405029 -0.537109 0.000000
vt  0.405518 -0.536621 0.000000
vt  0.407715 -0.541504 0.000000
vt  0.408691 -0.541504 0.000000
vt  0.406982 -0.541992 0.000000
vt  0.628418 -0.135864 0.000000
vt  0.630371 -0.070313 0.000000
vt  0.628418 -0.070313 0.000000
vt  0.630371 -0.135864 0.000000
vt  0.631836 -0.070313 0.000000
vt  0.631836 -0.135864 0.000000
vt  0.392822 -0.605469 0.000000
vt  0.392822 -0.540039 0.000000
vt  0.391602 -0.540039 0.000000
vt  0.391602 -0.605469 0.000000
vt  0.389893 -0.540039 0.000000
vt  0.389893 -0.605469 0.000000
vt  0.606445 -0.155029 0.000000
vt  0.608887 -0.149902 0.000000
vt  0.607910 -0.149902 0.000000
vt  0.606934 -0.155762 0.000000
vt  0.603516 -0.157349 0.000000
vt  0.609863 -0.149902 0.000000
vt  0.607910 -0.156128 0.000000
vt  0.603516 -0.158447 0.000000
vt  0.603516 -0.159058 0.000000
vt  0.600098 -0.155884 0.000000
vt  0.600586 -0.155151 0.000000
vt  0.599121 -0.156250 0.000000
vt  0.598145 -0.149902 0.000000
vt  0.597168 -0.149902 0.000000
vt  0.599121 -0.149902 0.000000
vt  0.601074 -0.153687 0.000000
vt  0.600098 -0.149902 0.000000
vt  0.397949 -0.538086 0.000000
vt  0.395508 -0.541992 0.000000
vt  0.396484 -0.542480 0.000000
vt  0.397217 -0.537598 0.000000
vt  0.394531 -0.541992 0.000000
vt  0.401123 -0.535156 0.000000
vt  0.396729 -0.536621 0.000000
vt  0.401123 -0.536133 0.000000
vt  0.401123 -0.534180 0.000000
vt  0.404541 -0.538086 0.000000
vt  0.405029 -0.537109 0.000000
vt  0.405518 -0.536621 0.000000
vt  0.407715 -0.541504 0.000000
vt  0.408691 -0.541504 0.000000
vt  0.406982 -0.541992 0.000000
vt  0.628418 -0.135864 0.000000
vt  0.630371 -0.070313 0.000000
vt  0.628418 -0.070313 0.000000
vt  0.630371 -0.135864 0.000000
vt  0.631836 -0.070313 0.000000
vt  0.631836 -0.135864 0.000000
vt  0.606445 -0.155029 0.000000
vt  0.608887 -0.149902 0.000000
vt  0.607910 -0.149902 0.000000
vt  0.606934 -0.155762 0.000000
vt  0.603516 -0.157349 0.000000
vt  0.609863 -0.149902 0.000000
vt  0.607910 -0.156128 0.000000
vt  0.603516 -0.158447 0.000000
vt  0.603516 -0.159058 0.000000
vt  0.600098 -0.155884 0.000000
vt  0.600586 -0.155151 0.000000
vt  0.599121 -0.156250 0.000000
vt  0.598145 -0.149902 0.000000
vt  0.597168 -0.149902 0.000000
vt  0.599121 -0.149902 0.000000
vt  0.401123 -0.552734 0.000000
vt  0.406738 -0.547363 0.000000
vt  0.400391 -0.552246 0.000000
vt  0.406006 -0.546387 0.000000
vt  0.405273 -0.545898 0.000000
vt  0.399658 -0.551270 0.000000
vt  0.404541 -0.544922 0.000000
vt  0.397949 -0.554199 0.000000
vt  0.398926 -0.550781 0.000000
vt  0.398682 -0.554688 0.000000
vt  0.396973 -0.554199 0.000000
vt  0.396973 -0.558594 0.000000
vt  0.395996 -0.558594 0.000000
vt  0.397705 -0.559082 0.000000
vt  0.397461 -0.562988 0.000000
vt  0.396484 -0.563477 0.000000
vt  0.398193 -0.562988 0.000000
vt  0.400879 -0.581543 0.000000
vt  0.401855 -0.581543 0.000000
vt  0.402588 -0.581543 0.000000
vt  0.400879 -0.585938 0.000000
vt  0.401611 -0.585938 0.000000
vt  0.402588 -0.586426 0.000000
vt  0.400635 -0.589844 0.000000
vt  0.399902 -0.589355 0.000000
vt  0.401367 -0.590332 0.000000
vt  0.621582 -0.145386 0.000000
vt  0.622559 -0.069702 0.000000
vt  0.621582 -0.069702 0.000000
vt  0.622559 -0.145386 0.000000
vt  0.623535 -0.069702 0.000000
vt  0.623535 -0.145386 0.000000
vt  0.624512 -0.069702 0.000000
vt  0.624512 -0.145386 0.000000
vt  0.407715 -0.541504 0.000000
vt  0.404541 -0.538086 0.000000
vt  0.406982 -0.541992 0.000000
vt  0.405029 -0.537109 0.000000
vt  0.408691 -0.541504 0.000000
vt  0.401123 -0.535156 0.000000
vt  0.405518 -0.536621 0.000000
vt  0.401123 -0.536133 0.000000
vt  0.401123 -0.534180 0.000000
vt  0.047882 -0.866211 0.000000
vt  0.051056 -0.866211 0.000000
vt  0.048523 -0.861328 0.000000
vt  0.052002 -0.861328 0.000000
vt  0.053497 -0.825195 0.000000
vt  0.049988 -0.825195 0.000000
vt  0.065552 -0.861328 0.000000
vt  0.066528 -0.866211 0.000000
vt  0.069702 -0.866211 0.000000
vt  0.069092 -0.861328 0.000000
vt  0.067566 -0.825195 0.000000
vt  0.064087 -0.825195 0.000000
vt  0.063171 -0.866211 0.000000
vt  0.055023 -0.861328 0.000000
vt  0.054047 -0.866211 0.000000
vt  0.062195 -0.861328 0.000000
vt  0.056519 -0.825195 0.000000
vt  0.060699 -0.825195 0.000000
vt  0.690918 -0.666016 0.000000
vt  0.688477 -0.700195 0.000000
vt  0.690918 -0.700195 0.000000
vt  0.688477 -0.666016 0.000000
vt  0.686523 -0.700195 0.000000
vt  0.686523 -0.666016 0.000000
vt  0.684570 -0.666016 0.000000
vt  0.684570 -0.700195 0.000000
vt  0.682617 -0.666016 0.000000
vt  0.682617 -0.700195 0.000000
vt  0.690918 -0.666016 0.000000
vt  0.688477 -0.700195 0.000000
vt  0.690918 -0.700195 0.000000
vt  0.688477 -0.666016 0.000000
vt  0.686523 -0.700195 0.000000
vt  0.686523 -0.666016 0.000000
vt  0.684570 -0.700195 0.000000
vt  0.684570 -0.666016 0.000000
vt  0.682617 -0.700195 0.000000
vt  0.682617 -0.666016 0.000000
vt  0.690918 -0.700195 0.000000
vt  0.690918 -0.666016 0.000000
vt  0.688477 -0.700195 0.000000
vt  0.688477 -0.666016 0.000000
vt  0.686523 -0.700195 0.000000
vt  0.686523 -0.666016 0.000000
vt  0.684570 -0.666016 0.000000
vt  0.684570 -0.700195 0.000000
vt  0.682617 -0.666016 0.000000
vt  0.682617 -0.700195 0.000000
vt  0.314453 -0.884766 0.000000
vt  0.300537 -0.878906 0.000000
vt  0.313965 -0.885742 0.000000
vt  0.300293 -0.879883 0.000000
vt  0.311035 -0.891113 0.000000
vt  0.289063 -0.875000 0.000000
vt  0.289307 -0.874023 0.000000
vt  0.297852 -0.885742 0.000000
vt  0.286621 -0.880859 0.000000
vt  0.310791 -0.891602 0.000000
vt  0.275879 -0.874512 0.000000
vt  0.279541 -0.869629 0.000000
vt  0.279785 -0.868652 0.000000
vt  0.271484 -0.862305 0.000000
vt  0.297607 -0.886719 0.000000
vt  0.286377 -0.881836 0.000000
vt  0.275391 -0.875000 0.000000
vt  0.266602 -0.866211 0.000000
vt  0.271973 -0.861816 0.000000
vt  0.265381 -0.853516 0.000000
vt  0.266113 -0.853027 0.000000
vt  0.266113 -0.866699 0.000000
vt  0.260010 -0.855957 0.000000
vt  0.259277 -0.856445 0.000000
vt  0.261963 -0.843750 0.000000
vt  0.262939 -0.843262 0.000000
vt  0.256104 -0.844238 0.000000
vt  0.255371 -0.844727 0.000000
vt  0.263428 -0.833984 0.000000
vt  0.256836 -0.832031 0.000000
vt  0.262695 -0.833496 0.000000
vt  0.256104 -0.832031 0.000000
vt  0.267334 -0.824707 0.000000
vt  0.266602 -0.824219 0.000000
vt  0.261719 -0.820801 0.000000
vt  0.260986 -0.820313 0.000000
vt  0.270264 -0.812012 0.000000
vt  0.274414 -0.816406 0.000000
vt  0.269775 -0.811035 0.000000
vt  0.274902 -0.817383 0.000000
vt  0.283447 -0.810547 0.000000
vt  0.283691 -0.811523 0.000000
vt  0.281006 -0.805176 0.000000
vt  0.280762 -0.804199 0.000000
vt  0.294434 -0.809082 0.000000
vt  0.293213 -0.802246 0.000000
vt  0.294189 -0.808105 0.000000
vt  0.292969 -0.800781 0.000000
vt  0.305420 -0.808105 0.000000
vt  0.305420 -0.807129 0.000000
vt  0.305908 -0.801270 0.000000
vt  0.305908 -0.799805 0.000000
vt  0.315918 -0.810059 0.000000
vt  0.318359 -0.803711 0.000000
vt  0.316406 -0.809082 0.000000
vt  0.318604 -0.802734 0.000000
vt  0.325684 -0.814941 0.000000
vt  0.326172 -0.813965 0.000000
vt  0.329590 -0.809082 0.000000
vt  0.330078 -0.808594 0.000000
vt  0.333740 -0.821289 0.000000
vt  0.338623 -0.817871 0.000000
vt  0.333008 -0.821777 0.000000
vt  0.338135 -0.830566 0.000000
vt  0.339355 -0.817383 0.000000
vt  0.343994 -0.829102 0.000000
vt  0.337402 -0.830566 0.000000
vt  0.345215 -0.840820 0.000000
vt  0.339355 -0.840820 0.000000
vt  0.344727 -0.828613 0.000000
vt  0.338623 -0.840820 0.000000
vt  0.338135 -0.851563 0.000000
vt  0.337402 -0.851074 0.000000
vt  0.343994 -0.853027 0.000000
vt  0.345947 -0.840820 0.000000
vt  0.338135 -0.863770 0.000000
vt  0.333496 -0.860352 0.000000
vt  0.344727 -0.853027 0.000000
vt  0.332764 -0.859863 0.000000
vt  0.325684 -0.866699 0.000000
vt  0.328369 -0.872070 0.000000
vt  0.338867 -0.864258 0.000000
vt  0.325195 -0.866211 0.000000
vt  0.316162 -0.875977 0.000000
vt  0.315186 -0.870117 0.000000
vt  0.328857 -0.873047 0.000000
vt  0.314941 -0.869141 0.000000
vt  0.304199 -0.870117 0.000000
vt  0.302979 -0.876465 0.000000
vt  0.316162 -0.876953 0.000000
vt  0.304199 -0.869141 0.000000
vt  0.291016 -0.872559 0.000000
vt  0.293701 -0.866699 0.000000
vt  0.302734 -0.877441 0.000000
vt  0.290527 -0.873535 0.000000
vt  0.293945 -0.865723 0.000000
vt  0.284424 -0.860840 0.000000
vt  0.280518 -0.865234 0.000000
vt  0.284912 -0.860352 0.000000
vt  0.279785 -0.866211 0.000000
vt  0.272949 -0.855469 0.000000
vt  0.278076 -0.853027 0.000000
vt  0.272217 -0.855957 0.000000
vt  0.278809 -0.852539 0.000000
vt  0.274658 -0.843262 0.000000
vt  0.268799 -0.843750 0.000000
vt  0.275391 -0.843262 0.000000
vt  0.268066 -0.844238 0.000000
vt  0.270752 -0.831543 0.000000
vt  0.270020 -0.831543 0.000000
vt  0.276367 -0.833984 0.000000
vt  0.276855 -0.833984 0.000000
vt  0.277588 -0.820313 0.000000
vt  0.281738 -0.825684 0.000000
vt  0.278076 -0.821289 0.000000
vt  0.282227 -0.826660 0.000000
vt  0.289307 -0.814453 0.000000
vt  0.289551 -0.815430 0.000000
vt  0.291504 -0.821289 0.000000
vt  0.291748 -0.822266 0.000000
vt  0.302002 -0.812012 0.000000
vt  0.302246 -0.819336 0.000000
vt  0.302246 -0.813477 0.000000
vt  0.302246 -0.820313 0.000000
vt  0.315186 -0.814453 0.000000
vt  0.314941 -0.815430 0.000000
vt  0.312744 -0.821289 0.000000
vt  0.312500 -0.822266 0.000000
vt  0.326660 -0.820801 0.000000
vt  0.322266 -0.826172 0.000000
vt  0.326172 -0.821289 0.000000
vt  0.321777 -0.827148 0.000000
vt  0.334717 -0.831055 0.000000
vt  0.333984 -0.831543 0.000000
vt  0.328857 -0.833984 0.000000
vt  0.328125 -0.834473 0.000000
vt  0.330811 -0.843262 0.000000
vt  0.336914 -0.843750 0.000000
vt  0.330078 -0.843262 0.000000
vt  0.327637 -0.852051 0.000000
vt  0.337646 -0.843750 0.000000
vt  0.332520 -0.855469 0.000000
vt  0.327148 -0.851563 0.000000
vt  0.320068 -0.857910 0.000000
vt  0.333008 -0.855957 0.000000
vt  0.322266 -0.863770 0.000000
vt  0.319824 -0.856934 0.000000
vt  0.313477 -0.865234 0.000000
vt  0.313232 -0.859375 0.000000
vt  0.322510 -0.864746 0.000000
vt  0.397949 -0.538086 0.000000
vt  0.397217 -0.537598 0.000000
vt  0.396729 -0.536621 0.000000
vt  0.395508 -0.541992 0.000000
vt  0.394531 -0.541992 0.000000
vt  0.396484 -0.542480 0.000000
vt  0.392822 -0.605469 0.000000
vt  0.392822 -0.540039 0.000000
vt  0.391602 -0.540039 0.000000
vt  0.391602 -0.605469 0.000000
vt  0.389893 -0.540039 0.000000
vt  0.389893 -0.605469 0.000000
vt  0.628418 -0.135864 0.000000
vt  0.630371 -0.070313 0.000000
vt  0.628418 -0.070313 0.000000
vt  0.630371 -0.135864 0.000000
vt  0.631836 -0.070313 0.000000
vt  0.631836 -0.135864 0.000000
vt  0.598145 -0.149902 0.000000
vt  0.600586 -0.155151 0.000000
vt  0.599121 -0.149902 0.000000
vt  0.600098 -0.155884 0.000000
vt  0.597168 -0.149902 0.000000
vt  0.603516 -0.157349 0.000000
vt  0.599121 -0.156250 0.000000
vt  0.603516 -0.158447 0.000000
vt  0.603516 -0.158936 0.000000
vt  0.606934 -0.155762 0.000000
vt  0.606445 -0.155029 0.000000
vt  0.607910 -0.156128 0.000000
vt  0.608398 -0.149902 0.000000
vt  0.609863 -0.149902 0.000000
vt  0.607910 -0.149902 0.000000
vt  0.605469 -0.153564 0.000000
vt  0.606445 -0.149902 0.000000
vt  0.407715 -0.541504 0.000000
vt  0.404541 -0.538086 0.000000
vt  0.406982 -0.541992 0.000000
vt  0.405029 -0.537109 0.000000
vt  0.408691 -0.541504 0.000000
vt  0.401123 -0.535156 0.000000
vt  0.405518 -0.536621 0.000000
vt  0.401123 -0.536133 0.000000
vt  0.401123 -0.534180 0.000000
vt  0.397949 -0.538086 0.000000
vt  0.397217 -0.537598 0.000000
vt  0.396729 -0.536621 0.000000
vt  0.395508 -0.541992 0.000000
vt  0.394531 -0.541992 0.000000
vt  0.396484 -0.542480 0.000000
vt  0.392822 -0.605469 0.000000
vt  0.392822 -0.540039 0.000000
vt  0.391602 -0.540039 0.000000
vt  0.391602 -0.605469 0.000000
vt  0.389893 -0.540039 0.000000
vt  0.389893 -0.605469 0.000000
vt  0.598145 -0.149902 0.000000
vt  0.600586 -0.155151 0.000000
vt  0.599121 -0.149902 0.000000
vt  0.600098 -0.155884 0.000000
vt  0.597168 -0.149902 0.000000
vt  0.603516 -0.157349 0.000000
vt  0.599121 -0.156250 0.000000
vt  0.603516 -0.158447 0.000000
vt  0.603516 -0.159058 0.000000
vt  0.606934 -0.155762 0.000000
vt  0.606445 -0.155029 0.000000
vt  0.607910 -0.156128 0.000000
vt  0.608887 -0.149902 0.000000
vt  0.609863 -0.149902 0.000000
vt  0.607910 -0.149902 0.000000
vt  0.392822 -0.605469 0.000000
vt  0.392822 -0.540039 0.000000
vt  0.391602 -0.540039 0.000000
vt  0.391602 -0.605469 0.000000
vt  0.389893 -0.540039 0.000000
vt  0.389893 -0.605469 0.000000
vt  0.628418 -0.135864 0.000000
vt  0.630371 -0.070313 0.000000
vt  0.628418 -0.070313 0.000000
vt  0.630371 -0.135864 0.000000
vt  0.631836 -0.070313 0.000000
vt  0.631836 -0.135864 0.000000
vt  0.606445 -0.155029 0.000000
vt  0.608887 -0.149902 0.000000
vt  0.607910 -0.149902 0.000000
vt  0.606934 -0.155762 0.000000
vt  0.603516 -0.157349 0.000000
vt  0.609863 -0.149902 0.000000
vt  0.607910 -0.156128 0.000000
vt  0.603516 -0.158447 0.000000
vt  0.603516 -0.159058 0.000000
vt  0.600098 -0.155884 0.000000
vt  0.600586 -0.155151 0.000000
vt  0.599121 -0.156250 0.000000
vt  0.598145 -0.149902 0.000000
vt  0.597168 -0.149902 0.000000
vt  0.599121 -0.149902 0.000000
vt  0.503418 -0.020767 0.000000
vt  0.393799 -0.084961 0.000000
vt  0.393799 -0.020767 0.000000
vt  0.503418 -0.084961 0.000000
vt  0.393799 -0.094421 0.000000
vt  0.503418 -0.094421 0.000000
vt  0.503418 -0.103821 0.000000
vt  0.393799 -0.103821 0.000000
vt  0.393799 -0.196777 0.000000
vt  0.503418 -0.196777 0.000000
vt  0.503418 -0.203247 0.000000
vt  0.393799 -0.203247 0.000000
vt  0.503418 -0.209717 0.000000
vt  0.393799 -0.209717 0.000000
vt  0.393799 -0.216309 0.000000
vt  0.503418 -0.216309 0.000000
vt  0.393799 -0.280518 0.000000
vt  0.503418 -0.280518 0.000000
vt  0.393799 -0.084961 0.000000
vt  0.503418 -0.020767 0.000000
vt  0.393799 -0.020767 0.000000
vt  0.503418 -0.084961 0.000000
vt  0.503418 -0.094421 0.000000
vt  0.393799 -0.094421 0.000000
vt  0.503418 -0.103821 0.000000
vt  0.393799 -0.103821 0.000000
vt  0.393799 -0.196777 0.000000
vt  0.503418 -0.196777 0.000000
vt  0.503418 -0.203247 0.000000
vt  0.393799 -0.203247 0.000000
vt  0.503418 -0.209717 0.000000
vt  0.393799 -0.209717 0.000000
vt  0.503418 -0.216309 0.000000
vt  0.393799 -0.216309 0.000000
vt  0.393799 -0.280518 0.000000
vt  0.503418 -0.280518 0.000000
vt  0.723145 -0.678711 0.000000
vt  0.728516 -0.547363 0.000000
vt  0.723145 -0.558105 0.000000
vt  0.725586 -0.687012 0.000000
vt  0.731445 -0.692871 0.000000
vt  0.739258 -0.694824 0.000000
vt  0.739258 -0.541992 0.000000
vt  0.822754 -0.541992 0.000000
vt  0.822754 -0.694824 0.000000
vt  0.905762 -0.694824 0.000000
vt  0.905762 -0.541992 0.000000
vt  0.916992 -0.547363 0.000000
vt  0.914063 -0.692871 0.000000
vt  0.919922 -0.687012 0.000000
vt  0.921875 -0.678711 0.000000
vt  0.921875 -0.558105 0.000000
vt  0.597656 -0.478271 0.000000
vt  0.534668 -0.481445 0.000000
vt  0.597656 -0.481445 0.000000
vt  0.534668 -0.478271 0.000000
vt  0.602051 -0.551758 0.000000
vt  0.602051 -0.485352 0.000000
vt  0.539063 -0.485352 0.000000
vt  0.539063 -0.551758 0.000000
vt  0.535645 -0.553711 0.000000
vt  0.532227 -0.485352 0.000000
vt  0.532227 -0.553711 0.000000
vt  0.535645 -0.485352 0.000000
vt  0.539063 -0.557617 0.000000
vt  0.602051 -0.557617 0.000000
vt  0.602051 -0.554688 0.000000
vt  0.539063 -0.554688 0.000000
vt  0.539063 -0.560059 0.000000
vt  0.602051 -0.566406 0.000000
vt  0.602051 -0.560059 0.000000
vt  0.539063 -0.566406 0.000000
vt  0.597656 -0.478271 0.000000
vt  0.534668 -0.481445 0.000000
vt  0.534668 -0.478271 0.000000
vt  0.597656 -0.481445 0.000000
vt  0.602051 -0.560059 0.000000
vt  0.539063 -0.566406 0.000000
vt  0.539063 -0.560059 0.000000
vt  0.602051 -0.566406 0.000000
vt  0.602051 -0.554688 0.000000
vt  0.539063 -0.557617 0.000000
vt  0.539063 -0.554688 0.000000
vt  0.602051 -0.557617 0.000000
vt  0.539063 -0.551758 0.000000
vt  0.539063 -0.485352 0.000000
vt  0.602051 -0.551758 0.000000
vt  0.602051 -0.485352 0.000000
vt  0.535645 -0.553711 0.000000
vt  0.532227 -0.485352 0.000000
vt  0.535645 -0.485352 0.000000
vt  0.532227 -0.553711 0.000000
vt  0.446533 -0.972168 0.000000
vt  0.447754 -0.973145 0.000000
vt  0.447754 -0.972168 0.000000
vt  0.446533 -0.973145 0.000000
vt  0.434326 -0.925293 0.000000
vt  0.435791 -0.919922 0.000000
vt  0.434326 -0.919922 0.000000
vt  0.435791 -0.925293 0.000000
vt  0.434326 -0.931152 0.000000
vt  0.437012 -0.925293 0.000000
vt  0.437012 -0.919922 0.000000
vt  0.437012 -0.931152 0.000000
vt  0.435791 -0.931152 0.000000
vt  0.435791 -0.938965 0.000000
vt  0.434326 -0.938965 0.000000
vt  0.438477 -0.931152 0.000000
vt  0.438477 -0.925293 0.000000
vt  0.437012 -0.938965 0.000000
vt  0.438477 -0.919922 0.000000
vt  0.439697 -0.925293 0.000000
vt  0.437012 -0.943848 0.000000
vt  0.435791 -0.943848 0.000000
vt  0.438477 -0.938965 0.000000
vt  0.434326 -0.943848 0.000000
vt  0.439697 -0.938965 0.000000
vt  0.439697 -0.931152 0.000000
vt  0.438477 -0.943848 0.000000
vt  0.437012 -0.948242 0.000000
vt  0.435791 -0.948242 0.000000
vt  0.439697 -0.919922 0.000000
vt  0.434326 -0.948242 0.000000
vt  0.435791 -0.952637 0.000000
vt  0.439697 -0.943848 0.000000
vt  0.438477 -0.948242 0.000000
vt  0.437012 -0.952637 0.000000
vt  0.434326 -0.952637 0.000000
vt  0.435791 -0.960449 0.000000
vt  0.434326 -0.960449 0.000000
vt  0.439697 -0.948242 0.000000
vt  0.439697 -0.952637 0.000000
vt  0.438477 -0.952637 0.000000
vt  0.437012 -0.960449 0.000000
vt  0.438477 -0.960449 0.000000
vt  0.439697 -0.960449 0.000000
vt  0.435791 -0.968750 0.000000
vt  0.434326 -0.968750 0.000000
vt  0.437012 -0.968750 0.000000
vt  0.438477 -0.968750 0.000000
vt  0.439697 -0.968750 0.000000
vt  0.435791 -0.977051 0.000000
vt  0.434326 -0.977051 0.000000
vt  0.437012 -0.977051 0.000000
vt  0.438477 -0.977051 0.000000
vt  0.439697 -0.977051 0.000000
vt  0.435791 -0.986328 0.000000
vt  0.434326 -0.986328 0.000000
vt  0.437012 -0.986328 0.000000
vt  0.438477 -0.986328 0.000000
vt  0.439697 -0.986328 0.000000
vt  0.435791 -0.993652 0.000000
vt  0.434326 -0.993652 0.000000
vt  0.437012 -0.993652 0.000000
vt  0.438477 -0.993652 0.000000
vt  0.439697 -0.993652 0.000000
vt  0.458740 -0.977539 0.000000
vt  0.455566 -0.995117 0.000000
vt  0.458740 -0.995117 0.000000
vt  0.455566 -0.977539 0.000000
vt  0.452393 -0.977539 0.000000
vt  0.452393 -0.995117 0.000000
vt  0.449219 -0.977539 0.000000
vt  0.449219 -0.995117 0.000000
vt  0.312988 -0.858398 0.000000
vt  0.305908 -0.858887 0.000000
vt  0.304932 -0.864746 0.000000
vt  0.313721 -0.866211 0.000000
vt  0.305908 -0.857910 0.000000
vt  0.299316 -0.856934 0.000000
vt  0.296387 -0.861816 0.000000
vt  0.304688 -0.865723 0.000000
vt  0.299561 -0.855957 0.000000
vt  0.294434 -0.853027 0.000000
vt  0.294922 -0.852539 0.000000
vt  0.289307 -0.856445 0.000000
vt  0.295898 -0.862793 0.000000
vt  0.286133 -0.848145 0.000000
vt  0.291992 -0.847168 0.000000
vt  0.292725 -0.847168 0.000000
vt  0.288818 -0.856934 0.000000
vt  0.285400 -0.848145 0.000000
vt  0.291992 -0.840820 0.000000
vt  0.292725 -0.841309 0.000000
vt  0.286133 -0.839355 0.000000
vt  0.285400 -0.839355 0.000000
vt  0.295654 -0.836426 0.000000
vt  0.291016 -0.831543 0.000000
vt  0.295166 -0.835938 0.000000
vt  0.290283 -0.831055 0.000000
vt  0.300781 -0.833984 0.000000
vt  0.300537 -0.833008 0.000000
vt  0.299072 -0.827148 0.000000
vt  0.298828 -0.826172 0.000000
vt  0.308350 -0.827637 0.000000
vt  0.306641 -0.833008 0.000000
vt  0.308594 -0.826660 0.000000
vt  0.306396 -0.833984 0.000000
vt  0.312256 -0.836426 0.000000
vt  0.316406 -0.832031 0.000000
vt  0.311768 -0.836914 0.000000
vt  0.317139 -0.831055 0.000000
vt  0.321045 -0.839355 0.000000
vt  0.315430 -0.841309 0.000000
vt  0.321777 -0.838867 0.000000
vt  0.314697 -0.841309 0.000000
vt  0.321777 -0.847656 0.000000
vt  0.322510 -0.847656 0.000000
vt  0.315674 -0.847168 0.000000
vt  0.314941 -0.847168 0.000000
vt  0.321045 -0.852051 0.000000
vt  0.321777 -0.852051 0.000000
vt  0.314941 -0.850586 0.000000
vt  0.314209 -0.850586 0.000000
vt  0.319092 -0.854492 0.000000
vt  0.318848 -0.853516 0.000000
vt  0.315674 -0.853027 0.000000
vt  0.315186 -0.853516 0.000000
vt  0.459473 -0.327393 0.000000
vt  0.444092 -0.331543 0.000000
vt  0.474854 -0.331543 0.000000
vt  0.489502 -0.346191 0.000000
vt  0.429199 -0.346191 0.000000
vt  0.425049 -0.361572 0.000000
vt  0.493652 -0.361572 0.000000
vt  0.489502 -0.376953 0.000000
vt  0.429199 -0.377197 0.000000
vt  0.444092 -0.391846 0.000000
vt  0.474609 -0.391846 0.000000
vt  0.459229 -0.395752 0.000000
vt  0.508301 -0.574707 0.000000
vt  0.493896 -0.594238 0.000000
vt  0.508301 -0.591797 0.000000
vt  0.493896 -0.574707 0.000000
vt  0.508301 -0.558105 0.000000
vt  0.493896 -0.558105 0.000000
vt  0.508301 -0.541016 0.000000
vt  0.493896 -0.541016 0.000000
vt  0.493896 -0.523438 0.000000
vt  0.508301 -0.523926 0.000000
vt  0.493896 -0.504883 0.000000
vt  0.508301 -0.507813 0.000000
vt  0.508301 -0.523926 0.000000
vt  0.493896 -0.523438 0.000000
vt  0.493896 -0.541016 0.000000
vt  0.508301 -0.541016 0.000000
vt  0.508301 -0.558105 0.000000
vt  0.493896 -0.558105 0.000000
vt  0.508301 -0.574707 0.000000
vt  0.493896 -0.574707 0.000000
vt  0.508301 -0.591797 0.000000
vt  0.493896 -0.594238 0.000000
vt  0.494141 -0.407471 0.000000
vt  0.508789 -0.427002 0.000000
vt  0.508789 -0.409912 0.000000
vt  0.494141 -0.427002 0.000000
vt  0.508789 -0.444092 0.000000
vt  0.494141 -0.444092 0.000000
vt  0.508789 -0.461426 0.000000
vt  0.494141 -0.461426 0.000000
vt  0.494141 -0.478760 0.000000
vt  0.508789 -0.478760 0.000000
vt  0.494141 -0.497559 0.000000
vt  0.508789 -0.494873 0.000000
vt  0.494141 -0.478760 0.000000
vt  0.508789 -0.478760 0.000000
vt  0.508789 -0.461426 0.000000
vt  0.494141 -0.461426 0.000000
vt  0.494141 -0.444092 0.000000
vt  0.508789 -0.444092 0.000000
vt  0.508789 -0.427002 0.000000
vt  0.494141 -0.427002 0.000000
vt  0.508789 -0.409912 0.000000
vt  0.494141 -0.407471 0.000000
vt  0.042908 -0.828613 0.000000
vt  0.044342 -0.866211 0.000000
vt  0.044342 -0.828613 0.000000
vt  0.042908 -0.866211 0.000000
vt  0.041473 -0.866211 0.000000
vt  0.041473 -0.828613 0.000000
vt  0.044342 -0.828613 0.000000
vt  0.042908 -0.866211 0.000000
vt  0.044342 -0.866211 0.000000
vt  0.042908 -0.828613 0.000000
vt  0.041473 -0.866211 0.000000
vt  0.041473 -0.828613 0.000000
vt  0.042908 -0.828613 0.000000
vt  0.044342 -0.866211 0.000000
vt  0.044342 -0.828613 0.000000
vt  0.042908 -0.866211 0.000000
vt  0.041473 -0.866211 0.000000
vt  0.041473 -0.828613 0.000000
vt  0.042908 -0.828613 0.000000
vt  0.044342 -0.866211 0.000000
vt  0.044342 -0.828613 0.000000
vt  0.042908 -0.866211 0.000000
vt  0.041473 -0.866211 0.000000
vt  0.041473 -0.828613 0.000000
vt  0.047272 -0.879395 0.000000
vt  0.040222 -0.879395 0.000000
vt  0.040222 -0.884277 0.000000
vt  0.047272 -0.884277 0.000000
vt  0.054352 -0.879395 0.000000
vt  0.054352 -0.884277 0.000000
vt  0.061401 -0.879395 0.000000
vt  0.061401 -0.884277 0.000000
vt  0.068420 -0.879395 0.000000
vt  0.068420 -0.884277 0.000000
vt  0.075439 -0.879395 0.000000
vt  0.075439 -0.884277 0.000000
vt  0.083557 -0.879395 0.000000
vt  0.083557 -0.884277 0.000000
vt  0.091614 -0.879395 0.000000
vt  0.091614 -0.884277 0.000000
vt  0.099731 -0.879395 0.000000
vt  0.099731 -0.884277 0.000000
vt  0.107788 -0.884277 0.000000
vt  0.107788 -0.879395 0.000000
vt  0.115906 -0.884277 0.000000
vt  0.115906 -0.879395 0.000000
vt  0.062195 -0.861328 0.000000
vt  0.054047 -0.866211 0.000000
vt  0.063171 -0.866211 0.000000
vt  0.055023 -0.861328 0.000000
vt  0.060699 -0.825195 0.000000
vt  0.056519 -0.825195 0.000000
vt  0.069702 -0.866211 0.000000
vt  0.065552 -0.861328 0.000000
vt  0.066528 -0.866211 0.000000
vt  0.069092 -0.861328 0.000000
vt  0.067566 -0.825195 0.000000
vt  0.064087 -0.825195 0.000000
vt  0.048523 -0.861328 0.000000
vt  0.047882 -0.866211 0.000000
vt  0.051056 -0.866211 0.000000
vt  0.052002 -0.861328 0.000000
vt  0.053497 -0.825195 0.000000
vt  0.049988 -0.825195 0.000000
vt  0.690918 -0.700195 0.000000
vt  0.690918 -0.666016 0.000000
vt  0.688477 -0.700195 0.000000
vt  0.688477 -0.666016 0.000000
vt  0.686523 -0.666016 0.000000
vt  0.686523 -0.700195 0.000000
vt  0.684570 -0.700195 0.000000
vt  0.684570 -0.666016 0.000000
vt  0.682617 -0.700195 0.000000
vt  0.682617 -0.666016 0.000000
vt  0.125244 -0.748535 0.000000
vt  0.125122 -0.760742 0.000000
vt  0.131104 -0.748535 0.000000
vt  0.120544 -0.760742 0.000000
vt  0.120605 -0.748535 0.000000
vt  0.125244 -0.742676 0.000000
vt  0.114563 -0.748047 0.000000
vt  0.120667 -0.742676 0.000000
vt  0.671875 -0.541992 0.000000
vt  0.668457 -0.697754 0.000000
vt  0.671875 -0.693359 0.000000
vt  0.675293 -0.705078 0.000000
vt  0.668457 -0.537109 0.000000
vt  0.675293 -0.530273 0.000000
vt  0.643555 -0.740234 0.000000
vt  0.672363 -0.708008 0.000000
vt  0.680664 -0.716309 0.000000
vt  0.683105 -0.713867 0.000000
vt  0.689453 -0.720703 0.000000
vt  0.643555 -0.491943 0.000000
vt  0.672363 -0.527344 0.000000
vt  0.683105 -0.521484 0.000000
vt  0.680664 -0.519043 0.000000
vt  0.690430 -0.514648 0.000000
vt  0.694824 -0.716797 0.000000
vt  0.948730 -0.720703 0.000000
vt  0.819336 -0.716797 0.000000
vt  0.995117 -0.740234 0.000000
vt  0.694824 -0.518555 0.000000
vt  0.948242 -0.514648 0.000000
vt  0.819336 -0.518555 0.000000
vt  0.995117 -0.491943 0.000000
vt  0.943359 -0.716797 0.000000
vt  0.958008 -0.716309 0.000000
vt  0.955078 -0.713867 0.000000
vt  0.943359 -0.518555 0.000000
vt  0.957520 -0.519043 0.000000
vt  0.955078 -0.521484 0.000000
vt  0.969727 -0.537109 0.000000
vt  0.965820 -0.527344 0.000000
vt  0.965820 -0.708008 0.000000
vt  0.963379 -0.705078 0.000000
vt  0.963379 -0.530273 0.000000
vt  0.966309 -0.541992 0.000000
vt  0.969727 -0.697754 0.000000
vt  0.966309 -0.693359 0.000000
vt  0.575195 -0.069763 0.000000
vt  0.578125 -0.078918 0.000000
vt  0.583008 -0.075562 0.000000
vt  0.585938 -0.085022 0.000000
vt  0.573242 -0.075378 0.000000
vt  0.565430 -0.069763 0.000000
vt  0.580078 -0.084656 0.000000
vt  0.578125 -0.090454 0.000000
vt  0.446045 -0.995117 0.000000
vt  0.446045 -0.977539 0.000000
vt  0.567383 -0.957520 0.000000
vt  0.537109 -0.957520 0.000000
vt  0.537109 -0.959961 0.000000
vt  0.567383 -0.959961 0.000000
vt  0.537109 -0.947266 0.000000
vt  0.567383 -0.947266 0.000000
vt  0.567383 -0.936035 0.000000
vt  0.537109 -0.936035 0.000000
vt  0.537109 -0.954590 0.000000
vt  0.567383 -0.950684 0.000000
vt  0.537109 -0.950684 0.000000
vt  0.567383 -0.954590 0.000000
vt  0.567383 -0.947266 0.000000
vt  0.537109 -0.936035 0.000000
vt  0.537109 -0.947266 0.000000
vt  0.567383 -0.936035 0.000000
vt  0.531250 -0.966797 0.000000
vt  0.532227 -0.962402 0.000000
vt  0.532227 -0.966797 0.000000
vt  0.531250 -0.961914 0.000000
vt  0.542969 -0.961914 0.000000
vt  0.543457 -0.962402 0.000000
vt  0.543945 -0.960449 0.000000
vt  0.543457 -0.960449 0.000000
vt  0.532227 -0.966797 0.000000
vt  0.532227 -0.962402 0.000000
vt  0.531250 -0.966797 0.000000
vt  0.531250 -0.961914 0.000000
vt  0.542969 -0.961914 0.000000
vt  0.543457 -0.962402 0.000000
vt  0.543945 -0.960449 0.000000
vt  0.543457 -0.960449 0.000000
vt  0.537109 -0.932129 0.000000
vt  0.567383 -0.934082 0.000000
vt  0.567383 -0.932129 0.000000
vt  0.537109 -0.934082 0.000000
vt  0.567871 -0.928223 0.000000
vt  0.537598 -0.930176 0.000000
vt  0.567871 -0.930176 0.000000
vt  0.537598 -0.928223 0.000000
vt  0.537109 -0.932129 0.000000
vt  0.567383 -0.934082 0.000000
vt  0.567383 -0.932129 0.000000
vt  0.537109 -0.934082 0.000000
vt  0.418457 -0.919434 0.000000
vt  0.419189 -0.924805 0.000000
vt  0.419189 -0.919434 0.000000
vt  0.418457 -0.924805 0.000000
vt  0.419189 -0.930664 0.000000
vt  0.417969 -0.924805 0.000000
vt  0.417969 -0.919434 0.000000
vt  0.417969 -0.930664 0.000000
vt  0.418457 -0.930664 0.000000
vt  0.419189 -0.958008 0.000000
vt  0.417236 -0.924805 0.000000
vt  0.417236 -0.930176 0.000000
vt  0.417236 -0.919434 0.000000
vt  0.417969 -0.958008 0.000000
vt  0.417236 -0.958008 0.000000
vt  0.418457 -0.958008 0.000000
vt  0.417969 -0.963379 0.000000
vt  0.416504 -0.919434 0.000000
vt  0.416748 -0.924805 0.000000
vt  0.416504 -0.930664 0.000000
vt  0.418457 -0.963379 0.000000
vt  0.419189 -0.963379 0.000000
vt  0.416504 -0.958008 0.000000
vt  0.417236 -0.963379 0.000000
vt  0.417236 -0.969238 0.000000
vt  0.417969 -0.969238 0.000000
vt  0.416504 -0.963379 0.000000
vt  0.418457 -0.969238 0.000000
vt  0.419189 -0.969238 0.000000
vt  0.417236 -0.974121 0.000000
vt  0.416504 -0.969238 0.000000
vt  0.417969 -0.974121 0.000000
vt  0.418457 -0.974121 0.000000
vt  0.419189 -0.974121 0.000000
vt  0.416748 -0.974121 0.000000
vt  0.417236 -0.978027 0.000000
vt  0.417969 -0.977539 0.000000
vt  0.418457 -0.977539 0.000000
vt  0.419189 -0.978027 0.000000
vt  0.417969 -0.982422 0.000000
vt  0.418457 -0.982422 0.000000
vt  0.416504 -0.978027 0.000000
vt  0.417236 -0.982910 0.000000
vt  0.417969 -0.986328 0.000000
vt  0.419189 -0.982910 0.000000
vt  0.418457 -0.986328 0.000000
vt  0.416504 -0.982910 0.000000
vt  0.417236 -0.986816 0.000000
vt  0.418457 -0.989746 0.000000
vt  0.417969 -0.989746 0.000000
vt  0.419189 -0.986816 0.000000
vt  0.416504 -0.986816 0.000000
vt  0.416748 -0.989746 0.000000
vt  0.417236 -0.989746 0.000000
vt  0.419189 -0.989746 0.000000
vt  0.418457 -0.991211 0.000000
vt  0.419189 -0.991211 0.000000
vt  0.417969 -0.991211 0.000000
vt  0.417236 -0.991211 0.000000
vt  0.416504 -0.991211 0.000000
vt  0.417969 -0.993164 0.000000
vt  0.417236 -0.993164 0.000000
vt  0.418457 -0.993164 0.000000
vt  0.419189 -0.993164 0.000000
vt  0.416504 -0.993164 0.000000
vt  0.402588 -0.617188 0.000000
vt  0.399170 -0.991699 0.000000
vt  0.402588 -0.985840 0.000000
vt  0.399170 -0.611328 0.000000
vt  0.382324 -0.976074 0.000000
vt  0.004719 -0.978516 0.000000
vt  0.382324 -0.978516 0.000000
vt  0.004719 -0.976074 0.000000
vt  0.382324 -0.973633 0.000000
vt  0.004719 -0.973633 0.000000
vt  0.382324 -0.968750 0.000000
vt  0.004719 -0.968750 0.000000
vt  0.382324 -0.965820 0.000000
vt  0.004719 -0.965820 0.000000
vt  0.382324 -0.963379 0.000000
vt  0.004719 -0.963379 0.000000
vt  0.382324 -0.924316 0.000000
vt  0.004719 -0.924316 0.000000
vt  0.004719 -0.918945 0.000000
vt  0.382324 -0.918945 0.000000
vt  0.004719 -0.913086 0.000000
vt  0.382324 -0.913086 0.000000
vt  0.078674 -0.906738 0.000000
vt  0.037628 -0.885742 0.000000
vt  0.037170 -0.826172 0.000000
vt  0.039368 -0.761719 0.000000
vt  0.004719 -0.657715 0.000000
vt  0.077881 -0.805664 0.000000
vt  0.301270 -0.904785 0.000000
vt  0.119507 -0.885742 0.000000
vt  0.039063 -0.690918 0.000000
vt  0.088562 -0.786621 0.000000
vt  0.119019 -0.826660 0.000000
vt  0.251709 -0.879395 0.000000
vt  0.350586 -0.879395 0.000000
vt  0.088379 -0.663574 0.000000
vt  0.382324 -0.657227 0.000000
vt  0.004719 -0.651367 0.000000
vt  0.137817 -0.761719 0.000000
vt  0.250977 -0.807129 0.000000
vt  0.270508 -0.742676 0.000000
vt  0.137329 -0.690918 0.000000
vt  0.310303 -0.663574 0.000000
vt  0.270264 -0.684082 0.000000
vt  0.300293 -0.782227 0.000000
vt  0.311035 -0.763184 0.000000
vt  0.350586 -0.684570 0.000000
vt  0.350098 -0.807617 0.000000
vt  0.351074 -0.742676 0.000000
vt  0.382324 -0.651367 0.000000
vt  0.382324 -0.645508 0.000000
vt  0.004719 -0.645508 0.000000
vt  0.382324 -0.574707 0.000000
vt  0.004719 -0.574707 0.000000
vt  0.382324 -0.566895 0.000000
vt  0.004719 -0.566895 0.000000
vt  0.382324 -0.557617 0.000000
vt  0.004719 -0.557617 0.000000
vt  0.382324 -0.548340 0.000000
vt  0.004719 -0.548340 0.000000
vt  0.382324 -0.541992 0.000000
vt  0.004719 -0.541992 0.000000
vt  0.387939 -0.985840 0.000000
vt  0.390381 -0.616699 0.000000
vt  0.387939 -0.616699 0.000000
vt  0.390381 -0.985840 0.000000
vt  0.416748 -0.661621 0.000000
vt  0.416748 -0.570313 0.000000
vt  0.413330 -0.570313 0.000000
vt  0.413330 -0.661621 0.000000
vt  0.413330 -0.666504 0.000000
vt  0.416748 -0.666504 0.000000
vt  0.413330 -0.670898 0.000000
vt  0.416748 -0.670898 0.000000
vt  0.416748 -0.675293 0.000000
vt  0.413330 -0.675293 0.000000
vt  0.413330 -0.704102 0.000000
vt  0.416748 -0.704590 0.000000
vt  0.393799 -0.989746 0.000000
vt  0.396240 -0.616699 0.000000
vt  0.393799 -0.611816 0.000000
vt  0.396240 -0.985840 0.000000
vt  0.487793 -0.874023 0.000000
vt  0.487793 -0.802734 0.000000
vt  0.482666 -0.802734 0.000000
vt  0.482422 -0.873535 0.000000
vt  0.482666 -0.878906 0.000000
vt  0.487793 -0.883789 0.000000
vt  0.487793 -0.932617 0.000000
vt  0.487793 -0.897949 0.000000
vt  0.482666 -0.932617 0.000000
vt  0.482666 -0.897461 0.000000
vt  0.482666 -0.887207 0.000000
vt  0.487793 -0.883789 0.000000
vt  0.482666 -0.878906 0.000000
vt  0.438965 -0.317627 0.000000
vt  0.427734 -0.305176 0.000000
vt  0.432617 -0.313232 0.000000
vt  0.517578 -0.290039 0.000000
vt  0.508301 -0.327881 0.000000
vt  0.426025 -0.290039 0.000000
vt  0.425537 -0.296143 0.000000
vt  0.522461 -0.291992 0.000000
vt  0.526855 -0.295898 0.000000
vt  0.513672 -0.331055 0.000000
vt  0.529785 -0.300781 0.000000
vt  0.515137 -0.336670 0.000000
vt  0.529297 -0.583984 0.000000
vt  0.515137 -0.590820 0.000000
vt  0.530273 -0.587891 0.000000
vt  0.516602 -0.596680 0.000000
vt  0.520020 -0.600586 0.000000
vt  0.532227 -0.590820 0.000000
vt  0.557129 -0.612793 0.000000
vt  0.561035 -0.601074 0.000000
vt  0.562500 -0.603516 0.000000
vt  0.559570 -0.612793 0.000000
vt  0.561523 -0.610352 0.000000
vt  0.562500 -0.605469 0.000000
vt  0.406494 -0.661621 0.000000
vt  0.412109 -0.570313 0.000000
vt  0.406494 -0.567871 0.000000
vt  0.412109 -0.661621 0.000000
vt  0.406494 -0.666504 0.000000
vt  0.412109 -0.666504 0.000000
vt  0.406494 -0.671387 0.000000
vt  0.412109 -0.671387 0.000000
vt  0.412109 -0.675293 0.000000
vt  0.406494 -0.675293 0.000000
vt  0.412109 -0.704590 0.000000
vt  0.406494 -0.954102 0.000000
vt  0.412109 -0.954102 0.000000
vt  0.412109 -0.958496 0.000000
vt  0.406494 -0.958496 0.000000
vt  0.406494 -0.961914 0.000000
vt  0.412109 -0.961914 0.000000
vt  0.406494 -0.993164 0.000000
vt  0.412109 -0.993164 0.000000
vt  0.429688 -0.992676 0.000000
vt  0.424316 -0.962402 0.000000
vt  0.424316 -0.992676 0.000000
vt  0.429688 -0.962402 0.000000
vt  0.424316 -0.958008 0.000000
vt  0.429688 -0.958008 0.000000
vt  0.583008 -0.094360 0.000000
vt  0.573242 -0.093994 0.000000
vt  0.567383 -0.075378 0.000000
vt  0.575195 -0.100159 0.000000
vt  0.565430 -0.100159 0.000000
vt  0.567383 -0.093994 0.000000
vt  0.562500 -0.078918 0.000000
vt  0.557129 -0.075623 0.000000
vt  0.557129 -0.094421 0.000000
vt  0.562500 -0.090454 0.000000
vt  0.554199 -0.085022 0.000000
vt  0.560547 -0.084656 0.000000
vt  0.529785 -0.093140 0.000000
vt  0.532715 -0.102295 0.000000
vt  0.537598 -0.098938 0.000000
vt  0.540527 -0.108398 0.000000
vt  0.527832 -0.098755 0.000000
vt  0.519531 -0.093140 0.000000
vt  0.534668 -0.108032 0.000000
vt  0.532715 -0.113831 0.000000
vt  0.537598 -0.117737 0.000000
vt  0.527832 -0.117371 0.000000
vt  0.521484 -0.098816 0.000000
vt  0.529785 -0.123535 0.000000
vt  0.520020 -0.123535 0.000000
vt  0.521484 -0.117371 0.000000
vt  0.516602 -0.102295 0.000000
vt  0.511719 -0.098999 0.000000
vt  0.511719 -0.117798 0.000000
vt  0.516602 -0.113831 0.000000
vt  0.508789 -0.108398 0.000000
vt  0.515137 -0.108093 0.000000
vt  0.578125 -0.078918 0.000000
vt  0.575195 -0.069763 0.000000
vt  0.583008 -0.075562 0.000000
vt  0.585938 -0.085022 0.000000
vt  0.573242 -0.075378 0.000000
vt  0.578125 -0.090454 0.000000
vt  0.580078 -0.084656 0.000000
vt  0.565430 -0.069763 0.000000
vt  0.583008 -0.094360 0.000000
vt  0.573242 -0.093994 0.000000
vt  0.567383 -0.075378 0.000000
vt  0.575195 -0.100159 0.000000
vt  0.565430 -0.100159 0.000000
vt  0.567383 -0.093994 0.000000
vt  0.562500 -0.078918 0.000000
vt  0.557129 -0.075623 0.000000
vt  0.557129 -0.094421 0.000000
vt  0.562500 -0.090454 0.000000
vt  0.554199 -0.085022 0.000000
vt  0.560547 -0.084656 0.000000
vt  0.532715 -0.102295 0.000000
vt  0.529785 -0.093140 0.000000
vt  0.537598 -0.098938 0.000000
vt  0.540527 -0.108398 0.000000
vt  0.527832 -0.098755 0.000000
vt  0.532715 -0.113831 0.000000
vt  0.534668 -0.108032 0.000000
vt  0.519531 -0.093140 0.000000
vt  0.537598 -0.117737 0.000000
vt  0.527832 -0.117371 0.000000
vt  0.521484 -0.098816 0.000000
vt  0.529785 -0.123535 0.000000
vt  0.520020 -0.123535 0.000000
vt  0.521484 -0.117371 0.000000
vt  0.516602 -0.102295 0.000000
vt  0.511719 -0.098999 0.000000
vt  0.511719 -0.117798 0.000000
vt  0.516602 -0.113831 0.000000
vt  0.508789 -0.108398 0.000000
vt  0.515137 -0.108093 0.000000
vt  0.508301 -0.144775 0.000000
vt  0.516113 -0.151489 0.000000
vt  0.516113 -0.144775 0.000000
vt  0.516113 -0.151489 0.000000
vt  0.508301 -0.151489 0.000000
vt  0.508301 -0.151489 0.000000
vt  0.508301 -0.159302 0.000000
vt  0.516113 -0.159302 0.000000
vt  0.508301 -0.159302 0.000000
vt  0.516113 -0.159302 0.000000
vt  0.508301 -0.198364 0.000000
vt  0.516113 -0.198364 0.000000
vt  0.508301 -0.198364 0.000000
vt  0.516113 -0.198364 0.000000
vt  0.516113 -0.207153 0.000000
vt  0.508301 -0.207153 0.000000
vt  0.516113 -0.207153 0.000000
vt  0.508301 -0.207153 0.000000
vt  0.508301 -0.213989 0.000000
vt  0.516113 -0.213989 0.000000
vt  0.472900 -0.498779 0.000000
vt  0.472900 -0.513672 0.000000
vt  0.487793 -0.506348 0.000000
vt  0.472900 -0.528809 0.000000
vt  0.487793 -0.483398 0.000000
vt  0.472900 -0.483398 0.000000
vt  0.487793 -0.536133 0.000000
vt  0.472900 -0.543945 0.000000
vt  0.472900 -0.468018 0.000000
vt  0.487793 -0.460449 0.000000
vt  0.487793 -0.559082 0.000000
vt  0.472900 -0.559082 0.000000
vt  0.472900 -0.452881 0.000000
vt  0.472900 -0.543945 0.000000
vt  0.487793 -0.536133 0.000000
vt  0.472900 -0.437500 0.000000
vt  0.487793 -0.430176 0.000000
vt  0.472900 -0.528809 0.000000
vt  0.472900 -0.422363 0.000000
vt  0.487793 -0.407227 0.000000
vt  0.472900 -0.513672 0.000000
vt  0.487793 -0.506348 0.000000
vt  0.472900 -0.407227 0.000000
vt  0.472900 -0.498779 0.000000
vt  0.487793 -0.483398 0.000000
vt  0.472900 -0.422363 0.000000
vt  0.487793 -0.430176 0.000000
vt  0.472900 -0.483398 0.000000
vt  0.472900 -0.437500 0.000000
vt  0.487793 -0.460449 0.000000
vt  0.472900 -0.468018 0.000000
vt  0.472900 -0.452881 0.000000
vt  0.457764 -0.459473 0.000000
vt  0.457764 -0.469238 0.000000
vt  0.467041 -0.464355 0.000000
vt  0.457764 -0.479004 0.000000
vt  0.467041 -0.449463 0.000000
vt  0.457764 -0.449463 0.000000
vt  0.467041 -0.483643 0.000000
vt  0.457764 -0.488525 0.000000
vt  0.457764 -0.439697 0.000000
vt  0.467041 -0.434814 0.000000
vt  0.467041 -0.498291 0.000000
vt  0.457764 -0.498291 0.000000
vt  0.457764 -0.429932 0.000000
vt  0.467041 -0.415527 0.000000
vt  0.457764 -0.488525 0.000000
vt  0.467041 -0.483643 0.000000
vt  0.457764 -0.420166 0.000000
vt  0.457764 -0.479004 0.000000
vt  0.457764 -0.410645 0.000000
vt  0.467041 -0.400879 0.000000
vt  0.457764 -0.469238 0.000000
vt  0.467041 -0.464355 0.000000
vt  0.457764 -0.400879 0.000000
vt  0.457764 -0.459473 0.000000
vt  0.467041 -0.449463 0.000000
vt  0.457764 -0.410645 0.000000
vt  0.467041 -0.415527 0.000000
vt  0.457764 -0.449463 0.000000
vt  0.457764 -0.420166 0.000000
vt  0.457764 -0.439697 0.000000
vt  0.467041 -0.434814 0.000000
vt  0.457764 -0.429932 0.000000
vt  0.457520 -0.563477 0.000000
vt  0.457520 -0.573242 0.000000
vt  0.466797 -0.568359 0.000000
vt  0.457520 -0.583008 0.000000
vt  0.466797 -0.553223 0.000000
vt  0.457520 -0.553223 0.000000
vt  0.466797 -0.587402 0.000000
vt  0.457520 -0.592285 0.000000
vt  0.457520 -0.543457 0.000000
vt  0.466797 -0.538574 0.000000
vt  0.466797 -0.602051 0.000000
vt  0.457520 -0.602051 0.000000
vt  0.457520 -0.533691 0.000000
vt  0.466797 -0.519531 0.000000
vt  0.457520 -0.592285 0.000000
vt  0.466797 -0.587402 0.000000
vt  0.457520 -0.523926 0.000000
vt  0.457520 -0.583008 0.000000
vt  0.457520 -0.514648 0.000000
vt  0.466797 -0.504883 0.000000
vt  0.457520 -0.573242 0.000000
vt  0.466797 -0.568359 0.000000
vt  0.457520 -0.504883 0.000000
vt  0.457520 -0.563477 0.000000
vt  0.466797 -0.553223 0.000000
vt  0.457520 -0.514648 0.000000
vt  0.466797 -0.519531 0.000000
vt  0.457520 -0.553223 0.000000
vt  0.457520 -0.523926 0.000000
vt  0.457520 -0.543457 0.000000
vt  0.466797 -0.538574 0.000000
vt  0.457520 -0.533691 0.000000
vt  0.058777 -0.738770 0.000000
vt  0.054871 -0.726563 0.000000
vt  0.051025 -0.738770 0.000000
vt  0.065063 -0.733887 0.000000
vt  0.044708 -0.733887 0.000000
vt  0.067444 -0.726563 0.000000
vt  0.042297 -0.726563 0.000000
vt  0.065063 -0.719238 0.000000
vt  0.044678 -0.719238 0.000000
vt  0.058716 -0.714355 0.000000
vt  0.050903 -0.714844 0.000000
vt  0.058685 -0.706543 0.000000
vt  0.054779 -0.694336 0.000000
vt  0.050873 -0.706543 0.000000
vt  0.065002 -0.701660 0.000000
vt  0.044617 -0.701660 0.000000
vt  0.067444 -0.694336 0.000000
vt  0.042328 -0.694336 0.000000
vt  0.065002 -0.687012 0.000000
vt  0.044617 -0.687012 0.000000
vt  0.050873 -0.682617 0.000000
vt  0.058685 -0.682617 0.000000
vt  0.058777 -0.738770 0.000000
vt  0.054871 -0.726563 0.000000
vt  0.051025 -0.738770 0.000000
vt  0.065063 -0.733887 0.000000
vt  0.044708 -0.733887 0.000000
vt  0.067444 -0.726563 0.000000
vt  0.042297 -0.726563 0.000000
vt  0.065063 -0.719238 0.000000
vt  0.044678 -0.719238 0.000000
vt  0.058716 -0.714355 0.000000
vt  0.050903 -0.714844 0.000000
vt  0.058685 -0.706543 0.000000
vt  0.054779 -0.694336 0.000000
vt  0.050873 -0.706543 0.000000
vt  0.065002 -0.701660 0.000000
vt  0.044617 -0.701660 0.000000
vt  0.067444 -0.694336 0.000000
vt  0.042328 -0.694336 0.000000
vt  0.065002 -0.687012 0.000000
vt  0.424316 -0.953613 0.000000
vt  0.429688 -0.953613 0.000000
vt  0.424072 -0.706543 0.000000
vt  0.429688 -0.677246 0.000000
vt  0.424316 -0.677246 0.000000
vt  0.424316 -0.672363 0.000000
vt  0.429688 -0.672363 0.000000
vt  0.429688 -0.666992 0.000000
vt  0.424316 -0.666992 0.000000
vt  0.424316 -0.662109 0.000000
vt  0.429688 -0.662109 0.000000
vt  0.424316 -0.570801 0.000000
vt  0.429688 -0.568848 0.000000
vt  0.419189 -0.677734 0.000000
vt  0.422119 -0.570801 0.000000
vt  0.419189 -0.570801 0.000000
vt  0.422119 -0.677734 0.000000
vt  0.422119 -0.682129 0.000000
vt  0.419189 -0.681641 0.000000
vt  0.422119 -0.685059 0.000000
vt  0.419189 -0.685059 0.000000
vt  0.419189 -0.687500 0.000000
vt  0.422119 -0.687500 0.000000
vt  0.422119 -0.706543 0.000000
vt  0.419189 -0.706543 0.000000
vt  0.477539 -0.879883 0.000000
vt  0.472900 -0.922363 0.000000
vt  0.477539 -0.922363 0.000000
vt  0.472900 -0.879883 0.000000
vt  0.477539 -0.873047 0.000000
vt  0.472900 -0.867676 0.000000
vt  0.477539 -0.864258 0.000000
vt  0.472900 -0.802734 0.000000
vt  0.472900 -0.856445 0.000000
vt  0.477539 -0.802734 0.000000
vt  0.477539 -0.856445 0.000000
vt  0.477539 -0.864258 0.000000
vt  0.472900 -0.867676 0.000000
vt  0.427734 -0.305176 0.000000
vt  0.438965 -0.317627 0.000000
vt  0.432617 -0.313232 0.000000
vt  0.517578 -0.290039 0.000000
vt  0.508301 -0.327881 0.000000
vt  0.426025 -0.290039 0.000000
vt  0.425537 -0.296143 0.000000
vt  0.522461 -0.291992 0.000000
vt  0.526855 -0.295898 0.000000
vt  0.513672 -0.331055 0.000000
vt  0.529785 -0.300781 0.000000
vt  0.515137 -0.336670 0.000000
vt  0.529297 -0.583984 0.000000
vt  0.515137 -0.590820 0.000000
vt  0.530273 -0.587891 0.000000
vt  0.516602 -0.596680 0.000000
vt  0.520020 -0.600586 0.000000
vt  0.532227 -0.590820 0.000000
vt  0.557129 -0.612793 0.000000
vt  0.561035 -0.601074 0.000000
vt  0.562500 -0.603516 0.000000
vt  0.559570 -0.612793 0.000000
vt  0.561523 -0.610352 0.000000
vt  0.562500 -0.605469 0.000000
vt  0.459473 -0.327393 0.000000
vt  0.444092 -0.331543 0.000000
vt  0.474854 -0.331543 0.000000
vt  0.429199 -0.346191 0.000000
vt  0.489502 -0.346191 0.000000
vt  0.425049 -0.361572 0.000000
vt  0.493652 -0.361572 0.000000
vt  0.489502 -0.376953 0.000000
vt  0.429199 -0.377197 0.000000
vt  0.444092 -0.391846 0.000000
vt  0.474609 -0.391846 0.000000
vt  0.459229 -0.395752 0.000000
vt  0.508301 -0.574707 0.000000
vt  0.493896 -0.594238 0.000000
vt  0.508301 -0.591797 0.000000
vt  0.493896 -0.574707 0.000000
vt  0.508301 -0.558105 0.000000
vt  0.493896 -0.558105 0.000000
vt  0.508301 -0.541016 0.000000
vt  0.493896 -0.541016 0.000000
vt  0.493896 -0.523438 0.000000
vt  0.508301 -0.523926 0.000000
vt  0.493896 -0.504883 0.000000
vt  0.508301 -0.507813 0.000000
vt  0.508301 -0.523926 0.000000
vt  0.493896 -0.523438 0.000000
vt  0.493896 -0.541016 0.000000
vt  0.508301 -0.541016 0.000000
vt  0.508301 -0.558105 0.000000
vt  0.493896 -0.558105 0.000000
vt  0.508301 -0.574707 0.000000
vt  0.493896 -0.574707 0.000000
vt  0.508301 -0.591797 0.000000
vt  0.493896 -0.594238 0.000000
vt  0.494141 -0.407471 0.000000
vt  0.508789 -0.427002 0.000000
vt  0.508789 -0.409912 0.000000
vt  0.494141 -0.427002 0.000000
vt  0.494141 -0.444092 0.000000
vt  0.508789 -0.444092 0.000000
vt  0.494141 -0.461426 0.000000
vt  0.508789 -0.461426 0.000000
vt  0.508789 -0.478760 0.000000
vt  0.494141 -0.478760 0.000000
vt  0.494141 -0.497559 0.000000
vt  0.508789 -0.494873 0.000000
vt  0.494141 -0.478760 0.000000
vt  0.508789 -0.478760 0.000000
vt  0.494141 -0.461426 0.000000
vt  0.508789 -0.461426 0.000000
vt  0.494141 -0.444092 0.000000
vt  0.508789 -0.444092 0.000000
vt  0.508789 -0.427002 0.000000
vt  0.494141 -0.427002 0.000000
vt  0.508789 -0.409912 0.000000
vt  0.494141 -0.407471 0.000000
vt  0.432373 -0.421631 0.000000
vt  0.420410 -0.405762 0.000000
vt  0.432373 -0.408447 0.000000
vt  0.420410 -0.421387 0.000000
vt  0.420410 -0.435791 0.000000
vt  0.432373 -0.435791 0.000000
vt  0.432373 -0.450195 0.000000
vt  0.420410 -0.450195 0.000000
vt  0.420410 -0.464844 0.000000
vt  0.432373 -0.464355 0.000000
vt  0.420410 -0.480469 0.000000
vt  0.432373 -0.478027 0.000000
vt  0.432373 -0.464355 0.000000
vt  0.420410 -0.464844 0.000000
vt  0.432373 -0.450195 0.000000
vt  0.420410 -0.450195 0.000000
vt  0.420410 -0.435791 0.000000
vt  0.432373 -0.435791 0.000000
vt  0.420410 -0.421387 0.000000
vt  0.432373 -0.421631 0.000000
vt  0.420410 -0.405762 0.000000
vt  0.432373 -0.408447 0.000000
vt  0.438721 -0.479736 0.000000
vt  0.450684 -0.463867 0.000000
vt  0.450684 -0.477295 0.000000
vt  0.438721 -0.464111 0.000000
vt  0.438721 -0.449707 0.000000
vt  0.450684 -0.449707 0.000000
vt  0.450684 -0.435303 0.000000
vt  0.438721 -0.435303 0.000000
vt  0.450684 -0.421143 0.000000
vt  0.438721 -0.420898 0.000000
vt  0.450684 -0.407471 0.000000
vt  0.438721 -0.405029 0.000000
vt  0.438721 -0.420898 0.000000
vt  0.450684 -0.421143 0.000000
vt  0.450684 -0.435303 0.000000
vt  0.438721 -0.435303 0.000000
vt  0.438721 -0.449707 0.000000
vt  0.450684 -0.449707 0.000000
vt  0.450684 -0.463867 0.000000
vt  0.438721 -0.464111 0.000000
vt  0.450684 -0.477295 0.000000
vt  0.438721 -0.479736 0.000000
vt  0.474609 -0.391846 0.000000
vt  0.444092 -0.391846 0.000000
vt  0.459229 -0.395752 0.000000
vt  0.429199 -0.377197 0.000000
vt  0.489502 -0.376953 0.000000
vt  0.425049 -0.361572 0.000000
vt  0.493652 -0.361572 0.000000
vt  0.489502 -0.346191 0.000000
vt  0.429199 -0.346191 0.000000
vt  0.474854 -0.331543 0.000000
vt  0.444092 -0.331543 0.000000
vt  0.459473 -0.327393 0.000000
vt  0.432129 -0.503418 0.000000
vt  0.419922 -0.487549 0.000000
vt  0.432129 -0.489990 0.000000
vt  0.419922 -0.502930 0.000000
vt  0.419922 -0.517578 0.000000
vt  0.432129 -0.517578 0.000000
vt  0.432129 -0.531738 0.000000
vt  0.419922 -0.531738 0.000000
vt  0.419922 -0.546387 0.000000
vt  0.432129 -0.545898 0.000000
vt  0.419922 -0.562012 0.000000
vt  0.432129 -0.559570 0.000000
vt  0.432129 -0.545898 0.000000
vt  0.419922 -0.546387 0.000000
vt  0.432129 -0.531738 0.000000
vt  0.419922 -0.531738 0.000000
vt  0.419922 -0.517578 0.000000
vt  0.432129 -0.517578 0.000000
vt  0.419922 -0.502930 0.000000
vt  0.432129 -0.503418 0.000000
vt  0.419922 -0.487549 0.000000
vt  0.432129 -0.489990 0.000000
vt  0.438232 -0.561035 0.000000
vt  0.450439 -0.545410 0.000000
vt  0.450439 -0.558594 0.000000
vt  0.438232 -0.545898 0.000000
vt  0.438232 -0.531250 0.000000
vt  0.450439 -0.531250 0.000000
vt  0.450439 -0.517090 0.000000
vt  0.438232 -0.517090 0.000000
vt  0.450439 -0.502930 0.000000
vt  0.438232 -0.502441 0.000000
vt  0.450439 -0.489258 0.000000
vt  0.438232 -0.486816 0.000000
vt  0.450439 -0.502930 0.000000
vt  0.438232 -0.502441 0.000000
vt  0.438232 -0.517090 0.000000
vt  0.450439 -0.517090 0.000000
vt  0.438232 -0.531250 0.000000
vt  0.450439 -0.531250 0.000000
vt  0.450439 -0.545410 0.000000
vt  0.438232 -0.545898 0.000000
vt  0.438232 -0.561035 0.000000
vt  0.450439 -0.558594 0.000000
vt  0.474609 -0.391846 0.000000
vt  0.444092 -0.391846 0.000000
vt  0.459229 -0.395752 0.000000
vt  0.489502 -0.376953 0.000000
vt  0.429199 -0.377197 0.000000
vt  0.425049 -0.361572 0.000000
vt  0.493652 -0.361572 0.000000
vt  0.489502 -0.346191 0.000000
vt  0.429199 -0.346191 0.000000
vt  0.474854 -0.331543 0.000000
vt  0.444092 -0.331543 0.000000
vt  0.459473 -0.327393 0.000000
vt  0.088379 -0.687988 0.000000
vt  0.090942 -0.688965 0.000000
vt  0.090942 -0.687500 0.000000
vt  0.090942 -0.702148 0.000000
vt  0.088379 -0.703125 0.000000
vt  0.090942 -0.703613 0.000000
vt  0.086060 -0.753418 0.000000
vt  0.088928 -0.747070 0.000000
vt  0.088928 -0.753418 0.000000
vt  0.086060 -0.747070 0.000000
vt  0.088928 -0.738281 0.000000
vt  0.086060 -0.738281 0.000000
vt  0.086060 -0.735840 0.000000
vt  0.088928 -0.735840 0.000000
vt  0.088928 -0.732910 0.000000
vt  0.086060 -0.732910 0.000000
vt  0.086060 -0.730957 0.000000
vt  0.088928 -0.730957 0.000000
vt  0.086060 -0.728027 0.000000
vt  0.088928 -0.728027 0.000000
vt  0.086060 -0.725586 0.000000
vt  0.088928 -0.725586 0.000000
vt  0.086060 -0.715332 0.000000
vt  0.088928 -0.715332 0.000000
vt  0.086060 -0.708984 0.000000
vt  0.088928 -0.708984 0.000000
vt  0.100830 -0.702148 0.000000
vt  0.109558 -0.702148 0.000000
vt  0.109558 -0.693359 0.000000
vt  0.097534 -0.693359 0.000000
vt  0.109558 -0.687988 0.000000
vt  0.095337 -0.687988 0.000000
vt  0.104431 -0.706543 0.000000
vt  0.108948 -0.705078 0.000000
vt  0.106934 -0.706543 0.000000
vt  0.102173 -0.705078 0.000000
vt  0.109558 -0.702148 0.000000
vt  0.100830 -0.702148 0.000000
vt  0.109558 -0.693359 0.000000
vt  0.097534 -0.693359 0.000000
vt  0.109558 -0.687988 0.000000
vt  0.095337 -0.687988 0.000000
vt  0.109558 -0.686523 0.000000
vt  0.095337 -0.686523 0.000000
vt  0.105286 -0.745605 0.000000
vt  0.096924 -0.745605 0.000000
vt  0.101074 -0.747070 0.000000
vt  0.094604 -0.743164 0.000000
vt  0.092957 -0.743164 0.000000
vt  0.107605 -0.743164 0.000000
vt  0.109253 -0.743164 0.000000
vt  0.107666 -0.729004 0.000000
vt  0.094543 -0.729004 0.000000
vt  0.099792 -0.720703 0.000000
vt  0.096985 -0.724609 0.000000
vt  0.099792 -0.725098 0.000000
vt  0.096985 -0.720215 0.000000
vt  0.099792 -0.716309 0.000000
vt  0.096985 -0.716309 0.000000
vt  0.096985 -0.711914 0.000000
vt  0.099792 -0.711914 0.000000
vt  0.096985 -0.707520 0.000000
vt  0.099792 -0.707031 0.000000
vt  0.095337 -0.687988 0.000000
vt  0.109558 -0.687988 0.000000
vt  0.097534 -0.693359 0.000000
vt  0.044617 -0.687012 0.000000
vt  0.050873 -0.682617 0.000000
vt  0.058685 -0.682617 0.000000
vt  0.058777 -0.738770 0.000000
vt  0.054871 -0.726563 0.000000
vt  0.051025 -0.738770 0.000000
vt  0.065063 -0.733887 0.000000
vt  0.044708 -0.733887 0.000000
vt  0.067444 -0.726563 0.000000
vt  0.042297 -0.726563 0.000000
vt  0.065063 -0.719238 0.000000
vt  0.044678 -0.719238 0.000000
vt  0.058716 -0.714355 0.000000
vt  0.050903 -0.714844 0.000000
vt  0.058685 -0.706543 0.000000
vt  0.054779 -0.694336 0.000000
vt  0.050873 -0.706543 0.000000
vt  0.065002 -0.701660 0.000000
vt  0.044617 -0.701660 0.000000
vt  0.067444 -0.694336 0.000000
vt  0.042328 -0.694336 0.000000
vt  0.065002 -0.687012 0.000000
vt  0.044617 -0.687012 0.000000
vt  0.050873 -0.682617 0.000000
vt  0.058685 -0.682617 0.000000
vt  0.058777 -0.738770 0.000000
vt  0.054871 -0.726563 0.000000
vt  0.051025 -0.738770 0.000000
vt  0.065063 -0.733887 0.000000
vt  0.044708 -0.733887 0.000000
vt  0.067444 -0.726563 0.000000
vt  0.042297 -0.726563 0.000000
vt  0.065063 -0.719238 0.000000
vt  0.044678 -0.719238 0.000000
vt  0.058716 -0.714355 0.000000
vt  0.050903 -0.714844 0.000000
vt  0.058685 -0.706543 0.000000
vt  0.054779 -0.694336 0.000000
vt  0.050873 -0.706543 0.000000
vt  0.065002 -0.701660 0.000000
vt  0.044617 -0.701660 0.000000
vt  0.067444 -0.694336 0.000000
vt  0.042328 -0.694336 0.000000
vt  0.065002 -0.687012 0.000000
vt  0.044617 -0.687012 0.000000
vt  0.050873 -0.682617 0.000000
vt  0.058685 -0.682617 0.000000
vt  0.544434 -0.712891 0.000000
vt  0.577637 -0.709473 0.000000
vt  0.544434 -0.709473 0.000000
vt  0.587891 -0.712891 0.000000
vt  0.511719 -0.709473 0.000000
vt  0.544434 -0.719727 0.000000
vt  0.501465 -0.712891 0.000000
vt  0.595215 -0.719727 0.000000
vt  0.544434 -0.729980 0.000000
vt  0.494141 -0.719727 0.000000
vt  0.599121 -0.729980 0.000000
vt  0.490479 -0.729980 0.000000
vt  0.599121 -0.782227 0.000000
vt  0.544434 -0.782227 0.000000
vt  0.490479 -0.782227 0.000000
vt  0.594727 -0.791016 0.000000
vt  0.544434 -0.791016 0.000000
vt  0.494629 -0.791016 0.000000
vt  0.585938 -0.794922 0.000000
vt  0.544434 -0.794922 0.000000
vt  0.503418 -0.794922 0.000000
vt  0.486572 -0.950684 0.000000
vt  0.489258 -0.949707 0.000000
vt  0.486572 -0.949707 0.000000
vt  0.483887 -0.949707 0.000000
vt  0.489014 -0.949219 0.000000
vt  0.490723 -0.947266 0.000000
vt  0.491211 -0.947754 0.000000
vt  0.489990 -0.941895 0.000000
vt  0.488037 -0.940918 0.000000
vt  0.484131 -0.949219 0.000000
vt  0.485840 -0.940430 0.000000
vt  0.491211 -0.944336 0.000000
vt  0.491699 -0.944336 0.000000
vt  0.488281 -0.939941 0.000000
vt  0.490479 -0.941406 0.000000
vt  0.485840 -0.939941 0.000000
vt  0.483398 -0.941895 0.000000
vt  0.482422 -0.947266 0.000000
vt  0.482910 -0.941406 0.000000
vt  0.481445 -0.944336 0.000000
vt  0.482178 -0.944336 0.000000
vt  0.481934 -0.947754 0.000000
vt  0.484131 -0.958496 0.000000
vt  0.486572 -0.958008 0.000000
vt  0.485352 -0.957031 0.000000
vt  0.486816 -0.956543 0.000000
vt  0.488525 -0.957031 0.000000
vt  0.485352 -0.959473 0.000000
vt  0.483887 -0.959961 0.000000
vt  0.487549 -0.961914 0.000000
vt  0.488281 -0.958496 0.000000
vt  0.489746 -0.958008 0.000000
vt  0.485840 -0.961426 0.000000
vt  0.484375 -0.961426 0.000000
vt  0.490234 -0.959961 0.000000
vt  0.488770 -0.960449 0.000000
vt  0.487061 -0.963379 0.000000
vt  0.488770 -0.962891 0.000000
vt  0.485596 -0.962891 0.000000
vt  0.489990 -0.961426 0.000000
vt  0.486572 -0.950684 0.000000
vt  0.489258 -0.949707 0.000000
vt  0.486572 -0.949707 0.000000
vt  0.483887 -0.949707 0.000000
vt  0.489014 -0.949219 0.000000
vt  0.490723 -0.947266 0.000000
vt  0.491211 -0.947754 0.000000
vt  0.489990 -0.941895 0.000000
vt  0.488037 -0.940918 0.000000
vt  0.484131 -0.949219 0.000000
vt  0.485840 -0.940430 0.000000
vt  0.491211 -0.944336 0.000000
vt  0.491699 -0.944336 0.000000
vt  0.488281 -0.939941 0.000000
vt  0.490479 -0.941406 0.000000
vt  0.485840 -0.939941 0.000000
vt  0.483398 -0.941895 0.000000
vt  0.482422 -0.947266 0.000000
vt  0.482910 -0.941406 0.000000
vt  0.481445 -0.944336 0.000000
vt  0.482178 -0.944336 0.000000
vt  0.481934 -0.947754 0.000000
vt  0.484131 -0.958496 0.000000
vt  0.486572 -0.958008 0.000000
vt  0.485352 -0.957031 0.000000
vt  0.486816 -0.956543 0.000000
vt  0.488525 -0.957031 0.000000
vt  0.485352 -0.959473 0.000000
vt  0.483887 -0.959961 0.000000
vt  0.487549 -0.961914 0.000000
vt  0.488281 -0.958496 0.000000
vt  0.489746 -0.958008 0.000000
vt  0.485840 -0.961426 0.000000
vt  0.484375 -0.961426 0.000000
vt  0.490234 -0.959961 0.000000
vt  0.488770 -0.960449 0.000000
vt  0.487061 -0.963379 0.000000
vt  0.488770 -0.962891 0.000000
vt  0.485596 -0.962891 0.000000
vt  0.489990 -0.961426 0.000000
vt  0.573730 -0.600098 0.000000
vt  0.580078 -0.603516 0.000000
vt  0.579590 -0.604004 0.000000
vt  0.573730 -0.599609 0.000000
vt  0.595703 -0.599609 0.000000
vt  0.582520 -0.604004 0.000000
vt  0.582520 -0.604492 0.000000
vt  0.585938 -0.604004 0.000000
vt  0.585449 -0.603516 0.000000
vt  0.595703 -0.600586 0.000000
vt  0.573730 -0.600098 0.000000
vt  0.580078 -0.603516 0.000000
vt  0.573730 -0.599609 0.000000
vt  0.579590 -0.604004 0.000000
vt  0.595703 -0.599609 0.000000
vt  0.582520 -0.604004 0.000000
vt  0.582520 -0.604492 0.000000
vt  0.585938 -0.604004 0.000000
vt  0.585449 -0.603516 0.000000
vt  0.595703 -0.600586 0.000000
vt  0.560059 -0.130127 0.000000
vt  0.549805 -0.132080 0.000000
vt  0.557617 -0.137695 0.000000
vt  0.567383 -0.137573 0.000000
vt  0.556152 -0.127319 0.000000
vt  0.546875 -0.122925 0.000000
vt  0.554688 -0.122864 0.000000
vt  0.556152 -0.118225 0.000000
vt  0.549805 -0.113708 0.000000
vt  0.564941 -0.130127 0.000000
vt  0.560059 -0.115356 0.000000
vt  0.564941 -0.115295 0.000000
vt  0.557617 -0.107910 0.000000
vt  0.575195 -0.131836 0.000000
vt  0.568848 -0.127197 0.000000
vt  0.568848 -0.118103 0.000000
vt  0.566895 -0.107788 0.000000
vt  0.578125 -0.122620 0.000000
vt  0.570313 -0.122681 0.000000
vt  0.574707 -0.113464 0.000000
vt  0.326904 -0.990723 0.000000
vt  0.327881 -0.992676 0.000000
vt  0.328369 -0.992676 0.000000
vt  0.328369 -0.995117 0.000000
vt  0.326660 -0.991211 0.000000
vt  0.327881 -0.994629 0.000000
vt  0.326660 -0.996582 0.000000
vt  0.324707 -0.990234 0.000000
vt  0.326904 -0.996582 0.000000
vt  0.324707 -0.990723 0.000000
vt  0.324707 -0.997070 0.000000
vt  0.324707 -0.997559 0.000000
vt  0.322998 -0.996582 0.000000
vt  0.322754 -0.991211 0.000000
vt  0.322510 -0.990723 0.000000
vt  0.322510 -0.997070 0.000000
vt  0.321777 -0.994629 0.000000
vt  0.321533 -0.992676 0.000000
vt  0.321289 -0.992676 0.000000
vt  0.321289 -0.995117 0.000000
vt  0.096130 -0.837402 0.000000
vt  0.097351 -0.829590 0.000000
vt  0.092407 -0.830078 0.000000
vt  0.093811 -0.822754 0.000000
vt  0.091675 -0.834961 0.000000
vt  0.090271 -0.826172 0.000000
vt  0.109558 -0.693359 0.000000
vt  0.100830 -0.702148 0.000000
vt  0.109558 -0.702148 0.000000
vt  0.088928 -0.747070 0.000000
vt  0.086060 -0.753418 0.000000
vt  0.088928 -0.753418 0.000000
vt  0.086060 -0.747070 0.000000
vt  0.088928 -0.738281 0.000000
vt  0.086060 -0.738281 0.000000
vt  0.086060 -0.735840 0.000000
vt  0.088928 -0.735840 0.000000
vt  0.088928 -0.732910 0.000000
vt  0.086060 -0.732910 0.000000
vt  0.086060 -0.730957 0.000000
vt  0.088928 -0.730957 0.000000
vt  0.086060 -0.728027 0.000000
vt  0.088928 -0.728027 0.000000
vt  0.086060 -0.725586 0.000000
vt  0.088928 -0.725586 0.000000
vt  0.086060 -0.715332 0.000000
vt  0.088928 -0.715332 0.000000
vt  0.086060 -0.708984 0.000000
vt  0.088928 -0.708984 0.000000
vt  0.108948 -0.705078 0.000000
vt  0.104431 -0.706543 0.000000
vt  0.106934 -0.706543 0.000000
vt  0.102173 -0.705078 0.000000
vt  0.109558 -0.702148 0.000000
vt  0.100830 -0.702148 0.000000
vt  0.109558 -0.693359 0.000000
vt  0.097534 -0.693359 0.000000
vt  0.109558 -0.687988 0.000000
vt  0.095337 -0.687988 0.000000
vt  0.109558 -0.686523 0.000000
vt  0.095337 -0.686523 0.000000
vt  0.088379 -0.687988 0.000000
vt  0.090942 -0.688965 0.000000
vt  0.090942 -0.687500 0.000000
vt  0.090942 -0.702148 0.000000
vt  0.088379 -0.703125 0.000000
vt  0.090942 -0.703613 0.000000
vt  0.086060 -0.753418 0.000000
vt  0.088928 -0.747070 0.000000
vt  0.088928 -0.753418 0.000000
vt  0.086060 -0.747070 0.000000
vt  0.088928 -0.738281 0.000000
vt  0.086060 -0.738281 0.000000
vt  0.086060 -0.735840 0.000000
vt  0.088928 -0.735840 0.000000
vt  0.088928 -0.732910 0.000000
vt  0.086060 -0.732910 0.000000
vt  0.086060 -0.730957 0.000000
vt  0.088928 -0.730957 0.000000
vt  0.086060 -0.728027 0.000000
vt  0.088928 -0.728027 0.000000
vt  0.086060 -0.725586 0.000000
vt  0.088928 -0.725586 0.000000
vt  0.086060 -0.715332 0.000000
vt  0.088928 -0.715332 0.000000
vt  0.086060 -0.708984 0.000000
vt  0.088928 -0.708984 0.000000
vt  0.109558 -0.693359 0.000000
vt  0.100830 -0.702148 0.000000
vt  0.109558 -0.702148 0.000000
vt  0.097534 -0.693359 0.000000
vt  0.109558 -0.687988 0.000000
vt  0.095337 -0.687988 0.000000
vt  0.104431 -0.706543 0.000000
vt  0.108948 -0.705078 0.000000
vt  0.106934 -0.706543 0.000000
vt  0.102173 -0.705078 0.000000
vt  0.109558 -0.702148 0.000000
vt  0.100830 -0.702148 0.000000
vt  0.109558 -0.693359 0.000000
vt  0.097534 -0.693359 0.000000
vt  0.109558 -0.687988 0.000000
vt  0.095337 -0.687988 0.000000
vt  0.109558 -0.686523 0.000000
vt  0.095337 -0.686523 0.000000
vt  0.105286 -0.745605 0.000000
vt  0.096924 -0.745605 0.000000
vt  0.101074 -0.747070 0.000000
vt  0.094604 -0.743164 0.000000
vt  0.092957 -0.743164 0.000000
vt  0.107605 -0.743164 0.000000
vt  0.109253 -0.743164 0.000000
vt  0.107666 -0.729004 0.000000
vt  0.094543 -0.729004 0.000000
vt  0.099792 -0.720703 0.000000
vt  0.096985 -0.724609 0.000000
vt  0.099792 -0.725098 0.000000
vt  0.096985 -0.720215 0.000000
vt  0.099792 -0.716309 0.000000
vt  0.096985 -0.716309 0.000000
vt  0.096985 -0.711914 0.000000
vt  0.099792 -0.711914 0.000000
vt  0.096985 -0.707520 0.000000
vt  0.099792 -0.707031 0.000000
vt  0.095337 -0.687988 0.000000
vt  0.109558 -0.687988 0.000000
vt  0.097534 -0.693359 0.000000
vt  0.109558 -0.693359 0.000000
vt  0.100830 -0.702148 0.000000
vt  0.109558 -0.702148 0.000000
vt  0.088928 -0.753418 0.000000
vt  0.088928 -0.747070 0.000000
vt  0.086060 -0.753418 0.000000
vt  0.086060 -0.747070 0.000000
vt  0.088928 -0.738281 0.000000
vt  0.086060 -0.738281 0.000000
vt  0.086060 -0.735840 0.000000
vt  0.088928 -0.735840 0.000000
vt  0.088928 -0.732910 0.000000
vt  0.086060 -0.732910 0.000000
vt  0.086060 -0.730957 0.000000
vt  0.088928 -0.730957 0.000000
vt  0.086060 -0.728027 0.000000
vt  0.088928 -0.728027 0.000000
vt  0.086060 -0.725586 0.000000
vt  0.088928 -0.725586 0.000000
vt  0.086060 -0.715332 0.000000
vt  0.088928 -0.715332 0.000000
vt  0.086060 -0.708984 0.000000
vt  0.088928 -0.708984 0.000000
vt  0.108948 -0.705078 0.000000
vt  0.104431 -0.706543 0.000000
vt  0.106934 -0.706543 0.000000
vt  0.102173 -0.705078 0.000000
vt  0.109558 -0.702148 0.000000
vt  0.100830 -0.702148 0.000000
vt  0.109558 -0.693359 0.000000
vt  0.097534 -0.693359 0.000000
vt  0.109558 -0.687988 0.000000
vt  0.095337 -0.687988 0.000000
vt  0.109558 -0.686523 0.000000
vt  0.095337 -0.686523 0.000000
vt  0.088379 -0.687988 0.000000
vt  0.090942 -0.688965 0.000000
vt  0.090942 -0.687500 0.000000
vt  0.090942 -0.702148 0.000000
vt  0.088379 -0.703125 0.000000
vt  0.090942 -0.703613 0.000000
vt  0.086060 -0.753418 0.000000
vt  0.088928 -0.747070 0.000000
vt  0.088928 -0.753418 0.000000
vt  0.086060 -0.747070 0.000000
vt  0.088928 -0.738281 0.000000
vt  0.086060 -0.738281 0.000000
vt  0.086060 -0.735840 0.000000
vt  0.088928 -0.735840 0.000000
vt  0.088928 -0.732910 0.000000
vt  0.086060 -0.732910 0.000000
vt  0.086060 -0.730957 0.000000
vt  0.088928 -0.730957 0.000000
vt  0.086060 -0.728027 0.000000
vt  0.088928 -0.728027 0.000000
vt  0.086060 -0.725586 0.000000
vt  0.088928 -0.725586 0.000000
vt  0.086060 -0.715332 0.000000
vt  0.088928 -0.715332 0.000000
vt  0.086060 -0.708984 0.000000
vt  0.088928 -0.708984 0.000000
vt  0.109558 -0.693359 0.000000
vt  0.100830 -0.702148 0.000000
vt  0.109558 -0.702148 0.000000
vt  0.097534 -0.693359 0.000000
vt  0.109558 -0.687988 0.000000
vt  0.095337 -0.687988 0.000000
vt  0.104431 -0.706543 0.000000
vt  0.108948 -0.705078 0.000000
vt  0.106934 -0.706543 0.000000
vt  0.102173 -0.705078 0.000000
vt  0.109558 -0.702148 0.000000
vt  0.100830 -0.702148 0.000000
vt  0.109558 -0.693359 0.000000
vt  0.097534 -0.693359 0.000000
vt  0.109558 -0.687988 0.000000
vt  0.095337 -0.687988 0.000000
vt  0.109558 -0.686523 0.000000
vt  0.095337 -0.686523 0.000000
vt  0.105286 -0.745605 0.000000
vt  0.096924 -0.745605 0.000000
vt  0.101074 -0.747070 0.000000
vt  0.094604 -0.743164 0.000000
vt  0.092957 -0.743164 0.000000
vt  0.107605 -0.743164 0.000000
vt  0.109253 -0.743164 0.000000
vt  0.107666 -0.729004 0.000000
vt  0.094543 -0.729004 0.000000
vt  0.099792 -0.720703 0.000000
vt  0.096985 -0.724609 0.000000
vt  0.099792 -0.725098 0.000000
vt  0.096985 -0.720215 0.000000
vt  0.099792 -0.716309 0.000000
vt  0.096985 -0.716309 0.000000
vt  0.096985 -0.711914 0.000000
vt  0.099792 -0.711914 0.000000
vt  0.096985 -0.707520 0.000000
vt  0.099792 -0.707031 0.000000
vt  0.095337 -0.687988 0.000000
vt  0.109558 -0.687988 0.000000
vt  0.097534 -0.693359 0.000000
vt  0.109558 -0.693359 0.000000
vt  0.100830 -0.702148 0.000000
vt  0.109558 -0.702148 0.000000
vt  0.088928 -0.753418 0.000000
vt  0.088928 -0.747070 0.000000
vt  0.086060 -0.753418 0.000000
vt  0.086060 -0.747070 0.000000
vt  0.088928 -0.738281 0.000000
vt  0.086060 -0.738281 0.000000
vt  0.086060 -0.735840 0.000000
vt  0.088928 -0.735840 0.000000
vt  0.088928 -0.732910 0.000000
vt  0.086060 -0.732910 0.000000
vt  0.086060 -0.730957 0.000000
vt  0.088928 -0.730957 0.000000
vt  0.086060 -0.728027 0.000000
vt  0.088928 -0.728027 0.000000
vt  0.086060 -0.725586 0.000000
vt  0.088928 -0.725586 0.000000
vt  0.086060 -0.715332 0.000000
vt  0.088928 -0.715332 0.000000
vt  0.086060 -0.708984 0.000000
vt  0.088928 -0.708984 0.000000
vt  0.108948 -0.705078 0.000000
vt  0.104431 -0.706543 0.000000
vt  0.106934 -0.706543 0.000000
vt  0.102173 -0.705078 0.000000
vt  0.109558 -0.702148 0.000000
vt  0.100830 -0.702148 0.000000
vt  0.109558 -0.693359 0.000000
vt  0.097534 -0.693359 0.000000
vt  0.109558 -0.687988 0.000000
vt  0.095337 -0.687988 0.000000
vt  0.109558 -0.686523 0.000000
vt  0.095337 -0.686523 0.000000
vt  0.088379 -0.687988 0.000000
vt  0.090942 -0.688965 0.000000
vt  0.090942 -0.687500 0.000000
vt  0.090942 -0.702148 0.000000
vt  0.088379 -0.703125 0.000000
vt  0.090942 -0.703613 0.000000
vt  0.086060 -0.753418 0.000000
vt  0.088928 -0.747070 0.000000
vt  0.088928 -0.753418 0.000000
vt  0.086060 -0.747070 0.000000
vt  0.088928 -0.738281 0.000000
vt  0.086060 -0.738281 0.000000
vt  0.086060 -0.735840 0.000000
vt  0.088928 -0.735840 0.000000
vt  0.088928 -0.732910 0.000000
vt  0.086060 -0.732910 0.000000
vt  0.086060 -0.730957 0.000000
vt  0.088928 -0.730957 0.000000
vt  0.086060 -0.728027 0.000000
vt  0.088928 -0.728027 0.000000
vt  0.086060 -0.725586 0.000000
vt  0.088928 -0.725586 0.000000
vt  0.086060 -0.715332 0.000000
vt  0.088928 -0.715332 0.000000
vt  0.086060 -0.708984 0.000000
vt  0.088928 -0.708984 0.000000
vt  0.100830 -0.702148 0.000000
vt  0.109558 -0.702148 0.000000
vt  0.109558 -0.693359 0.000000
vt  0.097534 -0.693359 0.000000
vt  0.109558 -0.687988 0.000000
vt  0.095337 -0.687988 0.000000
vt  0.104431 -0.706543 0.000000
vt  0.108948 -0.705078 0.000000
vt  0.106934 -0.706543 0.000000
vt  0.102173 -0.705078 0.000000
vt  0.109558 -0.702148 0.000000
vt  0.100830 -0.702148 0.000000
vt  0.109558 -0.693359 0.000000
vt  0.097534 -0.693359 0.000000
vt  0.109558 -0.687988 0.000000
vt  0.095337 -0.687988 0.000000
vt  0.109558 -0.686523 0.000000
vt  0.095337 -0.686523 0.000000
vt  0.105286 -0.745605 0.000000
vt  0.096924 -0.745605 0.000000
vt  0.101074 -0.747070 0.000000
vt  0.094604 -0.743164 0.000000
vt  0.092957 -0.743164 0.000000
vt  0.107605 -0.743164 0.000000
vt  0.109253 -0.743164 0.000000
vt  0.107666 -0.729004 0.000000
vt  0.094543 -0.729004 0.000000
vt  0.099792 -0.720703 0.000000
vt  0.096985 -0.724609 0.000000
vt  0.099792 -0.725098 0.000000
vt  0.096985 -0.720215 0.000000
vt  0.099792 -0.716309 0.000000
vt  0.096985 -0.716309 0.000000
vt  0.096985 -0.711914 0.000000
vt  0.099792 -0.711914 0.000000
vt  0.096985 -0.707520 0.000000
vt  0.099792 -0.707031 0.000000
vt  0.095337 -0.687988 0.000000
vt  0.109558 -0.687988 0.000000
vt  0.097534 -0.693359 0.000000
vt  0.109558 -0.693359 0.000000
vt  0.100830 -0.702148 0.000000
vt  0.109558 -0.702148 0.000000
vt  0.088928 -0.747070 0.000000
vt  0.086060 -0.753418 0.000000
vt  0.088928 -0.753418 0.000000
vt  0.086060 -0.747070 0.000000
vt  0.086853 -0.818848 0.000000
vt  0.086060 -0.823730 0.000000
vt  0.088318 -0.838379 0.000000
vt  0.081421 -0.824707 0.000000
vt  0.090637 -0.842773 0.000000
vt  0.079163 -0.820313 0.000000
vt  0.083679 -0.839355 0.000000
vt  0.078125 -0.828125 0.000000
vt  0.073608 -0.825684 0.000000
vt  0.082947 -0.844238 0.000000
vt  0.075989 -0.840332 0.000000
vt  0.079529 -0.836914 0.000000
vt  0.077393 -0.833008 0.000000
vt  0.072388 -0.833496 0.000000
vt  0.096130 -0.837402 0.000000
vt  0.097351 -0.829590 0.000000
vt  0.092407 -0.830078 0.000000
vt  0.093811 -0.822754 0.000000
vt  0.091675 -0.834961 0.000000
vt  0.090271 -0.826172 0.000000
vt  0.086853 -0.818848 0.000000
vt  0.086060 -0.823730 0.000000
vt  0.088318 -0.838379 0.000000
vt  0.081421 -0.824707 0.000000
vt  0.090637 -0.842773 0.000000
vt  0.079163 -0.820313 0.000000
vt  0.083679 -0.839355 0.000000
vt  0.078125 -0.828125 0.000000
vt  0.073608 -0.825684 0.000000
vt  0.082947 -0.844238 0.000000
vt  0.075989 -0.840332 0.000000
vt  0.079529 -0.836914 0.000000
vt  0.077393 -0.833008 0.000000
vt  0.072388 -0.833496 0.000000
vt  0.096130 -0.837402 0.000000
vt  0.097351 -0.829590 0.000000
vt  0.092407 -0.830078 0.000000
vt  0.093811 -0.822754 0.000000
vt  0.091675 -0.834961 0.000000
vt  0.090271 -0.826172 0.000000
vt  0.086853 -0.818848 0.000000
vt  0.086060 -0.823730 0.000000
vt  0.088318 -0.838379 0.000000
vt  0.081421 -0.824707 0.000000
vt  0.090637 -0.842773 0.000000
vt  0.079163 -0.820313 0.000000
vt  0.083679 -0.839355 0.000000
vt  0.078125 -0.828125 0.000000
vt  0.073608 -0.825684 0.000000
vt  0.082947 -0.844238 0.000000
vt  0.075989 -0.840332 0.000000
vt  0.079529 -0.836914 0.000000
vt  0.077393 -0.833008 0.000000
vt  0.072388 -0.833496 0.000000
vt  0.487793 -0.536133 0.000000
vt  0.472900 -0.513672 0.000000
vt  0.472900 -0.528809 0.000000
vt  0.472900 -0.543945 0.000000
vt  0.487793 -0.506348 0.000000
vt  0.487793 -0.559082 0.000000
vt  0.472900 -0.498779 0.000000
vt  0.472900 -0.559082 0.000000
vt  0.487793 -0.483398 0.000000
vt  0.472900 -0.483398 0.000000
vt  0.472900 -0.543945 0.000000
vt  0.487793 -0.536133 0.000000
vt  0.472900 -0.468018 0.000000
vt  0.487793 -0.460449 0.000000
vt  0.472900 -0.528809 0.000000
vt  0.472900 -0.452881 0.000000
vt  0.472900 -0.513672 0.000000
vt  0.487793 -0.506348 0.000000
vt  0.472900 -0.437500 0.000000
vt  0.487793 -0.430176 0.000000
vt  0.472900 -0.498779 0.000000
vt  0.487793 -0.483398 0.000000
vt  0.472900 -0.422363 0.000000
vt  0.487793 -0.407227 0.000000
vt  0.472900 -0.483398 0.000000
vt  0.472900 -0.407227 0.000000
vt  0.472900 -0.468018 0.000000
vt  0.487793 -0.460449 0.000000
vt  0.472900 -0.422363 0.000000
vt  0.487793 -0.430176 0.000000
vt  0.472900 -0.437500 0.000000
vt  0.472900 -0.452881 0.000000
vt  0.092407 -0.830078 0.000000
vt  0.096130 -0.837402 0.000000
vt  0.097351 -0.829590 0.000000
vt  0.093811 -0.822754 0.000000
vt  0.091675 -0.834961 0.000000
vt  0.090271 -0.826172 0.000000
vt  0.090637 -0.842773 0.000000
vt  0.086853 -0.818848 0.000000
vt  0.086060 -0.823730 0.000000
vt  0.088318 -0.838379 0.000000
vt  0.081421 -0.824707 0.000000
vt  0.079163 -0.820313 0.000000
vt  0.082947 -0.844238 0.000000
vt  0.083679 -0.839355 0.000000
vt  0.078125 -0.828125 0.000000
vt  0.079529 -0.836914 0.000000
vt  0.073608 -0.825684 0.000000
vt  0.077393 -0.833008 0.000000
vt  0.075989 -0.840332 0.000000
vt  0.072388 -0.833496 0.000000
vt  0.137329 -0.723145 0.000000
vt  0.128174 -0.726074 0.000000
vt  0.131592 -0.731445 0.000000
vt  0.122192 -0.734375 0.000000
vt  0.131714 -0.721680 0.000000
vt  0.137329 -0.713379 0.000000
vt  0.122498 -0.728027 0.000000
vt  0.122437 -0.718262 0.000000
vt  0.131714 -0.715332 0.000000
vt  0.116760 -0.726563 0.000000
vt  0.128174 -0.710449 0.000000
vt  0.112793 -0.731445 0.000000
vt  0.113159 -0.721680 0.000000
vt  0.131470 -0.705566 0.000000
vt  0.122131 -0.702637 0.000000
vt  0.122498 -0.708496 0.000000
vt  0.113159 -0.715332 0.000000
vt  0.116699 -0.710449 0.000000
vt  0.106995 -0.723145 0.000000
vt  0.106995 -0.713379 0.000000
vt  0.112732 -0.705566 0.000000

vn  0.000000 0.988644 0.150274
vn  0.000000 1.000000 0.000000
vn  0.000000 1.000000 0.000000
vn  0.000000 0.988644 0.150274
vn  0.000000 -0.023615 0.999721
vn  0.000000 -0.023615 0.999721
vn  -0.007859 -0.919523 0.392958
vn  0.000000 -0.919551 0.392971
vn  -0.007859 -0.919523 0.392958
vn  0.000000 -0.919551 0.392971
vn  -0.007859 -0.919523 0.392958
vn  -0.655510 -0.694529 0.296540
vn  -0.007859 -0.919523 0.392958
vn  -0.765158 -0.593388 0.249848
vn  -0.999482 -0.031234 0.007808
vn  -0.999878 -0.015623 0.000000
vn  -1.000000 0.000000 0.000000
vn  -1.000000 0.000000 0.000000
vn  -1.000000 0.000000 0.000000
vn  -1.000000 0.000000 0.000000
vn  -1.000000 0.000000 0.000000
vn  0.000000 -0.039340 0.999226
vn  0.000000 -0.031480 0.999504
vn  0.000000 -0.039340 0.999226
vn  0.000000 -0.031480 0.999504
vn  0.000000 -0.031480 0.999504
vn  0.000000 -0.031480 0.999504
vn  0.000000 -0.086291 0.996270
vn  0.000000 -0.086291 0.996270
vn  0.000000 -0.055035 0.998484
vn  0.000000 -0.055035 0.998484
vn  0.000000 -0.023615 0.999721
vn  0.000000 -0.023615 0.999721
vn  0.651025 -0.698088 0.298060
vn  0.000000 -0.919551 0.392971
vn  0.000000 -0.919551 0.392971
vn  0.761892 -0.596947 0.251346
vn  0.999473 -0.031479 0.007870
vn  0.999876 -0.015746 0.000000
vn  1.000000 0.000000 0.000000
vn  1.000000 0.000000 0.000000
vn  1.000000 0.000000 0.000000
vn  1.000000 0.000000 0.000000
vn  1.000000 0.000000 0.000000
vn  0.000000 -0.982339 0.187112
vn  0.015623 -0.999878 0.000000
vn  0.000000 -1.000000 0.000000
vn  0.015694 -0.988699 0.149090
vn  0.493605 -0.869686 0.000000
vn  0.478877 -0.847848 0.227663
vn  0.840853 -0.487223 0.235753
vn  0.864348 -0.502894 0.000000
vn  0.999721 -0.023615 0.000000
vn  0.965189 -0.015823 0.261076
vn  0.999876 0.015746 0.000000
vn  0.967754 0.007868 0.251773
vn  0.867757 0.496988 0.000000
vn  0.845619 0.482082 0.229186
vn  0.496988 0.867757 0.000000
vn  0.481196 0.844065 0.236654
vn  0.015746 0.999876 0.000000
vn  0.015816 0.988521 0.150255
vn  0.000000 1.000000 0.000000
vn  0.000000 0.982062 0.188556
vn  -0.023537 -0.988547 0.149067
vn  0.000000 -0.982339 0.187112
vn  0.000000 -1.000000 0.000000
vn  -0.023431 -0.999725 0.000000
vn  -0.484893 -0.844653 0.226805
vn  -0.499497 -0.866316 0.000000
vn  -0.843133 -0.484021 0.234204
vn  -0.866316 -0.499497 0.000000
vn  -0.965724 -0.015703 0.259097
vn  -0.999725 -0.023431 0.000000
vn  -0.999878 0.015623 0.000000
vn  -0.968248 0.007808 0.249870
vn  -0.869686 0.493605 0.000000
vn  -0.847848 0.478877 0.227663
vn  -0.502894 0.864348 0.000000
vn  -0.487223 0.840853 0.235753
vn  -0.023721 0.988366 0.150232
vn  -0.023615 0.999721 0.000000
vn  0.000000 0.982062 0.188556
vn  0.000000 1.000000 0.000000
vn  0.000000 -1.000000 0.000000
vn  0.000000 -1.000000 0.000000
vn  0.000000 -1.000000 0.000000
vn  0.000000 -1.000000 0.000000
vn  0.000000 0.039340 0.999226
vn  0.000000 0.039340 0.999226
vn  0.000000 0.039340 0.999226
vn  0.000000 0.039340 0.999226
vn  0.000000 -1.000000 0.000000
vn  0.000000 -1.000000 0.000000
vn  0.000000 -1.000000 0.000000
vn  0.000000 -1.000000 0.000000
vn  0.000000 -1.000000 0.000000
vn  0.000000 -1.000000 0.000000
vn  -1.000000 0.000000 0.000000
vn  -1.000000 0.000000 0.000000
vn  -1.000000 0.000000 0.000000
vn  -1.000000 0.000000 0.000000
vn  0.000000 0.000000 1.000000
vn  0.000000 0.000000 1.000000
vn  0.000000 0.000000 1.000000
vn  0.000000 0.000000 1.000000
vn  0.000000 0.000000 1.000000
vn  0.000000 0.000000 1.000000
vn  1.000000 0.000000 0.000000
vn  1.000000 0.000000 0.000000
vn  1.000000 0.000000 0.000000
vn  1.000000 0.000000 0.000000
vn  -0.996147 -0.086280 0.015687
vn  -0.993857 -0.109559 0.015651
vn  -0.979046 -0.203641 0.000000
vn  -0.994680 -0.101818 0.015664
vn  -0.991885 -0.124962 0.023430
vn  -0.968248 -0.249870 0.007808
vn  -0.944678 -0.327905 -0.007807
vn  -0.944678 -0.327905 -0.007807
vn  0.000000 0.283017 0.959115
vn  0.000000 0.283017 0.959115
vn  0.000000 0.165678 0.986180
vn  0.000000 0.165678 0.986180
vn  0.000000 -0.007874 0.999969
vn  0.000000 -0.007874 0.999969
vn  0.000000 -0.188556 0.982062
vn  0.000000 -0.188556 0.982062
vn  0.000000 -0.913812 0.406138
vn  0.000000 -0.913812 0.406138
vn  0.000000 -1.000000 0.000000
vn  0.000000 -1.000000 0.000000
vn  0.000000 0.000000 -1.000000
vn  0.000000 0.000000 -1.000000
vn  0.000000 0.000000 -1.000000
vn  0.000000 0.000000 -1.000000
vn  0.993760 -0.110418 0.015774
vn  0.996086 -0.086960 0.015811
vn  0.978717 -0.205215 0.000000
vn  0.994596 -0.102617 0.015787
vn  0.991757 -0.125937 0.023613
vn  0.967754 -0.251773 0.007868
vn  0.943829 -0.330340 -0.007865
vn  0.943829 -0.330340 -0.007865
vn  0.000000 0.000000 -1.000000
vn  0.000000 0.000000 -1.000000
vn  0.000000 0.000000 -1.000000
vn  0.000000 0.000000 -1.000000
vn  0.000000 0.000000 -1.000000
vn  0.000000 0.000000 -1.000000
vn  0.000000 0.000000 -1.000000
vn  0.000000 0.000000 -1.000000
vn  0.000000 0.000000 -1.000000
vn  0.000000 0.000000 -1.000000
vn  0.000000 0.000000 -1.000000
vn  0.000000 0.000000 -1.000000
vn  0.000000 0.000000 -1.000000
vn  0.000000 0.000000 -1.000000
vn  0.000000 0.000000 -1.000000
vn  0.000000 0.000000 -1.000000
vn  0.000000 0.000000 -1.000000
vn  0.000000 0.000000 -1.000000
vn  -0.299176 0.944765 -0.133842
vn  -0.142050 0.804948 -0.576090
vn  -0.156748 0.799416 -0.579969
vn  -0.259288 0.958582 -0.117858
vn  -0.055033 0.794046 -0.605362
vn  -0.307201 0.945234 0.110277
vn  -0.346672 0.921832 0.173336
vn  -0.150086 0.979511 0.134288
vn  -0.118515 0.987625 -0.102713
vn  -0.188690 0.479587 0.856967
vn  -0.284997 0.364163 0.886658
vn  -0.291837 0.347049 0.891285
vn  -0.047232 0.991880 0.118081
vn  -0.126235 0.631175 0.765299
vn  -0.007873 0.992003 -0.125969
vn  0.078730 0.724320 -0.684954
vn  -0.063080 0.993513 0.094620
vn  -0.306925 0.684679 0.661069
vn  0.015745 0.991911 -0.125957
vn  -0.086700 0.993112 0.078818
vn  0.267783 0.677333 -0.685209
vn  0.055178 0.993204 -0.102473
vn  -0.459335 0.681083 0.570209
vn  -0.102473 0.993204 0.055178
vn  -0.621893 0.676997 0.393603
vn  0.425447 0.685443 -0.590899
vn  0.086751 0.993698 -0.070978
vn  0.102617 0.994596 -0.015787
vn  -0.125910 0.991542 0.031478
vn  -0.730925 0.660190 0.172907
vn  0.593912 0.704775 -0.388022
vn  0.687151 0.710846 -0.150068
vn  0.110418 0.993760 0.015774
vn  0.706016 0.706016 0.055529
vn  -0.125973 0.992034 0.000000
vn  0.102426 0.992742 0.063031
vn  -0.744669 0.666283 -0.039193
vn  0.657633 0.697250 0.285239
vn  -0.118180 0.992711 -0.023636
vn  -0.692999 0.669374 -0.267750
vn  -0.094703 0.994379 -0.047351
vn  0.079181 0.989760 0.118771
vn  -0.548872 0.674328 -0.493985
vn  0.506979 0.697097 0.506979
vn  0.031621 0.988150 0.150199
vn  -0.071067 0.994937 -0.071067
vn  0.261715 0.705838 0.658253
vn  -0.321078 0.657818 -0.681311
vn  -0.047351 0.994379 -0.094703
vn  -0.015816 0.988521 0.150255
vn  0.031586 0.710691 0.702795
vn  -0.086355 0.651587 -0.753643
vn  -0.031411 0.989461 0.141352
vn  0.007894 0.994689 -0.102627
vn  -0.126757 0.720929 0.681318
vn  0.125607 0.635886 -0.761493
vn  0.102426 0.992742 -0.063031
vn  -0.015816 0.988521 0.150255
vn  0.426162 0.615568 -0.662919
vn  -0.301312 0.745351 0.594695
vn  -0.023657 0.993606 0.110401
vn  0.165596 0.985689 -0.031542
vn  0.670623 0.583837 -0.457602
vn  0.180957 0.983460 -0.007868
vn  -0.479928 0.763165 0.432722
vn  -0.054926 0.996515 0.062773
vn  0.791361 0.569780 -0.221581
vn  -0.062866 0.997991 0.007858
vn  0.180912 0.983216 0.023597
vn  -0.589074 0.777577 0.219921
vn  0.830773 0.553849 0.055385
vn  0.165493 0.985077 0.047284
vn  0.746596 0.555976 0.365356
vn  -0.054926 0.996515 -0.062773
vn  -0.614860 0.788282 -0.023648
vn  0.528477 0.567916 0.631018
vn  -0.007873 0.992003 -0.125969
vn  0.142169 0.987287 0.071085
vn  0.055221 0.993977 0.094664
vn  -0.347287 0.757716 -0.552501
vn  -0.535168 0.787011 -0.306934
vn  0.181706 0.616221 0.766326
vn  0.000000 0.987441 -0.157990
vn  -0.117641 0.721530 -0.682316
vn  -0.126566 0.656563 0.743577
vn  0.000000 0.992034 -0.125973
vn  -0.039374 0.992218 0.118121
vn  0.093859 0.696120 -0.711763
vn  -0.371626 0.672089 0.640461
vn  -0.078818 0.993112 0.086700
vn  0.039336 0.991266 -0.125875
vn  0.000000 -0.054606 -0.998508
vn  0.000000 -0.508729 -0.860926
vn  0.000000 -0.062378 -0.998053
vn  0.000000 -0.508729 -0.860926
vn  0.000000 -0.932738 -0.360554
vn  0.000000 -0.932738 -0.360554
vn  0.000000 -0.941386 0.337330
vn  0.000000 -0.941386 0.337330
vn  0.000000 -0.615032 0.788502
vn  0.000000 -0.615032 0.788502
vn  0.000000 -0.370033 0.929019
vn  0.000000 -0.370033 0.929019
vn  0.000000 -0.360554 0.932738
vn  0.000000 -0.363208 0.931708
vn  0.000000 -0.370033 0.929019
vn  0.000000 -0.370033 0.929019
vn  1.000000 0.000000 0.000000
vn  1.000000 0.000000 0.000000
vn  1.000000 0.000000 0.000000
vn  1.000000 0.000000 0.000000
vn  0.995495 -0.094809 0.000000
vn  0.995495 -0.094809 0.000000
vn  0.998022 -0.062868 0.000000
vn  0.998484 -0.055035 0.000000
vn  0.989522 0.102094 -0.102094
vn  0.989016 0.142418 0.039561
vn  0.756563 0.425566 -0.496494
vn  0.869083 0.442442 0.221221
vn  0.000000 -0.952515 0.304492
vn  0.000000 -0.950229 -0.311551
vn  0.000000 -0.952515 0.304492
vn  0.000000 -0.950229 -0.311551
vn  0.000000 -0.584921 -0.811090
vn  0.000000 -0.584921 -0.811090
vn  0.000000 0.000000 -1.000000
vn  0.000000 0.000000 -1.000000
vn  0.000000 0.579755 -0.814791
vn  0.000000 0.579755 -0.814791
vn  0.000000 0.949465 -0.313873
vn  0.000000 0.949465 -0.313873
vn  0.000000 0.951783 0.306773
vn  0.000000 0.951783 0.306773
vn  0.000000 0.583474 0.812132
vn  0.000000 0.583474 0.812132
vn  0.000000 0.000000 1.000000
vn  0.000000 0.000000 1.000000
vn  0.000000 -0.588638 0.808397
vn  0.000000 -0.588638 0.808397
vn  0.000000 -0.952515 0.304492
vn  0.000000 -0.952515 0.304492
vn  0.000000 -0.952515 0.304492
vn  0.000000 -0.950229 -0.311551
vn  0.000000 -0.950229 -0.311551
vn  0.000000 -0.952515 0.304492
vn  0.000000 -0.588638 0.808397
vn  0.000000 -0.588638 0.808397
vn  0.000000 0.000000 1.000000
vn  0.000000 0.000000 1.000000
vn  0.000000 0.583474 0.812132
vn  0.000000 0.583474 0.812132
vn  0.000000 0.951783 0.306773
vn  0.000000 0.951783 0.306773
vn  0.000000 0.949465 -0.313873
vn  0.000000 0.949465 -0.313873
vn  0.000000 0.579755 -0.814791
vn  0.000000 0.579755 -0.814791
vn  0.000000 0.000000 -1.000000
vn  0.000000 0.000000 -1.000000
vn  0.000000 -0.584921 -0.811090
vn  0.000000 -0.584921 -0.811090
vn  0.000000 -0.950229 -0.311551
vn  0.000000 -0.950229 -0.311551
vn  0.000000 -0.952515 0.304492
vn  0.000000 -0.950229 -0.311551
vn  0.000000 -0.952515 0.304492
vn  0.000000 -0.950229 -0.311551
vn  0.000000 -0.584921 -0.811090
vn  0.000000 -0.584921 -0.811090
vn  0.000000 0.000000 -1.000000
vn  0.000000 0.000000 -1.000000
vn  0.000000 0.579755 -0.814791
vn  0.000000 0.579755 -0.814791
vn  0.000000 0.949465 -0.313873
vn  0.000000 0.949465 -0.313873
vn  0.000000 0.951783 0.306773
vn  0.000000 0.951783 0.306773
vn  0.000000 0.583474 0.812132
vn  0.000000 0.583474 0.812132
vn  0.000000 0.000000 1.000000
vn  0.000000 0.000000 1.000000
vn  0.000000 -0.588638 0.808397
vn  0.000000 -0.588638 0.808397
vn  0.000000 -0.952515 0.304492
vn  0.000000 -0.952515 0.304492
vn  0.000000 -0.952515 0.304492
vn  0.000000 -0.950229 -0.311551
vn  0.000000 -0.950229 -0.311551
vn  0.000000 -0.952515 0.304492
vn  0.000000 -0.588638 0.808397
vn  0.000000 -0.588638 0.808397
vn  0.000000 0.000000 1.000000
vn  0.000000 0.000000 1.000000
vn  0.000000 0.583474 0.812132
vn  0.000000 0.583474 0.812132
vn  0.000000 0.951783 0.306773
vn  0.000000 0.951783 0.306773
vn  0.000000 0.949465 -0.313873
vn  0.000000 0.949465 -0.313873
vn  0.000000 0.579755 -0.814791
vn  0.000000 0.579755 -0.814791
vn  0.000000 0.000000 -1.000000
vn  0.000000 0.000000 -1.000000
vn  0.000000 -0.584921 -0.811090
vn  0.000000 -0.584921 -0.811090
vn  0.000000 -0.950229 -0.311551
vn  0.000000 -0.950229 -0.311551
vn  0.000000 0.000000 -1.000000
vn  0.000000 0.000000 -1.000000
vn  0.000000 0.000000 -1.000000
vn  0.000000 0.000000 -1.000000
vn  0.000000 0.203641 -0.979046
vn  0.000000 0.000000 -1.000000
vn  0.000000 -0.007812 -0.999969
vn  0.007796 -0.140326 -0.990075
vn  0.015667 -0.814691 -0.579684
vn  0.000000 0.179572 -0.983745
vn  0.000000 -0.351123 -0.936329
vn  0.000000 -0.833246 -0.552902
vn  0.000000 0.628520 -0.777793
vn  0.000000 0.628520 -0.777793
vn  -0.015607 -0.132659 -0.991039
vn  0.000000 0.203641 -0.979046
vn  -0.023508 -0.830613 -0.556354
vn  -0.007812 -0.007812 -0.999939
vn  0.000000 0.994720 -0.102630
vn  0.000000 0.628520 -0.777793
vn  0.000000 0.994720 -0.102630
vn  0.000000 0.000000 -1.000000
vn  0.000000 1.000000 0.000000
vn  0.000000 0.994720 -0.102630
vn  0.000000 0.000000 -1.000000
vn  0.000000 0.000000 -1.000000
vn  0.000000 1.000000 0.000000
vn  0.000000 1.000000 0.000000
vn  0.000000 0.000000 -1.000000
vn  0.000000 0.000000 -1.000000
vn  0.000000 0.997498 -0.070689
vn  0.071025 0.994348 -0.078916
vn  0.000000 0.997498 -0.070689
vn  0.078870 0.993760 -0.078870
vn  0.686809 0.718386 -0.110521
vn  0.694833 0.710625 -0.110542
vn  0.993513 0.063080 -0.094620
vn  0.993977 0.055221 -0.094664
vn  0.993513 -0.063080 -0.094620
vn  0.993513 -0.063080 -0.094620
vn  0.827670 -0.551780 -0.102473
vn  0.824068 -0.557227 -0.102027
vn  0.527477 -0.842389 -0.110219
vn  0.518289 -0.848109 -0.109940
vn  0.093508 -0.989624 -0.109092
vn  0.078027 -0.990948 -0.109238
vn  0.000000 -0.993979 -0.109572
vn  0.000000 -0.993979 -0.109572
vn  0.000000 0.997498 -0.070689
vn  -0.078870 0.993760 -0.078870
vn  0.000000 0.997498 -0.070689
vn  -0.086700 0.993112 -0.078818
vn  -0.690946 0.714501 -0.109923
vn  -0.698883 0.706736 -0.109937
vn  -0.993614 0.062590 -0.093885
vn  -0.994070 0.054791 -0.093928
vn  -0.993614 -0.062590 -0.093885
vn  -0.993614 -0.062590 -0.093885
vn  -0.827192 -0.554062 -0.093644
vn  -0.827192 -0.554062 -0.093644
vn  -0.539557 -0.836704 -0.093836
vn  -0.530473 -0.842517 -0.093613
vn  -0.101223 -0.988873 -0.109010
vn  -0.093508 -0.989624 -0.109092
vn  0.000000 -0.993979 -0.109572
vn  0.000000 -0.993979 -0.109572
vn  -1.000000 0.000000 0.000000
vn  -1.000000 0.000000 0.000000
vn  -1.000000 0.000000 0.000000
vn  -1.000000 0.000000 0.000000
vn  1.000000 0.000000 0.000000
vn  0.678936 0.734198 0.000000
vn  0.678936 0.734198 0.000000
vn  1.000000 0.000000 0.000000
vn  0.000000 1.000000 0.000000
vn  0.678936 0.734198 0.000000
vn  0.678936 0.734198 0.000000
vn  0.000000 1.000000 0.000000
vn  1.000000 0.000000 0.000000
vn  1.000000 0.000000 0.000000
vn  1.000000 0.000000 0.000000
vn  1.000000 0.000000 0.000000
vn  -1.000000 0.000000 0.000000
vn  -1.000000 0.000000 0.000000
vn  -1.000000 0.000000 0.000000
vn  -1.000000 0.000000 0.000000
vn  0.000000 1.000000 0.000000
vn  0.000000 1.000000 0.000000
vn  0.000000 1.000000 0.000000
vn  0.000000 1.000000 0.000000
vn  0.000000 0.000000 -1.000000
vn  0.000000 0.000000 -1.000000
vn  0.000000 0.000000 -1.000000
vn  0.000000 0.000000 -1.000000
vn  0.000000 0.000000 -1.000000
vn  0.000000 0.000000 -1.000000
vn  0.000000 0.000000 -1.000000
vn  0.000000 0.000000 -1.000000
vn  -0.039033 -0.999238 0.000000
vn  -0.039033 -0.999238 0.000000
vn  -0.039033 -0.999238 0.000000
vn  -0.039033 -0.999238 0.000000
vn  -0.645589 0.000000 0.763685
vn  -0.645589 0.000000 0.763685
vn  -0.645589 0.000000 0.763685
vn  -0.645589 0.000000 0.763685
vn  -0.039340 0.999226 0.000000
vn  -0.039340 0.999226 0.000000
vn  -0.039340 0.999226 0.000000
vn  -0.039340 0.999226 0.000000
vn  -1.000000 0.000000 0.000000
vn  -1.000000 0.000000 0.000000
vn  -1.000000 0.000000 0.000000
vn  -1.000000 0.000000 0.000000
vn  -0.039033 -0.999238 0.000000
vn  -0.039033 -0.999238 0.000000
vn  -0.039033 -0.999238 0.000000
vn  -0.039033 -0.999238 0.000000
vn  -0.645589 0.000000 0.763685
vn  -0.645589 0.000000 0.763685
vn  -0.645589 0.000000 0.763685
vn  -0.645589 0.000000 0.763685
vn  -0.039340 0.999226 0.000000
vn  -0.039340 0.999226 0.000000
vn  -0.039340 0.999226 0.000000
vn  -0.039340 0.999226 0.000000
vn  -1.000000 0.000000 0.000000
vn  -1.000000 0.000000 0.000000
vn  -1.000000 0.000000 0.000000
vn  -1.000000 0.000000 0.000000
vn  -0.039033 -0.999238 0.000000
vn  -0.039033 -0.999238 0.000000
vn  -0.039033 -0.999238 0.000000
vn  -0.039033 -0.999238 0.000000
vn  -0.645589 0.000000 0.763685
vn  -0.645589 0.000000 0.763685
vn  -0.645589 0.000000 0.763685
vn  -0.645589 0.000000 0.763685
vn  -0.039340 0.999226 0.000000
vn  -0.039340 0.999226 0.000000
vn  -0.039340 0.999226 0.000000
vn  -0.039340 0.999226 0.000000
vn  -1.000000 0.000000 0.000000
vn  -1.000000 0.000000 0.000000
vn  -1.000000 0.000000 0.000000
vn  -1.000000 0.000000 0.000000
vn  -0.039033 -0.999238 0.000000
vn  -0.039033 -0.999238 0.000000
vn  -0.039033 -0.999238 0.000000
vn  -0.039033 -0.999238 0.000000
vn  -0.645589 0.000000 0.763685
vn  -0.645589 0.000000 0.763685
vn  -0.645589 0.000000 0.763685
vn  -0.645589 0.000000 0.763685
vn  -0.039340 0.999226 0.000000
vn  -0.039340 0.999226 0.000000
vn  -0.039340 0.999226 0.000000
vn  -0.039340 0.999226 0.000000
vn  -1.000000 0.000000 0.000000
vn  -1.000000 0.000000 0.000000
vn  -1.000000 0.000000 0.000000
vn  -1.000000 0.000000 0.000000
vn  -0.039033 -0.999238 0.000000
vn  -0.039033 -0.999238 0.000000
vn  -0.039033 -0.999238 0.000000
vn  -0.039033 -0.999238 0.000000
vn  -0.645589 0.000000 0.763685
vn  -0.645589 0.000000 0.763685
vn  -0.645589 0.000000 0.763685
vn  -0.645589 0.000000 0.763685
vn  -0.039340 0.999226 0.000000
vn  -0.039340 0.999226 0.000000
vn  -0.039340 0.999226 0.000000
vn  -0.039340 0.999226 0.000000
vn  -1.000000 0.000000 0.000000
vn  -1.000000 0.000000 0.000000
vn  -1.000000 0.000000 0.000000
vn  -1.000000 0.000000 0.000000
vn  0.031235 -0.999512 0.000000
vn  0.031235 -0.999512 0.000000
vn  0.031235 -0.999512 0.000000
vn  0.031235 -0.999512 0.000000
vn  0.640962 0.000000 0.767572
vn  0.640962 0.000000 0.767572
vn  0.640962 0.000000 0.767572
vn  0.640962 0.000000 0.767572
vn  0.031480 0.999504 0.000000
vn  0.031480 0.999504 0.000000
vn  0.031480 0.999504 0.000000
vn  0.031480 0.999504 0.000000
vn  1.000000 0.000000 0.000000
vn  1.000000 0.000000 0.000000
vn  1.000000 0.000000 0.000000
vn  1.000000 0.000000 0.000000
vn  0.031235 -0.999512 0.000000
vn  0.031235 -0.999512 0.000000
vn  0.031235 -0.999512 0.000000
vn  0.031235 -0.999512 0.000000
vn  0.640962 0.000000 0.767572
vn  0.640962 0.000000 0.767572
vn  0.640962 0.000000 0.767572
vn  0.640962 0.000000 0.767572
vn  0.031480 0.999504 0.000000
vn  0.031480 0.999504 0.000000
vn  0.031480 0.999504 0.000000
vn  0.031480 0.999504 0.000000
vn  1.000000 0.000000 0.000000
vn  1.000000 0.000000 0.000000
vn  1.000000 0.000000 0.000000
vn  1.000000 0.000000 0.000000
vn  0.031235 -0.999512 0.000000
vn  0.031235 -0.999512 0.000000
vn  0.031235 -0.999512 0.000000
vn  0.031235 -0.999512 0.000000
vn  0.640962 0.000000 0.767572
vn  0.640962 0.000000 0.767572
vn  0.640962 0.000000 0.767572
vn  0.640962 0.000000 0.767572
vn  0.031480 0.999504 0.000000
vn  0.031480 0.999504 0.000000
vn  0.031480 0.999504 0.000000
vn  0.031480 0.999504 0.000000
vn  1.000000 0.000000 0.000000
vn  1.000000 0.000000 0.000000
vn  1.000000 0.000000 0.000000
vn  1.000000 0.000000 0.000000
vn  0.031235 -0.999512 0.000000
vn  0.031235 -0.999512 0.000000
vn  0.031235 -0.999512 0.000000
vn  0.031235 -0.999512 0.000000
vn  0.640962 0.000000 0.767572
vn  0.640962 0.000000 0.767572
vn  0.640962 0.000000 0.767572
vn  0.640962 0.000000 0.767572
vn  0.329658 0.690711 -0.643618
vn  0.110018 0.990163 -0.086443
vn  -0.102473 0.993204 0.055178
vn  0.589656 0.691863 -0.416690
vn  -0.621258 0.668442 0.408929
vn  -0.118198 0.992865 0.015760
vn  0.133709 0.991021 0.000000
vn  0.713904 0.698039 -0.055526
vn  0.117979 0.991021 0.062922
vn  -0.740249 0.669374 0.063000
vn  -0.118198 0.992865 -0.015760
vn  -0.722954 0.652230 -0.227888
vn  0.658253 0.705838 0.261715
vn  -0.094735 0.994720 -0.039473
vn  0.086868 0.987133 0.134250
vn  -0.572730 0.635494 -0.517810
vn  0.450709 0.735367 0.506059
vn  0.000000 0.987441 0.157990
vn  -0.070928 0.992988 -0.094570
vn  0.118905 0.729286 0.673797
vn  -0.211189 0.625745 -0.750894
vn  -0.007873 0.992003 -0.125969
vn  -0.039253 0.989187 0.141312
vn  -0.118220 0.732965 0.669915
vn  0.086523 0.621393 -0.778707
vn  0.094386 0.991051 -0.094386
vn  0.478479 0.580450 -0.658889
vn  -0.047187 0.990929 0.125832
vn  0.157867 0.986671 -0.039467
vn  -0.353608 0.762222 0.542199
vn  -0.055221 0.993977 0.094664
vn  0.725783 0.552226 -0.410225
vn  -0.054973 0.997375 0.047120
vn  0.188556 0.982062 0.000000
vn  -0.505759 0.782346 0.363514
vn  0.822913 0.553883 -0.126602
vn  -0.047178 0.998608 0.023589
vn  -0.598277 0.787206 0.149569
vn  0.197581 0.980000 0.023710
vn  0.809193 0.587061 0.023800
vn  -0.641703 0.766913 0.007826
vn  0.221159 0.963622 -0.150072
vn  0.778924 0.574358 -0.251773
vn  -0.007889 0.986149 -0.165673
vn  -0.582551 0.692763 -0.425105
vn  0.332247 0.870170 -0.363889
vn  0.618386 0.784874 -0.039640
vn  0.631116 0.773117 -0.063112
vn  0.267584 0.905063 -0.330545
vn  0.600233 0.789780 0.126365
vn  0.094392 0.888855 -0.448360
vn  0.102432 0.843095 -0.527919
vn  -0.070741 0.974657 -0.212224
vn  0.141781 0.984588 -0.102397
vn  -0.707872 0.503376 -0.495510
vn  -0.593895 0.390720 -0.703297
vn  -0.572096 0.376173 -0.728835
vn  -0.110018 0.990163 -0.086443
vn  -0.684001 0.628967 -0.369518
vn  0.110401 0.993606 0.023657
vn  0.611863 0.731057 0.301958
vn  -0.078762 0.992403 -0.094515
vn  0.102473 0.993204 0.055178
vn  -0.525058 0.681792 -0.509385
vn  -0.055132 0.992372 -0.110264
vn  0.547585 0.682497 0.484097
vn  0.070978 0.993698 0.086751
vn  -0.393603 0.676997 -0.621893
vn  -0.023636 0.992711 -0.118180
vn  0.403873 0.688959 0.601849
vn  0.023657 0.993606 0.110401
vn  -0.172085 0.672697 -0.719629
vn  -0.023677 0.994441 0.102601
vn  0.000000 0.992034 -0.125973
vn  0.158660 0.706038 0.690172
vn  -0.086579 0.708376 0.700505
vn  0.062961 0.661090 -0.747661
vn  -0.063080 0.993513 0.094620
vn  -0.299584 0.701658 0.646471
vn  0.023636 0.992711 -0.118180
vn  0.275037 0.667947 -0.691521
vn  -0.110154 0.991389 0.070813
vn  -0.496988 0.694206 0.520654
vn  0.055178 0.993204 -0.102473
vn  0.474208 0.671795 -0.569050
vn  0.071025 0.994348 -0.078916
vn  -0.150199 0.988150 0.031621
vn  0.640722 0.680272 -0.355957
vn  -0.654599 0.694033 0.299696
vn  -0.165658 0.986057 -0.015777
vn  0.086903 0.995433 -0.039501
vn  -0.714721 0.699013 0.023562
vn  0.743321 0.664244 -0.079077
vn  0.094806 0.995464 -0.007901
vn  0.740249 0.653624 0.157500
vn  -0.142169 0.987287 -0.071085
vn  -0.677333 0.708837 -0.196899
vn  0.667719 0.643872 0.373605
vn  -0.133297 0.987969 -0.078410
vn  0.086903 0.995433 0.039501
vn  -0.605980 0.716158 -0.346274
vn  0.015760 0.992865 0.118198
vn  -0.142169 0.987287 -0.071085
vn  0.475457 0.618095 0.626019
vn  -0.465883 0.742254 -0.481676
vn  -0.102426 0.992742 -0.063031
vn  -0.023662 0.985904 0.165632
vn  0.189429 0.584073 0.789288
vn  -0.055069 0.983368 0.173073
vn  -0.258682 0.760369 -0.595753
vn  -0.047074 0.996393 -0.070611
vn  -0.055255 0.568340 0.820936
vn  -0.015711 0.777698 -0.628442
vn  0.000000 0.998022 -0.062868
vn  -0.094252 0.981790 0.164941
vn  -0.338279 0.550686 0.763094
vn  0.220582 0.787792 -0.575089
vn  -0.110301 0.984832 0.133937
vn  0.062836 0.997529 -0.031418
vn  -0.600739 0.553312 0.577026
vn  0.459033 0.791436 -0.403632
vn  0.118154 0.992495 0.031508
vn  -0.126294 0.986671 0.102614
vn  0.632911 0.759493 -0.150316
vn  -0.775880 0.564276 0.282138
vn  -0.118198 0.992865 0.015760
vn  0.134607 0.989760 0.047508
vn  0.678703 0.726054 0.110487
vn  -0.786063 0.613129 -0.078606
vn  0.110346 0.993112 0.039409
vn  0.632416 0.703563 0.324113
vn  -0.102311 0.991634 -0.078701
vn  -0.662816 0.654925 -0.362971
vn  -0.063031 0.992742 -0.102426
vn  0.094515 0.992403 0.078762
vn  -0.488477 0.669686 -0.559385
vn  0.491013 0.696922 0.522691
vn  0.031445 0.990530 0.133643
vn  -0.023636 0.992711 -0.118180
vn  0.181734 0.695332 0.695332
vn  -0.180605 0.667452 -0.722419
vn  0.007881 0.992957 -0.118209
vn  -0.047187 0.990929 0.125832
vn  0.172993 0.668380 -0.723423
vn  -0.189358 0.694314 0.694314
vn  -0.110018 0.990163 0.086443
vn  0.047275 0.992773 -0.110308
vn  -0.474194 0.703387 0.529516
vn  0.447531 0.651667 -0.612410
vn  0.063167 0.994875 -0.078958
vn  -0.165596 0.985689 0.031542
vn  0.676390 0.637065 -0.369655
vn  -0.635729 0.729911 0.251152
vn  -0.157750 0.985934 -0.055212
vn  0.102579 0.994224 -0.031563
vn  -0.682926 0.722174 -0.109896
vn  0.774057 0.631883 0.039493
vn  0.110377 0.993389 0.031536
vn  -0.125503 0.988334 -0.086283
vn  0.703365 0.624335 0.339828
vn  -0.595753 0.729014 -0.337071
vn  0.047232 0.991880 0.118081
vn  0.451330 0.585938 0.673036
vn  -0.110018 0.990163 -0.086443
vn  -0.015797 0.987317 0.157971
vn  -0.398657 0.758229 -0.515908
vn  -0.078818 0.993112 -0.086700
vn  0.134376 0.553312 0.822064
vn  -0.031402 0.997006 -0.070654
vn  -0.070733 0.982396 0.172902
vn  -0.181232 0.780084 -0.598852
vn  -0.157544 0.551403 0.819228
vn  -0.007865 0.998855 -0.047190
vn  0.031480 0.999504 0.000000
vn  0.031480 0.999504 0.000000
vn  0.031480 0.999504 0.000000
vn  0.031480 0.999504 0.000000
vn  1.000000 0.000000 0.000000
vn  1.000000 0.000000 0.000000
vn  1.000000 0.000000 0.000000
vn  1.000000 0.000000 0.000000
vn  0.031235 -0.999512 0.000000
vn  0.031235 -0.999512 0.000000
vn  0.031235 -0.999512 0.000000
vn  0.031235 -0.999512 0.000000
vn  0.640962 0.000000 0.767572
vn  0.640962 0.000000 0.767572
vn  0.640962 0.000000 0.767572
vn  0.640962 0.000000 0.767572
vn  0.031480 0.999504 0.000000
vn  0.031480 0.999504 0.000000
vn  0.031480 0.999504 0.000000
vn  0.031480 0.999504 0.000000
vn  1.000000 0.000000 0.000000
vn  1.000000 0.000000 0.000000
vn  1.000000 0.000000 0.000000
vn  1.000000 0.000000 0.000000
vn  0.868948 0.489771 0.071096
vn  0.962871 -0.071031 0.260449
vn  0.868948 0.489771 0.071096
vn  0.962871 -0.071031 0.260449
vn  0.686296 -0.583746 0.433865
vn  0.686296 -0.583746 0.433865
vn  0.141732 -0.842520 0.519685
vn  0.141732 -0.842520 0.519685
vn  -0.444635 -0.748858 0.491438
vn  -0.444635 -0.748858 0.491438
vn  -0.869900 -0.344825 0.352662
vn  -0.869900 -0.344825 0.352662
vn  -0.963440 0.211487 0.164490
vn  -0.963440 0.211487 0.164490
vn  -0.691223 0.722642 0.000000
vn  -0.691223 0.722642 0.000000
vn  -0.149708 0.984924 -0.086673
vn  -0.149708 0.984924 -0.086673
vn  0.440236 0.896194 -0.055029
vn  0.440236 0.896194 -0.055029
vn  0.868948 0.489771 0.071096
vn  0.868948 0.489771 0.071096
vn  0.000000 0.316228 0.948683
vn  0.000000 0.316228 0.948683
vn  0.000000 0.316228 0.948683
vn  0.000000 0.316228 0.948683
vn  0.000000 0.316228 0.948683
vn  0.000000 0.316228 0.948683
vn  0.000000 0.316228 0.948683
vn  0.000000 0.316228 0.948683
vn  0.000000 0.316228 0.948683
vn  0.000000 0.316228 0.948683
vn  0.868948 0.489771 0.071096
vn  0.962871 -0.071031 0.260449
vn  0.868948 0.489771 0.071096
vn  0.962871 -0.071031 0.260449
vn  0.686296 -0.583746 0.433865
vn  0.686296 -0.583746 0.433865
vn  0.141732 -0.842520 0.519685
vn  0.141732 -0.842520 0.519685
vn  -0.444635 -0.748858 0.491438
vn  -0.444635 -0.748858 0.491438
vn  -0.869900 -0.344825 0.352662
vn  -0.869900 -0.344825 0.352662
vn  -0.963440 0.211487 0.164490
vn  -0.963440 0.211487 0.164490
vn  -0.691223 0.722642 0.000000
vn  -0.691223 0.722642 0.000000
vn  -0.149708 0.984924 -0.086673
vn  -0.149708 0.984924 -0.086673
vn  0.440236 0.896194 -0.055029
vn  0.440236 0.896194 -0.055029
vn  0.868948 0.489771 0.071096
vn  0.868948 0.489771 0.071096
vn  0.000000 0.316228 0.948683
vn  0.000000 0.316228 0.948683
vn  0.000000 0.316228 0.948683
vn  0.000000 0.316228 0.948683
vn  0.000000 0.316228 0.948683
vn  0.000000 0.316228 0.948683
vn  0.000000 0.316228 0.948683
vn  0.000000 0.316228 0.948683
vn  0.000000 0.316228 0.948683
vn  0.000000 0.316228 0.948683
vn  0.868948 0.489771 0.071096
vn  0.962871 -0.071031 0.260449
vn  0.868948 0.489771 0.071096
vn  0.962871 -0.071031 0.260449
vn  0.686296 -0.583746 0.433865
vn  0.686296 -0.583746 0.433865
vn  0.141732 -0.842520 0.519685
vn  0.141732 -0.842520 0.519685
vn  -0.444635 -0.748858 0.491438
vn  -0.444635 -0.748858 0.491438
vn  -0.869900 -0.344825 0.352662
vn  -0.869900 -0.344825 0.352662
vn  -0.963440 0.211487 0.164490
vn  -0.963440 0.211487 0.164490
vn  -0.691223 0.722642 0.000000
vn  -0.691223 0.722642 0.000000
vn  -0.149708 0.984924 -0.086673
vn  -0.149708 0.984924 -0.086673
vn  0.440236 0.896194 -0.055029
vn  0.440236 0.896194 -0.055029
vn  0.868948 0.489771 0.071096
vn  0.868948 0.489771 0.071096
vn  0.000000 0.316228 0.948683
vn  0.000000 0.316228 0.948683
vn  0.000000 0.316228 0.948683
vn  0.000000 0.316228 0.948683
vn  0.000000 0.316228 0.948683
vn  0.000000 0.316228 0.948683
vn  0.000000 0.316228 0.948683
vn  0.000000 0.316228 0.948683
vn  0.000000 0.316228 0.948683
vn  0.000000 0.316228 0.948683
vn  0.868948 0.489771 0.071096
vn  0.962871 -0.071031 0.260449
vn  0.868948 0.489771 0.071096
vn  0.962871 -0.071031 0.260449
vn  0.686296 -0.583746 0.433865
vn  0.686296 -0.583746 0.433865
vn  0.141732 -0.842520 0.519685
vn  0.141732 -0.842520 0.519685
vn  -0.444635 -0.748858 0.491438
vn  -0.444635 -0.748858 0.491438
vn  -0.869900 -0.344825 0.352662
vn  -0.869900 -0.344825 0.352662
vn  -0.963440 0.211487 0.164490
vn  -0.963440 0.211487 0.164490
vn  -0.691223 0.722642 0.000000
vn  -0.691223 0.722642 0.000000
vn  -0.149708 0.984924 -0.086673
vn  -0.149708 0.984924 -0.086673
vn  0.440236 0.896194 -0.055029
vn  0.440236 0.896194 -0.055029
vn  0.868948 0.489771 0.071096
vn  0.868948 0.489771 0.071096
vn  0.000000 0.316228 0.948683
vn  0.000000 0.316228 0.948683
vn  0.000000 0.316228 0.948683
vn  0.000000 0.316228 0.948683
vn  0.000000 0.316228 0.948683
vn  0.000000 0.316228 0.948683
vn  0.000000 0.316228 0.948683
vn  0.000000 0.316228 0.948683
vn  0.000000 0.316228 0.948683
vn  0.000000 0.316228 0.948683
vn  -0.973966 0.219928 -0.054982
vn  -0.973966 0.219928 -0.054982
vn  -0.973966 0.219928 -0.054982
vn  -0.973966 0.219928 -0.054982
vn  0.000000 0.292419 0.956290
vn  0.000000 0.292419 0.956290
vn  0.000000 0.292419 0.956290
vn  0.000000 0.292419 0.956290
vn  0.967754 0.243906 -0.062943
vn  0.967754 0.243906 -0.062943
vn  0.967754 0.243906 -0.062943
vn  0.967754 0.243906 -0.062943
vn  0.000000 0.969677 -0.244390
vn  0.000000 0.969677 -0.244390
vn  0.000000 0.969677 -0.244390
vn  0.000000 0.969677 -0.244390
vn  -0.973966 0.219928 -0.054982
vn  -0.973966 0.219928 -0.054982
vn  -0.973966 0.219928 -0.054982
vn  -0.973966 0.219928 -0.054982
vn  0.000000 0.292419 0.956290
vn  0.000000 0.292419 0.956290
vn  0.000000 0.292419 0.956290
vn  0.000000 0.292419 0.956290
vn  0.967754 0.243906 -0.062943
vn  0.967754 0.243906 -0.062943
vn  0.967754 0.243906 -0.062943
vn  0.967754 0.243906 -0.062943
vn  0.000000 0.969677 -0.244390
vn  0.000000 0.969677 -0.244390
vn  0.000000 0.969677 -0.244390
vn  0.000000 0.969677 -0.244390
vn  -0.973966 0.219928 -0.054982
vn  -0.973966 0.219928 -0.054982
vn  -0.973966 0.219928 -0.054982
vn  -0.973966 0.219928 -0.054982
vn  0.000000 0.292419 0.956290
vn  0.000000 0.292419 0.956290
vn  0.000000 0.292419 0.956290
vn  0.000000 0.292419 0.956290
vn  0.967754 0.243906 -0.062943
vn  0.967754 0.243906 -0.062943
vn  0.967754 0.243906 -0.062943
vn  0.967754 0.243906 -0.062943
vn  0.000000 0.969677 -0.244390
vn  0.000000 0.969677 -0.244390
vn  0.000000 0.969677 -0.244390
vn  0.000000 0.969677 -0.244390
vn  -0.973966 0.219928 -0.054982
vn  -0.973966 0.219928 -0.054982
vn  -0.973966 0.219928 -0.054982
vn  -0.973966 0.219928 -0.054982
vn  0.000000 0.292419 0.956290
vn  0.000000 0.292419 0.956290
vn  0.000000 0.292419 0.956290
vn  0.000000 0.292419 0.956290
vn  0.967754 0.243906 -0.062943
vn  0.967754 0.243906 -0.062943
vn  0.967754 0.243906 -0.062943
vn  0.967754 0.243906 -0.062943
vn  0.000000 0.969677 -0.244390
vn  0.000000 0.969677 -0.244390
vn  0.000000 0.969677 -0.244390
vn  0.000000 0.969677 -0.244390
vn  0.999504 0.031480 0.000000
vn  0.999504 0.031480 0.000000
vn  0.999504 0.031480 0.000000
vn  0.999504 0.031480 0.000000
vn  0.000000 1.000000 0.000000
vn  0.000000 1.000000 0.000000
vn  0.000000 1.000000 0.000000
vn  0.000000 1.000000 0.000000
vn  0.000000 0.203641 -0.979046
vn  0.000000 0.376798 -0.926295
vn  0.000000 0.360554 -0.932738
vn  0.000000 0.360554 -0.932738
vn  0.000000 0.360554 -0.932738
vn  0.000000 0.337330 -0.941386
vn  0.000000 -0.203641 -0.979046
vn  0.000000 0.360554 -0.932738
vn  0.000000 -0.203641 -0.979046
vn  0.000000 0.360554 -0.932738
vn  0.000000 0.337330 -0.941386
vn  0.000000 0.360554 -0.932738
vn  0.000000 0.203641 -0.979046
vn  0.000000 -0.203641 -0.979046
vn  0.000000 -0.203641 -0.979046
vn  0.000000 0.360554 -0.932738
vn  0.000000 0.360554 -0.932738
vn  0.000000 0.376798 -0.926295
vn  0.892841 -0.450371 0.000000
vn  0.892841 -0.450371 0.000000
vn  0.892841 -0.450371 0.000000
vn  0.892841 -0.450371 0.000000
vn  1.000000 0.000000 0.000000
vn  1.000000 0.000000 0.000000
vn  1.000000 0.000000 0.000000
vn  1.000000 0.000000 0.000000
vn  0.937939 0.346801 0.000000
vn  0.937939 0.346801 0.000000
vn  0.937939 0.346801 0.000000
vn  0.937939 0.346801 0.000000
vn  0.000000 1.000000 0.000000
vn  0.000000 1.000000 0.000000
vn  0.000000 1.000000 0.000000
vn  0.000000 1.000000 0.000000
vn  0.000000 1.000000 0.000000
vn  0.000000 1.000000 0.000000
vn  -1.000000 0.000000 0.000000
vn  -1.000000 0.000000 0.000000
vn  -1.000000 0.000000 0.000000
vn  -1.000000 0.000000 0.000000
vn  0.000000 1.000000 0.000000
vn  0.000000 1.000000 0.000000
vn  0.000000 1.000000 0.000000
vn  0.000000 1.000000 0.000000
vn  0.843986 0.536365 0.000000
vn  0.843986 0.536365 0.000000
vn  0.843986 0.536365 0.000000
vn  0.843986 0.536365 0.000000
vn  0.000000 0.997498 -0.070689
vn  0.000000 0.997498 -0.070689
vn  0.000000 0.997498 -0.070689
vn  0.000000 0.997498 -0.070689
vn  0.000000 0.997498 -0.070689
vn  0.000000 0.997498 -0.070689
vn  0.000000 0.227726 -0.973725
vn  0.000000 0.227726 -0.973725
vn  0.000000 0.227726 -0.973725
vn  0.000000 0.227726 -0.973725
vn  0.000000 0.227726 -0.973725
vn  0.000000 0.227726 -0.973725
vn  -0.999512 0.031235 0.000000
vn  -0.999512 0.031235 0.000000
vn  -0.999512 0.031235 0.000000
vn  -0.999512 0.031235 0.000000
vn  0.000000 1.000000 0.000000
vn  0.000000 1.000000 0.000000
vn  0.000000 1.000000 0.000000
vn  0.000000 1.000000 0.000000
vn  -0.894427 -0.447214 0.000000
vn  -0.894427 -0.447214 0.000000
vn  -0.894427 -0.447214 0.000000
vn  -0.894427 -0.447214 0.000000
vn  -1.000000 0.000000 0.000000
vn  -1.000000 0.000000 0.000000
vn  -1.000000 0.000000 0.000000
vn  -1.000000 0.000000 0.000000
vn  -0.938876 0.344255 0.000000
vn  -0.938876 0.344255 0.000000
vn  -0.938876 0.344255 0.000000
vn  -0.938876 0.344255 0.000000
vn  1.000000 0.000000 0.000000
vn  1.000000 0.000000 0.000000
vn  1.000000 0.000000 0.000000
vn  1.000000 0.000000 0.000000
vn  0.000000 1.000000 0.000000
vn  0.000000 1.000000 0.000000
vn  0.000000 1.000000 0.000000
vn  0.000000 1.000000 0.000000
vn  -0.846233 0.532813 0.000000
vn  -0.846233 0.532813 0.000000
vn  -0.846233 0.532813 0.000000
vn  -0.846233 0.532813 0.000000
vn  -0.015668 -0.916583 0.399536
vn  -0.015668 -0.916583 0.399536
vn  -0.408740 -0.786038 0.463763
vn  -0.658424 -0.611393 0.438949
vn  -0.816295 -0.423846 0.392450
vn  -0.970053 -0.062584 0.234690
vn  -0.970053 -0.062584 0.234690
vn  -0.975699 0.015611 0.218557
vn  -0.975551 0.023413 0.218523
vn  -0.870461 0.454836 0.188208
vn  -0.693257 0.693257 0.196948
vn  -0.474861 0.862665 0.174116
vn  -0.015745 0.991911 0.125957
vn  -0.015745 0.991911 0.125957
vn  0.000000 0.047191 0.998886
vn  0.000000 0.047191 0.998886
vn  0.007841 -0.909531 0.415562
vn  0.477218 -0.727562 0.492865
vn  0.000000 0.047191 0.998886
vn  0.007812 -0.999969 0.000000
vn  0.541948 -0.840412 0.000000
vn  0.740640 -0.425474 0.520024
vn  0.000000 0.047191 0.998886
vn  0.858880 -0.512176 0.000000
vn  0.831946 0.015847 0.554631
vn  1.000000 0.000000 0.000000
vn  0.834930 0.086644 0.543492
vn  0.000000 0.047191 0.998886
vn  0.997498 0.070689 0.000000
vn  0.719936 0.474683 0.506328
vn  0.000000 0.047191 0.998886
vn  0.843986 0.536365 0.000000
vn  0.458688 0.751299 0.474505
vn  0.000000 0.047191 0.998886
vn  0.530711 0.847553 0.000000
vn  0.007891 0.915403 0.402462
vn  0.000000 0.047191 0.998886
vn  0.007874 0.999969 0.000000
vn  0.039204 0.784079 -0.619422
vn  -0.094856 0.980184 0.173904
vn  -0.300934 0.586029 0.752335
vn  0.188190 0.768444 -0.611619
vn  0.055302 0.963832 0.260709
vn  -0.023604 0.574358 0.818264
vn  0.150157 0.987872 0.039515
vn  0.586416 0.697359 -0.412076
vn  -0.605362 0.746875 -0.275164
vn  -0.086873 0.995092 -0.047385
vn  -0.564415 0.783910 -0.258690
vn  -0.086903 0.995433 -0.039501
vn  0.070669 0.997222 0.023556
vn  -0.078437 0.996147 -0.039218
vn  -0.627301 0.705714 -0.329333
vn  0.079094 0.996585 0.023728
vn  0.079054 0.996086 0.039527
vn  0.585387 0.775243 0.237319
vn  0.078958 0.994875 0.063167
vn  -0.062798 0.996914 -0.047098
vn  -0.540019 0.727852 -0.422624
vn  -0.054926 0.996515 -0.062773
vn  0.562342 0.792031 0.237609
vn  0.524189 0.802169 0.285922
vn  0.489450 0.781541 0.386823
vn  0.070978 0.993698 0.086751
vn  -0.418231 0.749660 -0.512925
vn  -0.031402 0.997006 -0.070654
vn  -0.274487 0.760720 -0.588186
vn  0.410891 0.758567 0.505712
vn  0.039442 0.993946 0.102550
vn  0.276786 0.743368 0.608929
vn  -0.007854 0.997468 -0.070687
vn  -0.078324 0.775404 -0.626589
vn  0.007881 0.992957 0.118209
vn  0.079156 0.728235 0.680741
vn  0.125937 0.779238 -0.613945
vn  -0.031508 0.992495 0.118154
vn  0.007854 0.997468 -0.070687
vn  -0.150030 0.718565 0.679084
vn  0.332122 0.774952 -0.537722
vn  0.031418 0.997529 -0.062836
vn  -0.070873 0.992218 0.102372
vn  -0.362598 0.733079 0.575428
vn  -0.094570 0.992988 0.070928
vn  0.054951 0.996976 -0.054951
vn  -0.505380 0.750174 0.426415
vn  0.496494 0.756563 -0.425566
vn  0.062836 0.997529 -0.031418
vn  0.606205 0.740043 -0.291293
vn  -0.110346 0.993112 0.039409
vn  -0.584273 0.765872 0.268450
vn  0.669271 0.732261 -0.125980
vn  -0.110418 0.993760 0.015774
vn  0.078488 0.996791 -0.015698
vn  -0.628539 0.769961 0.109994
vn  0.670185 0.741146 0.039423
vn  0.070689 0.997498 0.000000
vn  -0.118209 0.992957 -0.007881
vn  -0.636376 0.769937 -0.047139
vn  0.618716 0.753565 0.222103
vn  -0.110346 0.993112 -0.039409
vn  0.070669 0.997222 0.023556
vn  -0.618814 0.751976 -0.227159
vn  0.514869 0.768342 0.380211
vn  0.054992 0.997714 0.039280
vn  -0.102311 0.991634 -0.078701
vn  -0.542149 0.738579 -0.400719
vn  0.031433 0.997991 0.055007
vn  -0.070873 0.992218 -0.102372
vn  0.356615 0.768704 0.530961
vn  0.015707 0.997375 0.070680
vn  -0.375689 0.735723 -0.563533
vn  -0.031508 0.992495 -0.118154
vn  0.158035 0.758567 0.632140
vn  0.000000 0.992988 -0.118213
vn  0.000000 0.996914 0.078497
vn  -0.172673 0.745631 -0.643598
vn  0.000000 0.753068 0.657943
vn  -0.023569 0.997745 0.062850
vn  -0.181911 0.759279 0.624823
vn  0.031478 0.991542 -0.125910
vn  0.000000 0.752577 -0.658505
vn  0.070813 0.991389 -0.110154
vn  -0.047120 0.997375 0.054973
vn  0.173546 0.749403 -0.638965
vn  -0.394398 0.757245 0.520606
vn  -0.062836 0.997529 0.031418
vn  0.110154 0.991389 -0.070813
vn  0.402424 0.741723 -0.536565
vn  -0.573083 0.753643 0.321868
vn  0.110401 0.993606 -0.023657
vn  -0.078495 0.996884 0.007849
vn  0.567775 0.757033 -0.323316
vn  -0.667720 0.738420 0.094266
vn  -0.070687 0.997468 -0.007854
vn  0.110428 0.993853 0.007888
vn  0.632357 0.766733 -0.110662
vn  -0.674826 0.729754 -0.109855
vn  0.094703 0.994379 0.047351
vn  -0.070654 0.997006 -0.031402
vn  0.625215 0.775583 0.087055
vn  0.562342 0.776190 0.285131
vn  -0.621662 0.723961 -0.299027
vn  -0.054951 0.996976 -0.054951
vn  0.078870 0.993760 0.078870
vn  -0.495679 0.723849 -0.479943
vn  0.443246 0.783595 0.435330
vn  0.047315 0.993606 0.102515
vn  -0.039241 0.996730 -0.070634
vn  0.277341 0.784480 0.554683
vn  -0.322097 0.714897 -0.620625
vn  -0.007854 0.997468 -0.070687
vn  0.000000 0.992034 0.125973
vn  -0.062715 0.721219 -0.689862
vn  0.047552 0.784603 0.618172
vn  -0.047232 0.991880 0.118081
vn  -0.221270 0.774443 0.592686
vn  0.015707 0.997375 -0.070680
vn  0.227888 0.722954 -0.652230
vn  -0.472573 0.771869 0.425316
vn  0.047139 0.997775 -0.047139
vn  -0.102245 0.990990 0.086515
vn  0.496525 0.732965 -0.465000
vn  -0.604801 0.769747 0.204219
vn  -0.118154 0.992495 0.031508
vn  0.070669 0.997222 -0.023556
vn  0.639343 0.734061 -0.228901
vn  -0.645589 0.763685 0.000000
vn  0.070689 0.997498 0.000000
vn  -0.125973 0.992034 0.000000
vn  0.670707 0.741723 0.000000
vn  -0.619899 0.753295 -0.219711
vn  -0.118081 0.991880 -0.047232
vn  0.062860 0.997899 0.015715
vn  0.623576 0.749870 0.221014
vn  -0.501949 0.745081 -0.439206
vn  0.047155 0.998114 0.039296
vn  -0.102245 0.990990 -0.086515
vn  0.492172 0.762073 0.420728
vn  -0.282965 0.730993 -0.620951
vn  -0.055029 0.990530 -0.125782
vn  0.023580 0.998207 0.055019
vn  0.268450 0.765872 0.584273
vn  0.000000 0.998484 0.055035
vn  0.000000 0.988821 -0.149108
vn  -0.031603 0.774274 0.632061
vn  -0.039296 0.998114 0.047155
vn  0.031574 0.726213 -0.686745
vn  0.078490 0.988973 -0.125584
vn  -0.370331 0.764301 0.527919
vn  -0.062850 0.997745 0.023569
vn  0.386282 0.733148 -0.559715
vn  0.117917 0.990500 -0.070750
vn  -0.599784 0.741838 0.299892
vn  0.110428 0.993853 -0.007888
vn  -0.078497 0.996914 0.000000
vn  0.577314 0.759208 -0.300520
vn  -0.690690 0.722085 0.039244
vn  -0.078488 0.996791 -0.015698
vn  0.118198 0.992865 0.015760
vn  0.623033 0.780763 -0.047319
vn  -0.685528 0.717047 -0.126074
vn  -0.062836 0.997529 -0.031418
vn  0.110212 0.991911 0.062978
vn  0.610151 0.784480 0.110937
vn  -0.604186 0.721885 -0.337403
vn  -0.039280 0.997714 -0.054992
vn  -0.384577 0.729911 -0.565093
vn  0.078635 0.990806 0.110090
vn  0.546090 0.775607 0.316574
vn  0.015745 0.991911 0.125957
vn  -0.015707 0.997375 -0.070680
vn  -0.015781 0.915317 0.402424
vn  0.000000 0.047191 0.998886
vn  -0.015746 0.999876 0.000000
vn  0.000000 0.047191 0.998886
vn  -0.536365 0.843986 0.000000
vn  -0.464898 0.748565 0.472778
vn  0.000000 0.047191 0.998886
vn  -0.846233 0.532813 0.000000
vn  -0.723714 0.471988 0.503453
vn  0.000000 0.047191 0.998886
vn  -0.997537 0.070139 0.000000
vn  -0.837293 0.086077 0.539937
vn  0.000000 0.047191 0.998886
vn  -1.000000 0.000000 0.000000
vn  -0.834361 0.015743 0.550993
vn  -0.860926 -0.508729 0.000000
vn  -0.744166 -0.423000 0.516999
vn  0.000000 0.047191 0.998886
vn  -0.547460 -0.836832 0.000000
vn  -0.483226 -0.724839 0.491020
vn  0.000000 0.047191 0.998886
vn  -0.015623 -0.999878 0.000000
vn  -0.015680 -0.909447 0.415523
vn  0.000000 0.047191 0.998886
vn  0.007873 0.992003 0.125969
vn  -0.015745 0.991911 0.125957
vn  -0.015745 0.991911 0.125957
vn  0.007873 0.992003 0.125969
vn  0.007841 -0.909531 0.415562
vn  -0.015623 -0.999878 0.000000
vn  0.007812 -0.999969 0.000000
vn  -0.015680 -0.909447 0.415523
vn  0.000000 0.047191 0.998886
vn  0.000000 0.047191 0.998886
vn  0.007812 -0.999969 0.000000
vn  0.007812 -0.999969 0.000000
vn  0.532813 -0.846233 0.000000
vn  0.541948 -0.840412 0.000000
vn  0.849762 -0.527167 0.000000
vn  0.855409 -0.517954 0.000000
vn  0.999876 -0.015746 0.000000
vn  0.999969 -0.007874 0.000000
vn  0.997498 0.070689 0.000000
vn  0.997498 0.070689 0.000000
vn  0.847553 0.530711 0.000000
vn  0.843986 0.536365 0.000000
vn  0.536365 0.843986 0.000000
vn  0.536365 0.843986 0.000000
vn  0.007874 0.999969 0.000000
vn  0.007874 0.999969 0.000000
vn  -0.015746 0.999876 0.000000
vn  -0.015746 0.999876 0.000000
vn  -0.541948 0.840412 0.000000
vn  -0.541948 0.840412 0.000000
vn  -0.846233 0.532813 0.000000
vn  -0.849762 0.527167 0.000000
vn  -0.997537 0.070139 0.000000
vn  -0.997537 0.070139 0.000000
vn  -0.999969 -0.007812 0.000000
vn  -0.999878 -0.015623 0.000000
vn  -0.857493 -0.514496 0.000000
vn  -0.851927 -0.523661 0.000000
vn  -0.547460 -0.836832 0.000000
vn  -0.538389 -0.842696 0.000000
vn  -0.015623 -0.999878 0.000000
vn  -0.015623 -0.999878 0.000000
vn  -0.015668 -0.916583 0.399536
vn  0.007835 -0.916668 0.399573
vn  -0.015668 -0.916583 0.399536
vn  0.007835 -0.916668 0.399573
vn  0.007835 -0.916668 0.399573
vn  0.402161 -0.788551 0.465245
vn  0.007835 -0.916668 0.399573
vn  0.653949 -0.614554 0.441219
vn  0.813651 -0.426574 0.394976
vn  0.969587 -0.063063 0.236485
vn  0.969587 -0.063063 0.236485
vn  0.975320 0.015731 0.220234
vn  0.975169 0.023593 0.220200
vn  0.868541 0.457958 0.189500
vn  0.689132 0.697053 0.198026
vn  0.468697 0.865898 0.174768
vn  0.007873 0.992003 0.125969
vn  0.007873 0.992003 0.125969
vn  0.000000 0.000000 1.000000
vn  -0.015746 0.007873 0.999845
vn  0.000000 0.000000 1.000000
vn  -0.015746 0.007873 0.999845
vn  -0.015738 0.031477 0.999381
vn  -0.015738 0.031477 0.999381
vn  0.000000 0.039340 0.999226
vn  0.000000 0.047191 0.998886
vn  0.000000 0.039340 0.999226
vn  0.000000 0.039340 0.999226
vn  0.007872 0.023615 0.999690
vn  0.007872 0.023615 0.999690
vn  0.007874 0.007874 0.999938
vn  0.007874 0.007874 0.999938
vn  0.000000 0.000000 1.000000
vn  0.000000 0.000000 1.000000
vn  0.000000 0.000000 1.000000
vn  0.000000 0.000000 1.000000
vn  -0.015746 0.007873 0.999845
vn  -0.015746 0.007873 0.999845
vn  -0.015742 0.023613 0.999597
vn  -0.015742 0.023613 0.999597
vn  0.000000 0.039340 0.999226
vn  0.000000 0.039340 0.999226
vn  0.000000 0.039340 0.999226
vn  0.000000 0.047191 0.998886
vn  0.007870 0.031479 0.999473
vn  0.007870 0.031479 0.999473
vn  0.007874 0.007874 0.999938
vn  0.007874 0.007874 0.999938
vn  0.000000 0.000000 1.000000
vn  0.000000 0.000000 1.000000
vn  0.000000 0.000000 1.000000
vn  0.000000 0.000000 1.000000
vn  0.007812 -0.999969 0.000000
vn  -0.015623 -0.999878 0.000000
vn  -0.015623 -0.999878 0.000000
vn  0.007812 -0.999969 0.000000
vn  0.000000 0.000000 1.000000
vn  0.000000 0.000000 1.000000
vn  0.000000 0.000000 1.000000
vn  0.000000 0.000000 1.000000
vn  0.000000 0.000000 1.000000
vn  0.000000 0.000000 1.000000
vn  0.000000 0.994720 0.102630
vn  0.000000 0.994720 0.102630
vn  0.000000 0.934362 0.356325
vn  0.000000 0.934362 0.356325
vn  0.000000 0.173336 0.984863
vn  0.000000 0.173336 0.984863
vn  0.000000 0.141421 0.989950
vn  0.000000 0.141421 0.989950
vn  0.000000 0.150274 0.988644
vn  0.000000 0.150274 0.988644
vn  0.000000 0.150274 0.988644
vn  0.000000 0.150274 0.988644
vn  -0.834930 -0.086644 0.543492
vn  -0.677060 0.417258 0.606205
vn  -0.834930 -0.086644 0.543492
vn  -0.824068 -0.102027 0.557227
vn  -0.810170 -0.117986 0.574198
vn  -0.431442 -0.431442 0.792285
vn  -0.431442 -0.431442 0.792285
vn  -0.023540 -0.674826 0.737601
vn  -0.007852 -0.683136 0.730249
vn  -0.023540 -0.674826 0.737601
vn  0.015696 -0.674930 0.737715
vn  -0.007852 -0.683136 0.730249
vn  0.000000 -0.683157 0.730271
vn  0.832521 -0.087216 0.547085
vn  0.832521 -0.087216 0.547085
vn  0.672762 0.419487 0.609444
vn  0.821525 -0.102691 0.560849
vn  0.807441 -0.118741 0.577875
vn  0.425026 -0.432896 0.794955
vn  0.425026 -0.432896 0.794955
vn  0.015696 -0.674930 0.737715
vn  0.000000 -0.683157 0.730271
vn  -0.993948 0.109569 0.007826
vn  -0.995291 0.094043 0.023511
vn  -0.993948 0.109569 -0.007826
vn  -0.993948 0.109569 -0.007826
vn  -0.999878 -0.015623 0.000000
vn  -0.998022 -0.062376 0.007797
vn  -0.586493 -0.797630 0.140758
vn  -0.553961 -0.819238 0.148243
vn  0.000000 -0.985097 0.172001
vn  0.000000 -0.985097 0.172001
vn  -0.387828 0.862719 0.324509
vn  0.000000 0.649486 0.760374
vn  0.000000 0.937939 0.346801
vn  -0.142311 0.513902 0.845962
vn  0.000000 0.649486 0.760374
vn  0.378469 0.867326 0.323276
vn  0.000000 0.937939 0.346801
vn  0.134552 0.514465 0.846889
vn  0.993853 0.110428 -0.007888
vn  0.995371 0.094797 0.015800
vn  0.993884 0.110432 0.000000
vn  0.993760 0.110418 -0.015774
vn  0.999876 -0.015746 0.000000
vn  0.997991 -0.062866 0.007858
vn  0.581327 -0.801289 0.141404
vn  0.548518 -0.822777 0.148883
vn  0.000000 -0.985097 0.172001
vn  0.000000 -0.985097 0.172001
vn  0.000000 0.062868 0.998022
vn  -0.015756 0.173314 0.984741
vn  0.078958 0.063167 0.994875
vn  0.000000 0.180962 0.983490
vn  0.000000 0.062868 0.998022
vn  -0.142311 0.513902 0.845962
vn  -0.007858 0.062866 0.997991
vn  0.000000 0.649486 0.760374
vn  0.134552 0.514465 0.846889
vn  0.007879 0.173330 0.984832
vn  -0.086797 0.063125 0.994224
vn  -0.703963 0.696141 0.140793
vn  0.253069 0.956918 0.142351
vn  -0.703963 0.696141 0.140793
vn  0.253069 0.956918 0.142351
vn  0.956918 0.253069 0.142351
vn  0.956918 0.253069 0.142351
vn  0.696141 -0.703963 0.140793
vn  0.696141 -0.703963 0.140793
vn  -0.258500 -0.955666 0.141000
vn  -0.258500 -0.955666 0.141000
vn  -0.955666 -0.258500 0.141000
vn  -0.955666 -0.258500 0.141000
vn  -0.703963 0.696141 0.140793
vn  -0.703963 0.696141 0.140793
vn  0.000000 0.000000 1.000000
vn  0.000000 0.000000 1.000000
vn  0.000000 0.000000 1.000000
vn  0.000000 0.000000 1.000000
vn  0.000000 0.000000 1.000000
vn  0.000000 0.000000 1.000000
vn  -0.260449 0.954979 0.142063
vn  0.699985 0.699985 0.141570
vn  0.699985 0.699985 0.141570
vn  -0.260449 0.954979 0.142063
vn  -0.957577 0.251168 0.141282
vn  -0.957577 0.251168 0.141282
vn  -0.700140 -0.700140 0.140028
vn  -0.700140 -0.700140 0.140028
vn  0.251168 -0.957577 0.141282
vn  0.251168 -0.957577 0.141282
vn  0.954979 -0.260449 0.142063
vn  0.954979 -0.260449 0.142063
vn  0.699985 0.699985 0.141570
vn  0.699985 0.699985 0.141570
vn  0.000000 0.000000 1.000000
vn  0.000000 0.000000 1.000000
vn  0.000000 0.000000 1.000000
vn  0.000000 0.000000 1.000000
vn  0.000000 0.000000 1.000000
vn  0.000000 0.000000 1.000000
vn  -0.313873 0.949465 0.000000
vn  0.306773 0.951783 0.000000
vn  0.306773 0.951783 0.000000
vn  -0.313873 0.949465 0.000000
vn  -1.000000 0.000000 0.000000
vn  -1.000000 0.000000 0.000000
vn  -0.311551 -0.950229 0.000000
vn  -0.311551 -0.950229 0.000000
vn  0.304492 -0.952515 0.000000
vn  0.304492 -0.952515 0.000000
vn  -0.313873 0.949465 0.000000
vn  0.306773 0.951783 0.000000
vn  -0.313873 0.949465 0.000000
vn  0.306773 0.951783 0.000000
vn  1.000000 0.000000 0.000000
vn  1.000000 0.000000 0.000000
vn  0.304492 -0.952515 0.000000
vn  0.304492 -0.952515 0.000000
vn  -0.311551 -0.950229 0.000000
vn  -0.311551 -0.950229 0.000000
vn  0.305603 -0.924645 0.227243
vn  -0.312681 -0.922410 0.226694
vn  0.305603 -0.924645 0.227243
vn  -0.312681 -0.922410 0.226694
vn  -1.000000 0.000000 0.000000
vn  -1.000000 0.000000 0.000000
vn  -0.314376 0.919551 -0.235782
vn  -0.314376 0.919551 -0.235782
vn  0.307268 0.921803 -0.236360
vn  0.307268 0.921803 -0.236360
vn  0.305603 -0.924645 0.227243
vn  -0.312681 -0.922410 0.226694
vn  -0.312681 -0.922410 0.226694
vn  0.305603 -0.924645 0.227243
vn  1.000000 0.000000 0.000000
vn  1.000000 0.000000 0.000000
vn  0.307268 0.921803 -0.236360
vn  0.307268 0.921803 -0.236360
vn  -0.314376 0.919551 -0.235782
vn  -0.314376 0.919551 -0.235782
vn  0.995994 -0.023527 -0.086267
vn  0.996239 -0.007844 -0.086288
vn  0.995994 -0.023527 -0.086267
vn  0.996239 -0.007844 -0.086288
vn  0.996270 0.000000 -0.086291
vn  0.996270 0.000000 -0.086291
vn  0.000000 -0.109572 -0.993979
vn  0.000000 0.023431 -0.999725
vn  0.000000 0.023431 -0.999725
vn  0.000000 -0.109572 -0.993979
vn  0.000000 -0.242536 -0.970142
vn  0.000000 -0.242536 -0.970142
vn  -0.996297 -0.007784 -0.085619
vn  -0.996056 -0.023345 -0.085599
vn  -0.996056 -0.023345 -0.085599
vn  -0.996297 -0.007784 -0.085619
vn  -0.996328 0.000000 -0.085622
vn  -0.996328 0.000000 -0.085622
vn  -1.000000 0.000000 0.000000
vn  -1.000000 0.000000 0.000000
vn  -1.000000 0.000000 0.000000
vn  -1.000000 0.000000 0.000000
vn  -1.000000 0.000000 0.000000
vn  -1.000000 0.000000 0.000000
vn  -0.125318 0.728410 -0.673583
vn  0.357391 0.778317 0.516231
vn  0.110662 0.766733 0.632357
vn  0.007858 0.997991 -0.062866
vn  0.157383 0.747568 -0.645269
vn  -0.039296 0.990255 0.133606
vn  -0.165725 0.757598 0.631332
vn  0.449712 0.757410 -0.473381
vn  -0.109855 0.988699 0.102009
vn  0.039296 0.998114 -0.047155
vn  -0.474787 0.735920 0.482700
vn  0.614955 0.772636 -0.157681
vn  0.047186 0.998762 -0.015729
vn  -0.157912 0.986948 0.031582
vn  -0.661069 0.731898 0.165267
vn  -0.141312 0.989187 -0.039253
vn  0.055033 0.998454 0.007862
vn  -0.653847 0.732624 -0.189064
vn  0.616221 0.766326 0.181706
vn  0.039309 0.998454 0.039309
vn  -0.109855 0.988699 -0.102009
vn  0.459335 0.760278 0.459335
vn  -0.479899 0.739516 -0.472031
vn  -0.039296 0.990255 -0.133606
vn  0.007862 0.998454 0.055033
vn  -0.211552 0.736513 -0.642490
vn  0.174247 0.760350 0.625705
vn  0.000000 0.992034 -0.125973
vn  0.000000 0.737805 -0.675013
vn  0.000000 0.997498 0.070689
vn  -0.023633 0.756257 0.653847
vn  0.079022 0.987780 -0.134338
vn  0.259288 0.746437 -0.612864
vn  0.000000 0.993884 0.110432
vn  -0.039423 0.741146 0.670185
vn  0.677333 0.708837 -0.196899
vn  0.277307 0.958688 -0.063384
vn  0.197581 0.972097 0.126452
vn  0.539326 0.729676 0.420357
vn  0.000000 -1.000000 0.000000
vn  0.000000 -1.000000 0.000000
vn  0.000000 -1.000000 0.000000
vn  0.000000 -1.000000 0.000000
vn  0.000000 0.937939 0.346801
vn  0.000000 1.000000 0.000000
vn  0.000000 1.000000 0.000000
vn  0.000000 0.937939 0.346801
vn  0.000000 0.884747 0.466072
vn  0.000000 0.884747 0.466072
vn  0.000000 0.756469 0.654030
vn  0.000000 0.756469 0.654030
vn  0.000000 0.150274 0.988644
vn  0.000000 0.150274 0.988644
vn  -1.000000 0.000000 0.000000
vn  -1.000000 0.000000 0.000000
vn  -1.000000 0.000000 0.000000
vn  -1.000000 0.000000 0.000000
vn  -1.000000 0.000000 0.000000
vn  -1.000000 0.000000 0.000000
vn  1.000000 0.000000 0.000000
vn  1.000000 0.000000 0.000000
vn  1.000000 0.000000 0.000000
vn  1.000000 0.000000 0.000000
vn  1.000000 0.000000 0.000000
vn  1.000000 0.000000 0.000000
vn  0.000000 -1.000000 0.000000
vn  0.000000 -1.000000 0.000000
vn  0.000000 -1.000000 0.000000
vn  0.000000 -1.000000 0.000000
vn  -1.000000 0.000000 0.000000
vn  -1.000000 0.000000 0.000000
vn  -1.000000 0.000000 0.000000
vn  -1.000000 0.000000 0.000000
vn  -1.000000 0.000000 0.000000
vn  -1.000000 0.000000 0.000000
vn  -1.000000 0.000000 0.000000
vn  -1.000000 0.000000 0.000000
vn  -1.000000 0.000000 0.000000
vn  0.000000 0.000000 -1.000000
vn  0.000000 0.000000 -1.000000
vn  0.000000 0.619899 -0.784682
vn  0.000000 0.619899 -0.784682
vn  0.000000 0.999969 -0.007874
vn  0.000000 0.999969 -0.007874
vn  0.000000 1.000000 0.000000
vn  0.000000 1.000000 0.000000
vn  0.000000 0.925169 0.379556
vn  0.000000 0.925169 0.379556
vn  0.000000 0.379556 0.925169
vn  0.000000 0.379556 0.925169
vn  0.000000 0.000000 -1.000000
vn  0.000000 0.000000 -1.000000
vn  0.000000 0.000000 -1.000000
vn  0.000000 0.000000 -1.000000
vn  0.000000 0.000000 1.000000
vn  0.000000 0.015746 0.999876
vn  0.000000 0.000000 1.000000
vn  0.000000 0.015746 0.999876
vn  0.000000 0.379556 0.925169
vn  0.000000 0.379556 0.925169
vn  0.000000 -1.000000 0.000000
vn  0.000000 -1.000000 0.000000
vn  0.000000 -1.000000 0.000000
vn  0.000000 -1.000000 0.000000
vn  1.000000 0.000000 0.000000
vn  1.000000 0.000000 0.000000
vn  1.000000 0.000000 0.000000
vn  1.000000 0.000000 0.000000
vn  1.000000 0.000000 0.000000
vn  1.000000 0.000000 0.000000
vn  1.000000 0.000000 0.000000
vn  1.000000 0.000000 0.000000
vn  1.000000 0.000000 0.000000
vn  0.000000 0.000000 -1.000000
vn  0.000000 0.000000 -1.000000
vn  0.000000 0.619899 -0.784682
vn  0.000000 0.619899 -0.784682
vn  0.000000 0.999969 -0.007874
vn  0.000000 0.999969 -0.007874
vn  0.000000 1.000000 0.000000
vn  0.000000 1.000000 0.000000
vn  0.000000 0.925169 0.379556
vn  0.000000 0.925169 0.379556
vn  0.000000 0.379556 0.925169
vn  0.000000 0.379556 0.925169
vn  0.000000 0.000000 -1.000000
vn  0.000000 0.000000 -1.000000
vn  0.000000 0.000000 -1.000000
vn  0.000000 0.000000 -1.000000
vn  0.000000 0.015746 0.999876
vn  0.000000 0.000000 1.000000
vn  0.000000 0.000000 1.000000
vn  0.000000 0.015746 0.999876
vn  0.000000 0.379556 0.925169
vn  0.000000 0.379556 0.925169
vn  0.000000 0.227726 0.973725
vn  0.000000 0.227726 0.973725
vn  0.000000 0.227726 0.973725
vn  0.000000 0.227726 0.973725
vn  -0.985097 0.172001 0.000000
vn  -0.985097 0.172001 0.000000
vn  -0.985097 0.172001 0.000000
vn  -0.985097 0.172001 0.000000
vn  0.986180 0.165678 0.000000
vn  0.986180 0.165678 0.000000
vn  0.986180 0.165678 0.000000
vn  0.986180 0.165678 0.000000
vn  0.000000 0.982062 0.188556
vn  0.000000 0.982062 0.188556
vn  0.000000 0.982062 0.188556
vn  0.000000 0.982062 0.188556
vn  0.291321 0.952697 0.086609
vn  0.785096 0.602700 0.142745
vn  0.785096 0.602700 0.142745
vn  0.291321 0.952697 0.086609
vn  -0.298501 0.950490 0.086408
vn  -0.298501 0.950490 0.086408
vn  -0.788110 0.598964 0.141860
vn  -0.788110 0.598964 0.141860
vn  -0.971481 0.031338 0.235036
vn  -0.971481 0.031338 0.235036
vn  -0.784392 -0.525543 0.329445
vn  -0.784392 -0.525543 0.329445
vn  -0.297959 -0.870354 0.392051
vn  -0.297959 -0.870354 0.392051
vn  0.290789 -0.872368 0.392958
vn  0.290789 -0.872368 0.392958
vn  0.781346 -0.528790 0.331480
vn  0.781346 -0.528790 0.331480
vn  0.971036 0.031578 0.236838
vn  0.971036 0.031578 0.236838
vn  0.785096 0.602700 0.142745
vn  0.785096 0.602700 0.142745
vn  0.000000 0.157990 0.987441
vn  0.000000 0.157990 0.987441
vn  0.000000 0.157990 0.987441
vn  0.000000 0.157990 0.987441
vn  0.000000 0.157990 0.987441
vn  0.000000 0.157990 0.987441
vn  0.000000 0.157990 0.987441
vn  0.000000 0.157990 0.987441
vn  0.000000 0.157990 0.987441
vn  0.000000 0.157990 0.987441
vn  0.039296 0.998114 -0.047155
vn  0.994720 -0.102630 0.000000
vn  0.644313 -0.062860 -0.762175
vn  0.039340 0.999226 0.000000
vn  -0.133709 0.991021 0.000000
vn  -0.133560 0.989919 -0.047139
vn  0.644313 -0.062860 -0.762175
vn  -0.308120 0.948061 -0.079005
vn  0.000000 0.000000 -1.000000
vn  -0.346801 0.937939 0.000000
vn  0.000000 0.000000 -1.000000
vn  -0.007865 0.990990 -0.133705
vn  -0.077888 0.000000 -0.996962
vn  -0.055260 0.994689 -0.086838
vn  -0.546858 0.046874 -0.835912
vn  -0.086838 0.994689 -0.055260
vn  -0.843647 0.078115 -0.531185
vn  -0.843647 0.078115 -0.531185
vn  -0.079027 0.995744 -0.047416
vn  -0.062922 0.991021 -0.117979
vn  -0.071105 0.995464 -0.063204
vn  -0.102550 0.993946 -0.039442
vn  -0.453111 0.039061 -0.890598
vn  -0.929291 0.085901 -0.359222
vn  -0.775856 0.070532 -0.626955
vn  -0.775856 0.070532 -0.626955
vn  -0.994802 -0.101830 0.000000
vn  -0.047139 0.997775 -0.047139
vn  -0.648873 -0.062542 -0.758322
vn  -0.047191 0.998886 0.000000
vn  0.125973 0.992034 0.000000
vn  0.125832 0.990929 -0.047187
vn  -0.648873 -0.062542 -0.758322
vn  0.300943 0.950348 -0.079196
vn  0.000000 0.000000 -1.000000
vn  0.339839 0.940484 0.000000
vn  0.000000 0.000000 -1.000000
vn  0.000000 0.991021 -0.133709
vn  0.070139 0.000000 -0.997537
vn  0.047385 0.995092 -0.086873
vn  0.541347 0.047074 -0.839480
vn  0.078995 0.995340 -0.055297
vn  0.841373 0.078633 -0.534704
vn  0.841373 0.078633 -0.534704
vn  0.071167 0.996335 -0.047445
vn  0.055082 0.991481 -0.118033
vn  0.063238 0.995993 -0.063238
vn  0.094735 0.994720 -0.039473
vn  0.446870 0.039199 -0.893740
vn  0.928214 0.086528 -0.361846
vn  0.772708 0.070963 -0.630782
vn  0.772708 0.070963 -0.630782
vn  -0.456636 0.889653 0.000000
vn  -0.987636 -0.156768 0.000000
vn  -0.987636 -0.156768 0.000000
vn  -0.456636 0.889653 0.000000
vn  0.707107 0.707107 0.000000
vn  0.707107 0.707107 0.000000
vn  0.889653 -0.456636 0.000000
vn  0.889653 -0.456636 0.000000
vn  -0.156768 -0.987636 0.000000
vn  -0.156768 -0.987636 0.000000
vn  -0.987636 -0.156768 0.000000
vn  -0.987636 -0.156768 0.000000
vn  0.987441 -0.157990 0.000000
vn  0.987441 -0.157990 0.000000
vn  0.450371 0.892841 0.000000
vn  0.450371 0.892841 0.000000
vn  -0.711003 0.703189 0.000000
vn  -0.711003 0.703189 0.000000
vn  -0.891278 -0.453457 0.000000
vn  -0.891278 -0.453457 0.000000
vn  0.149108 -0.988821 0.000000
vn  0.149108 -0.988821 0.000000
vn  0.987441 -0.157990 0.000000
vn  0.987441 -0.157990 0.000000
vn  0.150274 0.988644 0.000000
vn  0.988644 0.150274 0.000000
vn  0.988644 0.150274 0.000000
vn  0.150274 0.988644 0.000000
vn  -0.894427 0.447214 0.000000
vn  -0.894427 0.447214 0.000000
vn  -0.707107 -0.707107 0.000000
vn  -0.707107 -0.707107 0.000000
vn  0.447214 -0.894427 0.000000
vn  0.447214 -0.894427 0.000000
vn  0.988644 0.150274 0.000000
vn  0.988644 0.150274 0.000000
vn  -1.000000 0.000000 0.000000
vn  -1.000000 0.000000 0.000000
vn  -1.000000 0.000000 0.000000
vn  -1.000000 0.000000 0.000000
vn  -1.000000 0.000000 0.000000
vn  -1.000000 0.000000 0.000000
vn  -1.000000 0.000000 0.000000
vn  -1.000000 0.000000 0.000000
vn  -1.000000 0.000000 0.000000
vn  -1.000000 0.000000 0.000000
vn  0.000000 -1.000000 0.000000
vn  0.000000 -1.000000 0.000000
vn  0.000000 -1.000000 0.000000
vn  0.000000 -1.000000 0.000000
vn  0.000000 -0.109572 -0.993979
vn  0.000000 0.023431 -0.999725
vn  0.000000 0.023431 -0.999725
vn  0.000000 -0.109572 -0.993979
vn  0.000000 -0.242536 -0.970142
vn  0.000000 -0.242536 -0.970142
vn  -1.000000 0.000000 0.000000
vn  -1.000000 0.000000 0.000000
vn  -1.000000 0.000000 0.000000
vn  -1.000000 0.000000 0.000000
vn  -1.000000 0.000000 0.000000
vn  -1.000000 0.000000 0.000000
vn  0.000000 -0.109572 -0.993979
vn  0.000000 0.023431 -0.999725
vn  0.000000 0.023431 -0.999725
vn  0.000000 -0.109572 -0.993979
vn  0.000000 -0.242536 -0.970142
vn  0.000000 -0.242536 -0.970142
vn  -1.000000 0.000000 0.000000
vn  -1.000000 0.000000 0.000000
vn  -1.000000 0.000000 0.000000
vn  -1.000000 0.000000 0.000000
vn  -1.000000 0.000000 0.000000
vn  -1.000000 0.000000 0.000000
vn  0.000000 -0.109572 -0.993979
vn  0.000000 0.023431 -0.999725
vn  0.000000 0.023431 -0.999725
vn  0.000000 -0.109572 -0.993979
vn  0.000000 -0.242536 -0.970142
vn  0.000000 -0.242536 -0.970142
vn  1.000000 0.000000 0.000000
vn  1.000000 0.000000 0.000000
vn  1.000000 0.000000 0.000000
vn  1.000000 0.000000 0.000000
vn  1.000000 0.000000 0.000000
vn  1.000000 0.000000 0.000000
vn  0.000000 -0.109572 -0.993979
vn  0.000000 0.023431 -0.999725
vn  0.000000 0.023431 -0.999725
vn  0.000000 -0.109572 -0.993979
vn  0.000000 -0.242536 -0.970142
vn  0.000000 -0.242536 -0.970142
vn  1.000000 0.000000 0.000000
vn  1.000000 0.000000 0.000000
vn  1.000000 0.000000 0.000000
vn  1.000000 0.000000 0.000000
vn  1.000000 0.000000 0.000000
vn  1.000000 0.000000 0.000000
vn  1.000000 0.000000 0.000000
vn  1.000000 0.000000 0.000000
vn  1.000000 0.000000 0.000000
vn  1.000000 0.000000 0.000000
vn  1.000000 0.000000 0.000000
vn  1.000000 0.000000 0.000000
vn  1.000000 0.000000 0.000000
vn  1.000000 0.000000 0.000000
vn  1.000000 0.000000 0.000000
vn  1.000000 0.000000 0.000000
vn  1.000000 0.000000 0.000000
vn  1.000000 0.000000 0.000000
vn  1.000000 0.000000 0.000000
vn  1.000000 0.000000 0.000000
vn  1.000000 0.000000 0.000000
vn  1.000000 0.000000 0.000000
vn  0.000000 -1.000000 0.000000
vn  0.000000 -1.000000 0.000000
vn  0.000000 -1.000000 0.000000
vn  0.000000 -1.000000 0.000000
vn  1.000000 0.000000 0.000000
vn  1.000000 0.000000 0.000000
vn  1.000000 0.000000 0.000000
vn  1.000000 0.000000 0.000000
vn  1.000000 0.000000 0.000000
vn  1.000000 0.000000 0.000000
vn  1.000000 0.000000 0.000000
vn  1.000000 0.000000 0.000000
vn  1.000000 0.000000 0.000000
vn  1.000000 0.000000 0.000000
vn  1.000000 0.000000 0.000000
vn  1.000000 0.000000 0.000000
vn  1.000000 0.000000 0.000000
vn  1.000000 0.000000 0.000000
vn  1.000000 0.000000 0.000000
vn  1.000000 0.000000 0.000000
vn  1.000000 0.000000 0.000000
vn  1.000000 0.000000 0.000000
vn  0.000000 0.996270 -0.086291
vn  0.000000 1.000000 0.000000
vn  0.000000 1.000000 0.000000
vn  0.000000 0.996270 -0.086291
vn  0.000000 0.619899 -0.784682
vn  0.000000 0.619899 -0.784682
vn  0.000000 0.070139 -0.997537
vn  0.000000 0.070139 -0.997537
vn  0.000000 -0.094069 -0.995566
vn  0.000000 -0.094069 -0.995566
vn  0.000000 -0.552902 -0.833246
vn  0.000000 -0.552902 -0.833246
vn  0.000000 -0.814791 -0.579755
vn  0.000000 -0.814791 -0.579755
vn  0.000000 -0.985097 -0.172001
vn  0.000000 -0.985097 -0.172001
vn  0.000000 -0.990105 -0.140330
vn  0.000000 -0.990105 -0.140330
vn  -1.000000 0.000000 0.000000
vn  -1.000000 0.000000 0.000000
vn  -1.000000 0.000000 0.000000
vn  -1.000000 0.000000 0.000000
vn  -1.000000 0.000000 0.000000
vn  -1.000000 0.000000 0.000000
vn  -1.000000 0.000000 0.000000
vn  -1.000000 0.000000 0.000000
vn  -1.000000 0.000000 0.000000
vn  -1.000000 0.000000 0.000000
vn  -1.000000 0.000000 0.000000
vn  -1.000000 0.000000 0.000000
vn  -1.000000 0.000000 0.000000
vn  -1.000000 0.000000 0.000000
vn  -1.000000 0.000000 0.000000
vn  -1.000000 0.000000 0.000000
vn  -1.000000 0.000000 0.000000
vn  -1.000000 0.000000 0.000000
vn  0.000000 1.000000 0.000000
vn  0.000000 0.996270 -0.086291
vn  0.000000 1.000000 0.000000
vn  0.000000 0.996270 -0.086291
vn  0.000000 0.619899 -0.784682
vn  0.000000 0.619899 -0.784682
vn  0.000000 0.070139 -0.997537
vn  0.000000 0.070139 -0.997537
vn  0.000000 -0.094069 -0.995566
vn  0.000000 -0.094069 -0.995566
vn  0.000000 -0.552902 -0.833246
vn  0.000000 -0.552902 -0.833246
vn  0.000000 -0.814791 -0.579755
vn  0.000000 -0.814791 -0.579755
vn  0.000000 -0.985097 -0.172001
vn  0.000000 -0.985097 -0.172001
vn  0.000000 -0.990105 -0.140330
vn  0.000000 -0.990105 -0.140330
vn  0.443482 0.791932 0.419724
vn  0.443482 0.791932 0.419724
vn  0.000000 1.000000 0.000000
vn  0.000000 1.000000 0.000000
vn  -0.448319 0.786524 -0.424723
vn  -0.448319 0.786524 -0.424723
vn  0.000000 1.000000 0.000000
vn  0.443384 0.760088 -0.475055
vn  0.443384 0.760088 -0.475055
vn  0.000000 1.000000 0.000000
vn  -0.402951 0.813803 0.418753
vn  -0.402951 0.813803 0.418753
vn  0.000000 1.000000 0.000000
vn  -0.425236 0.811099 -0.401612
vn  -0.425236 0.811099 -0.401612
vn  0.000000 1.000000 0.000000
vn  0.468889 0.762939 0.445048
vn  0.468889 0.762939 0.445048
vn  0.000000 1.000000 0.000000
vn  0.433326 0.772108 -0.464841
vn  0.433326 0.772108 -0.464841
vn  0.000000 1.000000 0.000000
vn  -0.418544 0.797603 0.434338
vn  -0.418544 0.797603 0.434338
vn  0.000000 1.000000 0.000000
vn  0.433326 0.772108 -0.464841
vn  0.433326 0.772108 -0.464841
vn  0.000000 1.000000 0.000000
vn  -0.418544 0.797603 0.434338
vn  -0.418544 0.797603 0.434338
vn  0.443482 0.791932 0.419724
vn  0.443482 0.791932 0.419724
vn  0.000000 1.000000 0.000000
vn  0.000000 1.000000 0.000000
vn  -0.448319 0.786524 -0.424723
vn  -0.448319 0.786524 -0.424723
vn  0.000000 1.000000 0.000000
vn  0.443384 0.760088 -0.475055
vn  0.443384 0.760088 -0.475055
vn  0.000000 1.000000 0.000000
vn  -0.402951 0.813803 0.418753
vn  -0.402951 0.813803 0.418753
vn  0.000000 1.000000 0.000000
vn  -0.425236 0.811099 -0.401612
vn  -0.425236 0.811099 -0.401612
vn  0.000000 1.000000 0.000000
vn  0.468889 0.762939 0.445048
vn  0.468889 0.762939 0.445048
vn  0.443482 0.791932 0.419724
vn  0.443482 0.791932 0.419724
vn  0.000000 1.000000 0.000000
vn  0.000000 1.000000 0.000000
vn  -0.448319 0.786524 -0.424723
vn  -0.448319 0.786524 -0.424723
vn  0.000000 1.000000 0.000000
vn  -0.418544 0.797603 0.434338
vn  -0.418544 0.797603 0.434338
vn  0.000000 1.000000 0.000000
vn  0.433326 0.772108 -0.464841
vn  0.433326 0.772108 -0.464841
vn  0.000000 1.000000 0.000000
vn  -0.425236 0.811099 -0.401612
vn  -0.425236 0.811099 -0.401612
vn  0.000000 1.000000 0.000000
vn  0.468889 0.762939 0.445048
vn  0.468889 0.762939 0.445048
vn  0.000000 1.000000 0.000000
vn  0.443384 0.760088 -0.475055
vn  0.443384 0.760088 -0.475055
vn  0.000000 1.000000 0.000000
vn  -0.402951 0.813803 0.418753
vn  -0.402951 0.813803 0.418753
vn  0.987441 0.000000 -0.157990
vn  0.892841 0.000000 0.450371
vn  0.892841 0.000000 0.450371
vn  0.987441 0.000000 -0.157990
vn  0.703189 0.000000 -0.711003
vn  0.703189 0.000000 -0.711003
vn  0.149108 0.000000 -0.988821
vn  0.149108 0.000000 -0.988821
vn  -0.453457 0.000000 -0.891278
vn  -0.453457 0.000000 -0.891278
vn  -0.891278 0.000000 -0.453457
vn  -0.891278 0.000000 -0.453457
vn  -0.988821 0.000000 0.149108
vn  -0.988821 0.000000 0.149108
vn  -0.711003 0.000000 0.703189
vn  -0.711003 0.000000 0.703189
vn  -0.157990 0.000000 0.987441
vn  -0.157990 0.000000 0.987441
vn  0.450371 0.000000 0.892841
vn  0.450371 0.000000 0.892841
vn  0.892841 0.000000 0.450371
vn  0.892841 0.000000 0.450371
vn  0.987441 0.000000 -0.157990
vn  0.892841 0.000000 0.450371
vn  0.892841 0.000000 0.450371
vn  0.987441 0.000000 -0.157990
vn  0.703189 0.000000 -0.711003
vn  0.703189 0.000000 -0.711003
vn  0.149108 0.000000 -0.988821
vn  0.149108 0.000000 -0.988821
vn  -0.453457 0.000000 -0.891278
vn  -0.453457 0.000000 -0.891278
vn  -0.891278 0.000000 -0.453457
vn  -0.891278 0.000000 -0.453457
vn  -0.988821 0.000000 0.149108
vn  -0.988821 0.000000 0.149108
vn  -0.711003 0.000000 0.703189
vn  -0.711003 0.000000 0.703189
vn  -0.157990 0.000000 0.987441
vn  -0.157990 0.000000 0.987441
vn  0.450371 0.000000 0.892841
vn  0.450371 0.000000 0.892841
vn  0.892841 0.000000 0.450371
vn  0.892841 0.000000 0.450371
vn  0.987441 0.000000 -0.157990
vn  0.892841 0.000000 0.450371
vn  0.892841 0.000000 0.450371
vn  0.987441 0.000000 -0.157990
vn  0.703189 0.000000 -0.711003
vn  0.703189 0.000000 -0.711003
vn  0.149108 0.000000 -0.988821
vn  0.149108 0.000000 -0.988821
vn  -0.453457 0.000000 -0.891278
vn  -0.453457 0.000000 -0.891278
vn  -0.891278 0.000000 -0.453457
vn  -0.891278 0.000000 -0.453457
vn  -0.988821 0.000000 0.149108
vn  -0.988821 0.000000 0.149108
vn  -0.711003 0.000000 0.703189
vn  -0.711003 0.000000 0.703189
vn  -0.157990 0.000000 0.987441
vn  -0.157990 0.000000 0.987441
vn  0.450371 0.000000 0.892841
vn  0.450371 0.000000 0.892841
vn  0.892841 0.000000 0.450371
vn  0.892841 0.000000 0.450371
vn  -0.275762 0.000000 0.961226
vn  -0.070689 0.000000 0.997498
vn  -0.275762 0.000000 0.961226
vn  -0.070689 0.000000 0.997498
vn  -0.039340 0.000000 0.999226
vn  -0.039340 0.000000 0.999226
vn  0.000000 1.000000 0.000000
vn  0.000000 1.000000 0.000000
vn  0.000000 1.000000 0.000000
vn  0.000000 1.000000 0.000000
vn  0.000000 1.000000 0.000000
vn  0.000000 1.000000 0.000000
vn  -0.273688 0.000000 -0.961819
vn  -0.070139 0.000000 -0.997537
vn  -0.273688 0.000000 -0.961819
vn  -0.070139 0.000000 -0.997537
vn  -0.039033 0.000000 -0.999238
vn  -0.039033 0.000000 -0.999238
vn  -0.961819 0.000000 -0.273688
vn  -0.997537 0.000000 -0.070139
vn  -0.961819 0.000000 -0.273688
vn  -0.997537 0.000000 -0.070139
vn  -0.999238 0.000000 -0.039033
vn  -0.999238 0.000000 -0.039033
vn  0.961226 0.000000 -0.275762
vn  0.961226 0.000000 -0.275762
vn  0.997498 0.000000 -0.070689
vn  0.997498 0.000000 -0.070689
vn  0.999226 0.000000 -0.039340
vn  0.999226 0.000000 -0.039340
vn  0.000000 1.000000 0.000000
vn  0.000000 1.000000 0.000000
vn  0.000000 1.000000 0.000000
vn  0.000000 1.000000 0.000000
vn  0.000000 1.000000 0.000000
vn  0.000000 1.000000 0.000000
vn  -0.980128 -0.188185 -0.062728
vn  -0.999695 -0.007810 -0.023430
vn  -0.993219 -0.078206 -0.086027
vn  -0.999878 -0.015623 0.000000
vn  -0.999969 -0.007812 0.000000
vn  -0.998782 -0.015606 -0.046818
vn  -1.000000 0.000000 0.000000
vn  -1.000000 0.000000 0.000000
vn  -0.980128 -0.188185 -0.062728
vn  -0.825584 -0.529620 -0.194713
vn  -0.999878 -0.015623 0.000000
vn  -0.812079 -0.530975 -0.242062
vn  -0.993219 -0.078206 -0.086027
vn  -0.007838 -0.932710 -0.360543
vn  -0.007810 -0.913784 -0.406126
vn  -0.705064 -0.493545 -0.509213
vn  -0.999695 -0.007810 -0.023430
vn  0.000000 -0.932738 -0.360554
vn  0.000000 -0.910899 -0.412629
vn  -0.007818 -0.633218 -0.773934
vn  -0.781512 -0.132857 -0.609580
vn  -0.998782 -0.015606 -0.046818
vn  -0.007832 -0.203635 -0.979015
vn  -0.771720 -0.124722 -0.623612
vn  0.000000 -0.633238 -0.773957
vn  0.000000 -0.203641 -0.979046
vn  0.000000 -0.633238 -0.773957
vn  0.000000 -0.913812 -0.406138
vn  0.000000 -0.932738 -0.360554
vn  0.000000 -0.187112 -0.982339
vn  -0.007796 -0.187106 -0.982309
vn  0.000000 -0.203641 -0.979046
vn  0.778442 -0.133672 -0.613318
vn  0.701092 -0.496278 -0.512033
vn  0.809394 -0.534357 -0.243604
vn  0.823080 -0.533042 -0.195971
vn  0.000000 -0.187112 -0.982339
vn  0.768539 -0.125476 -0.627379
vn  0.999690 -0.007872 -0.023615
vn  0.998762 -0.015729 -0.047186
vn  0.993112 -0.078818 -0.086700
vn  0.979816 -0.189642 -0.063214
vn  0.999876 -0.015746 0.000000
vn  0.999690 -0.007872 -0.023615
vn  0.979816 -0.189642 -0.063214
vn  0.993112 -0.078818 -0.086700
vn  0.999876 -0.015746 0.000000
vn  0.999969 -0.007874 0.000000
vn  0.998762 -0.015729 -0.047186
vn  1.000000 0.000000 0.000000
vn  1.000000 0.000000 0.000000
vn  1.000000 0.000000 0.000000
vn  1.000000 0.000000 0.000000
vn  1.000000 0.000000 0.000000
vn  1.000000 0.000000 0.000000
vn  0.000000 0.000000 1.000000
vn  0.000000 0.000000 1.000000
vn  0.000000 0.000000 1.000000
vn  0.000000 0.000000 1.000000
vn  0.000000 0.000000 1.000000
vn  0.000000 0.000000 1.000000
vn  0.000000 0.000000 1.000000
vn  0.000000 0.000000 1.000000
vn  0.000000 0.000000 1.000000
vn  0.000000 0.000000 1.000000
vn  0.000000 0.000000 1.000000
vn  0.000000 0.000000 1.000000
vn  -1.000000 0.000000 0.000000
vn  -1.000000 0.000000 0.000000
vn  -1.000000 0.000000 0.000000
vn  -1.000000 0.000000 0.000000
vn  1.000000 0.000000 0.000000
vn  1.000000 0.000000 0.000000
vn  1.000000 0.000000 0.000000
vn  1.000000 0.000000 0.000000
vn  0.055035 0.998484 0.000000
vn  0.055035 0.998484 0.000000
vn  0.055035 0.998484 0.000000
vn  0.055035 0.998484 0.000000
vn  0.000000 1.000000 0.000000
vn  0.000000 1.000000 0.000000
vn  0.000000 1.000000 0.000000
vn  0.000000 1.000000 0.000000
vn  0.000000 1.000000 0.000000
vn  -0.062868 0.998022 0.000000
vn  0.000000 1.000000 0.000000
vn  0.000000 1.000000 0.000000
vn  0.000000 1.000000 0.000000
vn  0.000000 1.000000 0.000000
vn  0.000000 1.000000 0.000000
vn  -0.062868 0.998022 0.000000
vn  -0.062868 0.998022 0.000000
vn  -0.062868 0.998022 0.000000
vn  0.000000 1.000000 0.000000
vn  0.000000 1.000000 0.000000
vn  -1.000000 0.000000 0.000000
vn  -1.000000 0.000000 0.000000
vn  -1.000000 0.000000 0.000000
vn  -1.000000 0.000000 0.000000
vn  0.905175 -0.425039 0.000000
vn  0.905175 -0.425039 0.000000
vn  0.327905 -0.944678 0.007807
vn  0.478303 -0.878195 0.000000
vn  -0.737805 -0.675013 0.000000
vn  -0.750711 -0.656872 0.070379
vn  -0.990105 -0.140330 0.000000
vn  -0.642490 -0.611149 0.462280
vn  -0.984465 -0.148451 0.093759
vn  -0.125414 -0.987636 0.094061
vn  -0.800375 -0.149090 0.580665
vn  -0.353455 -0.612656 0.706910
vn  -0.448471 -0.149491 0.881207
vn  -0.070535 -0.987484 0.141069
vn  -0.039398 -0.661889 0.748565
vn  -0.047088 -0.141264 0.988851
vn  -0.007828 -0.986364 0.164394
vn  -0.110182 -0.141662 0.983764
vn  -0.070465 -0.735971 0.673335
vn  -0.023479 -0.986122 0.164354
vn  -0.699185 -0.149264 0.699185
vn  -0.462777 -0.760837 0.454933
vn  -0.117597 -0.987818 0.101918
vn  -0.733882 -0.679232 0.007807
vn  -0.989985 -0.140313 0.015590
vn  0.468965 -0.883217 0.000000
vn  -0.991039 -0.132659 -0.015607
vn  -0.989985 -0.140313 0.015590
vn  -0.733882 -0.679232 0.007807
vn  -0.733815 -0.679169 -0.015613
vn  0.468965 -0.883217 0.000000
vn  0.493590 -0.869659 0.007835
vn  0.905175 -0.425039 0.000000
vn  0.905063 -0.424986 0.015740
vn  -0.699985 -0.424710 0.574145
vn  -0.478303 -0.878195 0.000000
vn  -0.906471 -0.421978 0.015629
vn  -0.265982 -0.938761 0.219044
vn  0.164394 -0.986364 -0.007828
vn  0.000000 -0.965843 0.259129
vn  0.117500 -0.986999 -0.109667
vn  0.000000 -0.466072 0.884747
vn  0.000000 -0.988993 -0.147960
vn  0.695940 -0.427054 0.577314
vn  0.258690 -0.940692 0.219495
vn  -0.125214 -0.986062 -0.109562
vn  0.472221 -0.881480 0.000000
vn  -0.171996 -0.985067 -0.007818
vn  0.905063 -0.424986 0.015740
vn  0.164394 -0.986364 -0.007828
vn  -0.478303 -0.878195 0.000000
vn  0.164394 -0.986364 -0.007828
vn  -0.499482 -0.866289 0.007804
vn  -0.906471 -0.421978 0.015629
vn  -0.906471 -0.421978 0.015629
vn  -0.171996 -0.985067 -0.007818
vn  -0.171996 -0.985067 -0.007818
vn  0.472221 -0.881480 0.000000
vn  0.493590 -0.869659 0.007835
vn  0.905063 -0.424986 0.015740
vn  0.905063 -0.424986 0.015740
vn  0.125214 -0.986062 -0.109562
vn  -0.499482 -0.866289 0.007804
vn  0.164394 -0.986364 -0.007828
vn  -0.477452 -0.790536 0.383527
vn  0.000000 -0.988993 -0.147960
vn  -0.906471 -0.421978 0.015629
vn  -0.690435 -0.431522 0.580593
vn  0.000000 -0.788502 0.615032
vn  0.000000 -0.472221 0.881480
vn  0.471375 -0.793482 0.384957
vn  -0.258207 -0.954583 -0.148665
vn  0.686296 -0.433865 0.583746
vn  0.493590 -0.869659 0.007835
vn  0.905063 -0.424986 0.015740
vn  -0.733815 -0.679169 -0.015613
vn  -0.936529 0.101457 -0.335589
vn  -0.991039 -0.132659 -0.015607
vn  -0.699985 -0.424710 0.574145
vn  -0.478303 -0.878195 0.000000
vn  -0.906471 -0.421978 0.015629
vn  -0.258690 -0.940692 0.219495
vn  0.164394 -0.986364 -0.007828
vn  0.000000 -0.965843 0.259129
vn  0.117500 -0.986999 -0.109667
vn  0.000000 -0.466072 0.884747
vn  0.000000 -0.988993 -0.147960
vn  0.695940 -0.427054 0.577314
vn  0.251354 -0.942576 0.219934
vn  -0.125214 -0.986062 -0.109562
vn  0.472221 -0.881480 0.000000
vn  -0.171996 -0.985067 -0.007818
vn  0.905063 -0.424986 0.015740
vn  0.164394 -0.986364 -0.007828
vn  -0.478303 -0.878195 0.000000
vn  0.164394 -0.986364 -0.007828
vn  -0.499482 -0.866289 0.007804
vn  -0.906471 -0.421978 0.015629
vn  -0.906471 -0.421978 0.015629
vn  0.125214 -0.986062 -0.109562
vn  -0.499482 -0.866289 0.007804
vn  0.164394 -0.986364 -0.007828
vn  -0.477452 -0.790536 0.383527
vn  0.000000 -0.988993 -0.147960
vn  -0.906471 -0.421978 0.015629
vn  -0.690435 -0.431522 0.580593
vn  0.000000 -0.788502 0.615032
vn  0.000000 -0.472221 0.881480
vn  0.471375 -0.793482 0.384957
vn  -0.132906 -0.985067 -0.109452
vn  0.686296 -0.433865 0.583746
vn  0.493590 -0.869659 0.007835
vn  0.905063 -0.424986 0.015740
vn  -0.171996 -0.985067 -0.007818
vn  -0.906582 -0.422030 0.000000
vn  -0.906582 -0.422030 0.000000
vn  -0.334846 -0.942241 0.007787
vn  -0.484316 -0.874893 0.000000
vn  0.734198 -0.678936 0.000000
vn  0.747267 -0.660742 0.070794
vn  0.989950 -0.141421 0.000000
vn  0.637855 -0.614230 0.464610
vn  0.984221 -0.149602 0.094485
vn  0.117688 -0.988577 0.094150
vn  0.797529 -0.150030 0.584328
vn  0.346553 -0.614345 0.708859
vn  0.442153 -0.150016 0.884305
vn  0.062730 -0.988000 0.141143
vn  0.031527 -0.662074 0.748775
vn  0.039253 -0.141312 0.989187
vn  0.000000 -0.986394 0.164399
vn  0.102397 -0.141781 0.984588
vn  0.062669 -0.736355 0.673687
vn  0.015655 -0.986273 0.164379
vn  0.695137 -0.150086 0.703036
vn  0.456580 -0.763590 0.456580
vn  0.109855 -0.988699 0.102009
vn  0.730249 -0.683136 0.007852
vn  0.989827 -0.141404 0.015712
vn  -0.475028 -0.879970 0.000000
vn  0.990898 -0.133693 -0.015729
vn  0.730249 -0.683136 0.007852
vn  0.989827 -0.141404 0.015712
vn  0.730181 -0.683073 -0.015703
vn  -0.475028 -0.879970 0.000000
vn  -0.499482 -0.866289 0.007804
vn  -0.906582 -0.422030 0.000000
vn  -0.906471 -0.421978 0.015629
vn  0.472221 -0.881480 0.000000
vn  0.695940 -0.427054 0.577314
vn  0.905063 -0.424986 0.015740
vn  0.258690 -0.940692 0.219495
vn  -0.171996 -0.985067 -0.007818
vn  0.000000 -0.965843 0.259129
vn  -0.125214 -0.986062 -0.109562
vn  0.000000 -0.466072 0.884747
vn  0.000000 -0.988993 -0.147960
vn  0.266431 0.000000 -0.963854
vn  0.266431 0.000000 -0.963854
vn  0.062378 0.000000 -0.998053
vn  0.062378 0.000000 -0.998053
vn  0.031235 0.000000 -0.999512
vn  0.031235 0.000000 -0.999512
vn  0.062868 0.000000 0.998022
vn  0.268458 0.000000 0.963291
vn  0.268458 0.000000 0.963291
vn  0.062868 0.000000 0.998022
vn  0.031480 0.000000 0.999504
vn  0.031480 0.000000 0.999504
vn  0.000000 1.000000 0.000000
vn  0.000000 1.000000 0.000000
vn  0.000000 1.000000 0.000000
vn  0.000000 1.000000 0.000000
vn  0.000000 1.000000 0.000000
vn  0.000000 1.000000 0.000000
vn  -0.950229 -0.311551 0.000000
vn  -0.952515 0.304492 0.000000
vn  -0.950229 -0.311551 0.000000
vn  -0.952515 0.304492 0.000000
vn  0.000000 1.000000 0.000000
vn  0.000000 1.000000 0.000000
vn  0.951783 0.306773 0.000000
vn  0.951783 0.306773 0.000000
vn  0.949465 -0.313873 0.000000
vn  0.949465 -0.313873 0.000000
vn  0.000000 -0.311551 -0.950229
vn  0.000000 0.304492 -0.952515
vn  0.000000 -0.311551 -0.950229
vn  0.000000 0.304492 -0.952515
vn  0.000000 1.000000 0.000000
vn  0.000000 1.000000 0.000000
vn  0.000000 0.306773 0.951783
vn  0.000000 0.306773 0.951783
vn  0.000000 -0.313873 0.949465
vn  0.000000 -0.313873 0.949465
vn  0.949465 -0.313873 0.000000
vn  0.949465 -0.313873 0.000000
vn  0.951783 0.306773 0.000000
vn  0.951783 0.306773 0.000000
vn  0.000000 1.000000 0.000000
vn  0.000000 1.000000 0.000000
vn  -0.952515 0.304492 0.000000
vn  -0.952515 0.304492 0.000000
vn  -0.950229 -0.311551 0.000000
vn  -0.950229 -0.311551 0.000000
vn  0.560168 0.788968 0.252470
vn  0.601642 0.752052 0.269156
vn  0.079054 0.996086 0.039527
vn  0.079077 0.996367 0.031631
vn  -0.078459 0.996423 -0.031383
vn  0.070654 0.997006 0.031402
vn  0.624121 0.711024 0.323911
vn  -0.086927 0.995713 -0.031610
vn  -0.086873 0.995092 -0.047385
vn  -0.589438 0.770198 -0.243634
vn  -0.086751 0.993698 -0.070978
vn  0.054992 0.997714 0.039280
vn  0.536215 0.733353 0.417932
vn  0.047120 0.997375 0.054973
vn  -0.566648 0.787011 -0.243973
vn  -0.528708 0.797007 -0.291973
vn  -0.493909 0.776142 -0.391991
vn  -0.078762 0.992403 -0.094515
vn  0.413363 0.755182 0.508754
vn  0.023569 0.997745 0.062850
vn  0.268450 0.765872 0.584273
vn  -0.415766 0.753086 -0.509902
vn  -0.047275 0.992773 -0.110308
vn  -0.282703 0.738169 -0.612523
vn  0.000000 0.998022 0.062868
vn  0.070879 0.779673 0.622163
vn  -0.015745 0.991911 -0.125957
vn  -0.086547 0.723849 -0.684509
vn  -0.134317 0.782199 0.608377
vn  0.023613 0.991757 -0.125937
vn  -0.015715 0.997899 0.062860
vn  0.141535 0.715538 -0.684086
vn  -0.340563 0.776166 0.530644
vn  -0.039280 0.997714 0.054992
vn  0.062978 0.991911 -0.110212
vn  0.354100 0.731807 -0.582298
vn  0.086700 0.993112 -0.078818
vn  -0.062798 0.996914 0.047098
vn  0.497763 0.750595 -0.434555
vn  -0.504062 0.756093 0.417426
vn  -0.070669 0.997222 0.023556
vn  -0.612523 0.738169 0.282703
vn  0.102515 0.993606 -0.047315
vn  0.577784 0.767741 -0.277020
vn  -0.674225 0.729104 0.117597
vn  0.102601 0.994441 -0.023677
vn  -0.086288 0.996239 0.007844
vn  0.623188 0.773069 -0.118327
vn  -0.674266 0.736989 -0.047042
vn  -0.078495 0.996884 -0.007849
vn  0.110432 0.993884 0.000000
vn  0.631883 0.774057 0.039493
vn  -0.622472 0.748542 -0.228502
vn  0.102579 0.994224 0.031563
vn  -0.078459 0.996423 -0.031383
vn  0.615032 0.756962 0.220781
vn  -0.519090 0.762905 -0.385385
vn  -0.062798 0.996914 -0.047098
vn  0.094570 0.992988 0.070928
vn  0.538260 0.744066 0.395780
vn  -0.039262 0.997252 -0.062819
vn  0.063080 0.993513 0.094620
vn  -0.361980 0.763306 -0.535101
vn  -0.023543 0.996638 -0.078475
vn  0.370573 0.741146 0.559802
vn  0.023657 0.993606 0.110401
vn  -0.164900 0.753829 -0.636043
vn  0.000000 0.993884 0.110432
vn  0.000000 0.996270 -0.086291
vn  0.165880 0.750408 0.639822
vn  0.000000 0.749147 -0.662404
vn  0.015707 0.997375 -0.070680
vn  0.173384 0.756586 -0.630488
vn  -0.039374 0.992218 0.118121
vn  0.000000 0.756469 0.654030
vn  -0.078701 0.991634 0.102311
vn  0.039262 0.997252 -0.062819
vn  -0.182093 0.752123 0.633367
vn  0.386102 0.756445 -0.527936
vn  0.054992 0.997714 -0.039280
vn  -0.117979 0.991021 0.062922
vn  -0.410724 0.742463 0.529202
vn  0.566315 0.755087 -0.330350
vn  -0.118198 0.992865 0.015760
vn  0.070680 0.997375 -0.015707
vn  -0.574518 0.755531 0.314805
vn  0.662816 0.741723 -0.102579
vn  0.062868 0.998022 0.000000
vn  -0.118198 0.992865 -0.015760
vn  -0.637598 0.763543 0.102330
vn  0.671083 0.734244 0.102636
vn  -0.102473 0.993204 -0.055178
vn  0.062850 0.997745 0.023569
vn  -0.629551 0.771199 -0.094433
vn  -0.566438 0.770985 -0.291086
vn  0.618250 0.729218 0.293272
vn  0.047139 0.997775 0.047139
vn  -0.086644 0.992464 -0.086644
vn  0.491568 0.729424 0.475711
vn  -0.448028 0.778154 -0.440168
vn  -0.055132 0.992372 -0.110264
vn  0.031418 0.997529 0.062836
vn  -0.283386 0.779310 -0.558899
vn  0.316574 0.720206 0.617320
vn  0.000000 0.998022 0.062868
vn  -0.007865 0.990990 -0.133705
vn  0.055199 0.725467 0.686040
vn  -0.055183 0.780448 -0.622781
vn  0.039336 0.991266 -0.125875
vn  0.212730 0.772132 -0.598797
vn  -0.023569 0.997745 0.062850
vn  -0.236521 0.725332 0.646492
vn  0.464841 0.772108 -0.433326
vn  -0.054992 0.997714 0.039280
vn  0.094386 0.991051 -0.094386
vn  -0.504250 0.732738 0.456976
vn  0.598797 0.772132 -0.212730
vn  0.110346 0.993112 -0.039409
vn  -0.078488 0.996791 0.015698
vn  -0.645110 0.731649 0.220281
vn  0.640962 0.767572 0.000000
vn  -0.078497 0.996914 0.000000
vn  0.118213 0.992988 0.000000
vn  -0.675013 0.737805 0.000000
vn  0.616086 0.758260 0.213261
vn  0.110346 0.993112 0.039409
vn  -0.070669 0.997222 -0.023556
vn  -0.627263 0.744875 -0.227383
vn  0.497763 0.750595 0.434555
vn  -0.054973 0.997375 -0.047120
vn  0.094515 0.992403 0.078762
vn  -0.496494 0.756563 -0.425566
vn  0.277063 0.736196 0.617455
vn  0.047232 0.991880 0.118081
vn  -0.031418 0.997529 -0.062836
vn  -0.274487 0.760720 -0.588186
vn  0.000000 0.998022 -0.062868
vn  -0.007856 0.989919 0.141417
vn  0.023589 0.770579 -0.636907
vn  0.031433 0.997991 -0.055007
vn  -0.039671 0.729952 0.682346
vn  -0.086366 0.989278 0.117771
vn  0.361980 0.763306 -0.535101
vn  0.055007 0.997991 -0.031433
vn  -0.394681 0.734106 0.552553
vn  -0.125723 0.990072 0.062862
vn  0.593261 0.743554 -0.308496
vn  -0.118213 0.992988 0.000000
vn  0.070687 0.997468 -0.007854
vn  -0.583909 0.757504 0.291955
vn  -0.699985 -0.424710 0.574145
vn  -0.265982 -0.938761 0.219044
vn  0.117500 -0.986999 -0.109667
vn  -0.478303 -0.878195 0.000000
vn  0.164394 -0.986364 -0.007828
vn  -0.906471 -0.421978 0.015629
vn  -0.171996 -0.985067 -0.007818
vn  -0.171996 -0.985067 -0.007818
vn  0.472221 -0.881480 0.000000
vn  0.493590 -0.869659 0.007835
vn  0.905063 -0.424986 0.015740
vn  0.905063 -0.424986 0.015740
vn  0.164394 -0.986364 -0.007828
vn  -0.478303 -0.878195 0.000000
vn  0.164394 -0.986364 -0.007828
vn  -0.499482 -0.866289 0.007804
vn  -0.906471 -0.421978 0.015629
vn  -0.906471 -0.421978 0.015629
vn  0.493590 -0.869659 0.007835
vn  -0.132906 -0.985067 -0.109452
vn  -0.171996 -0.985067 -0.007818
vn  0.471375 -0.793482 0.384957
vn  0.905063 -0.424986 0.015740
vn  0.000000 -0.988993 -0.147960
vn  0.686296 -0.433865 0.583746
vn  0.000000 -0.788502 0.615032
vn  0.000000 -0.472221 0.881480
vn  -0.477452 -0.790536 0.383527
vn  0.250882 -0.956488 -0.148961
vn  -0.690435 -0.431522 0.580593
vn  -0.499482 -0.866289 0.007804
vn  -0.906471 -0.421978 0.015629
vn  0.730181 -0.683073 -0.015703
vn  0.935559 0.102204 -0.338059
vn  0.990898 -0.133693 -0.015729
vn  0.472221 -0.881480 0.000000
vn  0.695940 -0.427054 0.577314
vn  0.905063 -0.424986 0.015740
vn  0.251354 -0.942576 0.219934
vn  -0.171996 -0.985067 -0.007818
vn  0.000000 -0.965843 0.259129
vn  -0.125214 -0.986062 -0.109562
vn  0.000000 -0.466072 0.884747
vn  0.000000 -0.988993 -0.147960
vn  -0.699985 -0.424710 0.574145
vn  -0.258690 -0.940692 0.219495
vn  0.117500 -0.986999 -0.109667
vn  -0.478303 -0.878195 0.000000
vn  0.164394 -0.986364 -0.007828
vn  -0.906471 -0.421978 0.015629
vn  -0.171996 -0.985067 -0.007818
vn  -0.171996 -0.985067 -0.007818
vn  0.472221 -0.881480 0.000000
vn  0.493590 -0.869659 0.007835
vn  0.905063 -0.424986 0.015740
vn  0.905063 -0.424986 0.015740
vn  0.493590 -0.869659 0.007835
vn  -0.132906 -0.985067 -0.109452
vn  -0.171996 -0.985067 -0.007818
vn  0.471375 -0.793482 0.384957
vn  0.905063 -0.424986 0.015740
vn  0.000000 -0.988993 -0.147960
vn  0.686296 -0.433865 0.583746
vn  0.000000 -0.788502 0.615032
vn  0.000000 -0.472221 0.881480
vn  -0.477452 -0.790536 0.383527
vn  0.125214 -0.986062 -0.109562
vn  -0.690435 -0.431522 0.580593
vn  -0.499482 -0.866289 0.007804
vn  -0.906471 -0.421978 0.015629
vn  0.164394 -0.986364 -0.007828
vn  -0.171996 -0.985067 -0.007818
vn  -0.171996 -0.985067 -0.007818
vn  0.472221 -0.881480 0.000000
vn  0.493590 -0.869659 0.007835
vn  0.905063 -0.424986 0.015740
vn  0.905063 -0.424986 0.015740
vn  0.164394 -0.986364 -0.007828
vn  -0.478303 -0.878195 0.000000
vn  0.164394 -0.986364 -0.007828
vn  -0.499482 -0.866289 0.007804
vn  -0.906471 -0.421978 0.015629
vn  -0.906471 -0.421978 0.015629
vn  0.125214 -0.986062 -0.109562
vn  -0.499482 -0.866289 0.007804
vn  0.164394 -0.986364 -0.007828
vn  -0.477452 -0.790536 0.383527
vn  0.000000 -0.988993 -0.147960
vn  -0.906471 -0.421978 0.015629
vn  -0.690435 -0.431522 0.580593
vn  0.000000 -0.788502 0.615032
vn  0.000000 -0.472221 0.881480
vn  0.471375 -0.793482 0.384957
vn  -0.132906 -0.985067 -0.109452
vn  0.686296 -0.433865 0.583746
vn  0.493590 -0.869659 0.007835
vn  0.905063 -0.424986 0.015740
vn  -0.171996 -0.985067 -0.007818
vn  0.000000 -1.000000 0.000000
vn  0.046824 -0.998903 0.000000
vn  0.000000 -1.000000 0.000000
vn  0.046824 -0.998903 0.000000
vn  0.703189 -0.711003 0.000000
vn  0.703189 -0.711003 0.000000
vn  0.999226 -0.039340 0.000000
vn  0.999226 -0.039340 0.000000
vn  0.999969 0.007874 0.000000
vn  0.999969 0.007874 0.000000
vn  0.867757 0.496988 0.000000
vn  0.867757 0.496988 0.000000
vn  0.496988 0.867757 0.000000
vn  0.496988 0.867757 0.000000
vn  0.015746 0.999876 0.000000
vn  0.015746 0.999876 0.000000
vn  0.000000 1.000000 0.000000
vn  0.000000 1.000000 0.000000
vn  -0.054606 -0.998508 0.000000
vn  0.000000 -1.000000 0.000000
vn  0.000000 -1.000000 0.000000
vn  -0.054606 -0.998508 0.000000
vn  -0.707107 -0.707107 0.000000
vn  -0.707107 -0.707107 0.000000
vn  -0.999238 -0.039033 0.000000
vn  -0.999238 -0.039033 0.000000
vn  -0.999969 0.007812 0.000000
vn  -0.999969 0.007812 0.000000
vn  -0.869686 0.493605 0.000000
vn  -0.869686 0.493605 0.000000
vn  -0.502894 0.864348 0.000000
vn  -0.502894 0.864348 0.000000
vn  -0.023615 0.999721 0.000000
vn  -0.023615 0.999721 0.000000
vn  0.000000 1.000000 0.000000
vn  0.000000 1.000000 0.000000
vn  0.000000 0.000000 1.000000
vn  0.000000 0.000000 1.000000
vn  0.000000 0.000000 1.000000
vn  0.000000 0.000000 1.000000
vn  0.000000 0.000000 1.000000
vn  0.000000 0.000000 1.000000
vn  0.000000 0.000000 1.000000
vn  0.000000 0.000000 1.000000
vn  0.000000 0.000000 1.000000
vn  0.000000 0.000000 1.000000
vn  0.000000 0.000000 1.000000
vn  0.000000 0.000000 1.000000
vn  0.000000 0.000000 1.000000
vn  0.000000 0.000000 1.000000
vn  0.000000 0.000000 1.000000
vn  0.000000 0.000000 1.000000
vn  0.000000 1.000000 0.000000
vn  0.000000 1.000000 0.000000
vn  0.000000 1.000000 0.000000
vn  0.000000 1.000000 0.000000
vn  0.000000 0.000000 -1.000000
vn  0.000000 0.000000 -1.000000
vn  0.000000 0.000000 -1.000000
vn  0.000000 0.000000 -1.000000
vn  -1.000000 0.000000 0.000000
vn  -1.000000 0.000000 0.000000
vn  -1.000000 0.000000 0.000000
vn  -1.000000 0.000000 0.000000
vn  0.000000 -1.000000 0.000000
vn  0.000000 -1.000000 0.000000
vn  0.000000 -1.000000 0.000000
vn  0.000000 -1.000000 0.000000
vn  0.000000 0.000000 1.000000
vn  0.000000 0.000000 1.000000
vn  0.000000 0.000000 1.000000
vn  0.000000 0.000000 1.000000
vn  0.000000 1.000000 0.000000
vn  0.000000 1.000000 0.000000
vn  0.000000 1.000000 0.000000
vn  0.000000 1.000000 0.000000
vn  0.000000 0.000000 1.000000
vn  0.000000 0.000000 1.000000
vn  0.000000 0.000000 1.000000
vn  0.000000 0.000000 1.000000
vn  0.000000 -1.000000 0.000000
vn  0.000000 -1.000000 0.000000
vn  0.000000 -1.000000 0.000000
vn  0.000000 -1.000000 0.000000
vn  0.000000 0.000000 -1.000000
vn  0.000000 0.000000 -1.000000
vn  0.000000 0.000000 -1.000000
vn  0.000000 0.000000 -1.000000
vn  1.000000 0.000000 0.000000
vn  1.000000 0.000000 0.000000
vn  1.000000 0.000000 0.000000
vn  1.000000 0.000000 0.000000
vn  -0.031158 -0.926948 -0.373895
vn  -0.275753 0.890288 0.362418
vn  -0.259121 0.447572 -0.855883
vn  -0.070663 -0.423976 0.902912
vn  -0.086805 -0.284091 0.954860
vn  -0.275753 0.890288 0.362418
vn  -0.070663 -0.423976 0.902912
vn  0.150722 0.943999 0.293512
vn  -0.346532 -0.244147 0.905708
vn  0.086006 0.516035 -0.852239
vn  -0.259121 0.447572 -0.855883
vn  0.378658 0.299771 -0.875646
vn  0.466640 0.798825 0.379639
vn  0.482323 0.751158 0.450695
vn  -0.448694 -0.275514 0.850157
vn  -0.444378 -0.764018 -0.467766
vn  -0.085867 -0.866474 -0.491782
vn  0.391618 0.187977 -0.900722
vn  -0.031158 -0.926948 -0.373895
vn  -0.086805 -0.284091 0.954860
vn  0.321433 0.235195 -0.917259
vn  0.364152 0.823299 0.435399
vn  -0.499695 -0.765158 -0.406002
vn  -0.370723 -0.331284 0.867649
vn  -0.448694 -0.275514 0.850157
vn  -0.346532 -0.244147 0.905708
vn  -0.381569 -0.848795 -0.365994
vn  0.212224 0.282965 -0.935357
vn  0.253514 0.871453 0.419882
vn  -0.070663 -0.423976 0.902912
vn  -0.244079 -0.385803 0.889709
vn  -0.007860 0.935328 0.353695
vn  -0.370723 -0.331284 0.867649
vn  -0.257053 -0.903579 -0.342737
vn  0.125073 0.273596 -0.953678
vn  -0.157111 -0.416343 0.895530
vn  -0.252911 0.924706 0.284525
vn  -0.181226 -0.417608 0.890371
vn  -0.244079 -0.385803 0.889709
vn  -0.157111 -0.416343 0.895530
vn  0.031337 -0.932280 -0.360377
vn  0.196237 0.298280 -0.934088
vn  0.259065 -0.910652 -0.321868
vn  -0.181226 -0.417608 0.890371
vn  -0.463992 0.849341 0.251657
vn  -0.157111 -0.416343 0.895530
vn  0.204237 0.290646 -0.934779
vn  0.456537 -0.865847 -0.204655
vn  -0.157111 -0.416343 0.895530
vn  -0.659275 0.729911 0.180516
vn  -0.070950 -0.338982 0.938114
vn  0.117209 0.250046 -0.961113
vn  0.652049 -0.746321 -0.133552
vn  -0.070950 -0.338982 0.938114
vn  -0.739310 0.652795 0.165165
vn  -0.015703 -0.227698 0.973605
vn  0.015637 0.211105 -0.977338
vn  0.722776 -0.683494 -0.102131
vn  -0.015703 -0.227698 0.973605
vn  -0.746344 0.659926 0.086419
vn  0.031500 -0.173250 0.984374
vn  -0.023537 0.149067 -0.988547
vn  0.737306 -0.651025 -0.180405
vn  0.031500 -0.173250 0.984374
vn  -1.000000 0.000000 0.000000
vn  -0.869686 0.493605 0.000000
vn  -1.000000 0.000000 0.000000
vn  -0.869686 0.493605 0.000000
vn  0.000000 1.000000 0.000000
vn  0.000000 1.000000 0.000000
vn  0.867757 0.496988 0.000000
vn  0.867757 0.496988 0.000000
vn  0.686317 0.725761 -0.047332
vn  0.070687 0.997468 0.007854
vn  -0.125937 0.991757 -0.023613
vn  -0.628036 0.777194 0.039252
vn  0.681981 0.721632 0.118950
vn  0.055019 0.998207 0.023580
vn  -0.117917 0.990500 -0.070750
vn  -0.614535 0.779987 -0.118180
vn  0.600758 0.727233 0.331998
vn  0.031445 0.998392 0.047168
vn  0.379545 0.735368 0.561410
vn  -0.086366 0.989278 -0.117771
vn  -0.550227 0.770317 -0.322276
vn  -0.023589 0.990745 -0.133672
vn  0.007858 0.997991 0.062866
vn  0.118220 0.732965 0.669915
vn  -0.362801 0.772925 -0.520541
vn  -0.117869 0.762222 -0.636494
vn  -0.015722 0.998361 0.055028
vn  -0.165880 0.750408 0.639822
vn  0.031411 0.989461 -0.141352
vn  0.157247 0.754783 -0.636848
vn  -0.457659 0.757504 0.465549
vn  0.102009 0.988699 -0.109855
vn  -0.047155 0.998114 0.039296
vn  0.466815 0.735828 -0.490552
vn  -0.620568 0.769818 0.149250
vn  -0.055033 0.998454 0.007862
vn  0.150157 0.987872 -0.039515
vn  0.655722 0.734725 -0.173806
vn  0.133643 0.990530 0.031445
vn  -0.062860 0.997899 -0.015715
vn  0.650261 0.737492 0.182390
vn  -0.620185 0.761493 -0.188411
vn  -0.047139 0.997775 -0.047139
vn  0.102172 0.990286 0.094313
vn  -0.463863 0.754760 -0.463863
vn  0.475577 0.745070 0.467651
vn  0.031478 0.991542 0.125910
vn  -0.015715 0.997899 -0.062860
vn  0.205081 0.741446 0.638905
vn  -0.181013 0.755531 -0.629609
vn  0.000000 0.992988 0.118213
vn  0.000000 0.741723 0.670707
vn  0.000000 0.996914 -0.078497
vn  0.015677 0.752484 -0.658424
vn  -0.086957 0.988150 0.126483
vn  -0.267874 0.748472 0.606657
vn  -0.007881 0.992957 -0.118209
vn  0.031381 0.737442 -0.674681
vn  -0.682589 0.706127 0.188300
vn  -0.284730 0.957008 0.055364
vn  -0.204947 0.969556 -0.134004
vn  -0.543105 0.724140 -0.425039
vn  0.000000 1.000000 0.000000
vn  0.000000 1.000000 0.000000
vn  0.000000 1.000000 0.000000
vn  0.000000 1.000000 0.000000
vn  0.000000 1.000000 0.000000
vn  0.000000 1.000000 0.000000
vn  0.000000 1.000000 0.000000
vn  0.000000 1.000000 0.000000
vn  0.000000 1.000000 0.000000
vn  0.000000 1.000000 0.000000
vn  0.000000 1.000000 0.000000
vn  0.000000 1.000000 0.000000
vn  -0.251006 0.964802 -0.078439
vn  -0.266431 0.963854 0.000000
vn  -0.266431 0.963854 0.000000
vn  -0.251006 0.964802 -0.078439
vn  -0.211753 0.964654 -0.156854
vn  -0.211753 0.964654 -0.156854
vn  -0.156854 0.964654 -0.211753
vn  -0.156854 0.964654 -0.211753
vn  -0.078439 0.964802 -0.251006
vn  -0.078439 0.964802 -0.251006
vn  0.000000 0.963854 -0.266431
vn  0.000000 0.963854 -0.266431
vn  0.070637 0.965367 -0.251152
vn  0.070637 0.965367 -0.251152
vn  0.149191 0.965813 -0.212008
vn  0.149191 0.965813 -0.212008
vn  0.204244 0.966230 -0.157111
vn  0.204244 0.966230 -0.157111
vn  0.243634 0.966678 -0.078592
vn  0.243634 0.966678 -0.078592
vn  0.259129 0.965843 0.000000
vn  0.259129 0.965843 0.000000
vn  -0.266431 0.963854 0.000000
vn  -0.251152 0.965367 0.070637
vn  -0.266431 0.963854 0.000000
vn  -0.251152 0.965367 0.070637
vn  -0.212008 0.965813 0.149191
vn  -0.212008 0.965813 0.149191
vn  -0.157111 0.966230 0.204244
vn  -0.157111 0.966230 0.204244
vn  -0.078592 0.966678 0.243634
vn  -0.078592 0.966678 0.243634
vn  0.000000 0.965843 0.259129
vn  0.000000 0.965843 0.259129
vn  0.070774 0.967245 0.243777
vn  0.070774 0.967245 0.243777
vn  0.149435 0.967395 0.204490
vn  0.149435 0.967395 0.204490
vn  0.204490 0.967395 0.149435
vn  0.204490 0.967395 0.149435
vn  0.243777 0.967245 0.070774
vn  0.243777 0.967245 0.070774
vn  0.259129 0.965843 0.000000
vn  0.259129 0.965843 0.000000
vn  0.000000 1.000000 0.000000
vn  -0.441287 0.772252 0.457047
vn  -0.441287 0.772252 0.457047
vn  0.000000 1.000000 0.000000
vn  0.410570 0.797454 -0.442153
vn  0.410570 0.797454 -0.442153
vn  -0.448319 0.786524 -0.424723
vn  0.000000 1.000000 0.000000
vn  -0.448319 0.786524 -0.424723
vn  0.000000 1.000000 0.000000
vn  0.443482 0.791932 0.419724
vn  0.443482 0.791932 0.419724
vn  0.000000 1.000000 0.000000
vn  0.394976 0.813651 -0.426574
vn  0.394976 0.813651 -0.426574
vn  0.000000 1.000000 0.000000
vn  -0.451387 0.760231 0.467225
vn  -0.451387 0.760231 0.467225
vn  0.000000 1.000000 0.000000
vn  0.420080 0.816381 0.396302
vn  0.420080 0.816381 0.396302
vn  0.000000 1.000000 0.000000
vn  -0.473381 0.757410 -0.449712
vn  -0.473381 0.757410 -0.449712
vn  -0.453457 0.000000 -0.891278
vn  -0.891278 0.000000 -0.453457
vn  -0.891278 0.000000 -0.453457
vn  -0.453457 0.000000 -0.891278
vn  0.149108 0.000000 -0.988821
vn  0.149108 0.000000 -0.988821
vn  0.703189 0.000000 -0.711003
vn  0.703189 0.000000 -0.711003
vn  0.987441 0.000000 -0.157990
vn  0.987441 0.000000 -0.157990
vn  0.892841 0.000000 0.450371
vn  0.892841 0.000000 0.450371
vn  0.450371 0.000000 0.892841
vn  0.450371 0.000000 0.892841
vn  -0.157990 0.000000 0.987441
vn  -0.157990 0.000000 0.987441
vn  -0.711003 0.000000 0.703189
vn  -0.711003 0.000000 0.703189
vn  -0.988821 0.000000 0.149108
vn  -0.988821 0.000000 0.149108
vn  -0.891278 0.000000 -0.453457
vn  -0.891278 0.000000 -0.453457
vn  0.000000 1.000000 0.000000
vn  0.000000 1.000000 0.000000
vn  0.000000 1.000000 0.000000
vn  0.000000 1.000000 0.000000
vn  0.000000 1.000000 0.000000
vn  0.000000 1.000000 0.000000
vn  -0.963854 0.000000 0.266431
vn  -0.998053 0.000000 0.062378
vn  -0.963854 0.000000 0.266431
vn  -0.998053 0.000000 0.062378
vn  -0.999512 0.000000 0.031235
vn  -0.999512 0.000000 0.031235
vn  0.998022 0.000000 0.062868
vn  0.963291 0.000000 0.268458
vn  0.963291 0.000000 0.268458
vn  0.998022 0.000000 0.062868
vn  0.999504 0.000000 0.031480
vn  0.999504 0.000000 0.031480
vn  0.000000 -0.313873 0.949465
vn  0.000000 -0.313873 0.949465
vn  0.000000 0.306773 0.951783
vn  0.000000 0.306773 0.951783
vn  0.000000 1.000000 0.000000
vn  0.000000 1.000000 0.000000
vn  0.000000 0.304492 -0.952515
vn  0.000000 0.304492 -0.952515
vn  0.000000 -0.311551 -0.950229
vn  0.000000 -0.311551 -0.950229
vn  0.546827 0.634003 0.546827
vn  0.260863 0.276673 0.924879
vn  1.000000 0.000000 0.000000
vn  -0.268208 0.276096 0.922949
vn  -0.552347 0.631253 0.544456
vn  0.000000 0.973725 -0.227726
vn  -1.000000 0.000000 0.000000
vn  0.000000 0.973725 -0.227726
vn  0.965189 -0.015823 0.261076
vn  0.015746 0.000000 0.999876
vn  0.967754 0.007868 0.251773
vn  0.845619 0.482082 0.229186
vn  0.015746 0.000000 0.999876
vn  0.840853 -0.487223 0.235753
vn  0.000000 0.000000 1.000000
vn  0.071167 0.047445 0.996335
vn  0.047416 0.079027 0.995744
vn  0.481196 0.844065 0.236654
vn  0.000000 0.000000 1.000000
vn  0.000000 0.000000 1.000000
vn  0.071138 -0.055329 0.995931
vn  0.478877 -0.847848 0.227663
vn  0.047416 -0.079027 0.995744
vn  0.000000 -0.007874 0.999969
vn  0.015816 0.988521 0.150255
vn  0.000000 0.000000 1.000000
vn  0.000000 0.982062 0.188556
vn  0.000000 0.000000 1.000000
vn  0.015694 -0.988699 0.149090
vn  0.000000 -0.007874 0.999969
vn  0.000000 -0.982339 0.187112
vn  0.000000 0.000000 1.000000
vn  -0.023721 0.988366 0.150232
vn  -0.055297 0.078995 0.995340
vn  -0.487223 0.840853 0.235753
vn  -0.023537 -0.988547 0.149067
vn  -0.055297 -0.078995 0.995340
vn  -0.484893 -0.844653 0.226805
vn  -0.023615 0.000000 0.999721
vn  -0.078995 -0.055297 0.995340
vn  -0.079027 0.047416 0.995744
vn  -0.847848 0.478877 0.227663
vn  -0.843133 -0.484021 0.234204
vn  -0.965724 -0.015703 0.259097
vn  -0.023615 0.000000 0.999721
vn  -0.968248 0.007808 0.249870
vn  0.221221 0.869083 0.442442
vn  0.284997 0.490828 0.823325
vn  0.579256 0.610996 0.539581
vn  0.695940 0.205619 0.688032
vn  0.078995 0.552967 0.829450
vn  -0.228715 0.867541 0.441657
vn  0.610362 0.245730 0.753044
vn  0.276613 0.094839 0.956290
vn  1.000000 0.000000 0.000000
vn  1.000000 0.000000 0.000000
vn  0.000000 -1.000000 0.000000
vn  0.000000 -1.000000 0.000000
vn  0.000000 -1.000000 0.000000
vn  0.000000 -1.000000 0.000000
vn  0.000000 1.000000 0.000000
vn  0.000000 1.000000 0.000000
vn  0.000000 1.000000 0.000000
vn  0.000000 1.000000 0.000000
vn  0.000000 0.000000 -1.000000
vn  0.000000 0.000000 -1.000000
vn  0.000000 0.000000 -1.000000
vn  0.000000 0.000000 -1.000000
vn  0.000000 -1.000000 0.000000
vn  0.000000 -1.000000 0.000000
vn  0.000000 -1.000000 0.000000
vn  0.000000 -1.000000 0.000000
vn  -1.000000 0.000000 0.000000
vn  -1.000000 0.000000 0.000000
vn  -1.000000 0.000000 0.000000
vn  -1.000000 0.000000 0.000000
vn  -1.000000 0.000000 0.000000
vn  -1.000000 0.000000 0.000000
vn  -1.000000 0.000000 0.000000
vn  -1.000000 0.000000 0.000000
vn  1.000000 0.000000 0.000000
vn  1.000000 0.000000 0.000000
vn  1.000000 0.000000 0.000000
vn  1.000000 0.000000 0.000000
vn  1.000000 0.000000 0.000000
vn  1.000000 0.000000 0.000000
vn  1.000000 0.000000 0.000000
vn  1.000000 0.000000 0.000000
vn  0.000000 -0.225998 -0.974128
vn  0.000000 -0.225998 -0.974128
vn  0.000000 -0.225998 -0.974128
vn  0.000000 -0.225998 -0.974128
vn  0.000000 0.978717 -0.205215
vn  0.000000 0.978717 -0.205215
vn  0.000000 0.978717 -0.205215
vn  0.000000 0.978717 -0.205215
vn  0.000000 0.244390 0.969677
vn  0.000000 0.244390 0.969677
vn  0.000000 0.244390 0.969677
vn  0.000000 0.244390 0.969677
vn  -0.749588 -0.632465 0.195205
vn  0.244542 0.118327 0.962392
vn  0.190326 0.166536 0.967493
vn  -0.864082 -0.463462 0.196382
vn  0.299612 0.007885 0.954028
vn  -0.078343 -0.062674 -0.994954
vn  -0.086027 -0.078206 -0.993219
vn  -0.077885 -0.007789 -0.996932
vn  -0.978655 -0.062634 0.195731
vn  0.190016 0.007917 0.981749
vn  0.855179 0.490936 -0.166285
vn  0.984954 0.070917 -0.157593
vn  0.757598 0.631332 -0.165725
vn  -0.187106 -0.007796 -0.982309
vn  0.981941 0.015711 -0.188533
vn  -0.984826 -0.023448 0.171954
vn  -0.179545 -0.124901 -0.975789
vn  0.190326 0.166536 0.967493
vn  0.244542 0.118327 0.962392
vn  0.299612 0.007885 0.954028
vn  -0.989834 -0.023382 0.140291
vn  0.189968 0.126646 0.973588
vn  0.190016 0.007917 0.981749
vn  0.973725 0.000000 -0.227726
vn  0.967515 -0.023598 -0.251711
vn  -0.186834 -0.326960 -0.926386
vn  0.189968 0.126646 0.973588
vn  -0.991160 -0.062435 0.117066
vn  0.157990 0.347579 0.924244
vn  0.963261 0.007896 -0.268450
vn  0.157990 0.347579 0.924244
vn  -0.140983 -0.595260 -0.791069
vn  -0.987818 -0.101918 0.117597
vn  0.118397 0.591984 0.797206
vn  0.118397 0.591984 0.797206
vn  0.943917 0.070794 -0.322505
vn  -0.109222 -0.803560 -0.585117
vn  -0.950922 -0.202656 0.233833
vn  0.007898 0.805626 0.592372
vn  -0.054644 -0.897726 -0.437153
vn  -0.869793 -0.266423 0.415306
vn  0.007898 0.805626 0.592372
vn  0.841139 0.290861 -0.455944
vn  0.054686 -0.937471 -0.343740
vn  -0.047473 0.846597 0.530112
vn  -0.675555 -0.463462 0.573436
vn  -0.047473 0.846597 0.530112
vn  0.690690 0.313950 -0.651446
vn  -0.598964 -0.472866 0.646250
vn  0.259161 -0.950255 -0.172774
vn  -0.126047 0.913839 0.386018
vn  -0.126047 0.913839 0.386018
vn  -0.245061 0.956529 0.158104
vn  0.646371 0.260125 -0.717314
vn  -0.245061 0.956529 0.158104
vn  -0.683494 -0.408525 0.604932
vn  -0.448360 0.888855 -0.094392
vn  0.462478 -0.885764 0.039193
vn  0.734725 0.300210 -0.608320
vn  -0.448360 0.888855 -0.094392
vn  0.472265 -0.865820 0.165293
vn  0.668194 0.463806 -0.581722
vn  -0.822903 -0.235115 0.517253
vn  -0.568890 0.813829 -0.118519
vn  -0.568890 0.813829 -0.118519
vn  0.000000 0.000000 -1.000000
vn  0.000000 0.000000 -1.000000
vn  0.000000 0.000000 -1.000000
vn  0.000000 0.000000 -1.000000
vn  0.000000 -0.927398 -0.374076
vn  0.000000 -0.804663 -0.593732
vn  0.000000 -0.804663 -0.593732
vn  0.000000 -0.927398 -0.374076
vn  0.000000 -0.988821 0.149108
vn  0.000000 -0.988821 0.149108
vn  0.000000 -0.919551 0.392971
vn  0.000000 -0.919551 0.392971
vn  0.000000 -0.496988 0.867757
vn  0.000000 -0.496988 0.867757
vn  0.000000 0.285167 0.958478
vn  0.000000 0.285167 0.958478
vn  0.000000 0.363208 0.931708
vn  0.000000 0.363208 0.931708
vn  0.000000 0.884747 0.466072
vn  0.000000 0.884747 0.466072
vn  0.000000 0.991021 0.133709
vn  0.000000 0.991021 0.133709
vn  0.000000 1.000000 0.000000
vn  0.000000 1.000000 0.000000
vn  0.000000 1.000000 0.000000
vn  0.000000 1.000000 0.000000
vn  0.000000 0.989950 0.141421
vn  0.000000 1.000000 0.000000
vn  0.000000 1.000000 0.000000
vn  0.000000 1.000000 0.000000
vn  0.000000 1.000000 0.000000
vn  0.000000 1.000000 0.000000
vn  0.000000 1.000000 0.000000
vn  0.000000 1.000000 0.000000
vn  0.000000 1.000000 0.000000
vn  0.000000 1.000000 0.000000
vn  0.000000 0.989950 0.141421
vn  0.000000 0.781638 0.623732
vn  0.000000 1.000000 0.000000
vn  0.000000 1.000000 0.000000
vn  0.000000 1.000000 0.000000
vn  0.000000 1.000000 0.000000
vn  0.000000 1.000000 0.000000
vn  0.000000 1.000000 0.000000
vn  0.000000 1.000000 0.000000
vn  0.000000 1.000000 0.000000
vn  0.000000 1.000000 0.000000
vn  0.000000 1.000000 0.000000
vn  0.000000 1.000000 0.000000
vn  0.000000 0.781638 0.623732
vn  0.000000 0.173336 0.984863
vn  0.000000 0.173336 0.984863
vn  0.000000 0.180962 0.983490
vn  0.000000 0.180962 0.983490
vn  0.000000 0.738142 0.674646
vn  0.000000 0.738142 0.674646
vn  0.000000 0.929019 0.370033
vn  0.000000 0.929019 0.370033
vn  0.000000 0.993884 0.110432
vn  0.000000 0.993884 0.110432
vn  0.000000 0.998484 -0.055035
vn  0.000000 0.998484 -0.055035
vn  0.000000 -0.993979 -0.109572
vn  0.000000 -0.993979 -0.109572
vn  0.000000 -0.993979 -0.109572
vn  0.000000 -0.993979 -0.109572
vn  -1.000000 0.000000 0.000000
vn  -1.000000 0.000000 0.000000
vn  -1.000000 0.000000 0.000000
vn  -1.000000 0.000000 0.000000
vn  -1.000000 0.000000 0.000000
vn  -1.000000 0.000000 0.000000
vn  -1.000000 0.000000 0.000000
vn  -1.000000 0.000000 0.000000
vn  -1.000000 0.000000 0.000000
vn  -1.000000 0.000000 0.000000
vn  -1.000000 0.000000 0.000000
vn  -1.000000 0.000000 0.000000
vn  0.039262 -0.062819 0.997252
vn  -0.023648 -0.299538 0.953791
vn  -0.039296 -0.047155 0.998114
vn  0.015770 -0.323276 0.946173
vn  -0.047178 0.023589 0.998608
vn  -0.039296 -0.047155 0.998114
vn  -0.023648 -0.299538 0.953791
vn  -0.047178 0.023589 0.998608
vn  -0.102588 0.512941 0.852272
vn  -0.102588 0.512941 0.852272
vn  0.000000 1.000000 0.000000
vn  -0.015787 0.994596 0.102617
vn  0.000000 1.000000 0.000000
vn  -0.015787 0.994596 0.102617
vn  -0.102790 0.798600 0.593020
vn  -0.102951 0.791932 0.601868
vn  -0.102732 0.695419 0.711224
vn  1.000000 0.000000 0.000000
vn  1.000000 0.000000 0.000000
vn  1.000000 0.000000 0.000000
vn  1.000000 0.000000 0.000000
vn  1.000000 0.000000 0.000000
vn  1.000000 0.000000 0.000000
vn  1.000000 0.000000 0.000000
vn  1.000000 0.000000 0.000000
vn  1.000000 0.000000 0.000000
vn  1.000000 0.000000 0.000000
vn  1.000000 0.000000 0.000000
vn  1.000000 0.000000 0.000000
vn  1.000000 0.000000 0.000000
vn  1.000000 0.000000 0.000000
vn  1.000000 0.000000 0.000000
vn  1.000000 0.000000 0.000000
vn  1.000000 0.000000 0.000000
vn  1.000000 0.000000 0.000000
vn  1.000000 0.000000 0.000000
vn  1.000000 0.000000 0.000000
vn  1.000000 0.000000 0.000000
vn  1.000000 0.000000 0.000000
vn  1.000000 0.000000 0.000000
vn  1.000000 0.000000 0.000000
vn  0.000000 -0.023431 -0.999725
vn  0.000000 0.000000 -1.000000
vn  0.000000 0.000000 -1.000000
vn  0.000000 -0.023431 -0.999725
vn  0.000000 -0.547460 -0.836832
vn  0.000000 -0.547460 -0.836832
vn  0.000000 -0.780869 -0.624695
vn  0.000000 -0.780869 -0.624695
vn  0.000000 -0.988993 -0.147960
vn  0.000000 -0.998053 -0.062378
vn  0.000000 -1.000000 0.000000
vn  0.000000 -1.000000 0.000000
vn  0.000000 -1.000000 0.000000
vn  0.000000 -0.923539 -0.383504
vn  0.000000 -0.923539 -0.383504
vn  0.000000 -0.406138 -0.913812
vn  0.000000 -0.406138 -0.913812
vn  0.000000 -0.344255 -0.938876
vn  0.000000 -0.344255 -0.938876
vn  0.000000 -0.344255 -0.938876
vn  0.000000 -0.390149 -0.920752
vn  0.000000 -0.344255 -0.938876
vn  0.000000 -0.396734 -0.917934
vn  0.000000 -0.923539 -0.383504
vn  0.000000 -0.923539 -0.383504
vn  0.542350 -0.157203 0.825315
vn  0.079054 0.039527 0.996086
vn  -0.086838 0.552605 0.828907
vn  0.196698 -0.377660 0.904811
vn  -0.204244 -0.377065 0.903386
vn  -0.086903 0.039501 0.995433
vn  -0.292246 0.489709 0.821448
vn  -0.584492 0.608187 0.537101
vn  -0.547862 -0.156532 0.821793
vn  -0.283887 0.094629 0.954177
vn  -0.699985 0.204490 0.684255
vn  -0.615300 0.244542 0.749403
vn  0.221221 0.869083 0.442442
vn  0.284997 0.490828 0.823325
vn  0.579256 0.610996 0.539581
vn  0.695940 0.205619 0.688032
vn  0.078995 0.552967 0.829450
vn  -0.228715 0.867541 0.441657
vn  0.610362 0.245730 0.753044
vn  0.276613 0.094839 0.956290
vn  0.542350 -0.157203 0.825315
vn  0.079054 0.039527 0.996086
vn  -0.086838 0.552605 0.828907
vn  0.196698 -0.377660 0.904811
vn  -0.204244 -0.377065 0.903386
vn  -0.086903 0.039501 0.995433
vn  -0.292246 0.489709 0.821448
vn  -0.584492 0.608187 0.537101
vn  -0.547862 -0.156532 0.821793
vn  -0.283887 0.094629 0.954177
vn  -0.699985 0.204490 0.684255
vn  -0.615300 0.244542 0.749403
vn  -0.292246 0.489709 0.821448
vn  -0.228715 0.867541 0.441657
vn  -0.584492 0.608187 0.537101
vn  -0.699985 0.204490 0.684255
vn  -0.086838 0.552605 0.828907
vn  -0.283887 0.094629 0.954177
vn  -0.615300 0.244542 0.749403
vn  0.221221 0.869083 0.442442
vn  -0.547862 -0.156532 0.821793
vn  -0.086903 0.039501 0.995433
vn  0.078995 0.552967 0.829450
vn  -0.204244 -0.377065 0.903386
vn  0.196698 -0.377660 0.904811
vn  0.079054 0.039527 0.996086
vn  0.284997 0.490828 0.823325
vn  0.579256 0.610996 0.539581
vn  0.542350 -0.157203 0.825315
vn  0.276613 0.094839 0.956290
vn  0.695940 0.205619 0.688032
vn  0.610362 0.245730 0.753044
vn  -0.292246 0.489709 0.821448
vn  -0.228715 0.867541 0.441657
vn  -0.584492 0.608187 0.537101
vn  -0.699985 0.204490 0.684255
vn  -0.086838 0.552605 0.828907
vn  -0.283887 0.094629 0.954177
vn  -0.615300 0.244542 0.749403
vn  0.221221 0.869083 0.442442
vn  -0.547862 -0.156532 0.821793
vn  -0.086903 0.039501 0.995433
vn  0.078995 0.552967 0.829450
vn  -0.204244 -0.377065 0.903386
vn  0.196698 -0.377660 0.904811
vn  0.079054 0.039527 0.996086
vn  0.284997 0.490828 0.823325
vn  0.579256 0.610996 0.539581
vn  0.542350 -0.157203 0.825315
vn  0.276613 0.094839 0.956290
vn  0.695940 0.205619 0.688032
vn  0.610362 0.245730 0.753044
vn  0.000000 -0.055035 0.998484
vn  -0.776931 -0.047087 0.627823
vn  0.000000 -0.055035 0.998484
vn  0.773791 -0.047375 0.631666
vn  -0.766093 -0.046904 0.641016
vn  0.762834 -0.047186 0.644870
vn  -0.999116 -0.015611 0.039028
vn  -0.999390 -0.015615 0.031231
vn  0.999102 -0.015734 0.039335
vn  0.999381 -0.015738 0.031477
vn  -0.998782 -0.015606 -0.046818
vn  -0.999116 -0.015611 -0.039028
vn  0.998762 -0.015729 -0.047186
vn  0.999102 -0.015734 -0.039335
vn  -0.814166 -0.039143 -0.579311
vn  -0.804050 -0.039032 -0.593279
vn  0.811502 -0.039393 -0.583021
vn  0.801264 -0.039278 -0.597020
vn  0.000000 -0.054606 -0.998508
vn  0.000000 -0.054606 -0.998508
vn  -0.966707 0.047156 0.251501
vn  -0.739722 0.125910 0.661028
vn  -0.867245 0.094609 0.488811
vn  -0.669271 0.125980 0.732261
vn  -0.998508 0.054606 0.000000
vn  -0.998508 0.054606 0.000000
vn  -0.498152 0.094886 0.861882
vn  -0.260815 0.047421 0.964224
vn  -0.964773 0.047062 -0.258841
vn  -0.863895 0.094243 -0.494776
vn  0.000000 0.055035 0.998484
vn  0.000000 0.055035 0.998484
vn  -0.735881 0.125256 -0.665424
vn  0.253426 0.047517 0.966187
vn  0.492172 0.095259 0.865270
vn  -0.665424 0.125256 -0.735881
vn  -0.494776 0.094243 -0.863895
vn  0.664889 0.126646 0.736127
vn  -0.258841 0.047062 -0.964773
vn  0.000000 0.054606 -0.998508
vn  0.736127 0.126646 0.664889
vn  0.865270 0.095259 0.492172
vn  0.000000 0.054606 -0.998508
vn  0.966187 0.047517 0.253426
vn  0.998484 0.055035 0.000000
vn  0.251501 0.047156 -0.966707
vn  0.488811 0.094609 -0.867245
vn  0.998484 0.055035 0.000000
vn  0.661028 0.125910 -0.739722
vn  0.861882 0.094886 -0.498152
vn  0.964224 0.047421 -0.260815
vn  0.732261 0.125980 -0.669271
vn  -0.966707 0.047156 0.251501
vn  -0.738967 0.133643 0.660354
vn  -0.866572 0.102413 0.488431
vn  -0.668587 0.133717 0.731513
vn  -0.998053 0.062378 0.000000
vn  -0.998053 0.062378 0.000000
vn  -0.497763 0.102713 0.861209
vn  -0.260815 0.047421 0.964224
vn  -0.964773 0.047062 -0.258841
vn  -0.863230 0.102018 -0.494395
vn  0.000000 0.062868 0.998022
vn  0.000000 0.062868 0.998022
vn  -0.735138 0.132951 -0.664753
vn  -0.494395 0.102018 -0.863230
vn  0.253426 0.047517 0.966187
vn  0.491785 0.103116 0.864589
vn  -0.664753 0.132951 -0.735138
vn  0.664203 0.134422 0.735368
vn  -0.258841 0.047062 -0.964773
vn  0.000000 0.062378 -0.998053
vn  0.735368 0.134422 0.664203
vn  0.864589 0.103116 0.491785
vn  0.000000 0.062378 -0.998053
vn  0.966187 0.047517 0.253426
vn  0.998022 0.062868 0.000000
vn  0.251501 0.047156 -0.966707
vn  0.488431 0.102413 -0.866572
vn  0.998022 0.062868 0.000000
vn  0.660354 0.133643 -0.738967
vn  0.964224 0.047421 -0.260815
vn  0.861209 0.102713 -0.497763
vn  0.731513 0.133717 -0.668587
vn  -0.966707 0.047156 0.251501
vn  -0.738967 0.133643 0.660354
vn  -0.866572 0.102413 0.488431
vn  -0.668587 0.133717 0.731513
vn  -0.998053 0.062378 0.000000
vn  -0.998053 0.062378 0.000000
vn  -0.497763 0.102713 0.861209
vn  -0.260815 0.047421 0.964224
vn  -0.964773 0.047062 -0.258841
vn  -0.863230 0.102018 -0.494395
vn  0.000000 0.062868 0.998022
vn  0.000000 0.062868 0.998022
vn  -0.735138 0.132951 -0.664753
vn  -0.494395 0.102018 -0.863230
vn  0.253426 0.047517 0.966187
vn  0.491785 0.103116 0.864589
vn  -0.664753 0.132951 -0.735138
vn  0.664203 0.134422 0.735368
vn  -0.258841 0.047062 -0.964773
vn  0.000000 0.062378 -0.998053
vn  0.735368 0.134422 0.664203
vn  0.864589 0.103116 0.491785
vn  0.000000 0.062378 -0.998053
vn  0.966187 0.047517 0.253426
vn  0.998022 0.062868 0.000000
vn  0.251501 0.047156 -0.966707
vn  0.488431 0.102413 -0.866572
vn  0.998022 0.062868 0.000000
vn  0.660354 0.133643 -0.738967
vn  0.964224 0.047421 -0.260815
vn  0.861209 0.102713 -0.497763
vn  0.731513 0.133717 -0.668587
vn  0.994224 -0.102579 -0.031563
vn  1.000000 0.000000 0.000000
vn  0.994441 -0.102601 0.023677
vn  0.994224 -0.063125 -0.086797
vn  0.994875 -0.063167 0.078958
vn  0.993884 0.000000 -0.110432
vn  0.994720 0.000000 0.102630
vn  0.994689 0.055260 -0.086838
vn  0.995340 0.055297 0.078995
vn  0.994999 0.094762 -0.031587
vn  0.995216 0.094782 0.023696
vn  -0.994527 -0.101802 0.023493
vn  -1.000000 0.000000 0.000000
vn  -0.994314 -0.101780 -0.031317
vn  -0.994954 -0.062674 0.078343
vn  -0.994314 -0.062634 -0.086122
vn  -0.994802 0.000000 0.101830
vn  -0.993979 0.000000 -0.109572
vn  -0.995413 0.054865 0.078379
vn  -0.994771 0.054830 -0.086161
vn  -0.995077 0.094023 -0.031341
vn  -0.995291 0.094043 0.023511
vn  -0.994527 -0.101802 0.023493
vn  -1.000000 0.000000 0.000000
vn  -0.994314 -0.101780 -0.031317
vn  -0.994954 -0.062674 0.078343
vn  -0.994314 -0.062634 -0.086122
vn  -0.994802 0.000000 0.101830
vn  -0.993979 0.000000 -0.109572
vn  -0.995413 0.054865 0.078379
vn  -0.994771 0.054830 -0.086161
vn  -0.995291 0.094043 0.023511
vn  -0.995077 0.094023 -0.031341
vn  0.994224 -0.102579 -0.031563
vn  1.000000 0.000000 0.000000
vn  0.994441 -0.102601 0.023677
vn  0.994224 -0.063125 -0.086797
vn  0.994875 -0.063167 0.078958
vn  0.993884 0.000000 -0.110432
vn  0.994720 0.000000 0.102630
vn  0.994689 0.055260 -0.086838
vn  0.000000 -1.000000 0.000000
vn  0.000000 -1.000000 0.000000
vn  0.000000 -1.000000 0.000000
vn  0.000000 -0.998053 -0.062378
vn  0.000000 -0.988993 -0.147960
vn  0.000000 -0.780869 -0.624695
vn  0.000000 -0.780869 -0.624695
vn  0.000000 -0.547460 -0.836832
vn  0.000000 -0.547460 -0.836832
vn  0.000000 -0.023431 -0.999725
vn  0.000000 -0.023431 -0.999725
vn  0.000000 0.000000 -1.000000
vn  0.000000 0.000000 -1.000000
vn  1.000000 0.000000 0.000000
vn  1.000000 0.000000 0.000000
vn  1.000000 0.000000 0.000000
vn  1.000000 0.000000 0.000000
vn  1.000000 0.000000 0.000000
vn  1.000000 0.000000 0.000000
vn  1.000000 0.000000 0.000000
vn  1.000000 0.000000 0.000000
vn  1.000000 0.000000 0.000000
vn  1.000000 0.000000 0.000000
vn  1.000000 0.000000 0.000000
vn  1.000000 0.000000 0.000000
vn  0.015787 0.994596 0.102617
vn  0.000000 1.000000 0.000000
vn  0.000000 1.000000 0.000000
vn  0.015787 0.994596 0.102617
vn  0.118950 0.800932 0.586821
vn  0.118753 0.783767 0.609596
vn  0.118331 0.694206 0.709983
vn  0.039262 -0.062819 0.997252
vn  0.055019 0.023580 0.998207
vn  0.015770 -0.323276 0.946173
vn  0.055019 0.023580 0.998207
vn  0.118641 0.506202 0.854215
vn  0.118641 0.506202 0.854215
vn  -1.000000 0.000000 0.000000
vn  -1.000000 0.000000 0.000000
vn  -1.000000 0.000000 0.000000
vn  -1.000000 0.000000 0.000000
vn  -1.000000 0.000000 0.000000
vn  -1.000000 0.000000 0.000000
vn  -1.000000 0.000000 0.000000
vn  -1.000000 0.000000 0.000000
vn  -1.000000 0.000000 0.000000
vn  -1.000000 0.000000 0.000000
vn  -1.000000 0.000000 0.000000
vn  -1.000000 0.000000 0.000000
vn  -1.000000 0.000000 0.000000
vn  -1.000000 0.000000 0.000000
vn  -1.000000 0.000000 0.000000
vn  -1.000000 0.000000 0.000000
vn  -1.000000 0.000000 0.000000
vn  -1.000000 0.000000 0.000000
vn  -1.000000 0.000000 0.000000
vn  -1.000000 0.000000 0.000000
vn  -1.000000 0.000000 0.000000
vn  -1.000000 0.000000 0.000000
vn  -1.000000 0.000000 0.000000
vn  -1.000000 0.000000 0.000000
vn  0.000000 1.000000 0.000000
vn  0.000000 1.000000 0.000000
vn  0.000000 1.000000 0.000000
vn  0.000000 1.000000 0.000000
vn  0.000000 1.000000 0.000000
vn  0.000000 1.000000 0.000000
vn  0.000000 1.000000 0.000000
vn  0.000000 1.000000 0.000000
vn  0.000000 1.000000 0.000000
vn  0.000000 1.000000 0.000000
vn  0.000000 1.000000 0.000000
vn  0.000000 1.000000 0.000000
vn  0.243777 0.967245 0.070774
vn  0.259129 0.965843 0.000000
vn  0.259129 0.965843 0.000000
vn  0.243777 0.967245 0.070774
vn  0.204490 0.967395 0.149435
vn  0.204490 0.967395 0.149435
vn  0.149435 0.967395 0.204490
vn  0.149435 0.967395 0.204490
vn  0.070774 0.967245 0.243777
vn  0.070774 0.967245 0.243777
vn  0.000000 0.965843 0.259129
vn  0.000000 0.965843 0.259129
vn  -0.078592 0.966678 0.243634
vn  -0.078592 0.966678 0.243634
vn  -0.157111 0.966230 0.204244
vn  -0.157111 0.966230 0.204244
vn  -0.212008 0.965813 0.149191
vn  -0.212008 0.965813 0.149191
vn  -0.251152 0.965367 0.070637
vn  -0.251152 0.965367 0.070637
vn  -0.266431 0.963854 0.000000
vn  -0.266431 0.963854 0.000000
vn  0.259129 0.965843 0.000000
vn  0.243634 0.966678 -0.078592
vn  0.259129 0.965843 0.000000
vn  0.243634 0.966678 -0.078592
vn  0.204244 0.966230 -0.157111
vn  0.204244 0.966230 -0.157111
vn  0.149191 0.965813 -0.212008
vn  0.149191 0.965813 -0.212008
vn  0.070637 0.965367 -0.251152
vn  0.070637 0.965367 -0.251152
vn  0.000000 0.963854 -0.266431
vn  0.000000 0.963854 -0.266431
vn  -0.078439 0.964802 -0.251006
vn  -0.078439 0.964802 -0.251006
vn  -0.156854 0.964654 -0.211753
vn  -0.156854 0.964654 -0.211753
vn  -0.211753 0.964654 -0.156854
vn  -0.211753 0.964654 -0.156854
vn  -0.251006 0.964802 -0.078439
vn  -0.251006 0.964802 -0.078439
vn  -0.266431 0.963854 0.000000
vn  -0.266431 0.963854 0.000000
vn  -0.219711 0.973006 -0.070621
vn  -0.227726 0.973725 0.000000
vn  -0.227726 0.973725 0.000000
vn  -0.219711 0.973006 -0.070621
vn  -0.188324 0.973006 -0.133396
vn  -0.188324 0.973006 -0.133396
vn  -0.133396 0.973006 -0.188324
vn  -0.133396 0.973006 -0.188324
vn  -0.070621 0.973006 -0.219711
vn  -0.070621 0.973006 -0.219711
vn  0.000000 0.973725 -0.227726
vn  0.000000 0.973725 -0.227726
vn  0.062807 0.973515 -0.219826
vn  0.062807 0.973515 -0.219826
vn  0.125677 0.973996 -0.188515
vn  0.125677 0.973996 -0.188515
vn  0.180739 0.974416 -0.133589
vn  0.180739 0.974416 -0.133589
vn  0.212224 0.974657 -0.070741
vn  0.212224 0.974657 -0.070741
vn  0.220261 0.975441 0.000000
vn  0.220261 0.975441 0.000000
vn  -0.227726 0.973725 0.000000
vn  -0.219826 0.973515 0.062807
vn  -0.227726 0.973725 0.000000
vn  -0.219826 0.973515 0.062807
vn  -0.188515 0.973996 0.125677
vn  -0.188515 0.973996 0.125677
vn  -0.133589 0.974416 0.180739
vn  -0.133589 0.974416 0.180739
vn  -0.070741 0.974657 0.212224
vn  -0.070741 0.974657 0.212224
vn  0.000000 0.975441 0.220261
vn  0.000000 0.975441 0.220261
vn  0.062914 0.975169 0.212335
vn  0.062914 0.975169 0.212335
vn  0.125859 0.975411 0.180923
vn  0.125859 0.975411 0.180923
vn  0.180923 0.975411 0.125859
vn  0.180923 0.975411 0.125859
vn  0.212335 0.975169 0.062914
vn  0.212335 0.975169 0.062914
vn  0.220261 0.975441 0.000000
vn  0.220261 0.975441 0.000000
vn  0.000000 1.000000 0.000000
vn  0.000000 1.000000 0.000000
vn  0.000000 1.000000 0.000000
vn  0.000000 1.000000 0.000000
vn  0.000000 1.000000 0.000000
vn  0.000000 1.000000 0.000000
vn  0.000000 1.000000 0.000000
vn  0.000000 1.000000 0.000000
vn  0.000000 1.000000 0.000000
vn  0.000000 1.000000 0.000000
vn  0.000000 1.000000 0.000000
vn  0.000000 1.000000 0.000000
vn  -0.219711 0.973006 -0.070621
vn  -0.227726 0.973725 0.000000
vn  -0.227726 0.973725 0.000000
vn  -0.219711 0.973006 -0.070621
vn  -0.188324 0.973006 -0.133396
vn  -0.188324 0.973006 -0.133396
vn  -0.133396 0.973006 -0.188324
vn  -0.133396 0.973006 -0.188324
vn  -0.070621 0.973006 -0.219711
vn  -0.070621 0.973006 -0.219711
vn  0.000000 0.973725 -0.227726
vn  0.000000 0.973725 -0.227726
vn  0.062807 0.973515 -0.219826
vn  0.062807 0.973515 -0.219826
vn  0.125677 0.973996 -0.188515
vn  0.125677 0.973996 -0.188515
vn  0.180739 0.974416 -0.133589
vn  0.180739 0.974416 -0.133589
vn  0.212224 0.974657 -0.070741
vn  0.212224 0.974657 -0.070741
vn  0.220261 0.975441 0.000000
vn  0.220261 0.975441 0.000000
vn  -0.227726 0.973725 0.000000
vn  -0.219826 0.973515 0.062807
vn  -0.227726 0.973725 0.000000
vn  -0.219826 0.973515 0.062807
vn  -0.188515 0.973996 0.125677
vn  -0.188515 0.973996 0.125677
vn  -0.133589 0.974416 0.180739
vn  -0.133589 0.974416 0.180739
vn  -0.070741 0.974657 0.212224
vn  -0.070741 0.974657 0.212224
vn  0.000000 0.975441 0.220261
vn  0.000000 0.975441 0.220261
vn  0.062914 0.975169 0.212335
vn  0.062914 0.975169 0.212335
vn  0.125859 0.975411 0.180923
vn  0.125859 0.975411 0.180923
vn  0.180923 0.975411 0.125859
vn  0.180923 0.975411 0.125859
vn  0.212335 0.975169 0.062914
vn  0.212335 0.975169 0.062914
vn  0.220261 0.975441 0.000000
vn  0.220261 0.975441 0.000000
vn  0.000000 1.000000 0.000000
vn  0.000000 1.000000 0.000000
vn  0.000000 1.000000 0.000000
vn  0.000000 1.000000 0.000000
vn  0.000000 1.000000 0.000000
vn  0.000000 1.000000 0.000000
vn  0.000000 1.000000 0.000000
vn  0.000000 1.000000 0.000000
vn  0.000000 1.000000 0.000000
vn  0.000000 1.000000 0.000000
vn  0.000000 1.000000 0.000000
vn  0.000000 1.000000 0.000000
vn  -0.759902 0.423039 -0.493545
vn  0.000000 0.000000 -1.000000
vn  -0.988699 0.109855 -0.102009
vn  0.000000 0.000000 -1.000000
vn  0.756563 0.425566 -0.496494
vn  0.989522 0.102094 -0.102094
vn  0.000000 0.000000 -1.000000
vn  0.000000 -0.007812 -0.999969
vn  -0.988699 0.109855 -0.102009
vn  0.000000 -0.007812 -0.999969
vn  0.000000 -0.054606 -0.998508
vn  0.000000 -0.062378 -0.998053
vn  0.000000 -0.508729 -0.860926
vn  0.000000 -0.508729 -0.860926
vn  0.000000 -0.932738 -0.360554
vn  0.000000 -0.932738 -0.360554
vn  0.000000 -0.941386 0.337330
vn  0.000000 -0.941386 0.337330
vn  0.000000 -0.615032 0.788502
vn  0.000000 -0.615032 0.788502
vn  0.000000 -0.376798 0.926295
vn  0.000000 -0.370033 0.929019
vn  0.000000 -0.360554 0.932738
vn  0.000000 -0.363208 0.931708
vn  0.000000 -0.370033 0.929019
vn  0.000000 -0.370033 0.929019
vn  0.994720 0.102630 0.000000
vn  0.994720 0.102630 0.000000
vn  0.998484 0.055035 0.000000
vn  0.998886 0.047191 0.000000
vn  1.000000 0.000000 0.000000
vn  1.000000 0.000000 0.000000
vn  -1.000000 0.000000 0.000000
vn  -1.000000 0.000000 0.000000
vn  -1.000000 0.000000 0.000000
vn  -1.000000 0.000000 0.000000
vn  -0.995566 -0.094069 0.000000
vn  -0.995566 -0.094069 0.000000
vn  -0.998053 -0.062378 0.000000
vn  -0.998903 -0.046824 0.000000
vn  -0.988699 0.109855 -0.102009
vn  -0.989187 0.141312 0.039253
vn  -0.759902 0.423039 -0.493545
vn  -0.870997 0.439422 0.219711
vn  0.000000 -1.000000 0.000000
vn  0.000000 -1.000000 0.000000
vn  0.000000 -1.000000 0.000000
vn  0.000000 -1.000000 0.000000
vn  0.000000 -1.000000 0.000000
vn  0.000000 -1.000000 0.000000
vn  0.000000 -1.000000 0.000000
vn  0.000000 -1.000000 0.000000
vn  0.000000 -1.000000 0.000000
vn  -0.457787 0.094715 0.884002
vn  -0.870997 0.439422 0.219711
vn  -0.989187 0.141312 0.039253
vn  -0.439260 0.086283 0.894207
vn  0.000000 0.000000 1.000000
vn  0.000000 0.000000 1.000000
vn  0.432896 0.086579 0.897276
vn  0.451514 0.095056 0.887186
vn  0.869083 0.442442 0.221221
vn  0.989016 0.142418 0.039561
vn  -1.000000 0.000000 0.000000
vn  -1.000000 0.000000 0.000000
vn  -0.998903 0.046824 0.000000
vn  0.995340 0.055297 0.078995
vn  0.995216 0.094782 0.023696
vn  0.994999 0.094762 -0.031587
vn  0.994224 -0.102579 -0.031563
vn  1.000000 0.000000 0.000000
vn  0.994441 -0.102601 0.023677
vn  0.994224 -0.063125 -0.086797
vn  0.994875 -0.063167 0.078958
vn  0.993884 0.000000 -0.110432
vn  0.994720 0.000000 0.102630
vn  0.994689 0.055260 -0.086838
vn  0.995340 0.055297 0.078995
vn  0.994999 0.094762 -0.031587
vn  0.995216 0.094782 0.023696
vn  -0.994527 -0.101802 0.023493
vn  -1.000000 0.000000 0.000000
vn  -0.994314 -0.101780 -0.031317
vn  -0.994954 -0.062674 0.078343
vn  -0.994314 -0.062634 -0.086122
vn  -0.994802 0.000000 0.101830
vn  -0.993979 0.000000 -0.109572
vn  -0.995413 0.054865 0.078379
vn  -0.994771 0.054830 -0.086161
vn  -0.995077 0.094023 -0.031341
vn  -0.995291 0.094043 0.023511
vn  -0.994527 -0.101802 0.023493
vn  -1.000000 0.000000 0.000000
vn  -0.994314 -0.101780 -0.031317
vn  -0.994954 -0.062674 0.078343
vn  -0.994314 -0.062634 -0.086122
vn  -0.994802 0.000000 0.101830
vn  -0.993979 0.000000 -0.109572
vn  -0.995413 0.054865 0.078379
vn  -0.994771 0.054830 -0.086161
vn  -0.995291 0.094043 0.023511
vn  -0.995077 0.094023 -0.031341
vn  0.994224 -0.102579 -0.031563
vn  1.000000 0.000000 0.000000
vn  0.994441 -0.102601 0.023677
vn  0.994224 -0.063125 -0.086797
vn  0.994875 -0.063167 0.078958
vn  0.993884 0.000000 -0.110432
vn  0.994720 0.000000 0.102630
vn  0.994689 0.055260 -0.086838
vn  0.995340 0.055297 0.078995
vn  0.995216 0.094782 0.023696
vn  0.994999 0.094762 -0.031587
vn  0.000000 0.000000 -1.000000
vn  0.000000 -0.023431 -0.999725
vn  0.000000 -0.023431 -0.999725
vn  0.000000 0.000000 -1.000000
vn  0.000000 -0.023431 -0.999725
vn  0.000000 0.000000 -1.000000
vn  0.000000 0.000000 -1.000000
vn  0.000000 0.000000 -1.000000
vn  0.000000 0.000000 -1.000000
vn  0.000000 0.000000 -1.000000
vn  0.000000 0.000000 -1.000000
vn  0.000000 0.000000 -1.000000
vn  0.000000 0.000000 -1.000000
vn  0.000000 0.000000 -1.000000
vn  0.000000 0.000000 -1.000000
vn  0.000000 0.000000 -1.000000
vn  0.000000 0.000000 -1.000000
vn  0.000000 0.000000 -1.000000
vn  0.000000 0.000000 -1.000000
vn  0.000000 0.000000 -1.000000
vn  0.000000 0.000000 -1.000000
vn  0.000000 -0.999969 0.007812
vn  -0.514433 -0.857389 0.015589
vn  0.000000 -0.172001 -0.985097
vn  0.508667 -0.860821 0.015651
vn  -0.086196 -0.133211 -0.987332
vn  -0.156379 -0.070371 -0.985187
vn  -0.909559 -0.415574 0.000000
vn  -0.125414 0.094061 -0.987636
vn  -0.046775 0.132530 -0.990075
vn  0.070137 -0.124688 -0.989714
vn  0.031411 0.141352 -0.989461
vn  -0.651126 0.094139 -0.753109
vn  -0.988699 0.149090 -0.015694
vn  -0.313834 0.949348 -0.015692
vn  -0.770698 0.637006 -0.015729
vn  0.236927 0.971399 -0.015795
vn  0.102094 0.102094 -0.989522
vn  0.124753 -0.062376 -0.990225
vn  0.707020 0.707020 -0.015712
vn  0.988521 0.150255 -0.015816
vn  0.646572 0.094620 -0.756962
vn  0.905175 -0.425039 0.000000
vn  0.504297 0.401861 -0.764325
vn  0.062567 0.265909 -0.961966
vn  0.401861 0.504297 -0.764325
vn  -0.102330 0.637598 -0.763543
vn  -0.236543 0.599243 -0.764823
vn  0.265909 0.062567 -0.961966
vn  0.637598 -0.102330 -0.763543
vn  -0.070203 -0.273013 -0.959445
vn  -0.202840 0.195039 -0.959591
vn  -0.605362 0.227993 -0.762598
vn  0.195039 -0.202840 -0.959591
vn  0.599243 -0.236543 -0.764823
vn  -0.642727 0.094058 -0.760299
vn  -0.273013 -0.070203 -0.959445
vn  0.094058 -0.642727 -0.760299
vn  -0.406822 -0.508527 -0.758879
vn  0.227993 -0.605362 -0.762598
vn  -0.508527 -0.406822 -0.758879
vn  0.000000 -0.999969 0.007812
vn  -0.514433 -0.857389 0.015589
vn  0.000000 -0.172001 -0.985097
vn  0.508667 -0.860821 0.015651
vn  -0.086196 -0.133211 -0.987332
vn  -0.156379 -0.070371 -0.985187
vn  -0.909559 -0.415574 0.000000
vn  -0.125414 0.094061 -0.987636
vn  -0.046775 0.132530 -0.990075
vn  0.070137 -0.124688 -0.989714
vn  0.031411 0.141352 -0.989461
vn  -0.651126 0.094139 -0.753109
vn  -0.988699 0.149090 -0.015694
vn  -0.313834 0.949348 -0.015692
vn  -0.770698 0.637006 -0.015729
vn  0.236927 0.971399 -0.015795
vn  0.102094 0.102094 -0.989522
vn  0.124753 -0.062376 -0.990225
vn  0.707020 0.707020 -0.015712
vn  0.988521 0.150255 -0.015816
vn  0.646572 0.094620 -0.756962
vn  0.905175 -0.425039 0.000000
vn  0.504297 0.401861 -0.764325
vn  0.062567 0.265909 -0.961966
vn  0.401861 0.504297 -0.764325
vn  -0.102330 0.637598 -0.763543
vn  -0.236543 0.599243 -0.764823
vn  0.265909 0.062567 -0.961966
vn  0.637598 -0.102330 -0.763543
vn  -0.070203 -0.273013 -0.959445
vn  -0.202840 0.195039 -0.959591
vn  -0.605362 0.227993 -0.762598
vn  0.195039 -0.202840 -0.959591
vn  0.599243 -0.236543 -0.764823
vn  -0.642727 0.094058 -0.760299
vn  -0.273013 -0.070203 -0.959445
vn  0.094058 -0.642727 -0.760299
vn  -0.406822 -0.508527 -0.758879
vn  0.227993 -0.605362 -0.762598
vn  -0.508527 -0.406822 -0.758879
vn  0.133293 -0.854646 0.501810
vn  -0.978565 -0.203542 0.031314
vn  0.133060 -0.900115 0.414836
vn  -0.930568 -0.344076 0.125118
vn  -0.693937 -0.686140 -0.218317
vn  -0.956958 -0.290225 0.000000
vn  0.140330 -0.990105 0.000000
vn  0.125491 -0.941184 -0.313728
vn  -0.564207 -0.791457 -0.235086
vn  0.124779 -0.928046 -0.350942
vn  -0.140983 -0.853728 0.501271
vn  0.978230 -0.205113 0.031556
vn  0.929509 -0.346596 0.126035
vn  -0.140737 -0.899151 0.414391
vn  0.689862 -0.689862 -0.219502
vn  0.956290 -0.292419 0.000000
vn  -0.147960 -0.988993 0.000000
vn  -0.133199 -0.940230 -0.313410
vn  0.558830 -0.794955 -0.236125
vn  -0.132445 -0.927116 -0.350590
vn  -0.062819 -0.039262 0.997252
vn  -0.275343 -0.055069 0.959768
vn  -0.110332 -0.181260 0.977227
vn  0.102537 -0.181412 0.978047
vn  -0.188550 0.007856 0.982032
vn  -0.339288 0.134137 0.931070
vn  -0.308602 0.134519 0.941631
vn  -0.173708 0.268458 0.947500
vn  -0.268274 0.323507 0.907398
vn  0.054992 -0.039280 0.997714
vn  -0.055255 0.315745 0.947234
vn  0.047381 0.315873 0.947618
vn  -0.102537 0.441699 0.891285
vn  0.268049 -0.055187 0.961823
vn  0.180957 0.007868 0.983460
vn  0.166035 0.268819 0.948772
vn  0.094723 0.442042 0.891979
vn  0.332278 0.134493 0.933543
vn  0.301416 0.134844 0.943909
vn  0.260929 0.324184 0.909297
vn  0.427375 0.846836 0.316574
vn  0.213274 0.102687 0.971581
vn  0.846836 0.427375 0.316574
vn  0.937211 -0.149639 0.315029
vn  0.047315 0.102515 0.993606
vn  0.236772 -0.039462 0.970764
vn  0.078818 -0.086700 0.993112
vn  -0.149639 0.937211 0.315029
vn  0.667391 -0.675242 0.314066
vn  -0.015800 0.094797 0.995371
vn  0.007894 -0.102627 0.994689
vn  0.140883 -0.939221 0.313074
vn  -0.055132 -0.110264 0.992372
vn  -0.086700 0.078818 0.993112
vn  -0.675242 0.667391 0.314066
vn  -0.430939 -0.846207 0.313410
vn  -0.220609 -0.110305 0.969105
vn  -0.244269 0.031519 0.969195
vn  -0.939221 0.140883 0.313074
vn  -0.846207 -0.430939 0.313410
vn  0.362520 0.914180 0.181260
vn  0.401674 0.913612 -0.063008
vn  0.260904 0.964555 -0.039531
vn  0.283535 0.913612 -0.291411
vn  0.157500 0.984374 0.078750
vn  0.181893 0.964826 -0.189802
vn  -0.998053 0.062378 0.000000
vn  -0.994802 0.101830 0.000000
vn  -0.994802 0.101830 0.000000
vn  0.000000 -0.007812 -0.999969
vn  0.000000 0.000000 -1.000000
vn  0.989522 0.102094 -0.102094
vn  0.000000 -0.007812 -0.999969
vn  0.000000 -0.054606 -0.998508
vn  0.000000 -0.062378 -0.998053
vn  0.000000 -0.508729 -0.860926
vn  0.000000 -0.508729 -0.860926
vn  0.000000 -0.932738 -0.360554
vn  0.000000 -0.932738 -0.360554
vn  0.000000 -0.941386 0.337330
vn  0.000000 -0.941386 0.337330
vn  0.000000 -0.615032 0.788502
vn  0.000000 -0.615032 0.788502
vn  0.000000 -0.370033 0.929019
vn  0.000000 -0.370033 0.929019
vn  0.000000 -0.360554 0.932738
vn  0.000000 -0.363208 0.931708
vn  0.000000 -0.370033 0.929019
vn  0.000000 -0.370033 0.929019
vn  1.000000 0.000000 0.000000
vn  1.000000 0.000000 0.000000
vn  1.000000 0.000000 0.000000
vn  1.000000 0.000000 0.000000
vn  0.995495 -0.094809 0.000000
vn  0.995495 -0.094809 0.000000
vn  0.998022 -0.062868 0.000000
vn  0.998484 -0.055035 0.000000
vn  0.989522 0.102094 -0.102094
vn  0.989016 0.142418 0.039561
vn  0.756563 0.425566 -0.496494
vn  0.869083 0.442442 0.221221
vn  0.759517 0.427228 0.490521
vn  0.000000 0.000000 1.000000
vn  0.989294 0.110801 0.094972
vn  0.000000 0.000000 1.000000
vn  -0.762834 0.424671 0.487585
vn  -0.990436 0.101383 0.093584
vn  0.000000 0.000000 1.000000
vn  0.000000 -0.007874 0.999969
vn  0.989294 0.110801 0.094972
vn  0.000000 -0.007874 0.999969
vn  0.000000 -0.055035 0.998484
vn  0.000000 -0.062868 0.998022
vn  0.000000 -0.512176 0.858880
vn  0.000000 -0.512176 0.858880
vn  0.000000 -0.935357 0.353706
vn  0.000000 -0.935357 0.353706
vn  0.000000 -0.938876 -0.344255
vn  0.000000 -0.938876 -0.344255
vn  0.000000 -0.611224 -0.791457
vn  0.000000 -0.611224 -0.791457
vn  0.000000 -0.374076 -0.927398
vn  0.000000 -0.367344 -0.930085
vn  0.000000 -0.357936 -0.933746
vn  0.000000 -0.360554 -0.932738
vn  0.000000 -0.367344 -0.930085
vn  0.000000 -0.367344 -0.930085
vn  -0.998508 0.054606 0.000000
vn  -0.994802 0.101830 0.000000
vn  -0.994802 0.101830 0.000000
vn  -0.998903 0.046824 0.000000
vn  -1.000000 0.000000 0.000000
vn  -1.000000 0.000000 0.000000
vn  1.000000 0.000000 0.000000
vn  1.000000 0.000000 0.000000
vn  1.000000 0.000000 0.000000
vn  1.000000 0.000000 0.000000
vn  0.995495 -0.094809 0.000000
vn  0.995495 -0.094809 0.000000
vn  0.998022 -0.062868 0.000000
vn  0.998886 -0.047191 0.000000
vn  0.989294 0.110801 0.094972
vn  0.988675 0.142369 -0.047456
vn  0.759517 0.427228 0.490521
vn  0.867541 0.441657 -0.228715
vn  0.000000 -1.000000 0.000000
vn  0.000000 -1.000000 0.000000
vn  0.000000 -1.000000 0.000000
vn  0.000000 -1.000000 0.000000
vn  0.000000 -1.000000 0.000000
vn  0.000000 -1.000000 0.000000
vn  0.000000 -1.000000 0.000000
vn  0.000000 -1.000000 0.000000
vn  0.000000 -1.000000 0.000000
vn  0.448360 0.094392 -0.888855
vn  0.867541 0.441657 -0.228715
vn  0.988675 0.142369 -0.047456
vn  0.429858 0.085972 -0.898794
vn  0.000000 0.000000 -1.000000
vn  0.000000 0.000000 -1.000000
vn  -0.436197 0.085682 -0.895763
vn  -0.454612 0.094058 -0.885709
vn  -0.869473 0.438653 -0.227159
vn  -0.988851 0.141264 -0.047088
vn  1.000000 0.000000 0.000000
vn  1.000000 0.000000 0.000000
vn  0.998886 0.047191 0.000000
vn  0.998022 0.062868 0.000000
vn  0.994720 0.102630 0.000000
vn  0.994720 0.102630 0.000000
vn  -0.990436 0.101383 0.093584
vn  0.000000 -0.007874 0.999969
vn  0.000000 0.000000 1.000000
vn  0.000000 -0.007874 0.999969
vn  0.000000 -0.055035 0.998484
vn  0.000000 -0.062868 0.998022
vn  0.000000 -0.512176 0.858880
vn  0.000000 -0.512176 0.858880
vn  0.000000 -0.935357 0.353706
vn  0.000000 -0.935357 0.353706
vn  0.000000 -0.938876 -0.344255
vn  0.000000 -0.938876 -0.344255
vn  0.000000 -0.611224 -0.791457
vn  0.000000 -0.611224 -0.791457
vn  0.000000 -0.367344 -0.930085
vn  0.000000 -0.367344 -0.930085
vn  0.000000 -0.357936 -0.933746
vn  0.000000 -0.360554 -0.932738
vn  0.000000 -0.367344 -0.930085
vn  0.000000 -0.367344 -0.930085
vn  -1.000000 0.000000 0.000000
vn  -1.000000 0.000000 0.000000
vn  -1.000000 0.000000 0.000000
vn  -1.000000 0.000000 0.000000
vn  -0.995566 -0.094069 0.000000
vn  -0.995566 -0.094069 0.000000
vn  -0.998053 -0.062378 0.000000
vn  -0.998508 -0.054606 0.000000
vn  -0.990436 0.101383 0.093584
vn  -0.988851 0.141264 -0.047088
vn  -0.762834 0.424671 0.487585
vn  -0.869473 0.438653 -0.227159
vn  0.759517 0.427228 0.490521
vn  0.000000 0.000000 1.000000
vn  0.989294 0.110801 0.094972
vn  0.000000 0.000000 1.000000
vn  -0.762834 0.424671 0.487585
vn  -0.990436 0.101383 0.093584
vn  0.000000 0.000000 1.000000
vn  0.000000 -0.007874 0.999969
vn  0.989294 0.110801 0.094972
vn  0.000000 -0.007874 0.999969
vn  0.000000 -0.055035 0.998484
vn  0.000000 -0.062868 0.998022
vn  0.000000 -0.512176 0.858880
vn  0.000000 -0.512176 0.858880
vn  0.000000 -0.935357 0.353706
vn  0.000000 -0.935357 0.353706
vn  0.000000 -0.938876 -0.344255
vn  0.000000 -0.938876 -0.344255
vn  0.000000 -0.611224 -0.791457
vn  0.000000 -0.611224 -0.791457
vn  0.000000 -0.374076 -0.927398
vn  0.000000 -0.367344 -0.930085
vn  0.000000 -0.357936 -0.933746
vn  0.000000 -0.360554 -0.932738
vn  0.000000 -0.367344 -0.930085
vn  0.000000 -0.367344 -0.930085
vn  -0.998508 0.054606 0.000000
vn  -0.994802 0.101830 0.000000
vn  -0.994802 0.101830 0.000000
vn  -0.998903 0.046824 0.000000
vn  -1.000000 0.000000 0.000000
vn  -1.000000 0.000000 0.000000
vn  1.000000 0.000000 0.000000
vn  1.000000 0.000000 0.000000
vn  1.000000 0.000000 0.000000
vn  1.000000 0.000000 0.000000
vn  0.995495 -0.094809 0.000000
vn  0.995495 -0.094809 0.000000
vn  0.998022 -0.062868 0.000000
vn  0.998886 -0.047191 0.000000
vn  0.989294 0.110801 0.094972
vn  0.988675 0.142369 -0.047456
vn  0.759517 0.427228 0.490521
vn  0.867541 0.441657 -0.228715
vn  0.000000 -1.000000 0.000000
vn  0.000000 -1.000000 0.000000
vn  0.000000 -1.000000 0.000000
vn  0.000000 -1.000000 0.000000
vn  0.000000 -1.000000 0.000000
vn  0.000000 -1.000000 0.000000
vn  0.000000 -1.000000 0.000000
vn  0.000000 -1.000000 0.000000
vn  0.000000 -1.000000 0.000000
vn  0.448360 0.094392 -0.888855
vn  0.867541 0.441657 -0.228715
vn  0.988675 0.142369 -0.047456
vn  0.429858 0.085972 -0.898794
vn  0.000000 0.000000 -1.000000
vn  0.000000 0.000000 -1.000000
vn  -0.436197 0.085682 -0.895763
vn  -0.454612 0.094058 -0.885709
vn  -0.869473 0.438653 -0.227159
vn  -0.988851 0.141264 -0.047088
vn  1.000000 0.000000 0.000000
vn  1.000000 0.000000 0.000000
vn  0.998886 0.047191 0.000000
vn  0.998022 0.062868 0.000000
vn  0.994720 0.102630 0.000000
vn  0.994720 0.102630 0.000000
vn  -0.990436 0.101383 0.093584
vn  0.000000 -0.007874 0.999969
vn  0.000000 0.000000 1.000000
vn  0.000000 -0.007874 0.999969
vn  0.000000 -0.055035 0.998484
vn  0.000000 -0.062868 0.998022
vn  0.000000 -0.512176 0.858880
vn  0.000000 -0.512176 0.858880
vn  0.000000 -0.935357 0.353706
vn  0.000000 -0.935357 0.353706
vn  0.000000 -0.938876 -0.344255
vn  0.000000 -0.938876 -0.344255
vn  0.000000 -0.611224 -0.791457
vn  0.000000 -0.611224 -0.791457
vn  0.000000 -0.367344 -0.930085
vn  0.000000 -0.367344 -0.930085
vn  0.000000 -0.357936 -0.933746
vn  0.000000 -0.360554 -0.932738
vn  0.000000 -0.367344 -0.930085
vn  0.000000 -0.367344 -0.930085
vn  -1.000000 0.000000 0.000000
vn  -1.000000 0.000000 0.000000
vn  -1.000000 0.000000 0.000000
vn  -1.000000 0.000000 0.000000
vn  -0.995566 -0.094069 0.000000
vn  -0.995566 -0.094069 0.000000
vn  -0.998053 -0.062378 0.000000
vn  -0.998508 -0.054606 0.000000
vn  -0.990436 0.101383 0.093584
vn  -0.988851 0.141264 -0.047088
vn  -0.762834 0.424671 0.487585
vn  -0.869473 0.438653 -0.227159
vn  -0.759902 0.423039 -0.493545
vn  0.000000 0.000000 -1.000000
vn  -0.988699 0.109855 -0.102009
vn  0.000000 0.000000 -1.000000
vn  0.756563 0.425566 -0.496494
vn  0.989522 0.102094 -0.102094
vn  0.000000 0.000000 -1.000000
vn  0.000000 -0.007812 -0.999969
vn  -0.988699 0.109855 -0.102009
vn  0.000000 -0.007812 -0.999969
vn  0.000000 -0.054606 -0.998508
vn  0.000000 -0.062378 -0.998053
vn  0.000000 -0.508729 -0.860926
vn  0.000000 -0.508729 -0.860926
vn  0.000000 -0.932738 -0.360554
vn  0.000000 -0.932738 -0.360554
vn  0.000000 -0.941386 0.337330
vn  0.000000 -0.941386 0.337330
vn  0.000000 -0.615032 0.788502
vn  0.000000 -0.615032 0.788502
vn  0.000000 -0.376798 0.926295
vn  0.000000 -0.370033 0.929019
vn  0.000000 -0.360554 0.932738
vn  0.000000 -0.363208 0.931708
vn  0.000000 -0.370033 0.929019
vn  0.000000 -0.370033 0.929019
vn  0.994720 0.102630 0.000000
vn  0.994720 0.102630 0.000000
vn  0.998484 0.055035 0.000000
vn  0.998886 0.047191 0.000000
vn  1.000000 0.000000 0.000000
vn  1.000000 0.000000 0.000000
vn  -1.000000 0.000000 0.000000
vn  -1.000000 0.000000 0.000000
vn  -1.000000 0.000000 0.000000
vn  -1.000000 0.000000 0.000000
vn  -0.995566 -0.094069 0.000000
vn  -0.995566 -0.094069 0.000000
vn  -0.998053 -0.062378 0.000000
vn  -0.998903 -0.046824 0.000000
vn  -0.988699 0.109855 -0.102009
vn  -0.989187 0.141312 0.039253
vn  -0.759902 0.423039 -0.493545
vn  -0.870997 0.439422 0.219711
vn  0.000000 -1.000000 0.000000
vn  0.000000 -1.000000 0.000000
vn  0.000000 -1.000000 0.000000
vn  0.000000 -1.000000 0.000000
vn  0.000000 -1.000000 0.000000
vn  0.000000 -1.000000 0.000000
vn  0.000000 -1.000000 0.000000
vn  0.000000 -1.000000 0.000000
vn  0.000000 -1.000000 0.000000
vn  -0.457787 0.094715 0.884002
vn  -0.870997 0.439422 0.219711
vn  -0.989187 0.141312 0.039253
vn  -0.439260 0.086283 0.894207
vn  0.000000 0.000000 1.000000
vn  0.000000 0.000000 1.000000
vn  0.432896 0.086579 0.897276
vn  0.451514 0.095056 0.887186
vn  0.869083 0.442442 0.221221
vn  0.989016 0.142418 0.039561
vn  -1.000000 0.000000 0.000000
vn  -1.000000 0.000000 0.000000
vn  -0.998903 0.046824 0.000000
vn  -0.998053 0.062378 0.000000
vn  -0.994802 0.101830 0.000000
vn  -0.994802 0.101830 0.000000
vn  0.000000 -0.007812 -0.999969
vn  0.000000 0.000000 -1.000000
vn  0.989522 0.102094 -0.102094
vn  0.000000 -0.007812 -0.999969
vn  0.054982 0.911129 -0.408437
vn  0.023563 0.981790 -0.188504
vn  0.071085 0.987287 0.142169
vn  -0.078845 0.985567 -0.149806
vn  0.181260 0.914180 0.362520
vn  -0.188324 0.910231 -0.368800
vn  -0.031456 0.983003 0.180873
vn  -0.165058 0.982487 -0.086459
vn  -0.368800 0.910231 -0.188324
vn  -0.063008 0.913612 0.401674
vn  -0.291411 0.913612 0.283535
vn  -0.189802 0.964826 0.181893
vn  -0.268324 0.962811 0.031568
vn  -0.408437 0.911129 0.054982
vn  0.362520 0.914180 0.181260
vn  0.401674 0.913612 -0.063008
vn  0.260904 0.964555 -0.039531
vn  0.283535 0.913612 -0.291411
vn  0.157500 0.984374 0.078750
vn  0.181893 0.964826 -0.189802
vn  0.054982 0.911129 -0.408437
vn  0.023563 0.981790 -0.188504
vn  0.071085 0.987287 0.142169
vn  -0.078845 0.985567 -0.149806
vn  0.181260 0.914180 0.362520
vn  -0.188324 0.910231 -0.368800
vn  -0.031456 0.983003 0.180873
vn  -0.165058 0.982487 -0.086459
vn  -0.368800 0.910231 -0.188324
vn  -0.063008 0.913612 0.401674
vn  -0.291411 0.913612 0.283535
vn  -0.189802 0.964826 0.181893
vn  -0.268324 0.962811 0.031568
vn  -0.408437 0.911129 0.054982
vn  0.362520 0.914180 0.181260
vn  0.401674 0.913612 -0.063008
vn  0.260904 0.964555 -0.039531
vn  0.283535 0.913612 -0.291411
vn  0.157500 0.984374 0.078750
vn  0.181893 0.964826 -0.189802
vn  0.054982 0.911129 -0.408437
vn  0.023563 0.981790 -0.188504
vn  0.071085 0.987287 0.142169
vn  -0.078845 0.985567 -0.149806
vn  0.181260 0.914180 0.362520
vn  -0.188324 0.910231 -0.368800
vn  -0.031456 0.983003 0.180873
vn  -0.165058 0.982487 -0.086459
vn  -0.368800 0.910231 -0.188324
vn  -0.063008 0.913612 0.401674
vn  -0.291411 0.913612 0.283535
vn  -0.189802 0.964826 0.181893
vn  -0.268324 0.962811 0.031568
vn  -0.408437 0.911129 0.054982
vn  0.488811 0.094609 -0.867245
vn  0.732261 0.125980 -0.669271
vn  0.661028 0.125910 -0.739722
vn  0.251501 0.047156 -0.966707
vn  0.861882 0.094886 -0.498152
vn  0.000000 0.054606 -0.998508
vn  0.964224 0.047421 -0.260815
vn  0.000000 0.054606 -0.998508
vn  0.998484 0.055035 0.000000
vn  0.998484 0.055035 0.000000
vn  -0.258841 0.047062 -0.964773
vn  -0.494776 0.094243 -0.863895
vn  0.966187 0.047517 0.253426
vn  0.865270 0.095259 0.492172
vn  -0.665424 0.125256 -0.735881
vn  0.736127 0.126646 0.664889
vn  -0.735881 0.125256 -0.665424
vn  -0.863895 0.094243 -0.494776
vn  0.664889 0.126646 0.736127
vn  0.492172 0.095259 0.865270
vn  -0.964773 0.047062 -0.258841
vn  -0.998508 0.054606 0.000000
vn  0.253426 0.047517 0.966187
vn  0.000000 0.055035 0.998484
vn  -0.998508 0.054606 0.000000
vn  0.000000 0.055035 0.998484
vn  -0.966707 0.047156 0.251501
vn  -0.867245 0.094609 0.488811
vn  -0.260815 0.047421 0.964224
vn  -0.498152 0.094886 0.861882
vn  -0.669271 0.125980 0.732261
vn  -0.739722 0.125910 0.661028
vn  -0.268324 0.962811 0.031568
vn  -0.368800 0.910231 -0.188324
vn  -0.408437 0.911129 0.054982
vn  -0.291411 0.913612 0.283535
vn  -0.165058 0.982487 -0.086459
vn  -0.189802 0.964826 0.181893
vn  -0.188324 0.910231 -0.368800
vn  -0.063008 0.913612 0.401674
vn  -0.031456 0.983003 0.180873
vn  -0.078845 0.985567 -0.149806
vn  0.071085 0.987287 0.142169
vn  0.181260 0.914180 0.362520
vn  0.054982 0.911129 -0.408437
vn  0.023563 0.981790 -0.188504
vn  0.157500 0.984374 0.078750
vn  0.181893 0.964826 -0.189802
vn  0.362520 0.914180 0.181260
vn  0.260904 0.964555 -0.039531
vn  0.283535 0.913612 -0.291411
vn  0.401674 0.913612 -0.063008
vn  0.245460 0.910579 0.332559
vn  0.531445 0.610765 0.586969
vn  0.648470 0.624745 0.434949
vn  0.776971 0.182350 0.602549
vn  0.197908 0.839132 0.506646
vn  -0.252880 0.908786 0.331904
vn  0.654742 0.236654 0.717850
vn  0.000000 0.306773 0.951783
vn  -0.205497 0.837794 0.505838
vn  0.521287 -0.118474 0.845117
vn  -0.537101 0.608187 0.584492
vn  0.607884 -0.236838 0.757882
vn  0.189064 -0.338740 0.921689
vn  -0.653017 0.621547 0.432722
vn  -0.780084 0.181232 0.598852
vn  -0.659214 0.235434 0.714149
vn  -0.196643 -0.338226 0.920290
vn  -0.527004 -0.117986 0.841633
vn  0.220200 -0.479720 0.849341
vn  -0.227663 -0.478877 0.847848
vn  -0.612826 -0.235702 0.754247

g LODGroup_1_MainMesh_1_Submesh_2
usemtl sm0006_Stove01A_A_Mat
f  1/1/1 2/2/2 3/3/3
f  1/1/1 4/4/4 2/2/2
f  4/4/4 1/1/1 5/5/5
f  6/6/6 5/5/5 1/1/1
f  7/7/7 8/8/8 9/9/9
f  10/10/10 9/9/9 8/8/8
f  11/11/11 12/12/12 13/13/13
f  11/11/11 14/14/14 12/12/12
f  15/15/15 12/12/12 14/14/14
f  16/16/16 15/15/15 14/14/14
f  17/17/17 15/15/15 16/16/16
f  18/18/18 15/15/15 17/17/17
f  18/18/18 17/17/17 19/19/19
f  20/20/20 18/18/18 19/19/19
f  20/20/20 21/21/21 18/18/18
f  22/22/22 23/23/23 24/24/24
f  23/23/23 22/22/22 25/25/25
f  26/26/26 23/23/23 25/25/25
f  26/26/26 27/27/27 23/23/23
f  28/28/28 27/27/27 26/26/26
f  27/27/27 28/28/28 29/29/29
f  30/30/30 29/29/29 28/28/28
f  30/30/30 31/31/31 29/29/29
f  32/32/32 31/31/31 30/30/30
f  32/32/32 33/33/33 31/31/31
f  34/34/34 35/35/35 36/36/36
f  35/35/35 34/34/34 37/37/37
f  38/38/38 37/37/37 34/34/34
f  37/37/37 38/38/38 39/39/39
f  38/38/38 40/40/40 39/39/39
f  40/40/40 38/38/38 41/41/41
f  40/40/40 41/41/41 42/42/42
f  41/41/41 43/43/43 42/42/42
f  44/44/44 43/43/43 41/41/41
f  45/45/45 46/46/46 47/47/47
f  45/45/45 48/48/48 46/46/46
f  48/48/48 49/49/49 46/46/46
f  50/50/50 49/49/49 48/48/48
f  51/51/51 49/49/49 50/50/50
f  49/49/49 51/51/51 52/52/52
f  51/51/51 53/53/53 52/52/52
f  54/54/54 53/53/53 51/51/51
f  54/54/54 55/55/55 53/53/53
f  54/54/54 56/56/56 55/55/55
f  56/56/56 57/57/57 55/55/55
f  58/58/58 57/57/57 56/56/56
f  58/58/58 59/59/59 57/57/57
f  60/60/60 59/59/59 58/58/58
f  60/60/60 61/61/61 59/59/59
f  62/62/62 61/61/61 60/60/60
f  62/62/62 63/63/63 61/61/61
f  62/62/62 64/64/64 63/63/63
f  65/65/65 66/66/66 67/67/67
f  65/65/65 67/67/67 68/68/68
f  65/65/65 68/68/68 69/69/69
f  69/69/69 68/68/68 70/70/70
f  69/69/69 70/70/70 71/71/71
f  71/71/71 70/70/70 72/72/72
f  71/71/71 72/72/72 73/73/73
f  73/73/73 72/72/72 74/74/74
f  75/75/75 73/73/73 74/74/74
f  73/73/73 75/75/75 76/76/76
f  77/77/77 76/76/76 75/75/75
f  76/76/76 77/77/77 78/78/78
f  79/79/79 78/78/78 77/77/77
f  78/78/78 79/79/79 80/80/80
f  80/80/80 79/79/79 81/81/81
f  81/81/81 79/79/79 82/82/82
f  83/83/83 81/81/81 82/82/82
f  83/83/83 82/82/82 84/84/84
f  85/85/85 86/86/86 87/87/87
f  88/88/88 87/87/87 86/86/86
f  89/89/89 90/90/90 91/91/91
f  89/89/89 91/91/91 92/92/92
f  93/93/93 94/94/94 95/95/95
f  93/93/93 95/95/95 96/96/96
f  93/93/93 96/96/96 97/97/97
f  98/98/98 93/93/93 97/97/97
f  99/99/99 100/100/100 101/101/101
f  100/100/100 99/99/99 102/102/102
f  103/103/103 104/104/104 105/105/105
f  103/103/103 106/106/106 104/104/104
f  106/106/106 107/107/107 104/104/104
f  106/106/106 108/108/108 107/107/107
f  109/109/109 110/110/110 111/111/111
f  111/111/111 112/112/112 109/109/109
f  113/113/113 114/114/114 115/115/115
f  116/116/116 114/114/114 113/113/113
f  114/114/114 116/116/116 117/117/117
f  116/116/116 118/118/118 117/117/117
f  119/119/119 118/118/118 116/116/116
f  118/118/118 119/119/119 120/120/120
f  121/121/121 122/122/122 123/123/123
f  121/121/121 123/123/123 124/124/124
f  124/124/124 123/123/123 125/125/125
f  126/126/126 125/125/125 123/123/123
f  125/125/125 126/126/126 127/127/127
f  128/128/128 127/127/127 126/126/126
f  127/127/127 128/128/128 129/129/129
f  130/130/130 129/129/129 128/128/128
f  129/129/129 130/130/130 131/131/131
f  132/132/132 131/131/131 130/130/130
f  133/133/133 134/134/134 135/135/135
f  133/133/133 135/135/135 136/136/136
f  137/137/137 138/138/138 139/139/139
f  137/137/137 140/140/140 138/138/138
f  140/140/140 137/137/137 141/141/141
f  142/142/142 140/140/140 141/141/141
f  142/142/142 143/143/143 140/140/140
f  143/143/143 142/142/142 144/144/144
f  145/145/145 146/146/146 147/147/147
f  146/146/146 145/145/145 148/148/148
f  149/149/149 148/148/148 145/145/145
f  148/148/148 149/149/149 150/150/150
f  151/151/151 150/150/150 149/149/149
f  151/151/151 152/152/152 150/150/150
f  151/151/151 153/153/153 152/152/152
f  154/154/154 153/153/153 151/151/151
f  153/153/153 155/155/155 152/152/152
f  154/154/154 156/156/156 153/153/153
f  153/153/153 157/157/157 155/155/155
f  157/157/157 153/153/153 158/158/158
f  158/158/158 159/159/159 157/157/157
f  159/159/159 158/158/158 160/160/160
f  160/160/160 161/161/161 159/159/159
f  161/161/161 160/160/160 162/162/162
f  163/163/163 164/164/164 165/165/165
f  163/163/163 166/166/166 164/164/164
f  166/166/166 167/167/167 164/164/164
f  163/163/163 168/168/168 166/166/166
f  168/168/168 163/163/163 169/169/169
f  170/170/170 166/166/166 168/168/168
f  166/166/166 171/171/171 167/167/167
f  166/166/166 170/170/170 171/171/171
f  168/168/168 172/172/172 170/170/170
f  169/169/169 173/173/173 168/168/168
f  172/172/172 168/168/168 173/173/173
f  173/173/173 169/169/169 174/174/174
f  175/175/175 171/171/171 170/170/170
f  176/176/176 170/170/170 172/172/172
f  170/170/170 176/176/176 175/175/175
f  171/171/171 175/175/175 177/177/177
f  177/177/177 167/167/167 171/171/171
f  167/167/167 177/177/177 178/178/178
f  179/179/179 177/177/177 175/175/175
f  180/180/180 175/175/175 176/176/176
f  175/175/175 180/180/180 179/179/179
f  177/177/177 179/179/179 181/181/181
f  181/181/181 178/178/178 177/177/177
f  182/182/182 181/181/181 179/179/179
f  180/180/180 182/182/182 179/179/179
f  178/178/178 181/181/181 183/183/183
f  181/181/181 182/182/182 184/184/184
f  184/184/184 183/183/183 181/181/181
f  182/182/182 180/180/180 185/185/185
f  186/186/186 184/184/184 182/182/182
f  187/187/187 182/182/182 185/185/185
f  182/182/182 187/187/187 186/186/186
f  183/183/183 184/184/184 188/188/188
f  184/184/184 186/186/186 189/189/189
f  189/189/189 188/188/188 184/184/184
f  190/190/190 189/189/189 186/186/186
f  191/191/191 186/186/186 187/187/187
f  190/190/190 186/186/186 191/191/191
f  187/187/187 192/192/192 191/191/191
f  188/188/188 189/189/189 193/193/193
f  189/189/189 190/190/190 194/194/194
f  194/194/194 193/193/193 189/189/189
f  195/195/195 190/190/190 191/191/191
f  196/196/196 194/194/194 190/190/190
f  190/190/190 195/195/195 196/196/196
f  197/197/197 195/195/195 191/191/191
f  197/197/197 191/191/191 192/192/192
f  198/198/198 195/195/195 197/197/197
f  198/198/198 196/196/196 195/195/195
f  192/192/192 199/199/199 197/197/197
f  196/196/196 198/198/198 200/200/200
f  197/197/197 201/201/201 198/198/198
f  197/197/197 202/202/202 201/201/201
f  202/202/202 197/197/197 199/199/199
f  203/203/203 198/198/198 201/201/201
f  204/204/204 200/200/200 198/198/198
f  198/198/198 203/203/203 204/204/204
f  205/205/205 201/201/201 202/202/202
f  201/201/201 205/205/205 203/203/203
f  200/200/200 204/204/204 206/206/206
f  203/203/203 207/207/207 204/204/204
f  207/207/207 203/203/203 208/208/208
f  205/205/205 208/208/208 203/203/203
f  209/209/209 204/204/204 207/207/207
f  204/204/204 209/209/209 206/206/206
f  208/208/208 205/205/205 210/210/210
f  211/211/211 207/207/207 208/208/208
f  211/211/211 208/208/208 210/210/210
f  207/207/207 211/211/211 212/212/212
f  213/213/213 207/207/207 212/212/212
f  207/207/207 213/213/213 209/209/209
f  210/210/210 214/214/214 211/211/211
f  215/215/215 212/212/212 211/211/211
f  214/214/214 216/216/216 211/211/211
f  215/215/215 211/211/211 216/216/216
f  217/217/217 213/213/213 212/212/212
f  217/217/217 212/212/212 215/215/215
f  214/214/214 218/218/218 216/216/216
f  219/219/219 215/215/215 216/216/216
f  215/215/215 219/219/219 220/220/220
f  220/220/220 217/217/217 215/215/215
f  221/221/221 216/216/216 218/218/218
f  216/216/216 221/221/221 219/219/219
f  217/217/217 220/220/220 222/222/222
f  223/223/223 220/220/220 219/219/219
f  223/223/223 222/222/222 220/220/220
f  219/219/219 224/224/224 223/223/223
f  221/221/221 224/224/224 219/219/219
f  221/221/221 225/225/225 224/224/224
f  226/226/226 223/223/223 224/224/224
f  225/225/225 226/226/226 224/224/224
f  222/222/222 223/223/223 227/227/227
f  223/223/223 226/226/226 228/228/228
f  228/228/228 227/227/227 223/223/223
f  226/226/226 225/225/225 229/229/229
f  226/226/226 230/230/230 228/228/228
f  230/230/230 226/226/226 231/231/231
f  229/229/229 231/231/231 226/226/226
f  230/230/230 232/232/232 228/228/228
f  227/227/227 228/228/228 232/232/232
f  231/231/231 229/229/229 233/233/233
f  234/234/234 230/230/230 231/231/231
f  235/235/235 231/231/231 233/233/233
f  231/231/231 235/235/235 234/234/234
f  230/230/230 234/234/234 236/236/236
f  232/232/232 230/230/230 237/237/237
f  236/236/236 237/237/237 230/230/230
f  238/238/238 234/234/234 235/235/235
f  239/239/239 236/236/236 234/234/234
f  234/234/234 238/238/238 240/240/240
f  239/239/239 234/234/234 240/240/240
f  241/241/241 239/239/239 240/240/240
f  241/241/241 240/240/240 238/238/238
f  236/236/236 239/239/239 242/242/242
f  237/237/237 236/236/236 243/243/243
f  242/242/242 243/243/243 236/236/236
f  241/241/241 238/238/238 244/244/244
f  239/239/239 241/241/241 245/245/245
f  246/246/246 242/242/242 239/239/239
f  239/239/239 245/245/245 246/246/246
f  247/247/247 241/241/241 244/244/244
f  241/241/241 248/248/248 245/245/245
f  241/241/241 249/249/249 248/248/248
f  241/241/241 247/247/247 249/249/249
f  250/250/250 246/246/246 245/245/245
f  250/250/250 245/245/245 248/248/248
f  251/251/251 249/249/249 247/247/247
f  252/252/252 248/248/248 249/249/249
f  249/249/249 251/251/251 252/252/252
f  248/248/248 252/252/252 253/253/253
f  254/254/254 255/255/255 256/256/256
f  255/255/255 254/254/254 257/257/257
f  258/258/258 255/255/255 257/257/257
f  258/258/258 259/259/259 255/255/255
f  258/258/258 260/260/260 259/259/259
f  260/260/260 258/258/258 261/261/261
f  262/262/262 260/260/260 261/261/261
f  263/263/263 262/262/262 261/261/261
f  264/264/264 262/262/262 263/263/263
f  265/265/265 264/264/264 263/263/263
f  265/265/265 266/266/266 264/264/264
f  266/266/266 265/265/265 267/267/267
f  267/267/267 268/268/268 266/266/266
f  268/268/268 267/267/267 269/269/269
f  270/270/270 271/271/271 272/272/272
f  271/271/271 270/270/270 273/273/273
f  274/274/274 273/273/273 270/270/270
f  273/273/273 274/274/274 275/275/275
f  275/275/275 274/274/274 276/276/276
f  277/277/277 275/275/275 276/276/276
f  277/277/277 276/276/276 278/278/278
f  278/278/278 279/279/279 277/277/277
f  280/280/280 279/279/279 278/278/278
f  279/279/279 280/280/280 281/281/281
f  282/282/282 283/283/283 284/284/284
f  283/283/283 282/282/282 285/285/285
f  285/285/285 286/286/286 283/283/283
f  286/286/286 285/285/285 287/287/287
f  287/287/287 288/288/288 286/286/286
f  288/288/288 287/287/287 289/289/289
f  289/289/289 290/290/290 288/288/288
f  290/290/290 289/289/289 291/291/291
f  292/292/292 290/290/290 291/291/291
f  293/293/293 292/292/292 291/291/291
f  294/294/294 292/292/292 293/293/293
f  295/295/295 294/294/294 293/293/293
f  296/296/296 294/294/294 295/295/295
f  294/294/294 296/296/296 297/297/297
f  296/296/296 298/298/298 297/297/297
f  298/298/298 296/296/296 299/299/299
f  299/299/299 300/300/300 298/298/298
f  300/300/300 299/299/299 301/301/301
f  301/301/301 302/302/302 300/300/300
f  302/302/302 301/301/301 303/303/303
f  304/304/304 305/305/305 306/306/306
f  307/307/307 304/304/304 306/306/306
f  308/308/308 304/304/304 307/307/307
f  309/309/309 308/308/308 307/307/307
f  310/310/310 308/308/308 309/309/309
f  311/311/311 310/310/310 309/309/309
f  312/312/312 310/310/310 311/311/311
f  310/310/310 312/312/312 313/313/313
f  312/312/312 314/314/314 313/313/313
f  314/314/314 312/312/312 315/315/315
f  315/315/315 316/316/316 314/314/314
f  316/316/316 315/315/315 317/317/317
f  317/317/317 318/318/318 316/316/316
f  318/318/318 317/317/317 319/319/319
f  320/320/320 318/318/318 319/319/319
f  321/321/321 320/320/320 319/319/319
f  322/322/322 320/320/320 321/321/321
f  323/323/323 322/322/322 321/321/321
f  324/324/324 322/322/322 323/323/323
f  325/325/325 324/324/324 323/323/323
f  326/326/326 327/327/327 328/328/328
f  327/327/327 326/326/326 329/329/329
f  329/329/329 330/330/330 327/327/327
f  330/330/330 329/329/329 331/331/331
f  331/331/331 332/332/332 330/330/330
f  332/332/332 331/331/331 333/333/333
f  333/333/333 334/334/334 332/332/332
f  334/334/334 333/333/333 335/335/335
f  336/336/336 334/334/334 335/335/335
f  337/337/337 336/336/336 335/335/335
f  338/338/338 336/336/336 337/337/337
f  339/339/339 338/338/338 337/337/337
f  340/340/340 338/338/338 339/339/339
f  338/338/338 340/340/340 341/341/341
f  340/340/340 342/342/342 341/341/341
f  342/342/342 340/340/340 343/343/343
f  343/343/343 344/344/344 342/342/342
f  344/344/344 343/343/343 345/345/345
f  345/345/345 346/346/346 344/344/344
f  346/346/346 345/345/345 347/347/347
f  348/348/348 349/349/349 350/350/350
f  351/351/351 348/348/348 350/350/350
f  352/352/352 348/348/348 351/351/351
f  353/353/353 352/352/352 351/351/351
f  354/354/354 352/352/352 353/353/353
f  355/355/355 354/354/354 353/353/353
f  356/356/356 354/354/354 355/355/355
f  354/354/354 356/356/356 357/357/357
f  356/356/356 358/358/358 357/357/357
f  358/358/358 356/356/356 359/359/359
f  359/359/359 360/360/360 358/358/358
f  360/360/360 359/359/359 361/361/361
f  361/361/361 362/362/362 360/360/360
f  362/362/362 361/361/361 363/363/363
f  364/364/364 362/362/362 363/363/363
f  365/365/365 364/364/364 363/363/363
f  366/366/366 364/364/364 365/365/365
f  367/367/367 366/366/366 365/365/365
f  368/368/368 366/366/366 367/367/367
f  369/369/369 368/368/368 367/367/367
f  370/370/370 371/371/371 372/372/372
f  370/370/370 373/373/373 371/371/371
f  373/373/373 370/370/370 374/374/374
f  374/374/374 375/375/375 373/373/373
f  374/374/374 376/376/376 375/375/375
f  374/374/374 377/377/377 376/376/376
f  378/378/378 376/376/376 377/377/377
f  374/374/374 379/379/379 377/377/377
f  377/377/377 380/380/380 378/378/378
f  377/377/377 379/379/379 380/380/380
f  381/381/381 378/378/378 380/380/380
f  374/374/374 382/382/382 379/379/379
f  382/382/382 374/374/374 383/383/383
f  384/384/384 380/380/380 379/379/379
f  379/379/379 385/385/385 384/384/384
f  385/385/385 379/379/379 382/382/382
f  380/380/380 386/386/386 381/381/381
f  386/386/386 380/380/380 384/384/384
f  385/385/385 387/387/387 384/384/384
f  386/386/386 384/384/384 387/387/387
f  382/382/382 383/383/383 388/388/388
f  388/388/388 389/389/389 382/382/382
f  385/385/385 382/382/382 389/389/389
f  390/390/390 388/388/388 383/383/383
f  385/385/385 391/391/391 387/387/387
f  388/388/388 390/390/390 392/392/392
f  392/392/392 393/393/393 388/388/388
f  388/388/388 393/393/393 389/389/389
f  385/385/385 394/394/394 391/391/391
f  395/395/395 394/394/394 385/385/385
f  396/396/396 392/392/392 390/390/390
f  393/393/393 392/392/392 397/397/397
f  394/394/394 395/395/395 398/398/398
f  395/395/395 399/399/399 398/398/398
f  400/400/400 401/401/401 402/402/402
f  401/401/401 400/400/400 403/403/403
f  403/403/403 404/404/404 401/401/401
f  404/404/404 403/403/403 405/405/405
f  404/404/404 405/405/405 406/406/406
f  406/406/406 407/407/407 404/404/404
f  406/406/406 408/408/408 407/407/407
f  409/409/409 407/407/407 408/408/408
f  408/408/408 410/410/410 409/409/409
f  410/410/410 408/408/408 411/411/411
f  410/410/410 411/411/411 412/412/412
f  412/412/412 413/413/413 410/410/410
f  413/413/413 412/412/412 414/414/414
f  415/415/415 413/413/413 414/414/414
f  416/416/416 415/415/415 414/414/414
f  415/415/415 416/416/416 417/417/417
f  418/418/418 419/419/419 420/420/420
f  421/421/421 420/420/420 419/419/419
f  421/421/421 419/419/419 422/422/422
f  422/422/422 423/423/423 421/421/421
f  422/422/422 424/424/424 423/423/423
f  424/424/424 422/422/422 425/425/425
f  425/425/425 426/426/426 424/424/424
f  426/426/426 425/425/425 427/427/427
f  426/426/426 427/427/427 428/428/428
f  428/428/428 429/429/429 426/426/426
f  428/428/428 430/430/430 429/429/429
f  430/430/430 428/428/428 431/431/431
f  431/431/431 432/432/432 430/430/430
f  432/432/432 431/431/431 433/433/433
f  433/433/433 434/434/434 432/432/432
f  434/434/434 433/433/433 435/435/435
f  436/436/436 437/437/437 438/438/438
f  437/437/437 436/436/436 439/439/439
f  440/440/440 441/441/441 442/442/442
f  441/441/441 440/440/440 443/443/443
f  444/444/444 445/445/445 446/446/446
f  445/445/445 444/444/444 447/447/447
f  448/448/448 449/449/449 450/450/450
f  451/451/451 450/450/450 449/449/449
f  452/452/452 453/453/453 454/454/454
f  455/455/455 454/454/454 453/453/453
f  456/456/456 457/457/457 458/458/458
f  456/456/456 458/458/458 459/459/459
f  460/460/460 461/461/461 462/462/462
f  463/463/463 461/461/461 460/460/460
f  460/460/460 464/464/464 463/463/463
f  460/460/460 465/465/465 464/464/464
f  465/465/465 466/466/466 464/464/464
f  466/466/466 467/467/467 464/464/464
f  468/468/468 469/469/469 470/470/470
f  469/469/469 468/468/468 471/471/471
f  472/472/472 473/473/473 474/474/474
f  473/473/473 472/472/472 475/475/475
f  476/476/476 477/477/477 478/478/478
f  477/477/477 476/476/476 479/479/479
f  480/480/480 481/481/481 482/482/482
f  481/481/481 480/480/480 483/483/483
f  484/484/484 485/485/485 486/486/486
f  485/485/485 484/484/484 487/487/487
f  488/488/488 489/489/489 490/490/490
f  489/489/489 488/488/488 491/491/491
f  492/492/492 493/493/493 494/494/494
f  493/493/493 492/492/492 495/495/495
f  496/496/496 497/497/497 498/498/498
f  497/497/497 496/496/496 499/499/499
f  500/500/500 501/501/501 502/502/502
f  501/501/501 500/500/500 503/503/503
f  504/504/504 505/505/505 506/506/506
f  505/505/505 504/504/504 507/507/507
f  508/508/508 509/509/509 510/510/510
f  509/509/509 508/508/508 511/511/511
f  512/512/512 513/513/513 514/514/514
f  513/513/513 512/512/512 515/515/515
f  516/516/516 517/517/517 518/518/518
f  517/517/517 516/516/516 519/519/519
f  520/520/520 521/521/521 522/522/522
f  521/521/521 520/520/520 523/523/523
f  524/524/524 525/525/525 526/526/526
f  525/525/525 524/524/524 527/527/527
f  528/528/528 529/529/529 530/530/530
f  529/529/529 528/528/528 531/531/531
f  532/532/532 533/533/533 534/534/534
f  533/533/533 532/532/532 535/535/535
f  536/536/536 537/537/537 538/538/538
f  537/537/537 536/536/536 539/539/539
f  540/540/540 541/541/541 542/542/542
f  541/541/541 540/540/540 543/543/543
f  544/544/544 545/545/545 546/546/546
f  545/545/545 544/544/544 547/547/547
f  548/548/548 549/549/549 550/550/550
f  550/550/550 549/549/549 551/551/551
f  552/552/552 553/553/553 554/554/554
f  552/552/552 555/555/555 553/553/553
f  556/556/556 557/557/557 558/558/558
f  557/557/557 556/556/556 559/559/559
f  560/560/560 561/561/561 562/562/562
f  562/562/562 563/563/563 560/560/560
f  564/564/564 565/565/565 566/566/566
f  566/566/566 565/565/565 567/567/567
f  568/568/568 569/569/569 570/570/570
f  568/568/568 571/571/571 569/569/569
f  572/572/572 573/573/573 574/574/574
f  573/573/573 572/572/572 575/575/575
f  576/576/576 577/577/577 578/578/578
f  578/578/578 579/579/579 576/576/576
f  580/580/580 581/581/581 582/582/582
f  582/582/582 581/581/581 583/583/583
f  584/584/584 585/585/585 586/586/586
f  584/584/584 587/587/587 585/585/585
f  588/588/588 589/589/589 590/590/590
f  589/589/589 588/588/588 591/591/591
f  592/592/592 593/593/593 594/594/594
f  594/594/594 595/595/595 592/592/592
f  596/596/596 597/597/597 598/598/598
f  598/598/598 597/597/597 599/599/599
f  600/600/600 601/601/601 602/602/602
f  600/600/600 603/603/603 601/601/601
f  253/253/253 250/250/250 248/248/248
f  250/250/250 253/253/253 604/604/604
f  252/252/252 605/605/605 253/253/253
f  251/251/251 606/606/606 252/252/252
f  605/605/605 252/252/252 606/606/606
f  253/253/253 607/607/607 604/604/604
f  607/607/607 253/253/253 605/605/605
f  606/606/606 251/251/251 608/608/608
f  609/609/609 605/605/605 606/606/606
f  609/609/609 606/606/606 608/608/608
f  605/605/605 609/609/609 610/610/610
f  611/611/611 607/607/607 605/605/605
f  605/605/605 610/610/610 611/611/611
f  612/612/612 610/610/610 609/609/609
f  612/612/612 611/611/611 610/610/610
f  608/608/608 613/613/613 609/609/609
f  609/609/609 614/614/614 612/612/612
f  609/609/609 615/615/615 614/614/614
f  615/615/615 609/609/609 613/613/613
f  611/611/611 612/612/612 616/616/616
f  617/617/617 612/612/612 614/614/614
f  612/612/612 617/617/617 618/618/618
f  618/618/618 616/616/616 612/612/612
f  619/619/619 614/614/614 615/615/615
f  614/614/614 619/619/619 617/617/617
f  616/616/616 618/618/618 620/620/620
f  617/617/617 621/621/621 618/618/618
f  622/622/622 617/617/617 619/619/619
f  621/621/621 617/617/617 622/622/622
f  618/618/618 623/623/623 620/620/620
f  623/623/623 618/618/618 621/621/621
f  619/619/619 624/624/624 622/622/622
f  625/625/625 621/621/621 622/622/622
f  624/624/624 625/625/625 622/622/622
f  621/621/621 625/625/625 626/626/626
f  626/626/626 623/623/623 621/621/621
f  623/623/623 626/626/626 627/627/627
f  625/625/625 624/624/624 628/628/628
f  629/629/629 626/626/626 625/625/625
f  625/625/625 630/630/630 629/629/629
f  630/630/630 625/625/625 628/628/628
f  626/626/626 629/629/629 631/631/631
f  631/631/631 627/627/627 626/626/626
f  632/632/632 631/631/631 629/629/629
f  630/630/630 632/632/632 629/629/629
f  627/627/627 631/631/631 633/633/633
f  631/631/631 632/632/632 634/634/634
f  634/634/634 633/633/633 631/631/631
f  630/630/630 635/635/635 632/632/632
f  632/632/632 636/636/636 634/634/634
f  636/636/636 632/632/632 637/637/637
f  635/635/635 637/637/637 632/632/632
f  636/636/636 638/638/638 634/634/634
f  633/633/633 634/634/634 638/638/638
f  637/637/637 635/635/635 639/639/639
f  637/637/637 640/640/640 636/636/636
f  638/638/638 636/636/636 641/641/641
f  640/640/640 641/641/641 636/636/636
f  640/640/640 637/637/637 642/642/642
f  639/639/639 642/642/642 637/637/637
f  642/642/642 639/639/639 643/643/643
f  641/641/641 640/640/640 644/644/644
f  645/645/645 640/640/640 642/642/642
f  646/646/646 642/642/642 643/643/643
f  642/642/642 646/646/646 645/645/645
f  640/640/640 645/645/645 647/647/647
f  648/648/648 640/640/640 647/647/647
f  640/640/640 648/648/648 644/644/644
f  648/648/648 645/645/645 646/646/646
f  645/645/645 648/648/648 647/647/647
f  649/649/649 650/650/650 651/651/651
f  649/649/649 652/652/652 650/650/650
f  652/652/652 653/653/653 650/650/650
f  649/649/649 654/654/654 652/652/652
f  654/654/654 649/649/649 655/655/655
f  656/656/656 652/652/652 654/654/654
f  652/652/652 657/657/657 653/653/653
f  652/652/652 656/656/656 657/657/657
f  654/654/654 658/658/658 656/656/656
f  658/658/658 654/654/654 659/659/659
f  655/655/655 659/659/659 654/654/654
f  659/659/659 655/655/655 660/660/660
f  661/661/661 657/657/657 656/656/656
f  656/656/656 662/662/662 661/661/661
f  662/662/662 656/656/656 658/658/658
f  657/657/657 661/661/661 663/663/663
f  663/663/663 653/653/653 657/657/657
f  653/653/653 663/663/663 664/664/664
f  665/665/665 663/663/663 661/661/661
f  665/665/665 661/661/661 662/662/662
f  663/663/663 665/665/665 666/666/666
f  666/666/666 664/664/664 663/663/663
f  662/662/662 667/667/667 665/665/665
f  668/668/668 666/666/666 665/665/665
f  667/667/667 668/668/668 665/665/665
f  664/664/664 666/666/666 669/669/669
f  666/666/666 668/668/668 670/670/670
f  670/670/670 669/669/669 666/666/666
f  668/668/668 667/667/667 671/671/671
f  672/672/672 670/670/670 668/668/668
f  672/672/672 668/668/668 671/671/671
f  669/669/669 670/670/670 673/673/673
f  670/670/670 672/672/672 674/674/674
f  674/674/674 673/673/673 670/670/670
f  671/671/671 675/675/675 672/672/672
f  672/672/672 676/676/676 674/674/674
f  675/675/675 677/677/677 672/672/672
f  676/676/676 672/672/672 677/677/677
f  673/673/673 674/674/674 678/678/678
f  674/674/674 676/676/676 679/679/679
f  674/674/674 679/679/679 678/678/678
f  675/675/675 680/680/680 677/677/677
f  681/681/681 676/676/676 677/677/677
f  682/682/682 679/679/679 676/676/676
f  676/676/676 681/681/681 682/682/682
f  681/681/681 677/677/677 683/683/683
f  677/677/677 684/684/684 683/683/683
f  684/684/684 677/677/677 680/680/680
f  685/685/685 681/681/681 683/683/683
f  686/686/686 682/682/682 681/681/681
f  681/681/681 685/685/685 686/686/686
f  683/683/683 687/687/687 685/685/685
f  687/687/687 683/683/683 684/684/684
f  684/684/684 688/688/688 687/687/687
f  689/689/689 685/685/685 687/687/687
f  690/690/690 686/686/686 685/685/685
f  685/685/685 689/689/689 690/690/690
f  691/691/691 687/687/687 688/688/688
f  687/687/687 691/691/691 689/689/689
f  686/686/686 690/690/690 692/692/692
f  689/689/689 693/693/693 690/690/690
f  693/693/693 689/689/689 694/694/694
f  691/691/691 694/694/694 689/689/689
f  695/695/695 690/690/690 693/693/693
f  690/690/690 695/695/695 692/692/692
f  694/694/694 691/691/691 696/696/696
f  697/697/697 693/693/693 694/694/694
f  698/698/698 694/694/694 696/696/696
f  694/694/694 698/698/698 697/697/697
f  693/693/693 697/697/697 699/699/699
f  700/700/700 693/693/693 699/699/699
f  693/693/693 700/700/700 695/695/695
f  701/701/701 697/697/697 698/698/698
f  697/697/697 702/702/702 699/699/699
f  697/697/697 701/701/701 703/703/703
f  702/702/702 697/697/697 703/703/703
f  699/699/699 704/704/704 700/700/700
f  704/704/704 699/699/699 702/702/702
f  705/705/705 702/702/702 703/703/703
f  705/705/705 703/703/703 701/701/701
f  702/702/702 705/705/705 706/706/706
f  706/706/706 704/704/704 702/702/702
f  701/701/701 707/707/707 705/705/705
f  704/704/704 706/706/706 708/708/708
f  709/709/709 706/706/706 705/705/705
f  709/709/709 708/708/708 706/706/706
f  705/705/705 710/710/710 709/709/709
f  707/707/707 710/710/710 705/705/705
f  710/710/710 707/707/707 711/711/711
f  712/712/712 709/709/709 710/710/710
f  711/711/711 712/712/712 710/710/710
f  708/708/708 709/709/709 713/713/713
f  709/709/709 712/712/712 714/714/714
f  714/714/714 713/713/713 709/709/709
f  712/712/712 711/711/711 715/715/715
f  713/713/713 714/714/714 716/716/716
f  712/712/712 717/717/717 714/714/714
f  717/717/717 716/716/716 714/714/714
f  717/717/717 712/712/712 718/718/718
f  719/719/719 712/712/712 715/715/715
f  712/712/712 719/719/719 718/718/718
f  716/716/716 717/717/717 720/720/720
f  721/721/721 717/717/717 718/718/718
f  717/717/717 721/721/721 722/722/722
f  722/722/722 720/720/720 717/717/717
f  718/718/718 723/723/723 721/721/721
f  723/723/723 718/718/718 719/719/719
f  720/720/720 722/722/722 724/724/724
f  725/725/725 722/722/722 721/721/721
f  726/726/726 721/721/721 723/723/723
f  725/725/725 721/721/721 726/726/726
f  727/727/727 724/724/724 722/722/722
f  727/727/727 722/722/722 725/725/725
f  723/723/723 728/728/728 726/726/726
f  729/729/729 725/725/725 726/726/726
f  729/729/729 726/726/726 728/728/728
f  725/725/725 729/729/729 730/730/730
f  731/731/731 727/727/727 725/725/725
f  725/725/725 730/730/730 731/731/731
f  728/728/728 732/732/732 729/729/729
f  733/733/733 730/730/730 729/729/729
f  734/734/734 731/731/731 730/730/730
f  730/730/730 733/733/733 734/734/734
f  729/729/729 735/735/735 733/733/733
f  729/729/729 736/736/736 735/735/735
f  736/736/736 729/729/729 732/732/732
f  737/737/737 733/733/733 735/735/735
f  738/738/738 734/734/734 733/733/733
f  733/733/733 737/737/737 738/738/738
f  739/739/739 735/735/735 736/736/736
f  735/735/735 739/739/739 737/737/737
f  734/734/734 738/738/738 740/740/740
f  737/737/737 741/741/741 738/738/738
f  742/742/742 737/737/737 739/739/739
f  741/741/741 737/737/737 742/742/742
f  738/738/738 743/743/743 740/740/740
f  743/743/743 738/738/738 741/741/741
f  739/739/739 744/744/744 742/742/742
f  745/745/745 741/741/741 742/742/742
f  741/741/741 745/745/745 746/746/746
f  746/746/746 743/743/743 741/741/741
f  747/747/747 742/742/742 744/744/744
f  742/742/742 747/747/747 745/745/745
f  743/743/743 746/746/746 748/748/748
f  749/749/749 746/746/746 745/745/745
f  745/745/745 750/750/750 749/749/749
f  750/750/750 745/745/745 747/747/747
f  746/746/746 749/749/749 751/751/751
f  751/751/751 748/748/748 746/746/746
f  747/747/747 752/752/752 750/750/750
f  753/753/753 749/749/749 750/750/750
f  749/749/749 753/753/753 754/754/754
f  754/754/754 751/751/751 749/749/749
f  755/755/755 750/750/750 752/752/752
f  750/750/750 755/755/755 753/753/753
f  751/751/751 754/754/754 756/756/756
f  753/753/753 757/757/757 754/754/754
f  757/757/757 753/753/753 758/758/758
f  755/755/755 758/758/758 753/753/753
f  759/759/759 754/754/754 757/757/757
f  754/754/754 759/759/759 756/756/756
f  758/758/758 755/755/755 760/760/760
f  761/761/761 757/757/757 758/758/758
f  757/757/757 761/761/761 762/762/762
f  757/757/757 762/762/762 759/759/759
f  760/760/760 763/763/763 758/758/758
f  758/758/758 763/763/763 761/761/761
f  759/759/759 762/762/762 764/764/764
f  765/765/765 762/762/762 761/761/761
f  766/766/766 761/761/761 763/763/763
f  761/761/761 766/766/766 765/765/765
f  762/762/762 765/765/765 767/767/767
f  767/767/767 764/764/764 762/762/762
f  768/768/768 767/767/767 765/765/765
f  766/766/766 768/768/768 765/765/765
f  764/764/764 767/767/767 769/769/769
f  767/767/767 768/768/768 770/770/770
f  770/770/770 769/769/769 767/767/767
f  768/768/768 766/766/766 771/771/771
f  772/772/772 770/770/770 768/768/768
f  768/768/768 773/773/773 772/772/772
f  771/771/771 773/773/773 768/768/768
f  772/772/772 774/774/774 770/770/770
f  769/769/769 770/770/770 774/774/774
f  773/773/773 771/771/771 775/775/775
f  773/773/773 776/776/776 772/772/772
f  777/777/777 778/778/778 779/779/779
f  778/778/778 777/777/777 780/780/780
f  781/781/781 782/782/782 783/783/783
f  783/783/783 784/784/784 781/781/781
f  785/785/785 786/786/786 787/787/787
f  787/787/787 786/786/786 788/788/788
f  789/789/789 790/790/790 791/791/791
f  789/789/789 792/792/792 790/790/790
f  793/793/793 794/794/794 795/795/795
f  794/794/794 793/793/793 796/796/796
f  797/797/797 798/798/798 799/799/799
f  799/799/799 800/800/800 797/797/797
f  801/801/801 802/802/802 803/803/803
f  802/802/802 801/801/801 804/804/804
f  805/805/805 802/802/802 804/804/804
f  802/802/802 805/805/805 806/806/806
f  807/807/807 806/806/806 805/805/805
f  808/808/808 807/807/807 805/805/805
f  809/809/809 807/807/807 808/808/808
f  807/807/807 809/809/809 810/810/810
f  810/810/810 809/809/809 811/811/811
f  812/812/812 811/811/811 809/809/809
f  813/813/813 811/811/811 812/812/812
f  814/814/814 813/813/813 812/812/812
f  815/815/815 813/813/813 814/814/814
f  813/813/813 815/815/815 816/816/816
f  817/817/817 816/816/816 815/815/815
f  816/816/816 817/817/817 818/818/818
f  817/817/817 819/819/819 818/818/818
f  820/820/820 819/819/819 817/817/817
f  820/820/820 821/821/821 819/819/819
f  821/821/821 820/820/820 822/822/822
f  823/823/823 824/824/824 825/825/825
f  824/824/824 823/823/823 826/826/826
f  826/826/826 827/827/827 824/824/824
f  827/827/827 826/826/826 828/828/828
f  827/827/827 828/828/828 829/829/829
f  829/829/829 828/828/828 830/830/830
f  830/830/830 831/831/831 829/829/829
f  831/831/831 830/830/830 832/832/832
f  833/833/833 834/834/834 835/835/835
f  834/834/834 833/833/833 836/836/836
f  837/837/837 834/834/834 836/836/836
f  834/834/834 837/837/837 838/838/838
f  839/839/839 838/838/838 837/837/837
f  840/840/840 839/839/839 837/837/837
f  841/841/841 839/839/839 840/840/840
f  839/839/839 841/841/841 842/842/842
f  842/842/842 841/841/841 843/843/843
f  844/844/844 843/843/843 841/841/841
f  845/845/845 843/843/843 844/844/844
f  846/846/846 845/845/845 844/844/844
f  847/847/847 845/845/845 846/846/846
f  845/845/845 847/847/847 848/848/848
f  849/849/849 848/848/848 847/847/847
f  848/848/848 849/849/849 850/850/850
f  849/849/849 851/851/851 850/850/850
f  852/852/852 851/851/851 849/849/849
f  852/852/852 853/853/853 851/851/851
f  853/853/853 852/852/852 854/854/854
f  855/855/855 856/856/856 857/857/857
f  856/856/856 855/855/855 858/858/858
f  858/858/858 859/859/859 856/856/856
f  859/859/859 858/858/858 860/860/860
f  859/859/859 860/860/860 861/861/861
f  861/861/861 860/860/860 862/862/862
f  862/862/862 863/863/863 861/861/861
f  863/863/863 862/862/862 864/864/864
f  865/865/865 866/866/866 867/867/867
f  866/866/866 865/865/865 868/868/868
f  869/869/869 866/866/866 868/868/868
f  866/866/866 869/869/869 870/870/870
f  871/871/871 870/870/870 869/869/869
f  872/872/872 871/871/871 869/869/869
f  873/873/873 871/871/871 872/872/872
f  871/871/871 873/873/873 874/874/874
f  874/874/874 873/873/873 875/875/875
f  876/876/876 875/875/875 873/873/873
f  877/877/877 875/875/875 876/876/876
f  878/878/878 877/877/877 876/876/876
f  879/879/879 877/877/877 878/878/878
f  877/877/877 879/879/879 880/880/880
f  881/881/881 880/880/880 879/879/879
f  880/880/880 881/881/881 882/882/882
f  881/881/881 883/883/883 882/882/882
f  884/884/884 883/883/883 881/881/881
f  884/884/884 885/885/885 883/883/883
f  885/885/885 884/884/884 886/886/886
f  887/887/887 888/888/888 889/889/889
f  888/888/888 887/887/887 890/890/890
f  890/890/890 891/891/891 888/888/888
f  891/891/891 890/890/890 892/892/892
f  891/891/891 892/892/892 893/893/893
f  893/893/893 892/892/892 894/894/894
f  894/894/894 895/895/895 893/893/893
f  895/895/895 894/894/894 896/896/896
f  897/897/897 898/898/898 899/899/899
f  898/898/898 897/897/897 900/900/900
f  901/901/901 898/898/898 900/900/900
f  898/898/898 901/901/901 902/902/902
f  903/903/903 902/902/902 901/901/901
f  904/904/904 903/903/903 901/901/901
f  905/905/905 903/903/903 904/904/904
f  903/903/903 905/905/905 906/906/906
f  906/906/906 905/905/905 907/907/907
f  908/908/908 907/907/907 905/905/905
f  909/909/909 907/907/907 908/908/908
f  910/910/910 909/909/909 908/908/908
f  911/911/911 909/909/909 910/910/910
f  909/909/909 911/911/911 912/912/912
f  913/913/913 912/912/912 911/911/911
f  912/912/912 913/913/913 914/914/914
f  913/913/913 915/915/915 914/914/914
f  916/916/916 915/915/915 913/913/913
f  916/916/916 917/917/917 915/915/915
f  917/917/917 916/916/916 918/918/918
f  919/919/919 920/920/920 921/921/921
f  920/920/920 919/919/919 922/922/922
f  922/922/922 923/923/923 920/920/920
f  923/923/923 922/922/922 924/924/924
f  923/923/923 924/924/924 925/925/925
f  925/925/925 924/924/924 926/926/926
f  926/926/926 927/927/927 925/925/925
f  927/927/927 926/926/926 928/928/928
f  929/929/929 930/930/930 931/931/931
f  929/929/929 932/932/932 930/930/930
f  933/933/933 934/934/934 935/935/935
f  936/936/936 933/933/933 935/935/935
f  937/937/937 938/938/938 939/939/939
f  938/938/938 937/937/937 940/940/940
f  941/941/941 942/942/942 943/943/943
f  942/942/942 941/941/941 944/944/944
f  945/945/945 946/946/946 947/947/947
f  945/945/945 948/948/948 946/946/946
f  949/949/949 950/950/950 951/951/951
f  952/952/952 949/949/949 951/951/951
f  953/953/953 954/954/954 955/955/955
f  954/954/954 953/953/953 956/956/956
f  957/957/957 958/958/958 959/959/959
f  959/959/959 958/958/958 960/960/960
f  961/961/961 962/962/962 963/963/963
f  961/961/961 964/964/964 962/962/962
f  965/965/965 966/966/966 967/967/967
f  968/968/968 965/965/965 967/967/967
f  969/969/969 970/970/970 971/971/971
f  970/970/970 969/969/969 972/972/972
f  973/973/973 974/974/974 975/975/975
f  975/975/975 974/974/974 976/976/976
f  977/977/977 978/978/978 979/979/979
f  977/977/977 980/980/980 978/978/978
f  981/981/981 982/982/982 983/983/983
f  984/984/984 981/981/981 983/983/983
f  985/985/985 986/986/986 987/987/987
f  986/986/986 985/985/985 988/988/988
f  989/989/989 990/990/990 991/991/991
f  991/991/991 990/990/990 992/992/992
f  993/993/993 994/994/994 995/995/995
f  994/994/994 993/993/993 996/996/996
f  997/997/997 998/998/998 999/999/999
f  998/998/998 997/997/997 1000/1000/1000
f  1001/1001/1001 1002/1002/1002 1003/1003/1003
f  1003/1003/1003 1004/1004/1004 1001/1001/1001
f  1004/1004/1004 1003/1003/1003 1005/1005/1005
f  1004/1004/1004 1006/1006/1006 1001/1001/1001
f  1001/1001/1001 1006/1006/1006 1007/1007/1007
f  1004/1004/1004 1008/1008/1008 1006/1006/1006
f  1009/1009/1009 1007/1007/1007 1006/1006/1006
f  1006/1006/1006 1008/1008/1008 1010/1010/1010
f  1008/1008/1008 1011/1011/1011 1010/1010/1010
f  1008/1008/1008 1012/1012/1012 1011/1011/1011
f  1012/1012/1012 1013/1013/1013 1011/1011/1011
f  1011/1011/1011 1013/1013/1013 1014/1014/1014
f  1011/1011/1011 1014/1014/1014 1015/1015/1015
f  1012/1012/1012 1016/1016/1016 1013/1013/1013
f  1016/1016/1016 1012/1012/1012 1017/1017/1017
f  1013/1013/1013 1016/1016/1016 1018/1018/1018
f  1019/1019/1019 1020/1020/1020 1021/1021/1021
f  1020/1020/1020 1019/1019/1019 1022/1022/1022
f  1023/1023/1023 1024/1024/1024 1025/1025/1025
f  1024/1024/1024 1023/1023/1023 1026/1026/1026
f  1027/1027/1027 1028/1028/1028 1029/1029/1029
f  1027/1027/1027 1029/1029/1029 1030/1030/1030
f  1031/1031/1031 1032/1032/1032 1033/1033/1033
f  1031/1031/1031 1033/1033/1033 1034/1034/1034
f  1034/1034/1034 1035/1035/1035 1031/1031/1031
f  1036/1036/1036 1031/1031/1031 1035/1035/1035
f  1037/1037/1037 1038/1038/1038 1039/1039/1039
f  1038/1038/1038 1037/1037/1037 1040/1040/1040
f  1041/1041/1041 1042/1042/1042 1043/1043/1043
f  1042/1042/1042 1041/1041/1041 1044/1044/1044
f  1045/1045/1045 1046/1046/1046 1047/1047/1047
f  1046/1046/1046 1045/1045/1045 1048/1048/1048
f  1049/1049/1049 1050/1050/1050 1051/1051/1051
f  1052/1052/1052 1051/1051/1051 1050/1050/1050
f  1053/1053/1053 1052/1052/1052 1050/1050/1050
f  1053/1053/1053 1050/1050/1050 1054/1054/1054
f  1055/1055/1055 1056/1056/1056 1057/1057/1057
f  1056/1056/1056 1055/1055/1055 1058/1058/1058
f  1055/1055/1055 1059/1059/1059 1058/1058/1058
f  1055/1055/1055 1060/1060/1060 1059/1059/1059
f  1061/1061/1061 1062/1062/1062 1063/1063/1063
f  1062/1062/1062 1061/1061/1061 1064/1064/1064
f  1065/1065/1065 1066/1066/1066 1067/1067/1067
f  1066/1066/1066 1065/1065/1065 1068/1068/1068
f  1069/1069/1069 1070/1070/1070 1071/1071/1071
f  1070/1070/1070 1069/1069/1069 1072/1072/1072
f  1073/1073/1073 1074/1074/1074 1075/1075/1075
f  1075/1075/1075 1076/1076/1076 1073/1073/1073
f  1077/1077/1077 1078/1078/1078 1079/1079/1079
f  1078/1078/1078 1077/1077/1077 1080/1080/1080
f  1081/1081/1081 1082/1082/1082 1083/1083/1083
f  1082/1082/1082 1081/1081/1081 1084/1084/1084
f  1085/1085/1085 1086/1086/1086 1087/1087/1087
f  1088/1088/1088 1087/1087/1087 1086/1086/1086
f  1089/1089/1089 1090/1090/1090 1091/1091/1091
f  1090/1090/1090 1089/1089/1089 1092/1092/1092
f  1093/1093/1093 1094/1094/1094 1095/1095/1095
f  1095/1095/1095 1094/1094/1094 1096/1096/1096
f  1097/1097/1097 1095/1095/1095 1096/1096/1096
f  1098/1098/1098 1097/1097/1097 1096/1096/1096
f  1097/1097/1097 1098/1098/1098 1099/1099/1099
f  1098/1098/1098 1100/1100/1100 1099/1099/1099
f  1100/1100/1100 1098/1098/1098 1101/1101/1101
f  1101/1101/1101 1102/1102/1102 1100/1100/1100
f  1102/1102/1102 1101/1101/1101 1103/1103/1103
f  1104/1104/1104 1102/1102/1102 1103/1103/1103
f  1105/1105/1105 1104/1104/1104 1103/1103/1103
f  1104/1104/1104 1105/1105/1105 1106/1106/1106
f  1107/1107/1107 1108/1108/1108 1109/1109/1109
f  1109/1109/1109 1110/1110/1110 1107/1107/1107
f  1110/1110/1110 1111/1111/1111 1107/1107/1107
f  1109/1109/1109 1112/1112/1112 1110/1110/1110
f  1110/1110/1110 1112/1112/1112 1113/1113/1113
f  1110/1110/1110 1113/1113/1113 1114/1114/1114
f  1110/1110/1110 1114/1114/1114 1111/1111/1111
f  1114/1114/1114 1115/1115/1115 1111/1111/1111
f  1114/1114/1114 1113/1113/1113 1116/1116/1116
f  1114/1114/1114 1116/1116/1116 1117/1117/1117
f  1115/1115/1115 1114/1114/1114 1117/1117/1117
f  1117/1117/1117 1116/1116/1116 1118/1118/1118
f  1118/1118/1118 1119/1119/1119 1117/1117/1117
f  1119/1119/1119 1115/1115/1115 1117/1117/1117
f  1115/1115/1115 1119/1119/1119 1120/1120/1120
f  1119/1119/1119 1118/1118/1118 1121/1121/1121
f  1119/1119/1119 1121/1121/1121 1122/1122/1122
f  1122/1122/1122 1120/1120/1120 1119/1119/1119
f  1120/1120/1120 1122/1122/1122 1123/1123/1123
f  1122/1122/1122 1121/1121/1121 1124/1124/1124
f  1122/1122/1122 1124/1124/1124 1125/1125/1125
f  1125/1125/1125 1123/1123/1123 1122/1122/1122
f  1123/1123/1123 1125/1125/1125 1126/1126/1126
f  1125/1125/1125 1124/1124/1124 1127/1127/1127
f  1125/1125/1125 1127/1127/1127 1128/1128/1128
f  1128/1128/1128 1126/1126/1126 1125/1125/1125
f  1126/1126/1126 1128/1128/1128 1129/1129/1129
f  1128/1128/1128 1127/1127/1127 1130/1130/1130
f  774/774/774 772/772/772 1131/1131/1131
f  776/776/776 1131/1131/1131 772/772/772
f  776/776/776 773/773/773 1132/1132/1132
f  1133/1133/1133 773/773/773 775/775/775
f  773/773/773 1133/1133/1133 1132/1132/1132
f  1131/1131/1131 776/776/776 1134/1134/1134
f  1135/1135/1135 776/776/776 1132/1132/1132
f  1136/1136/1136 1132/1132/1132 1133/1133/1133
f  1132/1132/1132 1136/1136/1136 1135/1135/1135
f  776/776/776 1135/1135/1135 1137/1137/1137
f  776/776/776 1138/1138/1138 1134/1134/1134
f  1138/1138/1138 776/776/776 1137/1137/1137
f  1138/1138/1138 1135/1135/1135 1136/1136/1136
f  1135/1135/1135 1138/1138/1138 1137/1137/1137
f  1139/1139/1139 1140/1140/1140 1141/1141/1141
f  1142/1142/1142 1140/1140/1140 1139/1139/1139
f  1142/1142/1142 1143/1143/1143 1140/1140/1140
f  1139/1139/1139 1144/1144/1144 1142/1142/1142
f  1144/1144/1144 1139/1139/1139 1145/1145/1145
f  1143/1143/1143 1142/1142/1142 1146/1146/1146
f  1142/1142/1142 1147/1147/1147 1146/1146/1146
f  1147/1147/1147 1142/1142/1142 1144/1144/1144
f  1146/1146/1146 1148/1148/1148 1143/1143/1143
f  1144/1144/1144 1149/1149/1149 1147/1147/1147
f  1149/1149/1149 1144/1144/1144 1150/1150/1150
f  1145/1145/1145 1150/1150/1150 1144/1144/1144
f  1145/1145/1145 1151/1151/1151 1150/1150/1150
f  1150/1150/1150 1152/1152/1152 1149/1149/1149
f  1152/1152/1152 1150/1150/1150 1151/1151/1151
f  1148/1148/1148 1146/1146/1146 1153/1153/1153
f  1146/1146/1146 1154/1154/1154 1153/1153/1153
f  1146/1146/1146 1147/1147/1147 1154/1154/1154
f  1147/1147/1147 1149/1149/1149 1155/1155/1155
f  1147/1147/1147 1155/1155/1155 1154/1154/1154
f  1152/1152/1152 1156/1156/1156 1149/1149/1149
f  1156/1156/1156 1155/1155/1155 1149/1149/1149
f  1151/1151/1151 1157/1157/1157 1152/1152/1152
f  1152/1152/1152 1158/1158/1158 1156/1156/1156
f  1159/1159/1159 1152/1152/1152 1157/1157/1157
f  1152/1152/1152 1159/1159/1159 1158/1158/1158
f  1155/1155/1155 1156/1156/1156 1160/1160/1160
f  1156/1156/1156 1158/1158/1158 1161/1161/1161
f  1156/1156/1156 1162/1162/1162 1160/1160/1160
f  1162/1162/1162 1156/1156/1156 1161/1161/1161
f  1163/1163/1163 1161/1161/1161 1158/1158/1158
f  1164/1164/1164 1158/1158/1158 1159/1159/1159
f  1158/1158/1158 1164/1164/1164 1163/1163/1163
f  1161/1161/1161 1163/1163/1163 1165/1165/1165
f  1166/1166/1166 1161/1161/1161 1165/1165/1165
f  1161/1161/1161 1166/1166/1166 1162/1162/1162
f  1167/1167/1167 1163/1163/1163 1164/1164/1164
f  1163/1163/1163 1168/1168/1168 1165/1165/1165
f  1168/1168/1168 1163/1163/1163 1169/1169/1169
f  1163/1163/1163 1167/1167/1167 1169/1169/1169
f  1165/1165/1165 1168/1168/1168 1170/1170/1170
f  1170/1170/1170 1166/1166/1166 1165/1165/1165
f  1171/1171/1171 1169/1169/1169 1167/1167/1167
f  1172/1172/1172 1168/1168/1168 1169/1169/1169
f  1169/1169/1169 1171/1171/1171 1172/1172/1172
f  1173/1173/1173 1168/1168/1168 1172/1172/1172
f  1174/1174/1174 1170/1170/1170 1168/1168/1168
f  1168/1168/1168 1173/1173/1173 1174/1174/1174
f  1172/1172/1172 1175/1175/1175 1173/1173/1173
f  1175/1175/1175 1172/1172/1172 1176/1176/1176
f  1171/1171/1171 1176/1176/1176 1172/1172/1172
f  1173/1173/1173 1175/1175/1175 1177/1177/1177
f  1177/1177/1177 1174/1174/1174 1173/1173/1173
f  1176/1176/1176 1171/1171/1171 1178/1178/1178
f  1179/1179/1179 1175/1175/1175 1176/1176/1176
f  1176/1176/1176 1180/1180/1180 1179/1179/1179
f  1180/1180/1180 1176/1176/1176 1178/1178/1178
f  1181/1181/1181 1175/1175/1175 1179/1179/1179
f  1175/1175/1175 1182/1182/1182 1177/1177/1177
f  1175/1175/1175 1181/1181/1181 1182/1182/1182
f  1183/1183/1183 1179/1179/1179 1180/1180/1180
f  1179/1179/1179 1184/1184/1184 1181/1181/1181
f  1179/1179/1179 1183/1183/1183 1185/1185/1185
f  1184/1184/1184 1179/1179/1179 1185/1185/1185
f  1186/1186/1186 1181/1181/1181 1184/1184/1184
f  1181/1181/1181 1186/1186/1186 1182/1182/1182
f  1187/1187/1187 1185/1185/1185 1183/1183/1183
f  1185/1185/1185 1188/1188/1188 1184/1184/1184
f  1185/1185/1185 1187/1187/1187 1188/1188/1188
f  1184/1184/1184 1188/1188/1188 1189/1189/1189
f  1184/1184/1184 1190/1190/1190 1186/1186/1186
f  1190/1190/1190 1184/1184/1184 1189/1189/1189
f  1191/1191/1191 1188/1188/1188 1187/1187/1187
f  1188/1188/1188 1192/1192/1192 1189/1189/1189
f  1192/1192/1192 1188/1188/1188 1193/1193/1193
f  1188/1188/1188 1191/1191/1191 1193/1193/1193
f  1189/1189/1189 1194/1194/1194 1190/1190/1190
f  1194/1194/1194 1189/1189/1189 1192/1192/1192
f  1195/1195/1195 1193/1193/1193 1191/1191/1191
f  1196/1196/1196 1192/1192/1192 1193/1193/1193
f  1193/1193/1193 1195/1195/1195 1196/1196/1196
f  1192/1192/1192 1196/1196/1196 1197/1197/1197
f  1198/1198/1198 1192/1192/1192 1197/1197/1197
f  1192/1192/1192 1198/1198/1198 1194/1194/1194
f  1199/1199/1199 1197/1197/1197 1196/1196/1196
f  1199/1199/1199 1196/1196/1196 1195/1195/1195
f  1197/1197/1197 1199/1199/1199 1200/1200/1200
f  1200/1200/1200 1198/1198/1198 1197/1197/1197
f  1199/1199/1199 1195/1195/1195 1201/1201/1201
f  1202/1202/1202 1200/1200/1200 1199/1199/1199
f  1201/1201/1201 1202/1202/1202 1199/1199/1199
f  1198/1198/1198 1200/1200/1200 1203/1203/1203
f  1204/1204/1204 1200/1200/1200 1202/1202/1202
f  1204/1204/1204 1203/1203/1203 1200/1200/1200
f  1202/1202/1202 1201/1201/1201 1205/1205/1205
f  1202/1202/1202 1206/1206/1206 1204/1204/1204
f  1206/1206/1206 1202/1202/1202 1207/1207/1207
f  1205/1205/1205 1207/1207/1207 1202/1202/1202
f  1203/1203/1203 1204/1204/1204 1208/1208/1208
f  1206/1206/1206 1208/1208/1208 1204/1204/1204
f  1207/1207/1207 1205/1205/1205 1209/1209/1209
f  1207/1207/1207 1210/1210/1210 1206/1206/1206
f  1211/1211/1211 1207/1207/1207 1209/1209/1209
f  1207/1207/1207 1211/1211/1211 1210/1210/1210
f  1210/1210/1210 1212/1212/1212 1206/1206/1206
f  1212/1212/1212 1213/1213/1213 1206/1206/1206
f  1208/1208/1208 1206/1206/1206 1213/1213/1213
f  1210/1210/1210 1214/1214/1214 1212/1212/1212
f  1215/1215/1215 1210/1210/1210 1211/1211/1211
f  1214/1214/1214 1210/1210/1210 1215/1215/1215
f  1213/1213/1213 1212/1212/1212 1216/1216/1216
f  1214/1214/1214 1216/1216/1216 1212/1212/1212
f  1211/1211/1211 1217/1217/1217 1215/1215/1215
f  1218/1218/1218 1214/1214/1214 1215/1215/1215
f  1218/1218/1218 1215/1215/1215 1217/1217/1217
f  1214/1214/1214 1218/1218/1218 1219/1219/1219
f  1219/1219/1219 1220/1220/1220 1214/1214/1214
f  1216/1216/1216 1214/1214/1214 1220/1220/1220
f  1218/1218/1218 1217/1217/1217 1221/1221/1221
f  1218/1218/1218 1222/1222/1222 1219/1219/1219
f  1222/1222/1222 1218/1218/1218 1223/1223/1223
f  1223/1223/1223 1218/1218/1218 1221/1221/1221
f  1220/1220/1220 1219/1219/1219 1224/1224/1224
f  1222/1222/1222 1224/1224/1224 1219/1219/1219
f  1223/1223/1223 1221/1221/1221 1225/1225/1225
f  1226/1226/1226 1222/1222/1222 1223/1223/1223
f  1225/1225/1225 1226/1226/1226 1223/1223/1223
f  1227/1227/1227 1222/1222/1222 1226/1226/1226
f  1227/1227/1227 1228/1228/1228 1222/1222/1222
f  1224/1224/1224 1222/1222/1222 1228/1228/1228
f  1226/1226/1226 1225/1225/1225 1229/1229/1229
f  1226/1226/1226 1230/1230/1230 1227/1227/1227
f  1230/1230/1230 1226/1226/1226 1231/1231/1231
f  1229/1229/1229 1231/1231/1231 1226/1226/1226
f  1228/1228/1228 1227/1227/1227 1232/1232/1232
f  1233/1233/1233 1232/1232/1232 1227/1227/1227
f  1227/1227/1227 1230/1230/1230 1233/1233/1233
f  1231/1231/1231 1229/1229/1229 1234/1234/1234
f  1231/1231/1231 1235/1235/1235 1230/1230/1230
f  1236/1236/1236 1233/1233/1233 1230/1230/1230
f  1235/1235/1235 1236/1236/1236 1230/1230/1230
f  1231/1231/1231 1237/1237/1237 1235/1235/1235
f  1237/1237/1237 1231/1231/1231 1234/1234/1234
f  1233/1233/1233 1236/1236/1236 1238/1238/1238
f  1235/1235/1235 1239/1239/1239 1236/1236/1236
f  1240/1240/1240 1235/1235/1235 1237/1237/1237
f  1239/1239/1239 1235/1235/1235 1240/1240/1240
f  1241/1241/1241 1236/1236/1236 1239/1239/1239
f  1236/1236/1236 1241/1241/1241 1238/1238/1238
f  1237/1237/1237 1242/1242/1242 1240/1240/1240
f  1243/1243/1243 1239/1239/1239 1240/1240/1240
f  1239/1239/1239 1243/1243/1243 1244/1244/1244
f  1244/1244/1244 1241/1241/1241 1239/1239/1239
f  1240/1240/1240 1245/1245/1245 1243/1243/1243
f  1245/1245/1245 1240/1240/1240 1242/1242/1242
f  1241/1241/1241 1244/1244/1244 1246/1246/1246
f  1243/1243/1243 1247/1247/1247 1244/1244/1244
f  1248/1248/1248 1246/1246/1246 1244/1244/1244
f  1244/1244/1244 1247/1247/1247 1248/1248/1248
f  1247/1247/1247 1243/1243/1243 1249/1249/1249
f  1250/1250/1250 1243/1243/1243 1245/1245/1245
f  1243/1243/1243 1250/1250/1250 1249/1249/1249
f  1251/1251/1251 1248/1248/1248 1247/1247/1247
f  1252/1252/1252 1247/1247/1247 1249/1249/1249
f  1253/1253/1253 1247/1247/1247 1252/1252/1252
f  1247/1247/1247 1253/1253/1253 1251/1251/1251
f  1254/1254/1254 1249/1249/1249 1250/1250/1250
f  1249/1249/1249 1254/1254/1254 1252/1252/1252
f  1253/1253/1253 1255/1255/1255 1251/1251/1251
f  1252/1252/1252 1256/1256/1256 1253/1253/1253
f  1253/1253/1253 1256/1256/1256 1255/1255/1255
f  1256/1256/1256 1252/1252/1252 1257/1257/1257
f  1252/1252/1252 1258/1258/1258 1257/1257/1257
f  1258/1258/1258 1252/1252/1252 1254/1254/1254
f  1256/1256/1256 1259/1259/1259 1255/1255/1255
f  1257/1257/1257 1260/1260/1260 1256/1256/1256
f  1259/1259/1259 1256/1256/1256 1261/1261/1261
f  1260/1260/1260 1261/1261/1261 1256/1256/1256
f  1257/1257/1257 1262/1262/1262 1260/1260/1260
f  1262/1262/1262 1257/1257/1257 1258/1258/1258
f  1261/1261/1261 1263/1263/1263 1259/1259/1259
f  1260/1260/1260 1264/1264/1264 1261/1261/1261
f  1263/1263/1263 1261/1261/1261 1264/1264/1264
f  1264/1264/1264 1260/1260/1260 1265/1265/1265
f  1266/1266/1266 1260/1260/1260 1262/1262/1262
f  1260/1260/1260 1266/1266/1266 1265/1265/1265
f  1264/1264/1264 1267/1267/1267 1263/1263/1263
f  1268/1268/1268 1264/1264/1264 1265/1265/1265
f  1264/1264/1264 1268/1268/1268 1269/1269/1269
f  1267/1267/1267 1264/1264/1264 1269/1269/1269
f  1265/1265/1265 1270/1270/1270 1268/1268/1268
f  1270/1270/1270 1265/1265/1265 1266/1266/1266
f  1271/1271/1271 1267/1267/1267 1269/1269/1269
f  1268/1268/1268 1272/1272/1272 1269/1269/1269
f  1269/1269/1269 1272/1272/1272 1271/1271/1271
f  1272/1272/1272 1268/1268/1268 1273/1273/1273
f  1274/1274/1274 1268/1268/1268 1270/1270/1270
f  1268/1268/1268 1274/1274/1274 1273/1273/1273
f  1275/1275/1275 1272/1272/1272 1273/1273/1273
f  1276/1276/1276 1272/1272/1272 1275/1275/1275
f  1276/1276/1276 1271/1271/1271 1272/1272/1272
f  1277/1277/1277 1273/1273/1273 1274/1274/1274
f  1273/1273/1273 1277/1277/1277 1275/1275/1275
f  1275/1275/1275 1278/1278/1278 1276/1276/1276
f  1278/1278/1278 1275/1275/1275 1277/1277/1277
f  1271/1271/1271 1276/1276/1276 1279/1279/1279
f  1278/1278/1278 1280/1280/1280 1276/1276/1276
f  1280/1280/1280 1279/1279/1279 1276/1276/1276
f  1277/1277/1277 1281/1281/1281 1278/1278/1278
f  1282/1282/1282 1280/1280/1280 1278/1278/1278
f  1282/1282/1282 1278/1278/1278 1281/1281/1281
f  1279/1279/1279 1280/1280/1280 1283/1283/1283
f  1280/1280/1280 1282/1282/1282 1284/1284/1284
f  1284/1284/1284 1283/1283/1283 1280/1280/1280
f  1282/1282/1282 1281/1281/1281 1285/1285/1285
f  1282/1282/1282 1286/1286/1286 1284/1284/1284
f  1286/1286/1286 1282/1282/1282 1287/1287/1287
f  1287/1287/1287 1282/1282/1282 1285/1285/1285
f  1283/1283/1283 1284/1284/1284 1288/1288/1288
f  1286/1286/1286 1288/1288/1288 1284/1284/1284
f  1287/1287/1287 1285/1285/1285 1289/1289/1289
f  1290/1290/1290 1286/1286/1286 1287/1287/1287
f  1289/1289/1289 1290/1290/1290 1287/1287/1287
f  1291/1291/1291 1286/1286/1286 1290/1290/1290
f  1291/1291/1291 1292/1292/1292 1286/1286/1286
f  1288/1288/1288 1286/1286/1286 1292/1292/1292
f  1290/1290/1290 1289/1289/1289 1293/1293/1293
f  1294/1294/1294 1291/1291/1291 1290/1290/1290
f  1293/1293/1293 1294/1294/1294 1290/1290/1290
f  1295/1295/1295 1291/1291/1291 1294/1294/1294
f  1295/1295/1295 1296/1296/1296 1291/1291/1291
f  1292/1292/1292 1291/1291/1291 1296/1296/1296
f  1294/1294/1294 1293/1293/1293 1297/1297/1297
f  1294/1294/1294 1298/1298/1298 1295/1295/1295
f  1299/1299/1299 1294/1294/1294 1297/1297/1297
f  1294/1294/1294 1299/1299/1299 1298/1298/1298
f  1298/1298/1298 1300/1300/1300 1295/1295/1295
f  1300/1300/1300 1301/1301/1301 1295/1295/1295
f  1296/1296/1296 1295/1295/1295 1301/1301/1301
f  1298/1298/1298 1302/1302/1302 1300/1300/1300
f  1303/1303/1303 1298/1298/1298 1299/1299/1299
f  1302/1302/1302 1298/1298/1298 1303/1303/1303
f  1128/1128/1128 1304/1304/1304 1129/1129/1129
f  1304/1304/1304 1128/1128/1128 1130/1130/1130
f  1129/1129/1129 1304/1304/1304 1305/1305/1305
f  1304/1304/1304 1130/1130/1130 1306/1306/1306
f  1304/1304/1304 1307/1307/1307 1305/1305/1305
f  1304/1304/1304 1306/1306/1306 1308/1308/1308
f  1309/1309/1309 1304/1304/1304 1308/1308/1308
f  1307/1307/1307 1304/1304/1304 1309/1309/1309
f  1309/1309/1309 1310/1310/1310 1307/1307/1307
f  1309/1309/1309 1308/1308/1308 1311/1311/1311
f  1312/1312/1312 1309/1309/1309 1311/1311/1311
f  1310/1310/1310 1309/1309/1309 1312/1312/1312
f  1312/1312/1312 1313/1313/1313 1310/1310/1310
f  1312/1312/1312 1311/1311/1311 1314/1314/1314
f  1315/1315/1315 1312/1312/1312 1314/1314/1314
f  1313/1313/1313 1312/1312/1312 1315/1315/1315
f  1315/1315/1315 1316/1316/1316 1313/1313/1313
f  1317/1317/1317 1315/1315/1315 1314/1314/1314
f  1315/1315/1315 1317/1317/1317 1318/1318/1318
f  1316/1316/1316 1315/1315/1315 1318/1318/1318
f  1318/1318/1318 1317/1317/1317 1319/1319/1319
f  1320/1320/1320 1318/1318/1318 1319/1319/1319
f  1318/1318/1318 1320/1320/1320 1316/1316/1316
f  1320/1320/1320 1321/1321/1321 1316/1316/1316
f  1320/1320/1320 1319/1319/1319 1322/1322/1322
f  1323/1323/1323 1320/1320/1320 1322/1322/1322
f  1320/1320/1320 1323/1323/1323 1321/1321/1321
f  1324/1324/1324 1321/1321/1321 1323/1323/1323
f  1323/1323/1323 1322/1322/1322 1325/1325/1325
f  1326/1326/1326 1323/1323/1323 1325/1325/1325
f  1326/1326/1326 1324/1324/1324 1323/1323/1323
f  1324/1324/1324 1326/1326/1326 1327/1327/1327
f  1328/1328/1328 1329/1329/1329 1330/1330/1330
f  1328/1328/1328 1330/1330/1330 1331/1331/1331
f  1332/1332/1332 1333/1333/1333 1334/1334/1334
f  1332/1332/1332 1335/1335/1335 1333/1333/1333
f  1336/1336/1336 1335/1335/1335 1332/1332/1332
f  1336/1336/1336 1337/1337/1337 1335/1335/1335
f  1338/1338/1338 1339/1339/1339 1340/1340/1340
f  1340/1340/1340 1339/1339/1339 1341/1341/1341
f  1340/1340/1340 1341/1341/1341 1342/1342/1342
f  1342/1342/1342 1341/1341/1341 1343/1343/1343
f  1342/1342/1342 1343/1343/1343 1344/1344/1344
f  1344/1344/1344 1343/1343/1343 1345/1345/1345
f  1344/1344/1344 1345/1345/1345 1346/1346/1346
f  1346/1346/1346 1345/1345/1345 1347/1347/1347
f  1346/1346/1346 1347/1347/1347 1348/1348/1348
f  1348/1348/1348 1347/1347/1347 1349/1349/1349
f  1348/1348/1348 1349/1349/1349 1350/1350/1350
f  1350/1350/1350 1349/1349/1349 1351/1351/1351
f  1350/1350/1350 1351/1351/1351 1352/1352/1352
f  1352/1352/1352 1351/1351/1351 1353/1353/1353
f  1354/1354/1354 1352/1352/1352 1353/1353/1353
f  1354/1354/1354 1353/1353/1353 1355/1355/1355
f  1354/1354/1354 1355/1355/1355 1356/1356/1356
f  1356/1356/1356 1357/1357/1357 1354/1354/1354
f  1357/1357/1357 1356/1356/1356 1358/1358/1358
f  1358/1358/1358 1359/1359/1359 1357/1357/1357
f  1359/1359/1359 1358/1358/1358 1360/1360/1360
f  1360/1360/1360 1361/1361/1361 1359/1359/1359
f  1361/1361/1361 1360/1360/1360 1362/1362/1362
f  1363/1363/1363 1361/1361/1361 1362/1362/1362
f  1363/1363/1363 1362/1362/1362 1364/1364/1364
f  1364/1364/1364 1365/1365/1365 1363/1363/1363
f  1365/1365/1365 1364/1364/1364 1366/1366/1366
f  1366/1366/1366 1367/1367/1367 1365/1365/1365
f  1367/1367/1367 1366/1366/1366 1368/1368/1368
f  1368/1368/1368 1369/1369/1369 1367/1367/1367
f  1370/1370/1370 1371/1371/1371 1372/1372/1372
f  1370/1370/1370 1373/1373/1373 1371/1371/1371
f  1374/1374/1374 1375/1375/1375 1376/1376/1376
f  1375/1375/1375 1377/1377/1377 1376/1376/1376
f  1378/1378/1378 1377/1377/1377 1375/1375/1375
f  1378/1378/1378 1379/1379/1379 1377/1377/1377
f  1379/1379/1379 1378/1378/1378 1380/1380/1380
f  1380/1380/1380 1381/1381/1381 1379/1379/1379
f  1382/1382/1382 1379/1379/1379 1381/1381/1381
f  1381/1381/1381 1383/1383/1383 1382/1382/1382
f  1383/1383/1383 1384/1384/1384 1382/1382/1382
f  1385/1385/1385 1384/1384/1384 1383/1383/1383
f  1385/1385/1385 1386/1386/1386 1384/1384/1384
f  1386/1386/1386 1385/1385/1385 1387/1387/1387
f  1388/1388/1388 1389/1389/1389 1390/1390/1390
f  1389/1389/1389 1391/1391/1391 1390/1390/1390
f  1389/1389/1389 1392/1392/1392 1391/1391/1391
f  1392/1392/1392 1389/1389/1389 1393/1393/1393
f  1394/1394/1394 1392/1392/1392 1393/1393/1393
f  1395/1395/1395 1392/1392/1392 1394/1394/1394
f  1394/1394/1394 1396/1396/1396 1395/1395/1395
f  1396/1396/1396 1394/1394/1394 1397/1397/1397
f  1397/1397/1397 1398/1398/1398 1396/1396/1396
f  1398/1398/1398 1397/1397/1397 1399/1399/1399
f  1399/1399/1399 1400/1400/1400 1398/1398/1398
f  1401/1401/1401 1398/1398/1398 1400/1400/1400
f  1400/1400/1400 1402/1402/1402 1401/1401/1401
f  1402/1402/1402 1400/1400/1400 1403/1403/1403
f  1404/1404/1404 1402/1402/1402 1403/1403/1403
f  1404/1404/1404 1403/1403/1403 1405/1405/1405
f  1406/1406/1406 1404/1404/1404 1405/1405/1405
f  1404/1404/1404 1406/1406/1406 1407/1407/1407
f  1406/1406/1406 1408/1408/1408 1407/1407/1407
f  1408/1408/1408 1406/1406/1406 1409/1409/1409
f  1410/1410/1410 1408/1408/1408 1409/1409/1409
f  1408/1408/1408 1410/1410/1410 1411/1411/1411
f  1412/1412/1412 1411/1411/1411 1410/1410/1410
f  1411/1411/1411 1412/1412/1412 1413/1413/1413
f  1414/1414/1414 1413/1413/1413 1412/1412/1412
f  1414/1414/1414 1412/1412/1412 1415/1415/1415
f  1416/1416/1416 1414/1414/1414 1415/1415/1415
f  1414/1414/1414 1416/1416/1416 1417/1417/1417
f  1416/1416/1416 1418/1418/1418 1417/1417/1417
f  1418/1418/1418 1416/1416/1416 1419/1419/1419
f  1420/1420/1420 1418/1418/1418 1419/1419/1419
f  1418/1418/1418 1420/1420/1420 1421/1421/1421
f  1422/1422/1422 1423/1423/1423 1424/1424/1424
f  1422/1422/1422 1424/1424/1424 1425/1425/1425
f  1426/1426/1426 1427/1427/1427 1428/1428/1428
f  1427/1427/1427 1426/1426/1426 1429/1429/1429
f  1430/1430/1430 1429/1429/1429 1426/1426/1426
f  1429/1429/1429 1430/1430/1430 1431/1431/1431
f  1432/1432/1432 1433/1433/1433 1434/1434/1434
f  1432/1432/1432 1434/1434/1434 1435/1435/1435
f  1435/1435/1435 1434/1434/1434 1436/1436/1436
f  1435/1435/1435 1436/1436/1436 1437/1437/1437
f  1437/1437/1437 1436/1436/1436 1438/1438/1438
f  1439/1439/1439 1438/1438/1438 1436/1436/1436
f  1440/1440/1440 1438/1438/1438 1439/1439/1439
f  1438/1438/1438 1440/1440/1440 1441/1441/1441
f  1440/1440/1440 1442/1442/1442 1441/1441/1441
f  1442/1442/1442 1440/1440/1440 1443/1443/1443
f  1444/1444/1444 1445/1445/1445 1446/1446/1446
f  1446/1446/1446 1447/1447/1447 1444/1444/1444
f  1447/1447/1447 1446/1446/1446 1448/1448/1448
f  1448/1448/1448 1449/1449/1449 1447/1447/1447
f  1449/1449/1449 1448/1448/1448 1450/1450/1450
f  1449/1449/1449 1450/1450/1450 1451/1451/1451
f  1452/1452/1452 1449/1449/1449 1451/1451/1451
f  1453/1453/1453 1454/1454/1454 1455/1455/1455
f  1455/1455/1455 1454/1454/1454 1456/1456/1456
f  1457/1457/1457 1458/1458/1458 1459/1459/1459
f  1460/1460/1460 1458/1458/1458 1457/1457/1457
f  1458/1458/1458 1460/1460/1460 1461/1461/1461
f  1462/1462/1462 1461/1461/1461 1460/1460/1460
f  1461/1461/1461 1462/1462/1462 1463/1463/1463
f  1462/1462/1462 1464/1464/1464 1463/1463/1463
f  1464/1464/1464 1462/1462/1462 1465/1465/1465
f  1466/1466/1466 1467/1467/1467 1468/1468/1468
f  1466/1466/1466 1468/1468/1468 1469/1469/1469
f  1468/1468/1468 1470/1470/1470 1469/1469/1469
f  1470/1470/1470 1468/1468/1468 1471/1471/1471
f  1470/1470/1470 1471/1471/1471 1472/1472/1472
f  1472/1472/1472 1471/1471/1471 1473/1473/1473
f  1474/1474/1474 1472/1472/1472 1473/1473/1473
f  1472/1472/1472 1474/1474/1474 1475/1475/1475
f  1476/1476/1476 1477/1477/1477 1478/1478/1478
f  1477/1477/1477 1476/1476/1476 1479/1479/1479
f  1480/1480/1480 1481/1481/1481 1482/1482/1482
f  1483/1483/1483 1481/1481/1481 1480/1480/1480
f  1484/1484/1484 1485/1485/1485 1486/1486/1486
f  1484/1484/1484 1486/1486/1486 1487/1487/1487
f  1488/1488/1488 1484/1484/1484 1487/1487/1487
f  1484/1484/1484 1488/1488/1488 1489/1489/1489
f  1490/1490/1490 1489/1489/1489 1488/1488/1488
f  1489/1489/1489 1490/1490/1490 1491/1491/1491
f  1490/1490/1490 1492/1492/1492 1491/1491/1491
f  1492/1492/1492 1490/1490/1490 1493/1493/1493
f  1494/1494/1494 1495/1495/1495 1496/1496/1496
f  1495/1495/1495 1494/1494/1494 1497/1497/1497
f  1497/1497/1497 1494/1494/1494 1498/1498/1498
f  1499/1499/1499 1495/1495/1495 1497/1497/1497
f  1497/1497/1497 1498/1498/1498 1500/1500/1500
f  1497/1497/1497 1501/1501/1501 1499/1499/1499
f  1497/1497/1497 1502/1502/1502 1501/1501/1501
f  1500/1500/1500 1503/1503/1503 1497/1497/1497
f  1502/1502/1502 1497/1497/1497 1503/1503/1503
f  1503/1503/1503 1500/1500/1500 1504/1504/1504
f  1505/1505/1505 1506/1506/1506 1507/1507/1507
f  1506/1506/1506 1505/1505/1505 1508/1508/1508
f  1508/1508/1508 1509/1509/1509 1506/1506/1506
f  1509/1509/1509 1508/1508/1508 1510/1510/1510
f  1511/1511/1511 1509/1509/1509 1510/1510/1510
f  1509/1509/1509 1511/1511/1511 1512/1512/1512
f  1511/1511/1511 1513/1513/1513 1512/1512/1512
f  1513/1513/1513 1511/1511/1511 1514/1514/1514
f  1514/1514/1514 1515/1515/1515 1513/1513/1513
f  1515/1515/1515 1514/1514/1514 1516/1516/1516
f  1517/1517/1517 1515/1515/1515 1516/1516/1516
f  1515/1515/1515 1517/1517/1517 1518/1518/1518
f  1519/1519/1519 1520/1520/1520 1521/1521/1521
f  1522/1522/1522 1520/1520/1520 1519/1519/1519
f  1522/1522/1522 1523/1523/1523 1520/1520/1520
f  1523/1523/1523 1522/1522/1522 1524/1524/1524
f  1525/1525/1525 1526/1526/1526 1527/1527/1527
f  1526/1526/1526 1525/1525/1525 1528/1528/1528
f  1529/1529/1529 1528/1528/1528 1525/1525/1525
f  1528/1528/1528 1529/1529/1529 1530/1530/1530
f  1531/1531/1531 1530/1530/1530 1529/1529/1529
f  1531/1531/1531 1529/1529/1529 1532/1532/1532
f  1533/1533/1533 1531/1531/1531 1532/1532/1532
f  1531/1531/1531 1533/1533/1533 1534/1534/1534
f  1535/1535/1535 1534/1534/1534 1533/1533/1533
f  1534/1534/1534 1535/1535/1535 1536/1536/1536
f  1537/1537/1537 1536/1536/1536 1535/1535/1535
f  1537/1537/1537 1535/1535/1535 1538/1538/1538
f  1539/1539/1539 1540/1540/1540 1541/1541/1541
f  1539/1539/1539 1542/1542/1542 1540/1540/1540
f  1543/1543/1543 1542/1542/1542 1539/1539/1539
f  1542/1542/1542 1543/1543/1543 1544/1544/1544
f  1545/1545/1545 1546/1546/1546 1547/1547/1547
f  1546/1546/1546 1545/1545/1545 1548/1548/1548
f  1549/1549/1549 1548/1548/1548 1545/1545/1545
f  1548/1548/1548 1549/1549/1549 1550/1550/1550
f  1551/1551/1551 1550/1550/1550 1549/1549/1549
f  1550/1550/1550 1551/1551/1551 1552/1552/1552
f  1553/1553/1553 1552/1552/1552 1551/1551/1551
f  1552/1552/1552 1553/1553/1553 1554/1554/1554
f  1555/1555/1555 1556/1556/1556 1557/1557/1557
f  1558/1558/1558 1556/1556/1556 1555/1555/1555
f  1558/1558/1558 1559/1559/1559 1556/1556/1556
f  1560/1560/1560 1559/1559/1559 1558/1558/1558
f  1560/1560/1560 1561/1561/1561 1559/1559/1559
f  1562/1562/1562 1561/1561/1561 1560/1560/1560
f  1562/1562/1562 1563/1563/1563 1561/1561/1561
f  1564/1564/1564 1563/1563/1563 1562/1562/1562
f  1565/1565/1565 1566/1566/1566 1567/1567/1567
f  1566/1566/1566 1565/1565/1565 1568/1568/1568
f  1569/1569/1569 1566/1566/1566 1568/1568/1568
f  1566/1566/1566 1569/1569/1569 1570/1570/1570
f  1569/1569/1569 1571/1571/1571 1570/1570/1570
f  1571/1571/1571 1569/1569/1569 1572/1572/1572
f  1572/1572/1572 1573/1573/1573 1571/1571/1571
f  1573/1573/1573 1572/1572/1572 1574/1574/1574
f  1575/1575/1575 1576/1576/1576 1577/1577/1577
f  1576/1576/1576 1575/1575/1575 1578/1578/1578
f  1578/1578/1578 1575/1575/1575 1579/1579/1579
f  1579/1579/1579 1575/1575/1575 1580/1580/1580
f  1581/1581/1581 1579/1579/1579 1580/1580/1580
f  1579/1579/1579 1581/1581/1581 1582/1582/1582
f  1583/1583/1583 1582/1582/1582 1581/1581/1581
f  1582/1582/1582 1583/1583/1583 1584/1584/1584
f  1585/1585/1585 1586/1586/1586 1587/1587/1587
f  1586/1586/1586 1585/1585/1585 1588/1588/1588
f  1588/1588/1588 1589/1589/1589 1586/1586/1586
f  1589/1589/1589 1588/1588/1588 1590/1590/1590
f  1591/1591/1591 1592/1592/1592 1593/1593/1593
f  1594/1594/1594 1592/1592/1592 1591/1591/1591
f  1595/1595/1595 1594/1594/1594 1591/1591/1591
f  1596/1596/1596 1594/1594/1594 1595/1595/1595
f  1597/1597/1597 1598/1598/1598 1599/1599/1599
f  1598/1598/1598 1597/1597/1597 1600/1600/1600
f  1601/1601/1601 1600/1600/1600 1597/1597/1597
f  1600/1600/1600 1601/1601/1601 1602/1602/1602
f  1603/1603/1603 1604/1604/1604 1605/1605/1605
f  1603/1603/1603 1606/1606/1606 1604/1604/1604
f  1607/1607/1607 1604/1604/1604 1606/1606/1606
f  1608/1608/1608 1607/1607/1607 1606/1606/1606
f  1303/1303/1303 1299/1299/1299 1609/1609/1609
f  1301/1301/1301 1300/1300/1300 1610/1610/1610
f  1611/1611/1611 1300/1300/1300 1302/1302/1302
f  1300/1300/1300 1611/1611/1611 1610/1610/1610
f  1612/1612/1612 1302/1302/1302 1303/1303/1303
f  1613/1613/1613 1303/1303/1303 1609/1609/1609
f  1303/1303/1303 1613/1613/1613 1612/1612/1612
f  1302/1302/1302 1612/1612/1612 1614/1614/1614
f  1615/1615/1615 1302/1302/1302 1614/1614/1614
f  1302/1302/1302 1615/1615/1615 1611/1611/1611
f  1616/1616/1616 1612/1612/1612 1613/1613/1613
f  1612/1612/1612 1617/1617/1617 1614/1614/1614
f  1617/1617/1617 1612/1612/1612 1618/1618/1618
f  1612/1612/1612 1616/1616/1616 1618/1618/1618
f  1614/1614/1614 1617/1617/1617 1619/1619/1619
f  1619/1619/1619 1615/1615/1615 1614/1614/1614
f  1620/1620/1620 1618/1618/1618 1616/1616/1616
f  1621/1621/1621 1617/1617/1617 1618/1618/1618
f  1618/1618/1618 1620/1620/1620 1621/1621/1621
f  1621/1621/1621 1622/1622/1622 1617/1617/1617
f  1623/1623/1623 1617/1617/1617 1622/1622/1622
f  1623/1623/1623 1619/1619/1619 1617/1617/1617
f  1621/1621/1621 1624/1624/1624 1622/1622/1622
f  1625/1625/1625 1621/1621/1621 1620/1620/1620
f  1624/1624/1624 1621/1621/1621 1625/1625/1625
f  1622/1622/1622 1626/1626/1626 1623/1623/1623
f  1626/1626/1626 1622/1622/1622 1624/1624/1624
f  1625/1625/1625 1620/1620/1620 1627/1627/1627
f  1628/1628/1628 1624/1624/1624 1625/1625/1625
f  1624/1624/1624 1628/1628/1628 1629/1629/1629
f  1629/1629/1629 1626/1626/1626 1624/1624/1624
f  1625/1625/1625 1630/1630/1630 1628/1628/1628
f  1630/1630/1630 1625/1625/1625 1627/1627/1627
f  1626/1626/1626 1629/1629/1629 1631/1631/1631
f  1628/1628/1628 1632/1632/1632 1629/1629/1629
f  1632/1632/1632 1628/1628/1628 1633/1633/1633
f  1630/1630/1630 1633/1633/1633 1628/1628/1628
f  1629/1629/1629 1632/1632/1632 1634/1634/1634
f  1634/1634/1634 1631/1631/1631 1629/1629/1629
f  1633/1633/1633 1630/1630/1630 1635/1635/1635
f  1633/1633/1633 1636/1636/1636 1632/1632/1632
f  1637/1637/1637 1634/1634/1634 1632/1632/1632
f  1632/1632/1632 1636/1636/1636 1637/1637/1637
f  1636/1636/1636 1633/1633/1633 1638/1638/1638
f  1635/1635/1635 1638/1638/1638 1633/1633/1633
f  1638/1638/1638 1635/1635/1635 1639/1639/1639
f  1638/1638/1638 1640/1640/1640 1636/1636/1636
f  1636/1636/1636 1641/1641/1641 1637/1637/1637
f  1636/1636/1636 1640/1640/1640 1641/1641/1641
f  1640/1640/1640 1638/1638/1638 1642/1642/1642
f  1638/1638/1638 1643/1643/1643 1642/1642/1642
f  1643/1643/1643 1638/1638/1638 1639/1639/1639
f  1640/1640/1640 1644/1644/1644 1641/1641/1641
f  1642/1642/1642 1645/1645/1645 1640/1640/1640
f  1644/1644/1644 1640/1640/1640 1645/1645/1645
f  1643/1643/1643 1646/1646/1646 1642/1642/1642
f  1645/1645/1645 1642/1642/1642 1646/1646/1646
f  1646/1646/1646 1644/1644/1644 1645/1645/1645
f  1644/1644/1644 1646/1646/1646 1647/1647/1647
f  1643/1643/1643 1647/1647/1647 1646/1646/1646
f  1648/1648/1648 1649/1649/1649 1650/1650/1650
f  1648/1648/1648 1651/1651/1651 1649/1649/1649
f  1652/1652/1652 1653/1653/1653 1654/1654/1654
f  1652/1652/1652 1655/1655/1655 1653/1653/1653
f  1656/1656/1656 1655/1655/1655 1652/1652/1652
f  1656/1656/1656 1657/1657/1657 1655/1655/1655
f  1658/1658/1658 1657/1657/1657 1656/1656/1656
f  1658/1658/1658 1659/1659/1659 1657/1657/1657
f  1659/1659/1659 1658/1658/1658 1660/1660/1660
f  1659/1659/1659 1660/1660/1660 1661/1661/1661
f  1662/1662/1662 1663/1663/1663 1664/1664/1664
f  1662/1662/1662 1665/1665/1665 1663/1663/1663
f  1665/1665/1665 1662/1662/1662 1666/1666/1666
f  1665/1665/1665 1666/1666/1666 1667/1667/1667
f  1668/1668/1668 1669/1669/1669 1670/1670/1670
f  1668/1668/1668 1670/1670/1670 1671/1671/1671
f  1672/1672/1672 1668/1668/1668 1671/1671/1671
f  1672/1672/1672 1671/1671/1671 1673/1673/1673
f  1674/1674/1674 1675/1675/1675 1676/1676/1676
f  1676/1676/1676 1677/1677/1677 1674/1674/1674
f  1678/1678/1678 1679/1679/1679 1680/1680/1680
f  1678/1678/1678 1681/1681/1681 1679/1679/1679
f  1682/1682/1682 1681/1681/1681 1678/1678/1678
f  1681/1681/1681 1682/1682/1682 1683/1683/1683
f  1684/1684/1684 1683/1683/1683 1682/1682/1682
f  1684/1684/1684 1682/1682/1682 1685/1685/1685
f  1686/1686/1686 1684/1684/1684 1685/1685/1685
f  1687/1687/1687 1688/1688/1688 1689/1689/1689
f  1687/1687/1687 1689/1689/1689 1690/1690/1690
f  1689/1689/1689 1691/1691/1691 1690/1690/1690
f  1691/1691/1691 1689/1689/1689 1692/1692/1692
f  1693/1693/1693 1691/1691/1691 1692/1692/1692
f  1694/1694/1694 1691/1691/1691 1693/1693/1693
f  1695/1695/1695 1694/1694/1694 1693/1693/1693
f  1695/1695/1695 1696/1696/1696 1694/1694/1694
f  1697/1697/1697 1696/1696/1696 1695/1695/1695
f  1697/1697/1697 1698/1698/1698 1696/1696/1696
f  1699/1699/1699 1700/1700/1700 1701/1701/1701
f  1700/1700/1700 1699/1699/1699 1702/1702/1702
f  1703/1703/1703 1704/1704/1704 1705/1705/1705
f  1704/1704/1704 1703/1703/1703 1706/1706/1706
f  1706/1706/1706 1707/1707/1707 1704/1704/1704
f  1707/1707/1707 1706/1706/1706 1708/1708/1708
f  1709/1709/1709 1710/1710/1710 1711/1711/1711
f  1712/1712/1712 1710/1710/1710 1709/1709/1709
f  1713/1713/1713 1714/1714/1714 1715/1715/1715
f  1716/1716/1716 1714/1714/1714 1713/1713/1713
f  1716/1716/1716 1717/1717/1717 1714/1714/1714
f  1717/1717/1717 1716/1716/1716 1718/1718/1718
f  1719/1719/1719 1717/1717/1717 1718/1718/1718
f  1719/1719/1719 1720/1720/1720 1717/1717/1717
f  1721/1721/1721 1720/1720/1720 1719/1719/1719
f  1722/1722/1722 1723/1723/1723 1724/1724/1724
f  1725/1725/1725 1724/1724/1724 1723/1723/1723
f  1726/1726/1726 1724/1724/1724 1725/1725/1725
f  1726/1726/1726 1727/1727/1727 1724/1724/1724
f  1726/1726/1726 1728/1728/1728 1727/1727/1727
f  1728/1728/1728 1726/1726/1726 1729/1729/1729
f  1729/1729/1729 1730/1730/1730 1728/1728/1728
f  1730/1730/1730 1729/1729/1729 1731/1731/1731
f  1731/1731/1731 1732/1732/1732 1730/1730/1730
f  1732/1732/1732 1731/1731/1731 1733/1733/1733
f  1734/1734/1734 1735/1735/1735 1736/1736/1736
f  1737/1737/1737 1735/1735/1735 1734/1734/1734
f  1738/1738/1738 1739/1739/1739 1740/1740/1740
f  1741/1741/1741 1739/1739/1739 1738/1738/1738
f  1742/1742/1742 1741/1741/1741 1738/1738/1738
f  1743/1743/1743 1741/1741/1741 1742/1742/1742
f  1744/1744/1744 1745/1745/1745 1746/1746/1746
f  1745/1745/1745 1744/1744/1744 1747/1747/1747
f  1748/1748/1748 1749/1749/1749 1750/1750/1750
f  1749/1749/1749 1748/1748/1748 1751/1751/1751
f  1752/1752/1752 1753/1753/1753 1754/1754/1754
f  1753/1753/1753 1752/1752/1752 1755/1755/1755
f  1756/1756/1756 1757/1757/1757 1758/1758/1758
f  1758/1758/1758 1757/1757/1757 1759/1759/1759
f  1760/1760/1760 1761/1761/1761 1762/1762/1762
f  1761/1761/1761 1760/1760/1760 1763/1763/1763
f  1763/1763/1763 1760/1760/1760 1764/1764/1764
f  1764/1764/1764 1760/1760/1760 1765/1765/1765
f  1764/1764/1764 1765/1765/1765 1766/1766/1766
f  1765/1765/1765 1767/1767/1767 1766/1766/1766
f  1768/1768/1768 1766/1766/1766 1767/1767/1767
f  1766/1766/1766 1768/1768/1768 1769/1769/1769
f  1769/1769/1769 1768/1768/1768 1770/1770/1770
f  1768/1768/1768 1771/1771/1771 1770/1770/1770
f  1772/1772/1772 1770/1770/1770 1771/1771/1771
f  1770/1770/1770 1772/1772/1772 1773/1773/1773
f  1773/1773/1773 1772/1772/1772 1774/1774/1774
f  1774/1774/1774 1772/1772/1772 1775/1775/1775
f  1774/1774/1774 1775/1775/1775 1776/1776/1776
f  1775/1775/1775 1777/1777/1777 1776/1776/1776
f  1778/1778/1778 1776/1776/1776 1777/1777/1777
f  1776/1776/1776 1778/1778/1778 1779/1779/1779
f  1778/1778/1778 1780/1780/1780 1779/1779/1779
f  1780/1780/1780 1778/1778/1778 1781/1781/1781
f  1782/1782/1782 1783/1783/1783 1784/1784/1784
f  1782/1782/1782 1785/1785/1785 1783/1783/1783
f  1785/1785/1785 1782/1782/1782 1786/1786/1786
f  1785/1785/1785 1786/1786/1786 1787/1787/1787
f  1787/1787/1787 1786/1786/1786 1788/1788/1788
f  1787/1787/1787 1788/1788/1788 1789/1789/1789
f  1789/1789/1789 1790/1790/1790 1787/1787/1787
f  1790/1790/1790 1789/1789/1789 1791/1791/1791
f  1792/1792/1792 1793/1793/1793 1794/1794/1794
f  1793/1793/1793 1792/1792/1792 1795/1795/1795
f  1796/1796/1796 1795/1795/1795 1792/1792/1792
f  1796/1796/1796 1792/1792/1792 1797/1797/1797
f  1798/1798/1798 1797/1797/1797 1792/1792/1792
f  1796/1796/1796 1797/1797/1797 1799/1799/1799
f  1798/1798/1798 1800/1800/1800 1797/1797/1797
f  1800/1800/1800 1799/1799/1799 1797/1797/1797
f  1799/1799/1799 1801/1801/1801 1796/1796/1796
f  1800/1800/1800 1802/1802/1802 1799/1799/1799
f  1802/1802/1802 1803/1803/1803 1799/1799/1799
f  1801/1801/1801 1799/1799/1799 1803/1803/1803
f  1802/1802/1802 1804/1804/1804 1803/1803/1803
f  1804/1804/1804 1805/1805/1805 1803/1803/1803
f  1801/1801/1801 1803/1803/1803 1805/1805/1805
f  1805/1805/1805 1804/1804/1804 1806/1806/1806
f  1806/1806/1806 1807/1807/1807 1805/1805/1805
f  1801/1801/1801 1805/1805/1805 1807/1807/1807
f  1807/1807/1807 1806/1806/1806 1808/1808/1808
f  1809/1809/1809 1807/1807/1807 1808/1808/1808
f  1810/1810/1810 1807/1807/1807 1809/1809/1809
f  1810/1810/1810 1801/1801/1801 1807/1807/1807
f  1809/1809/1809 1811/1811/1811 1810/1810/1810
f  1810/1810/1810 1811/1811/1811 1801/1801/1801
f  1811/1811/1811 1812/1812/1812 1801/1801/1801
f  1812/1812/1812 1813/1813/1813 1801/1801/1801
f  1814/1814/1814 1812/1812/1812 1811/1811/1811
f  1811/1811/1811 1809/1809/1809 1814/1814/1814
f  1813/1813/1813 1812/1812/1812 1815/1815/1815
f  1812/1812/1812 1814/1814/1814 1816/1816/1816
f  1815/1815/1815 1812/1812/1812 1817/1817/1817
f  1818/1818/1818 1819/1819/1819 1820/1820/1820
f  1821/1821/1821 1819/1819/1819 1818/1818/1818
f  1822/1822/1822 1819/1819/1819 1821/1821/1821
f  1819/1819/1819 1822/1822/1822 1823/1823/1823
f  1823/1823/1823 1824/1824/1824 1819/1819/1819
f  1822/1822/1822 1825/1825/1825 1823/1823/1823
f  1824/1824/1824 1823/1823/1823 1826/1826/1826
f  1823/1823/1823 1825/1825/1825 1826/1826/1826
f  1827/1827/1827 1825/1825/1825 1822/1822/1822
f  1826/1826/1826 1825/1825/1825 1828/1828/1828
f  1829/1829/1829 1828/1828/1828 1825/1825/1825
f  1827/1827/1827 1829/1829/1829 1825/1825/1825
f  1828/1828/1828 1829/1829/1829 1830/1830/1830
f  1831/1831/1831 1830/1830/1830 1829/1829/1829
f  1827/1827/1827 1831/1831/1831 1829/1829/1829
f  1830/1830/1830 1831/1831/1831 1832/1832/1832
f  1833/1833/1833 1832/1832/1832 1831/1831/1831
f  1827/1827/1827 1833/1833/1833 1831/1831/1831
f  1832/1832/1832 1833/1833/1833 1834/1834/1834
f  1833/1833/1833 1835/1835/1835 1834/1834/1834
f  1835/1835/1835 1833/1833/1833 1836/1836/1836
f  1836/1836/1836 1833/1833/1833 1827/1827/1827
f  1837/1837/1837 1835/1835/1835 1836/1836/1836
f  1836/1836/1836 1827/1827/1827 1837/1837/1837
f  1837/1837/1837 1827/1827/1827 1838/1838/1838
f  1838/1838/1838 1827/1827/1827 1839/1839/1839
f  1838/1838/1838 1840/1840/1840 1837/1837/1837
f  1835/1835/1835 1837/1837/1837 1840/1840/1840
f  1841/1841/1841 1838/1838/1838 1839/1839/1839
f  1840/1840/1840 1838/1838/1838 1842/1842/1842
f  1838/1838/1838 1841/1841/1841 1843/1843/1843
f  1844/1844/1844 1845/1845/1845 1846/1846/1846
f  1845/1845/1845 1844/1844/1844 1847/1847/1847
f  1848/1848/1848 1847/1847/1847 1844/1844/1844
f  1847/1847/1847 1848/1848/1848 1849/1849/1849
f  1848/1848/1848 1850/1850/1850 1849/1849/1849
f  1850/1850/1850 1848/1848/1848 1851/1851/1851
f  1851/1851/1851 1852/1852/1852 1850/1850/1850
f  1852/1852/1852 1851/1851/1851 1853/1853/1853
f  1853/1853/1853 1854/1854/1854 1852/1852/1852
f  1854/1854/1854 1853/1853/1853 1855/1855/1855
f  1856/1856/1856 1857/1857/1857 1858/1858/1858
f  1858/1858/1858 1857/1857/1857 1859/1859/1859
f  1860/1860/1860 1858/1858/1858 1859/1859/1859
f  1860/1860/1860 1859/1859/1859 1861/1861/1861
f  1862/1862/1862 1860/1860/1860 1861/1861/1861
f  1860/1860/1860 1862/1862/1862 1863/1863/1863
f  1864/1864/1864 1863/1863/1863 1862/1862/1862
f  1863/1863/1863 1864/1864/1864 1865/1865/1865
f  1866/1866/1866 1865/1865/1865 1864/1864/1864
f  1865/1865/1865 1866/1866/1866 1867/1867/1867
f  1868/1868/1868 1869/1869/1869 1870/1870/1870
f  1869/1869/1869 1868/1868/1868 1871/1871/1871
f  1871/1871/1871 1868/1868/1868 1872/1872/1872
f  1872/1872/1872 1868/1868/1868 1873/1873/1873
f  1874/1874/1874 1872/1872/1872 1873/1873/1873
f  1874/1874/1874 1873/1873/1873 1875/1875/1875
f  1876/1876/1876 1874/1874/1874 1875/1875/1875
f  1874/1874/1874 1876/1876/1876 1877/1877/1877
f  1878/1878/1878 1877/1877/1877 1876/1876/1876
f  1877/1877/1877 1878/1878/1878 1879/1879/1879
f  1880/1880/1880 1606/1606/1606 1603/1603/1603
f  1881/1881/1881 1880/1880/1880 1603/1603/1603
f  1882/1882/1882 1608/1608/1608 1606/1606/1606
f  1883/1883/1883 1882/1882/1882 1606/1606/1606
f  1880/1880/1880 1881/1881/1881 1884/1884/1884
f  1885/1885/1885 1884/1884/1884 1881/1881/1881
f  1886/1886/1886 1885/1885/1885 1881/1881/1881
f  1887/1887/1887 1886/1886/1886 1881/1881/1881
f  1888/1888/1888 1887/1887/1887 1881/1881/1881
f  1887/1887/1887 1888/1888/1888 1889/1889/1889
f  1890/1890/1890 1891/1891/1891 1892/1892/1892
f  1891/1891/1891 1890/1890/1890 1893/1893/1893
f  1894/1894/1894 1895/1895/1895 1896/1896/1896
f  1896/1896/1896 1897/1897/1897 1894/1894/1894
f  1898/1898/1898 1894/1894/1894 1897/1897/1897
f  1897/1897/1897 1899/1899/1899 1898/1898/1898
f  1900/1900/1900 1901/1901/1901 1902/1902/1902
f  1901/1901/1901 1900/1900/1900 1903/1903/1903
f  1903/1903/1903 1904/1904/1904 1901/1901/1901
f  1901/1901/1901 1904/1904/1904 1905/1905/1905
f  1906/1906/1906 1907/1907/1907 1908/1908/1908
f  1908/1908/1908 1909/1909/1909 1906/1906/1906
f  1910/1910/1910 1906/1906/1906 1909/1909/1909
f  1909/1909/1909 1911/1911/1911 1910/1910/1910
f  1912/1912/1912 1913/1913/1913 1914/1914/1914
f  1913/1913/1913 1912/1912/1912 1915/1915/1915
f  1915/1915/1915 1916/1916/1916 1913/1913/1913
f  1913/1913/1913 1916/1916/1916 1917/1917/1917
f  1918/1918/1918 1919/1919/1919 1920/1920/1920
f  1921/1921/1921 1919/1919/1919 1918/1918/1918
f  1922/1922/1922 1921/1921/1921 1918/1918/1918
f  1923/1923/1923 1921/1921/1921 1922/1922/1922
f  1924/1924/1924 1925/1925/1925 1926/1926/1926
f  1925/1925/1925 1924/1924/1924 1927/1927/1927
f  1924/1924/1924 1928/1928/1928 1927/1927/1927
f  1924/1924/1924 1929/1929/1929 1928/1928/1928
f  1930/1930/1930 1931/1931/1931 1932/1932/1932
f  1933/1933/1933 1931/1931/1931 1930/1930/1930
f  1934/1934/1934 1933/1933/1933 1930/1930/1930
f  1935/1935/1935 1933/1933/1933 1934/1934/1934
f  1936/1936/1936 1937/1937/1937 1938/1938/1938
f  1937/1937/1937 1936/1936/1936 1939/1939/1939
f  1936/1936/1936 1940/1940/1940 1939/1939/1939
f  1936/1936/1936 1941/1941/1941 1940/1940/1940
f  1942/1942/1942 1943/1943/1943 1944/1944/1944
f  1942/1942/1942 1944/1944/1944 1945/1945/1945
f  1946/1946/1946 1945/1945/1945 1944/1944/1944
f  1947/1947/1947 1945/1945/1945 1946/1946/1946
f  1948/1948/1948 1942/1942/1942 1945/1945/1945
f  1949/1949/1949 1942/1942/1942 1948/1948/1948
f  1950/1950/1950 1945/1945/1945 1947/1947/1947
f  1951/1951/1951 1945/1945/1945 1950/1950/1950
f  1948/1948/1948 1952/1952/1952 1949/1949/1949
f  1953/1953/1953 1949/1949/1949 1952/1952/1952
f  1954/1954/1954 1949/1949/1949 1953/1953/1953
f  1955/1955/1955 1949/1949/1949 1954/1954/1954
f  1955/1955/1955 1956/1956/1956 1949/1949/1949
f  1956/1956/1956 1955/1955/1955 1957/1957/1957
f  1958/1958/1958 1959/1959/1959 1960/1960/1960
f  1961/1961/1961 1959/1959/1959 1958/1958/1958
f  1962/1962/1962 1963/1963/1963 1964/1964/1964
f  1963/1963/1963 1962/1962/1962 1965/1965/1965
f  1965/1965/1965 1966/1966/1966 1963/1963/1963
f  1966/1966/1966 1965/1965/1965 1967/1967/1967
f  1967/1967/1967 1968/1968/1968 1966/1966/1966
f  1968/1968/1968 1967/1967/1967 1969/1969/1969
f  1970/1970/1970 1968/1968/1968 1969/1969/1969
f  1968/1968/1968 1970/1970/1970 1971/1971/1971
f  1972/1972/1972 1971/1971/1971 1970/1970/1970
f  1971/1971/1971 1972/1972/1972 1973/1973/1973
f  1972/1972/1972 1974/1974/1974 1973/1973/1973
f  1974/1974/1974 1972/1972/1972 1975/1975/1975
f  1975/1975/1975 1976/1976/1976 1974/1974/1974
f  1976/1976/1976 1975/1975/1975 1977/1977/1977
f  1977/1977/1977 1978/1978/1978 1976/1976/1976
f  1978/1978/1978 1977/1977/1977 1979/1979/1979
f  1980/1980/1980 1981/1981/1981 1982/1982/1982
f  1982/1982/1982 1983/1983/1983 1980/1980/1980
f  1980/1980/1980 1983/1983/1983 1984/1984/1984
f  1980/1980/1980 1984/1984/1984 1985/1985/1985
f  1986/1986/1986 1985/1985/1985 1984/1984/1984
f  1987/1987/1987 1985/1985/1985 1986/1986/1986
f  1988/1988/1988 1987/1987/1987 1986/1986/1986
f  1989/1989/1989 1987/1987/1987 1988/1988/1988
f  1988/1988/1988 1990/1990/1990 1989/1989/1989
f  1990/1990/1990 1988/1988/1988 1991/1991/1991
f  1992/1992/1992 1990/1990/1990 1991/1991/1991
f  1993/1993/1993 1990/1990/1990 1992/1992/1992
f  1994/1994/1994 1993/1993/1993 1992/1992/1992
f  1993/1993/1993 1994/1994/1994 1995/1995/1995
f  1996/1996/1996 1995/1995/1995 1994/1994/1994
f  1995/1995/1995 1996/1996/1996 1997/1997/1997
f  1998/1998/1998 1999/1999/1999 2000/2000/2000
f  1999/1999/1999 1998/1998/1998 2001/2001/2001
f  2002/2002/2002 2001/2001/2001 1998/1998/1998
f  2001/2001/2001 2002/2002/2002 2003/2003/2003
f  2004/2004/2004 2003/2003/2003 2002/2002/2002
f  2003/2003/2003 2004/2004/2004 2005/2005/2005
f  2006/2006/2006 2005/2005/2005 2004/2004/2004
f  2004/2004/2004 2007/2007/2007 2006/2006/2006
f  2008/2008/2008 2006/2006/2006 2007/2007/2007
f  2007/2007/2007 2009/2009/2009 2008/2008/2008
f  2010/2010/2010 2008/2008/2008 2009/2009/2009
f  2008/2008/2008 2010/2010/2010 2011/2011/2011
f  2012/2012/2012 2011/2011/2011 2010/2010/2010
f  2011/2011/2011 2012/2012/2012 2013/2013/2013
f  2014/2014/2014 2013/2013/2013 2012/2012/2012
f  2013/2013/2013 2014/2014/2014 2015/2015/2015
f  2016/2016/2016 2017/2017/2017 2018/2018/2018
f  2018/2018/2018 2017/2017/2017 2019/2019/2019
f  2017/2017/2017 2020/2020/2020 2019/2019/2019
f  2020/2020/2020 2017/2017/2017 2021/2021/2021
f  2022/2022/2022 2020/2020/2020 2021/2021/2021
f  2023/2023/2023 2022/2022/2022 2021/2021/2021
f  2024/2024/2024 2022/2022/2022 2023/2023/2023
f  2023/2023/2023 2025/2025/2025 2024/2024/2024
f  2026/2026/2026 2024/2024/2024 2025/2025/2025
f  2026/2026/2026 2027/2027/2027 2024/2024/2024
f  2028/2028/2028 2027/2027/2027 2026/2026/2026
f  2029/2029/2029 2028/2028/2028 2026/2026/2026
f  2030/2030/2030 2028/2028/2028 2029/2029/2029
f  2031/2031/2031 2030/2030/2030 2029/2029/2029
f  2031/2031/2031 2032/2032/2032 2030/2030/2030
f  2032/2032/2032 2031/2031/2031 2033/2033/2033
f  2034/2034/2034 2035/2035/2035 2036/2036/2036
f  2037/2037/2037 2036/2036/2036 2035/2035/2035
f  2038/2038/2038 2036/2036/2036 2037/2037/2037
f  2036/2036/2036 2038/2038/2038 2039/2039/2039
f  2040/2040/2040 2041/2041/2041 2042/2042/2042
f  2041/2041/2041 2040/2040/2040 2043/2043/2043
f  2044/2044/2044 2043/2043/2043 2040/2040/2040
f  2043/2043/2043 2044/2044/2044 2045/2045/2045
f  2046/2046/2046 2047/2047/2047 2048/2048/2048
f  2047/2047/2047 2046/2046/2046 2049/2049/2049
f  2046/2046/2046 2050/2050/2050 2049/2049/2049
f  2050/2050/2050 2046/2046/2046 2051/2051/2051
f  2052/2052/2052 2053/2053/2053 2054/2054/2054
f  2053/2053/2053 2052/2052/2052 2055/2055/2055
f  2052/2052/2052 2056/2056/2056 2055/2055/2055
f  2057/2057/2057 2056/2056/2056 2052/2052/2052
f  2058/2058/2058 2059/2059/2059 2060/2060/2060
f  2059/2059/2059 2058/2058/2058 2061/2061/2061
f  2058/2058/2058 2062/2062/2062 2061/2061/2061
f  2063/2063/2063 2062/2062/2062 2058/2058/2058
f  2064/2064/2064 2065/2065/2065 2066/2066/2066
f  2067/2067/2067 2066/2066/2066 2065/2065/2065
f  2068/2068/2068 2066/2066/2066 2067/2067/2067
f  2066/2066/2066 2068/2068/2068 2069/2069/2069
f  2070/2070/2070 2071/2071/2071 2072/2072/2072
f  2071/2071/2071 2070/2070/2070 2073/2073/2073
f  2074/2074/2074 2073/2073/2073 2070/2070/2070
f  2073/2073/2073 2074/2074/2074 2075/2075/2075
f  2076/2076/2076 2077/2077/2077 2078/2078/2078
f  2077/2077/2077 2076/2076/2076 2079/2079/2079
f  2076/2076/2076 2080/2080/2080 2079/2079/2079
f  2080/2080/2080 2076/2076/2076 2081/2081/2081
f  2082/2082/2082 2083/2083/2083 2084/2084/2084
f  2085/2085/2085 2084/2084/2084 2083/2083/2083
f  2086/2086/2086 2084/2084/2084 2085/2085/2085
f  2084/2084/2084 2086/2086/2086 2087/2087/2087
f  2088/2088/2088 2089/2089/2089 2090/2090/2090
f  2089/2089/2089 2088/2088/2088 2091/2091/2091
f  2092/2092/2092 2091/2091/2091 2088/2088/2088
f  2091/2091/2091 2092/2092/2092 2093/2093/2093
f  2094/2094/2094 2095/2095/2095 2096/2096/2096
f  2095/2095/2095 2094/2094/2094 2097/2097/2097
f  2094/2094/2094 2098/2098/2098 2097/2097/2097
f  2098/2098/2098 2094/2094/2094 2099/2099/2099
f  2100/2100/2100 2101/2101/2101 2102/2102/2102
f  2101/2101/2101 2100/2100/2100 2103/2103/2103
f  2104/2104/2104 2103/2103/2103 2100/2100/2100
f  2103/2103/2103 2104/2104/2104 2105/2105/2105
f  2106/2106/2106 2107/2107/2107 2108/2108/2108
f  2107/2107/2107 2106/2106/2106 2109/2109/2109
f  2110/2110/2110 2109/2109/2109 2106/2106/2106
f  2109/2109/2109 2110/2110/2110 2111/2111/2111
f  2110/2110/2110 2112/2112/2112 2111/2111/2111
f  2110/2110/2110 2113/2113/2113 2112/2112/2112
f  2113/2113/2113 2114/2114/2114 2112/2112/2112
f  2113/2113/2113 2115/2115/2115 2114/2114/2114
f  2115/2115/2115 2116/2116/2116 2114/2114/2114
f  2115/2115/2115 2117/2117/2117 2116/2116/2116
f  2118/2118/2118 2116/2116/2116 2117/2117/2117
f  2119/2119/2119 2118/2118/2118 2117/2117/2117
f  2120/2120/2120 2118/2118/2118 2119/2119/2119
f  2121/2121/2121 2120/2120/2120 2119/2119/2119
f  2120/2120/2120 2121/2121/2121 2122/2122/2122
f  2122/2122/2122 2121/2121/2121 2123/2123/2123
f  2122/2122/2122 2123/2123/2123 2124/2124/2124
f  2124/2124/2124 2123/2123/2123 2125/2125/2125
f  2126/2126/2126 2124/2124/2124 2125/2125/2125
f  2124/2124/2124 2126/2126/2126 2127/2127/2127
f  2128/2128/2128 2129/2129/2129 2130/2130/2130
f  2129/2129/2129 2128/2128/2128 2131/2131/2131
f  2132/2132/2132 2131/2131/2131 2128/2128/2128
f  2131/2131/2131 2132/2132/2132 2133/2133/2133
f  2132/2132/2132 2134/2134/2134 2133/2133/2133
f  2132/2132/2132 2135/2135/2135 2134/2134/2134
f  2135/2135/2135 2136/2136/2136 2134/2134/2134
f  2135/2135/2135 2137/2137/2137 2136/2136/2136
f  2137/2137/2137 2138/2138/2138 2136/2136/2136
f  2137/2137/2137 2139/2139/2139 2138/2138/2138
f  2140/2140/2140 2138/2138/2138 2139/2139/2139
f  2141/2141/2141 2140/2140/2140 2139/2139/2139
f  2142/2142/2142 2140/2140/2140 2141/2141/2141
f  2143/2143/2143 2142/2142/2142 2141/2141/2141
f  2142/2142/2142 2143/2143/2143 2144/2144/2144
f  2144/2144/2144 2143/2143/2143 2145/2145/2145
f  2144/2144/2144 2145/2145/2145 2146/2146/2146
f  2146/2146/2146 2145/2145/2145 2147/2147/2147
f  2148/2148/2148 2146/2146/2146 2147/2147/2147
f  2146/2146/2146 2148/2148/2148 2149/2149/2149
f  2150/2150/2150 2151/2151/2151 2152/2152/2152
f  2151/2151/2151 2150/2150/2150 2153/2153/2153
f  2154/2154/2154 2153/2153/2153 2150/2150/2150
f  2153/2153/2153 2154/2154/2154 2155/2155/2155
f  2154/2154/2154 2156/2156/2156 2155/2155/2155
f  2154/2154/2154 2157/2157/2157 2156/2156/2156
f  2157/2157/2157 2158/2158/2158 2156/2156/2156
f  2157/2157/2157 2159/2159/2159 2158/2158/2158
f  2159/2159/2159 2160/2160/2160 2158/2158/2158
f  2159/2159/2159 2161/2161/2161 2160/2160/2160
f  2162/2162/2162 2160/2160/2160 2161/2161/2161
f  2163/2163/2163 2162/2162/2162 2161/2161/2161
f  2164/2164/2164 2162/2162/2162 2163/2163/2163
f  2165/2165/2165 2164/2164/2164 2163/2163/2163
f  2164/2164/2164 2165/2165/2165 2166/2166/2166
f  2166/2166/2166 2165/2165/2165 2167/2167/2167
f  2166/2166/2166 2167/2167/2167 2168/2168/2168
f  2168/2168/2168 2167/2167/2167 2169/2169/2169
f  2170/2170/2170 2168/2168/2168 2169/2169/2169
f  2168/2168/2168 2170/2170/2170 2171/2171/2171
f  2172/2172/2172 2173/2173/2173 2174/2174/2174
f  2172/2172/2172 2175/2175/2175 2173/2173/2173
f  2175/2175/2175 2176/2176/2176 2173/2173/2173
f  2177/2177/2177 2173/2173/2173 2176/2176/2176
f  2178/2178/2178 2179/2179/2179 2180/2180/2180
f  2179/2179/2179 2178/2178/2178 2181/2181/2181
f  2182/2182/2182 2181/2181/2181 2178/2178/2178
f  2181/2181/2181 2182/2182/2182 2183/2183/2183
f  2184/2184/2184 2185/2185/2185 2186/2186/2186
f  2187/2187/2187 2185/2185/2185 2184/2184/2184
f  2187/2187/2187 2188/2188/2188 2185/2185/2185
f  2189/2189/2189 2185/2185/2185 2188/2188/2188
f  2190/2190/2190 2191/2191/2191 2192/2192/2192
f  2191/2191/2191 2190/2190/2190 2193/2193/2193
f  2193/2193/2193 2194/2194/2194 2191/2191/2191
f  2191/2191/2191 2194/2194/2194 2195/2195/2195
f  2196/2196/2196 2197/2197/2197 2198/2198/2198
f  2197/2197/2197 2199/2199/2199 2198/2198/2198
f  2199/2199/2199 2200/2200/2200 2198/2198/2198
f  2198/2198/2198 2200/2200/2200 2201/2201/2201
f  2202/2202/2202 2203/2203/2203 2204/2204/2204
f  2203/2203/2203 2205/2205/2205 2204/2204/2204
f  2205/2205/2205 2206/2206/2206 2204/2204/2204
f  2204/2204/2204 2206/2206/2206 2207/2207/2207
f  2208/2208/2208 2209/2209/2209 2210/2210/2210
f  2209/2209/2209 2208/2208/2208 2211/2211/2211
f  2212/2212/2212 2209/2209/2209 2211/2211/2211
f  2209/2209/2209 2212/2212/2212 2213/2213/2213
f  2212/2212/2212 2214/2214/2214 2213/2213/2213
f  2214/2214/2214 2215/2215/2215 2213/2213/2213
f  2216/2216/2216 2217/2217/2217 2218/2218/2218
f  2219/2219/2219 2217/2217/2217 2216/2216/2216
f  2220/2220/2220 2219/2219/2219 2216/2216/2216
f  2219/2219/2219 2221/2221/2221 2217/2217/2217
f  2222/2222/2222 2221/2221/2221 2219/2219/2219
f  2223/2223/2223 2222/2222/2222 2219/2219/2219
f  2219/2219/2219 2220/2220/2220 2223/2223/2223
f  2220/2220/2220 2224/2224/2224 2223/2223/2223
f  2222/2222/2222 2225/2225/2225 2221/2221/2221
f  2222/2222/2222 2226/2226/2226 2225/2225/2225
f  2227/2227/2227 2226/2226/2226 2222/2222/2222
f  2223/2223/2223 2227/2227/2227 2222/2222/2222
f  2228/2228/2228 2227/2227/2227 2223/2223/2223
f  2223/2223/2223 2224/2224/2224 2228/2228/2228
f  2224/2224/2224 2229/2229/2229 2228/2228/2228
f  2230/2230/2230 2227/2227/2227 2228/2228/2228
f  2228/2228/2228 2229/2229/2229 2231/2231/2231
f  2231/2231/2231 2230/2230/2230 2228/2228/2228
f  2227/2227/2227 2232/2232/2232 2226/2226/2226
f  2227/2227/2227 2233/2233/2233 2232/2232/2232
f  2233/2233/2233 2227/2227/2227 2230/2230/2230
f  2234/2234/2234 2226/2226/2226 2232/2232/2232
f  2226/2226/2226 2235/2235/2235 2225/2225/2225
f  2226/2226/2226 2234/2234/2234 2235/2235/2235
f  2233/2233/2233 2234/2234/2234 2232/2232/2232
f  2236/2236/2236 2225/2225/2225 2235/2235/2235
f  2230/2230/2230 2237/2237/2237 2233/2233/2233
f  2237/2237/2237 2230/2230/2230 2238/2238/2238
f  2230/2230/2230 2231/2231/2231 2238/2238/2238
f  2234/2234/2234 2233/2233/2233 2239/2239/2239
f  2237/2237/2237 2239/2239/2239 2233/2233/2233
f  2234/2234/2234 2239/2239/2239 2240/2240/2240
f  2235/2235/2235 2234/2234/2234 2241/2241/2241
f  2240/2240/2240 2241/2241/2241 2234/2234/2234
f  2241/2241/2241 2242/2242/2242 2235/2235/2235
f  2236/2236/2236 2235/2235/2235 2242/2242/2242
f  2236/2236/2236 2242/2242/2242 2243/2243/2243
f  2239/2239/2239 2237/2237/2237 2244/2244/2244
f  2239/2239/2239 2244/2244/2244 2245/2245/2245
f  2245/2245/2245 2240/2240/2240 2239/2239/2239
f  2241/2241/2241 2240/2240/2240 2246/2246/2246
f  2240/2240/2240 2247/2247/2247 2246/2246/2246
f  2247/2247/2247 2240/2240/2240 2245/2245/2245
f  2248/2248/2248 2242/2242/2242 2241/2241/2241
f  2241/2241/2241 2246/2246/2246 2248/2248/2248
f  2243/2243/2243 2242/2242/2242 2249/2249/2249
f  2242/2242/2242 2248/2248/2248 2249/2249/2249
f  2243/2243/2243 2249/2249/2249 2250/2250/2250
f  2251/2251/2251 2252/2252/2252 2253/2253/2253
f  2251/2251/2251 2254/2254/2254 2252/2252/2252
f  2251/2251/2251 2255/2255/2255 2254/2254/2254
f  2255/2255/2255 2251/2251/2251 2256/2256/2256
f  2255/2255/2255 2256/2256/2256 2257/2257/2257
f  2257/2257/2257 2256/2256/2256 2258/2258/2258
f  2259/2259/2259 2260/2260/2260 2261/2261/2261
f  2260/2260/2260 2259/2259/2259 2262/2262/2262
f  2263/2263/2263 2264/2264/2264 2265/2265/2265
f  2266/2266/2266 2264/2264/2264 2263/2263/2263
f  2267/2267/2267 2266/2266/2266 2263/2263/2263
f  2263/2263/2263 2268/2268/2268 2267/2267/2267
f  2268/2268/2268 2269/2269/2269 2267/2267/2267
f  2269/2269/2269 2268/2268/2268 2270/2270/2270
f  2271/2271/2271 2270/2270/2270 2268/2268/2268
f  2272/2272/2272 2270/2270/2270 2271/2271/2271
f  2273/2273/2273 2272/2272/2272 2271/2271/2271
f  2273/2273/2273 2271/2271/2271 2274/2274/2274
f  2275/2275/2275 2276/2276/2276 2277/2277/2277
f  2278/2278/2278 2276/2276/2276 2275/2275/2275
f  2279/2279/2279 2280/2280/2280 2281/2281/2281
f  2280/2280/2280 2279/2279/2279 2282/2282/2282
f  2283/2283/2283 2284/2284/2284 2285/2285/2285
f  2284/2284/2284 2286/2286/2286 2285/2285/2285
f  2286/2286/2286 2284/2284/2284 2287/2287/2287
f  2287/2287/2287 2288/2288/2288 2286/2286/2286
f  2289/2289/2289 2286/2286/2286 2288/2288/2288
f  2289/2289/2289 2290/2290/2290 2286/2286/2286
f  2287/2287/2287 2284/2284/2284 2291/2291/2291
f  2289/2289/2289 2292/2292/2292 2290/2290/2290
f  2293/2293/2293 2292/2292/2292 2289/2289/2289
f  2294/2294/2294 2291/2291/2291 2284/2284/2284
f  2284/2284/2284 2295/2295/2295 2294/2294/2294
f  2284/2284/2284 2296/2296/2296 2295/2295/2295
f  2297/2297/2297 2292/2292/2292 2293/2293/2293
f  2298/2298/2298 2295/2295/2295 2296/2296/2296
f  2292/2292/2292 2297/2297/2297 2298/2298/2298
f  2299/2299/2299 2292/2292/2292 2298/2298/2298
f  2292/2292/2292 2299/2299/2299 2300/2300/2300
f  2298/2298/2298 2301/2301/2301 2295/2295/2295
f  2297/2297/2297 2302/2302/2302 2298/2298/2298
f  2302/2302/2302 2301/2301/2301 2298/2298/2298
f  2303/2303/2303 2304/2304/2304 2305/2305/2305
f  2305/2305/2305 2306/2306/2306 2303/2303/2303
f  2307/2307/2307 2308/2308/2308 2309/2309/2309
f  2309/2309/2309 2310/2310/2310 2307/2307/2307
f  2309/2309/2309 2311/2311/2311 2310/2310/2310
f  2311/2311/2311 2309/2309/2309 2312/2312/2312
f  2312/2312/2312 2313/2313/2313 2311/2311/2311
f  2309/2309/2309 2314/2314/2314 2312/2312/2312
f  2313/2313/2313 2312/2312/2312 2315/2315/2315
f  2314/2314/2314 2315/2315/2315 2312/2312/2312
f  2314/2314/2314 2309/2309/2309 2316/2316/2316
f  2315/2315/2315 2314/2314/2314 2317/2317/2317
f  2318/2318/2318 2314/2314/2314 2316/2316/2316
f  2319/2319/2319 2314/2314/2314 2318/2318/2318
f  2319/2319/2319 2317/2317/2317 2314/2314/2314
f  2316/2316/2316 2320/2320/2320 2318/2318/2318
f  2321/2321/2321 2318/2318/2318 2320/2320/2320
f  2322/2322/2322 2318/2318/2318 2321/2321/2321
f  2322/2322/2322 2319/2319/2319 2318/2318/2318
f  2321/2321/2321 2320/2320/2320 2323/2323/2323
f  2321/2321/2321 2324/2324/2324 2322/2322/2322
f  2324/2324/2324 2321/2321/2321 2325/2325/2325
f  2325/2325/2325 2321/2321/2321 2323/2323/2323
f  2323/2323/2323 2326/2326/2326 2325/2325/2325
f  2327/2327/2327 2324/2324/2324 2325/2325/2325
f  2327/2327/2327 2325/2325/2325 2328/2328/2328
f  2326/2326/2326 2328/2328/2328 2325/2325/2325
f  2326/2326/2326 2329/2329/2329 2328/2328/2328
f  2330/2330/2330 2327/2327/2327 2328/2328/2328
f  2329/2329/2329 2330/2330/2330 2328/2328/2328
f  2327/2327/2327 2330/2330/2330 2331/2331/2331
f  2329/2329/2329 2332/2332/2332 2330/2330/2330
f  2333/2333/2333 2334/2334/2334 2335/2335/2335
f  2335/2335/2335 2336/2336/2336 2333/2333/2333
f  2337/2337/2337 2336/2336/2336 2335/2335/2335
f  2336/2336/2336 2337/2337/2337 2338/2338/2338
f  2339/2339/2339 2338/2338/2338 2337/2337/2337
f  2338/2338/2338 2339/2339/2339 2340/2340/2340
f  2341/2341/2341 2342/2342/2342 2343/2343/2343
f  2342/2342/2342 2341/2341/2341 2344/2344/2344
f  2344/2344/2344 2345/2345/2345 2342/2342/2342
f  2341/2341/2341 2346/2346/2346 2344/2344/2344
f  2346/2346/2346 2347/2347/2347 2344/2344/2344
f  2345/2345/2345 2344/2344/2344 2347/2347/2347
f  2341/2341/2341 2348/2348/2348 2346/2346/2346
f  2347/2347/2347 2346/2346/2346 2349/2349/2349
f  2348/2348/2348 2350/2350/2350 2346/2346/2346
f  2351/2351/2351 2346/2346/2346 2350/2350/2350
f  2352/2352/2352 2346/2346/2346 2351/2351/2351
f  2346/2346/2346 2352/2352/2352 2349/2349/2349
f  2350/2350/2350 2353/2353/2353 2351/2351/2351
f  2351/2351/2351 2354/2354/2354 2352/2352/2352
f  2354/2354/2354 2351/2351/2351 2353/2353/2353
f  2353/2353/2353 2350/2350/2350 2355/2355/2355
f  2356/2356/2356 2357/2357/2357 2358/2358/2358
f  2357/2357/2357 2356/2356/2356 2359/2359/2359
f  2359/2359/2359 2360/2360/2360 2357/2357/2357
f  2361/2361/2361 2360/2360/2360 2359/2359/2359
f  2362/2362/2362 2363/2363/2363 2364/2364/2364
f  2364/2364/2364 2365/2365/2365 2362/2362/2362
f  2366/2366/2366 2365/2365/2365 2364/2364/2364
f  2365/2365/2365 2366/2366/2366 2367/2367/2367
f  2368/2368/2368 2369/2369/2369 2370/2370/2370
f  2369/2369/2369 2368/2368/2368 2371/2371/2371
f  2372/2372/2372 2371/2371/2371 2368/2368/2368
f  2371/2371/2371 2373/2373/2373 2369/2369/2369
f  2373/2373/2373 2371/2371/2371 2374/2374/2374
f  2371/2371/2371 2372/2372/2372 2375/2375/2375
f  2376/2376/2376 2371/2371/2371 2375/2375/2375
f  2376/2376/2376 2374/2374/2374 2371/2371/2371
f  2372/2372/2372 2377/2377/2377 2375/2375/2375
f  2377/2377/2377 2376/2376/2376 2375/2375/2375
f  2377/2377/2377 2372/2372/2372 2378/2378/2378
f  2376/2376/2376 2377/2377/2377 2379/2379/2379
f  2378/2378/2378 2380/2380/2380 2377/2377/2377
f  2381/2381/2381 2377/2377/2377 2380/2380/2380
f  2377/2377/2377 2381/2381/2381 2379/2379/2379
f  2380/2380/2380 2378/2378/2378 2382/2382/2382
f  2383/2383/2383 2382/2382/2382 2378/2378/2378
f  2382/2382/2382 2383/2383/2383 2384/2384/2384
f  2385/2385/2385 2386/2386/2386 2387/2387/2387
f  2386/2386/2386 2385/2385/2385 2388/2388/2388
f  2388/2388/2388 2389/2389/2389 2386/2386/2386
f  2385/2385/2385 2390/2390/2390 2388/2388/2388
f  2390/2390/2390 2391/2391/2391 2388/2388/2388
f  2389/2389/2389 2388/2388/2388 2391/2391/2391
f  2385/2385/2385 2392/2392/2392 2390/2390/2390
f  2391/2391/2391 2390/2390/2390 2393/2393/2393
f  2392/2392/2392 2394/2394/2394 2390/2390/2390
f  2395/2395/2395 2390/2390/2390 2394/2394/2394
f  2396/2396/2396 2390/2390/2390 2395/2395/2395
f  2390/2390/2390 2396/2396/2396 2393/2393/2393
f  2394/2394/2394 2397/2397/2397 2395/2395/2395
f  2395/2395/2395 2398/2398/2398 2396/2396/2396
f  2398/2398/2398 2395/2395/2395 2397/2397/2397
f  2397/2397/2397 2394/2394/2394 2399/2399/2399
f  2400/2400/2400 2401/2401/2401 2402/2402/2402
f  2401/2401/2401 2400/2400/2400 2403/2403/2403
f  2403/2403/2403 2404/2404/2404 2401/2401/2401
f  2405/2405/2405 2404/2404/2404 2403/2403/2403
f  2406/2406/2406 2407/2407/2407 2408/2408/2408
f  2407/2407/2407 2406/2406/2406 2409/2409/2409
f  2410/2410/2410 2409/2409/2409 2406/2406/2406
f  2409/2409/2409 2411/2411/2411 2407/2407/2407
f  2411/2411/2411 2409/2409/2409 2412/2412/2412
f  2409/2409/2409 2410/2410/2410 2413/2413/2413
f  2414/2414/2414 2409/2409/2409 2413/2413/2413
f  2414/2414/2414 2412/2412/2412 2409/2409/2409
f  2410/2410/2410 2415/2415/2415 2413/2413/2413
f  2415/2415/2415 2414/2414/2414 2413/2413/2413
f  2415/2415/2415 2410/2410/2410 2416/2416/2416
f  2414/2414/2414 2415/2415/2415 2417/2417/2417
f  2416/2416/2416 2418/2418/2418 2415/2415/2415
f  2419/2419/2419 2415/2415/2415 2418/2418/2418
f  2415/2415/2415 2419/2419/2419 2417/2417/2417
f  2418/2418/2418 2416/2416/2416 2420/2420/2420
f  2421/2421/2421 2422/2422/2422 2423/2423/2423
f  2423/2423/2423 2422/2422/2422 2424/2424/2424
f  2425/2425/2425 2423/2423/2423 2424/2424/2424
f  2423/2423/2423 2425/2425/2425 2426/2426/2426
f  2427/2427/2427 2426/2426/2426 2425/2425/2425
f  2426/2426/2426 2428/2428/2428 2423/2423/2423
f  2426/2426/2426 2427/2427/2427 2429/2429/2429
f  2429/2429/2429 2428/2428/2428 2426/2426/2426
f  2430/2430/2430 2423/2423/2423 2428/2428/2428
f  2428/2428/2428 2429/2429/2429 2431/2431/2431
f  2428/2428/2428 2432/2432/2432 2430/2430/2430
f  2428/2428/2428 2433/2433/2433 2432/2432/2432
f  2433/2433/2433 2428/2428/2428 2431/2431/2431
f  2430/2430/2430 2432/2432/2432 2434/2434/2434
f  2432/2432/2432 2435/2435/2435 2434/2434/2434
f  2432/2432/2432 2436/2436/2436 2435/2435/2435
f  2436/2436/2436 2432/2432/2432 2433/2433/2433
f  2434/2434/2434 2435/2435/2435 2437/2437/2437
f  2438/2438/2438 2435/2435/2435 2436/2436/2436
f  2439/2439/2439 2437/2437/2437 2435/2435/2435
f  2435/2435/2435 2438/2438/2438 2439/2439/2439
f  2437/2437/2437 2439/2439/2439 2440/2440/2440
f  2438/2438/2438 2441/2441/2441 2439/2439/2439
f  2442/2442/2442 2439/2439/2439 2441/2441/2441
f  2439/2439/2439 2442/2442/2442 2440/2440/2440
f  2440/2440/2440 2442/2442/2442 2443/2443/2443
f  2441/2441/2441 2444/2444/2444 2442/2442/2442
f  2444/2444/2444 2443/2443/2443 2442/2442/2442
f  2444/2444/2444 2441/2441/2441 2445/2445/2445
f  2446/2446/2446 2443/2443/2443 2444/2444/2444
f  2447/2447/2447 2448/2448/2448 2449/2449/2449
f  2450/2450/2450 2448/2448/2448 2447/2447/2447
f  2450/2450/2450 2451/2451/2451 2448/2448/2448
f  2452/2452/2452 2451/2451/2451 2450/2450/2450
f  2452/2452/2452 2453/2453/2453 2451/2451/2451
f  2454/2454/2454 2453/2453/2453 2452/2452/2452
f  2455/2455/2455 2456/2456/2456 2457/2457/2457
f  2456/2456/2456 2455/2455/2455 2458/2458/2458
f  2459/2459/2459 2458/2458/2458 2455/2455/2455
f  2458/2458/2458 2460/2460/2460 2456/2456/2456
f  2461/2461/2461 2460/2460/2460 2458/2458/2458
f  2458/2458/2458 2459/2459/2459 2461/2461/2461
f  2462/2462/2462 2456/2456/2456 2460/2460/2460
f  2460/2460/2460 2461/2461/2461 2463/2463/2463
f  2464/2464/2464 2465/2465/2465 2466/2466/2466
f  2466/2466/2466 2465/2465/2465 2467/2467/2467
f  2468/2468/2468 2466/2466/2466 2467/2467/2467
f  2466/2466/2466 2468/2468/2468 2469/2469/2469
f  2470/2470/2470 2471/2471/2471 2472/2472/2472
f  2470/2470/2470 2472/2472/2472 2473/2473/2473
f  2474/2474/2474 2470/2470/2470 2473/2473/2473
f  2470/2470/2470 2474/2474/2474 2475/2475/2475
f  2476/2476/2476 2477/2477/2477 2478/2478/2478
f  2477/2477/2477 2476/2476/2476 2479/2479/2479
f  2479/2479/2479 2480/2480/2480 2477/2477/2477
f  2480/2480/2480 2479/2479/2479 2481/2481/2481
f  2482/2482/2482 2483/2483/2483 2484/2484/2484
f  2485/2485/2485 2483/2483/2483 2482/2482/2482
f  2485/2485/2485 2486/2486/2486 2483/2483/2483
f  2487/2487/2487 2486/2486/2486 2485/2485/2485
f  2488/2488/2488 2486/2486/2486 2487/2487/2487
f  2486/2486/2486 2488/2488/2488 2489/2489/2489
f  2490/2490/2490 2489/2489/2489 2488/2488/2488
f  2489/2489/2489 2490/2490/2490 2491/2491/2491
f  2492/2492/2492 2493/2493/2493 2494/2494/2494
f  2493/2493/2493 2492/2492/2492 2495/2495/2495
f  2493/2493/2493 2495/2495/2495 2496/2496/2496
f  2497/2497/2497 2496/2496/2496 2495/2495/2495
f  2496/2496/2496 2497/2497/2497 2498/2498/2498
f  2499/2499/2499 2498/2498/2498 2497/2497/2497
f  2499/2499/2499 2500/2500/2500 2498/2498/2498
f  2500/2500/2500 2499/2499/2499 2501/2501/2501
f  2502/2502/2502 2503/2503/2503 2504/2504/2504
f  2504/2504/2504 2503/2503/2503 2505/2505/2505
f  2504/2504/2504 2505/2505/2505 2506/2506/2506
f  2506/2506/2506 2505/2505/2505 2507/2507/2507
f  2508/2508/2508 2506/2506/2506 2507/2507/2507
f  2506/2506/2506 2508/2508/2508 2509/2509/2509
f  2510/2510/2510 2509/2509/2509 2508/2508/2508
f  2509/2509/2509 2510/2510/2510 2511/2511/2511
f  2512/2512/2512 2513/2513/2513 2514/2514/2514
f  2515/2515/2515 2514/2514/2514 2513/2513/2513
f  2514/2514/2514 2515/2515/2515 2516/2516/2516
f  2517/2517/2517 2515/2515/2515 2513/2513/2513
f  2517/2517/2517 2513/2513/2513 2518/2518/2518
f  2519/2519/2519 2516/2516/2516 2515/2515/2515
f  2515/2515/2515 2520/2520/2520 2519/2519/2519
f  2520/2520/2520 2515/2515/2515 2517/2517/2517
f  2519/2519/2519 2521/2521/2521 2516/2516/2516
f  2517/2517/2517 2522/2522/2522 2520/2520/2520
f  2522/2522/2522 2517/2517/2517 2523/2523/2523
f  2523/2523/2523 2517/2517/2517 2518/2518/2518
f  2523/2523/2523 2518/2518/2518 2524/2524/2524
f  2525/2525/2525 2522/2522/2522 2523/2523/2523
f  2525/2525/2525 2523/2523/2523 2524/2524/2524
f  2521/2521/2521 2519/2519/2519 2526/2526/2526
f  2527/2527/2527 2519/2519/2519 2520/2520/2520
f  2519/2519/2519 2527/2527/2527 2526/2526/2526
f  2528/2528/2528 2527/2527/2527 2520/2520/2520
f  2528/2528/2528 2520/2520/2520 2522/2522/2522
f  2522/2522/2522 2525/2525/2525 2529/2529/2529
f  2529/2529/2529 2528/2528/2528 2522/2522/2522
f  2525/2525/2525 2524/2524/2524 2530/2530/2530
f  2531/2531/2531 2529/2529/2529 2525/2525/2525
f  2532/2532/2532 2525/2525/2525 2530/2530/2530
f  2525/2525/2525 2532/2532/2532 2531/2531/2531
f  2528/2528/2528 2529/2529/2529 2533/2533/2533
f  2534/2534/2534 2529/2529/2529 2531/2531/2531
f  2535/2535/2535 2533/2533/2533 2529/2529/2529
f  2529/2529/2529 2534/2534/2534 2535/2535/2535
f  2536/2536/2536 2534/2534/2534 2531/2531/2531
f  2531/2531/2531 2537/2537/2537 2536/2536/2536
f  2537/2537/2537 2531/2531/2531 2532/2532/2532
f  2538/2538/2538 2534/2534/2534 2536/2536/2536
f  2539/2539/2539 2535/2535/2535 2534/2534/2534
f  2534/2534/2534 2538/2538/2538 2539/2539/2539
f  2540/2540/2540 2536/2536/2536 2537/2537/2537
f  2536/2536/2536 2541/2541/2541 2538/2538/2538
f  2541/2541/2541 2536/2536/2536 2542/2542/2542
f  2536/2536/2536 2540/2540/2540 2542/2542/2542
f  2538/2538/2538 2541/2541/2541 2543/2543/2543
f  2538/2538/2538 2543/2543/2543 2539/2539/2539
f  2544/2544/2544 2542/2542/2542 2540/2540/2540
f  2542/2542/2542 2545/2545/2545 2541/2541/2541
f  2542/2542/2542 2544/2544/2544 2545/2545/2545
f  2545/2545/2545 2546/2546/2546 2541/2541/2541
f  2541/2541/2541 2547/2547/2547 2543/2543/2543
f  2547/2547/2547 2541/2541/2541 2546/2546/2546
f  2545/2545/2545 2548/2548/2548 2546/2546/2546
f  2549/2549/2549 2545/2545/2545 2544/2544/2544
f  2548/2548/2548 2545/2545/2545 2549/2549/2549
f  2546/2546/2546 2550/2550/2550 2547/2547/2547
f  2550/2550/2550 2546/2546/2546 2548/2548/2548
f  2549/2549/2549 2544/2544/2544 2551/2551/2551
f  2552/2552/2552 2548/2548/2548 2549/2549/2549
f  2553/2553/2553 2549/2549/2549 2551/2551/2551
f  2549/2549/2549 2553/2553/2553 2552/2552/2552
f  2548/2548/2548 2552/2552/2552 2554/2554/2554
f  2555/2555/2555 2548/2548/2548 2554/2554/2554
f  2548/2548/2548 2555/2555/2555 2550/2550/2550
f  2556/2556/2556 2552/2552/2552 2553/2553/2553
f  2552/2552/2552 2557/2557/2557 2554/2554/2554
f  2557/2557/2557 2552/2552/2552 2558/2558/2558
f  2552/2552/2552 2556/2556/2556 2558/2558/2558
f  2554/2554/2554 2557/2557/2557 2559/2559/2559
f  2559/2559/2559 2555/2555/2555 2554/2554/2554
f  2560/2560/2560 2558/2558/2558 2556/2556/2556
f  2561/2561/2561 2557/2557/2557 2558/2558/2558
f  2558/2558/2558 2560/2560/2560 2561/2561/2561
f  2562/2562/2562 2557/2557/2557 2561/2561/2561
f  2563/2563/2563 2559/2559/2559 2557/2557/2557
f  2557/2557/2557 2562/2562/2562 2563/2563/2563
f  2564/2564/2564 2561/2561/2561 2560/2560/2560
f  2561/2561/2561 2565/2565/2565 2562/2562/2562
f  2565/2565/2565 2561/2561/2561 2566/2566/2566
f  2561/2561/2561 2564/2564/2564 2566/2566/2566
f  2562/2562/2562 2565/2565/2565 2567/2567/2567
f  2567/2567/2567 2563/2563/2563 2562/2562/2562
f  2568/2568/2568 2566/2566/2566 2564/2564/2564
f  2566/2566/2566 2569/2569/2569 2565/2565/2565
f  2566/2566/2566 2568/2568/2568 2569/2569/2569
f  2570/2570/2570 2565/2565/2565 2569/2569/2569
f  2565/2565/2565 2571/2571/2571 2567/2567/2567
f  2565/2565/2565 2570/2570/2570 2571/2571/2571
f  2569/2569/2569 2572/2572/2572 2570/2570/2570
f  2572/2572/2572 2569/2569/2569 2568/2568/2568
f  2572/2572/2572 2573/2573/2573 2570/2570/2570
f  2573/2573/2573 2571/2571/2571 2570/2570/2570
f  2568/2568/2568 2574/2574/2574 2572/2572/2572
f  2573/2573/2573 2572/2572/2572 2575/2575/2575
f  2575/2575/2575 2572/2572/2572 2574/2574/2574
f  2571/2571/2571 2573/2573/2573 2576/2576/2576
f  2573/2573/2573 2575/2575/2575 2577/2577/2577
f  2577/2577/2577 2576/2576/2576 2573/2573/2573
f  2574/2574/2574 2578/2578/2578 2575/2575/2575
f  2575/2575/2575 2579/2579/2579 2577/2577/2577
f  2579/2579/2579 2575/2575/2575 2580/2580/2580
f  2580/2580/2580 2575/2575/2575 2578/2578/2578
f  2576/2576/2576 2577/2577/2577 2581/2581/2581
f  2579/2579/2579 2581/2581/2581 2577/2577/2577
f  2580/2580/2580 2578/2578/2578 2582/2582/2582
f  2583/2583/2583 2579/2579/2579 2580/2580/2580
f  2584/2584/2584 2580/2580/2580 2582/2582/2582
f  2580/2580/2580 2584/2584/2584 2583/2583/2583
f  2579/2579/2579 2583/2583/2583 2585/2585/2585
f  2585/2585/2585 2586/2586/2586 2579/2579/2579
f  2581/2581/2581 2579/2579/2579 2586/2586/2586
f  2583/2583/2583 2587/2587/2587 2585/2585/2585
f  2587/2587/2587 2583/2583/2583 2588/2588/2588
f  2584/2584/2584 2588/2588/2588 2583/2583/2583
f  2586/2586/2586 2585/2585/2585 2589/2589/2589
f  2587/2587/2587 2589/2589/2589 2585/2585/2585
f  2588/2588/2588 2584/2584/2584 2590/2590/2590
f  2591/2591/2591 2587/2587/2587 2588/2588/2588
f  2590/2590/2590 2591/2591/2591 2588/2588/2588
f  2592/2592/2592 2587/2587/2587 2591/2591/2591
f  2592/2592/2592 2593/2593/2593 2587/2587/2587
f  2589/2589/2589 2587/2587/2587 2593/2593/2593
f  2591/2591/2591 2590/2590/2590 2594/2594/2594
f  2591/2591/2591 2595/2595/2595 2592/2592/2592
f  2596/2596/2596 2591/2591/2591 2594/2594/2594
f  2595/2595/2595 2591/2591/2591 2596/2596/2596
f  2593/2593/2593 2592/2592/2592 2597/2597/2597
f  2595/2595/2595 2597/2597/2597 2592/2592/2592
f  2594/2594/2594 2598/2598/2598 2596/2596/2596
f  2596/2596/2596 2599/2599/2599 2595/2595/2595
f  2599/2599/2599 2596/2596/2596 2598/2598/2598
f  2595/2595/2595 2599/2599/2599 2600/2600/2600
f  2600/2600/2600 2601/2601/2601 2595/2595/2595
f  2597/2597/2597 2595/2595/2595 2601/2601/2601
f  2598/2598/2598 2602/2602/2602 2599/2599/2599
f  2599/2599/2599 2603/2603/2603 2600/2600/2600
f  2603/2603/2603 2599/2599/2599 2604/2604/2604
f  2604/2604/2604 2599/2599/2599 2602/2602/2602
f  2601/2601/2601 2600/2600/2600 2605/2605/2605
f  2606/2606/2606 2600/2600/2600 2603/2603/2603
f  2600/2600/2600 2606/2606/2606 2605/2605/2605
f  2604/2604/2604 2602/2602/2602 2607/2607/2607
f  2608/2608/2608 2603/2603/2603 2604/2604/2604
f  2603/2603/2603 2608/2608/2608 2609/2609/2609
f  2609/2609/2609 2606/2606/2606 2603/2603/2603
f  2604/2604/2604 2610/2610/2610 2608/2608/2608
f  2610/2610/2610 2604/2604/2604 2607/2607/2607
f  2606/2606/2606 2609/2609/2609 2611/2611/2611
f  2608/2608/2608 2612/2612/2612 2609/2609/2609
f  2612/2612/2612 2608/2608/2608 2613/2613/2613
f  2613/2613/2613 2608/2608/2608 2610/2610/2610
f  2609/2609/2609 2612/2612/2612 2614/2614/2614
f  2614/2614/2614 2611/2611/2611 2609/2609/2609
f  2613/2613/2613 2610/2610/2610 2615/2615/2615
f  2616/2616/2616 2612/2612/2612 2613/2613/2613
f  2617/2617/2617 2612/2612/2612 2616/2616/2616
f  2617/2617/2617 2614/2614/2614 2612/2612/2612
f  2618/2618/2618 2613/2613/2613 2615/2615/2615
f  2613/2613/2613 2618/2618/2618 2616/2616/2616
f  2614/2614/2614 2617/2617/2617 2619/2619/2619
f  2616/2616/2616 2620/2620/2620 2617/2617/2617
f  2617/2617/2617 2621/2621/2621 2619/2619/2619
f  2621/2621/2621 2617/2617/2617 2620/2620/2620
f  2620/2620/2620 2616/2616/2616 2622/2622/2622
f  2623/2623/2623 2616/2616/2616 2618/2618/2618
f  2616/2616/2616 2623/2623/2623 2622/2622/2622
f  2620/2620/2620 2624/2624/2624 2621/2621/2621
f  2620/2620/2620 2622/2622/2622 2625/2625/2625
f  2620/2620/2620 2625/2625/2625 2626/2626/2626
f  2624/2624/2624 2620/2620/2620 2626/2626/2626
f  2622/2622/2622 2627/2627/2627 2625/2625/2625
f  2627/2627/2627 2622/2622/2622 2623/2623/2623
f  2628/2628/2628 2624/2624/2624 2626/2626/2626
f  2625/2625/2625 2629/2629/2629 2626/2626/2626
f  2628/2628/2628 2626/2626/2626 2629/2629/2629
f  2629/2629/2629 2625/2625/2625 2630/2630/2630
f  2631/2631/2631 2625/2625/2625 2627/2627/2627
f  2625/2625/2625 2631/2631/2631 2630/2630/2630
f  2632/2632/2632 2628/2628/2628 2629/2629/2629
f  2633/2633/2633 2629/2629/2629 2630/2630/2630
f  2634/2634/2634 2629/2629/2629 2633/2633/2633
f  2629/2629/2629 2634/2634/2634 2632/2632/2632
f  2630/2630/2630 2635/2635/2635 2633/2633/2633
f  2635/2635/2635 2630/2630/2630 2631/2631/2631
f  2636/2636/2636 2632/2632/2632 2634/2634/2634
f  2633/2633/2633 2637/2637/2637 2634/2634/2634
f  2634/2634/2634 2637/2637/2637 2636/2636/2636
f  2637/2637/2637 2633/2633/2633 2638/2638/2638
f  2633/2633/2633 2639/2639/2639 2638/2638/2638
f  2639/2639/2639 2633/2633/2633 2635/2635/2635
f  2637/2637/2637 2640/2640/2640 2636/2636/2636
f  2638/2638/2638 2641/2641/2641 2637/2637/2637
f  2642/2642/2642 2637/2637/2637 2641/2641/2641
f  2637/2637/2637 2642/2642/2642 2640/2640/2640
f  2643/2643/2643 2638/2638/2638 2639/2639/2639
f  2638/2638/2638 2643/2643/2643 2641/2641/2641
f  2642/2642/2642 2644/2644/2644 2640/2640/2640
f  2641/2641/2641 2645/2645/2645 2642/2642/2642
f  2644/2644/2644 2642/2642/2642 2645/2645/2645
f  2645/2645/2645 2641/2641/2641 2646/2646/2646
f  2647/2647/2647 2641/2641/2641 2643/2643/2643
f  2641/2641/2641 2647/2647/2647 2646/2646/2646
f  2648/2648/2648 2645/2645/2645 2646/2646/2646
f  2645/2645/2645 2648/2648/2648 2649/2649/2649
f  2649/2649/2649 2644/2644/2644 2645/2645/2645
f  2646/2646/2646 2650/2650/2650 2648/2648/2648
f  2650/2650/2650 2646/2646/2646 2647/2647/2647
f  2651/2651/2651 2649/2649/2649 2648/2648/2648
f  2651/2651/2651 2648/2648/2648 2650/2650/2650
f  2644/2644/2644 2649/2649/2649 2652/2652/2652
f  2653/2653/2653 2649/2649/2649 2651/2651/2651
f  2653/2653/2653 2652/2652/2652 2649/2649/2649
f  2651/2651/2651 2650/2650/2650 2654/2654/2654
f  2655/2655/2655 2653/2653/2653 2651/2651/2651
f  2654/2654/2654 2655/2655/2655 2651/2651/2651
f  2652/2652/2652 2653/2653/2653 2656/2656/2656
f  2657/2657/2657 2653/2653/2653 2655/2655/2655
f  2657/2657/2657 2656/2656/2656 2653/2653/2653
f  2655/2655/2655 2654/2654/2654 2658/2658/2658
f  2655/2655/2655 2659/2659/2659 2657/2657/2657
f  2660/2660/2660 2655/2655/2655 2658/2658/2658
f  2659/2659/2659 2655/2655/2655 2660/2660/2660
f  2656/2656/2656 2657/2657/2657 2661/2661/2661
f  2659/2659/2659 2661/2661/2661 2657/2657/2657
f  2662/2662/2662 2462/2462/2462 2460/2460/2460
f  2662/2662/2662 2460/2460/2460 2663/2663/2663
f  2664/2664/2664 2460/2460/2460 2463/2463/2463
f  2460/2460/2460 2664/2664/2664 2663/2663/2663
f  2665/2665/2665 2662/2662/2662 2663/2663/2663
f  2663/2663/2663 2666/2666/2666 2665/2665/2665
f  2666/2666/2666 2663/2663/2663 2664/2664/2664
f  2662/2662/2662 2665/2665/2665 2667/2667/2667
f  2668/2668/2668 2669/2669/2669 2670/2670/2670
f  2670/2670/2670 2671/2671/2671 2668/2668/2668
f  2672/2672/2672 2671/2671/2671 2670/2670/2670
f  2671/2671/2671 2672/2672/2672 2673/2673/2673
f  2674/2674/2674 2675/2675/2675 2676/2676/2676
f  2677/2677/2677 2675/2675/2675 2674/2674/2674
f  2677/2677/2677 2678/2678/2678 2675/2675/2675
f  2679/2679/2679 2678/2678/2678 2677/2677/2677
f  2680/2680/2680 2681/2681/2681 2682/2682/2682
f  2681/2681/2681 2680/2680/2680 2683/2683/2683
f  2684/2684/2684 2683/2683/2683 2680/2680/2680
f  2683/2683/2683 2685/2685/2685 2681/2681/2681
f  2683/2683/2683 2684/2684/2684 2686/2686/2686
f  2685/2685/2685 2683/2683/2683 2687/2687/2687
f  2683/2683/2683 2688/2688/2688 2687/2687/2687
f  2688/2688/2688 2683/2683/2683 2686/2686/2686
f  2689/2689/2689 2685/2685/2685 2687/2687/2687
f  2688/2688/2688 2689/2689/2689 2687/2687/2687
f  2685/2685/2685 2689/2689/2689 2690/2690/2690
f  2688/2688/2688 2691/2691/2691 2689/2689/2689
f  2692/2692/2692 2690/2690/2690 2689/2689/2689
f  2693/2693/2693 2689/2689/2689 2691/2691/2691
f  2689/2689/2689 2693/2693/2693 2692/2692/2692
f  2690/2690/2690 2692/2692/2692 2694/2694/2694
f  2694/2694/2694 2695/2695/2695 2690/2690/2690
f  2695/2695/2695 2694/2694/2694 2696/2696/2696
f  2697/2697/2697 2698/2698/2698 2699/2699/2699
f  2698/2698/2698 2697/2697/2697 2700/2700/2700
f  2701/2701/2701 2700/2700/2700 2697/2697/2697
f  2700/2700/2700 2702/2702/2702 2698/2698/2698
f  2703/2703/2703 2702/2702/2702 2700/2700/2700
f  2700/2700/2700 2701/2701/2701 2703/2703/2703
f  2704/2704/2704 2698/2698/2698 2702/2702/2702
f  2702/2702/2702 2703/2703/2703 2705/2705/2705
f  2706/2706/2706 2704/2704/2704 2702/2702/2702
f  2706/2706/2706 2702/2702/2702 2707/2707/2707
f  2708/2708/2708 2702/2702/2702 2705/2705/2705
f  2702/2702/2702 2708/2708/2708 2707/2707/2707
f  2709/2709/2709 2706/2706/2706 2707/2707/2707
f  2707/2707/2707 2710/2710/2710 2709/2709/2709
f  2710/2710/2710 2707/2707/2707 2708/2708/2708
f  2706/2706/2706 2709/2709/2709 2711/2711/2711
f  2712/2712/2712 2713/2713/2713 2714/2714/2714
f  2714/2714/2714 2715/2715/2715 2712/2712/2712
f  2716/2716/2716 2715/2715/2715 2714/2714/2714
f  2715/2715/2715 2716/2716/2716 2717/2717/2717
f  2718/2718/2718 2719/2719/2719 2720/2720/2720
f  2719/2719/2719 2718/2718/2718 2721/2721/2721
f  2722/2722/2722 2721/2721/2721 2718/2718/2718
f  2721/2721/2721 2723/2723/2723 2719/2719/2719
f  2721/2721/2721 2722/2722/2722 2724/2724/2724
f  2723/2723/2723 2721/2721/2721 2725/2725/2725
f  2721/2721/2721 2726/2726/2726 2725/2725/2725
f  2726/2726/2726 2721/2721/2721 2724/2724/2724
f  2727/2727/2727 2723/2723/2723 2725/2725/2725
f  2726/2726/2726 2727/2727/2727 2725/2725/2725
f  2723/2723/2723 2727/2727/2727 2728/2728/2728
f  2726/2726/2726 2729/2729/2729 2727/2727/2727
f  2730/2730/2730 2728/2728/2728 2727/2727/2727
f  2731/2731/2731 2727/2727/2727 2729/2729/2729
f  2727/2727/2727 2731/2731/2731 2730/2730/2730
f  2728/2728/2728 2730/2730/2730 2732/2732/2732
f  2733/2733/2733 2734/2734/2734 2735/2735/2735
f  2735/2735/2735 2736/2736/2736 2733/2733/2733
f  2737/2737/2737 2736/2736/2736 2735/2735/2735
f  2736/2736/2736 2737/2737/2737 2738/2738/2738
f  2739/2739/2739 2740/2740/2740 2741/2741/2741
f  2742/2742/2742 2740/2740/2740 2739/2739/2739
f  2742/2742/2742 2743/2743/2743 2740/2740/2740
f  2744/2744/2744 2743/2743/2743 2742/2742/2742
f  2745/2745/2745 2746/2746/2746 2747/2747/2747
f  2746/2746/2746 2745/2745/2745 2748/2748/2748
f  2749/2749/2749 2748/2748/2748 2745/2745/2745
f  2748/2748/2748 2750/2750/2750 2746/2746/2746
f  2750/2750/2750 2748/2748/2748 2751/2751/2751
f  2748/2748/2748 2749/2749/2749 2752/2752/2752
f  2753/2753/2753 2748/2748/2748 2752/2752/2752
f  2753/2753/2753 2751/2751/2751 2748/2748/2748
f  2749/2749/2749 2754/2754/2754 2752/2752/2752
f  2754/2754/2754 2753/2753/2753 2752/2752/2752
f  2754/2754/2754 2749/2749/2749 2755/2755/2755
f  2753/2753/2753 2754/2754/2754 2756/2756/2756
f  2755/2755/2755 2757/2757/2757 2754/2754/2754
f  2758/2758/2758 2754/2754/2754 2757/2757/2757
f  2754/2754/2754 2758/2758/2758 2756/2756/2756
f  2757/2757/2757 2755/2755/2755 2759/2759/2759
f  2760/2760/2760 2761/2761/2761 2762/2762/2762
f  2760/2760/2760 2763/2763/2763 2761/2761/2761
f  2763/2763/2763 2764/2764/2764 2761/2761/2761
f  2765/2765/2765 2764/2764/2764 2763/2763/2763
f  2764/2764/2764 2765/2765/2765 2766/2766/2766
f  2766/2766/2766 2767/2767/2767 2764/2764/2764
f  2766/2766/2766 2768/2768/2768 2767/2767/2767
f  2766/2766/2766 2769/2769/2769 2768/2768/2768
f  2770/2770/2770 2768/2768/2768 2769/2769/2769
f  2768/2768/2768 2770/2770/2770 2771/2771/2771
f  2772/2772/2772 2771/2771/2771 2770/2770/2770
f  2771/2771/2771 2772/2772/2772 2773/2773/2773
f  2772/2772/2772 2774/2774/2774 2773/2773/2773
f  2774/2774/2774 2772/2772/2772 2775/2775/2775
f  2775/2775/2775 2776/2776/2776 2774/2774/2774
f  2777/2777/2777 2776/2776/2776 2775/2775/2775
f  2778/2778/2778 2779/2779/2779 2780/2780/2780
f  2779/2779/2779 2778/2778/2778 2781/2781/2781
f  2781/2781/2781 2778/2778/2778 2782/2782/2782
f  2782/2782/2782 2778/2778/2778 2783/2783/2783
f  2782/2782/2782 2783/2783/2783 2784/2784/2784
f  2784/2784/2784 2783/2783/2783 2785/2785/2785
f  2786/2786/2786 2784/2784/2784 2785/2785/2785
f  2784/2784/2784 2786/2786/2786 2787/2787/2787
f  2787/2787/2787 2786/2786/2786 2788/2788/2788
f  2788/2788/2788 2786/2786/2786 2789/2789/2789
f  2788/2788/2788 2789/2789/2789 2790/2790/2790
f  2790/2790/2790 2789/2789/2789 2791/2791/2791
f  2791/2791/2791 2792/2792/2792 2790/2790/2790
f  2792/2792/2792 2791/2791/2791 2793/2793/2793
f  2794/2794/2794 2792/2792/2792 2793/2793/2793
f  2792/2792/2792 2794/2794/2794 2795/2795/2795
f  2796/2796/2796 2797/2797/2797 2798/2798/2798
f  2799/2799/2799 2797/2797/2797 2796/2796/2796
f  2800/2800/2800 2797/2797/2797 2799/2799/2799
f  2801/2801/2801 2797/2797/2797 2800/2800/2800
f  2797/2797/2797 2801/2801/2801 2802/2802/2802
f  2802/2802/2802 2801/2801/2801 2803/2803/2803
f  2803/2803/2803 2801/2801/2801 2804/2804/2804
f  2805/2805/2805 2803/2803/2803 2804/2804/2804
f  2803/2803/2803 2805/2805/2805 2806/2806/2806
f  2806/2806/2806 2805/2805/2805 2807/2807/2807
f  2807/2807/2807 2805/2805/2805 2808/2808/2808
f  2807/2807/2807 2808/2808/2808 2809/2809/2809
f  2807/2807/2807 2809/2809/2809 2810/2810/2810
f  2807/2807/2807 2810/2810/2810 2811/2811/2811
f  2812/2812/2812 2813/2813/2813 2814/2814/2814
f  2812/2812/2812 2815/2815/2815 2813/2813/2813
f  2816/2816/2816 2817/2817/2817 2818/2818/2818
f  2819/2819/2819 2816/2816/2816 2818/2818/2818
f  2820/2820/2820 2821/2821/2821 2822/2822/2822
f  2820/2820/2820 2823/2823/2823 2821/2821/2821
f  2824/2824/2824 2825/2825/2825 2826/2826/2826
f  2824/2824/2824 2826/2826/2826 2827/2827/2827
f  2828/2828/2828 2829/2829/2829 2830/2830/2830
f  2829/2829/2829 2828/2828/2828 2831/2831/2831
f  2832/2832/2832 2833/2833/2833 2834/2834/2834
f  2833/2833/2833 2832/2832/2832 2835/2835/2835
f  2836/2836/2836 2837/2837/2837 2838/2838/2838
f  2837/2837/2837 2836/2836/2836 2839/2839/2839
f  2840/2840/2840 2841/2841/2841 2842/2842/2842
f  2841/2841/2841 2840/2840/2840 2843/2843/2843
f  2844/2844/2844 2845/2845/2845 2846/2846/2846
f  2846/2846/2846 2845/2845/2845 2847/2847/2847
f  2848/2848/2848 2849/2849/2849 2850/2850/2850
f  2849/2849/2849 2848/2848/2848 2851/2851/2851
f  2852/2852/2852 2853/2853/2853 2854/2854/2854
f  2853/2853/2853 2852/2852/2852 2855/2855/2855
f  2856/2856/2856 2857/2857/2857 2858/2858/2858
f  2859/2859/2859 2857/2857/2857 2856/2856/2856
f  2860/2860/2860 2859/2859/2859 2856/2856/2856
f  2861/2861/2861 2857/2857/2857 2859/2859/2859
f  2857/2857/2857 2861/2861/2861 2862/2862/2862
f  2859/2859/2859 2863/2863/2863 2861/2861/2861
f  2863/2863/2863 2859/2859/2859 2864/2864/2864
f  2864/2864/2864 2859/2859/2859 2860/2860/2860
f  2864/2864/2864 2865/2865/2865 2863/2863/2863
f  2860/2860/2860 2865/2865/2865 2864/2864/2864
f  2865/2865/2865 2860/2860/2860 2866/2866/2866
f  2867/2867/2867 2861/2861/2861 2863/2863/2863
f  2861/2861/2861 2867/2867/2867 2868/2868/2868
f  2868/2868/2868 2862/2862/2862 2861/2861/2861
f  2865/2865/2865 2869/2869/2869 2863/2863/2863
f  2863/2863/2863 2869/2869/2869 2867/2867/2867
f  2862/2862/2862 2868/2868/2868 2870/2870/2870
f  2867/2867/2867 2871/2871/2871 2868/2868/2868
f  2871/2871/2871 2870/2870/2870 2868/2868/2868
f  2865/2865/2865 2872/2872/2872 2869/2869/2869
f  2872/2872/2872 2865/2865/2865 2873/2873/2873
f  2866/2866/2866 2873/2873/2873 2865/2865/2865
f  2869/2869/2869 2872/2872/2872 2874/2874/2874
f  2874/2874/2874 2867/2867/2867 2869/2869/2869
f  2873/2873/2873 2866/2866/2866 2875/2875/2875
f  2876/2876/2876 2867/2867/2867 2874/2874/2874
f  2867/2867/2867 2876/2876/2876 2877/2877/2877
f  2871/2871/2871 2867/2867/2867 2877/2877/2877
f  2878/2878/2878 2876/2876/2876 2874/2874/2874
f  2872/2872/2872 2878/2878/2878 2874/2874/2874
f  2879/2879/2879 2878/2878/2878 2872/2872/2872
f  2873/2873/2873 2879/2879/2879 2872/2872/2872
f  2873/2873/2873 2880/2880/2880 2879/2879/2879
f  2880/2880/2880 2873/2873/2873 2875/2875/2875
f  2870/2870/2870 2871/2871/2871 2881/2881/2881
f  2875/2875/2875 2882/2882/2882 2880/2880/2880
f  2880/2880/2880 2883/2883/2883 2879/2879/2879
f  2882/2882/2882 2883/2883/2883 2880/2880/2880
f  2876/2876/2876 2878/2878/2878 2884/2884/2884
f  2878/2878/2878 2879/2879/2879 2885/2885/2885
f  2885/2885/2885 2884/2884/2884 2878/2878/2878
f  2886/2886/2886 2879/2879/2879 2883/2883/2883
f  2886/2886/2886 2885/2885/2885 2879/2879/2879
f  2883/2883/2883 2882/2882/2882 2887/2887/2887
f  2883/2883/2883 2888/2888/2888 2886/2886/2886
f  2889/2889/2889 2883/2883/2883 2887/2887/2887
f  2883/2883/2883 2889/2889/2889 2888/2888/2888
f  2884/2884/2884 2885/2885/2885 2890/2890/2890
f  2885/2885/2885 2891/2891/2891 2890/2890/2890
f  2891/2891/2891 2885/2885/2885 2892/2892/2892
f  2885/2885/2885 2886/2886/2886 2892/2892/2892
f  2893/2893/2893 2886/2886/2886 2888/2888/2888
f  2886/2886/2886 2894/2894/2894 2892/2892/2892
f  2894/2894/2894 2886/2886/2886 2893/2893/2893
f  2892/2892/2892 2895/2895/2895 2891/2891/2891
f  2895/2895/2895 2892/2892/2892 2894/2894/2894
f  2888/2888/2888 2896/2896/2896 2893/2893/2893
f  2888/2888/2888 2897/2897/2897 2896/2896/2896
f  2889/2889/2889 2897/2897/2897 2888/2888/2888
f  2898/2898/2898 2893/2893/2893 2896/2896/2896
f  2893/2893/2893 2899/2899/2899 2894/2894/2894
f  2899/2899/2899 2893/2893/2893 2898/2898/2898
f  2894/2894/2894 2900/2900/2900 2895/2895/2895
f  2900/2900/2900 2894/2894/2894 2899/2899/2899
f  2896/2896/2896 2901/2901/2901 2898/2898/2898
f  2896/2896/2896 2902/2902/2902 2901/2901/2901
f  2897/2897/2897 2902/2902/2902 2896/2896/2896
f  2901/2901/2901 2903/2903/2903 2898/2898/2898
f  2898/2898/2898 2904/2904/2904 2899/2899/2899
f  2904/2904/2904 2898/2898/2898 2903/2903/2903
f  2899/2899/2899 2905/2905/2905 2900/2900/2900
f  2905/2905/2905 2899/2899/2899 2904/2904/2904
f  2901/2901/2901 2906/2906/2906 2903/2903/2903
f  2902/2902/2902 2907/2907/2907 2901/2901/2901
f  2906/2906/2906 2901/2901/2901 2907/2907/2907
f  2908/2908/2908 2903/2903/2903 2906/2906/2906
f  2903/2903/2903 2909/2909/2909 2904/2904/2904
f  2909/2909/2909 2903/2903/2903 2908/2908/2908
f  2904/2904/2904 2910/2910/2910 2905/2905/2905
f  2910/2910/2910 2904/2904/2904 2909/2909/2909
f  2906/2906/2906 2911/2911/2911 2908/2908/2908
f  2907/2907/2907 2912/2912/2912 2906/2906/2906
f  2911/2911/2911 2906/2906/2906 2912/2912/2912
f  2913/2913/2913 2908/2908/2908 2911/2911/2911
f  2908/2908/2908 2914/2914/2914 2909/2909/2909
f  2914/2914/2914 2908/2908/2908 2913/2913/2913
f  2915/2915/2915 2909/2909/2909 2914/2914/2914
f  2909/2909/2909 2915/2915/2915 2910/2910/2910
f  2916/2916/2916 2917/2917/2917 2918/2918/2918
f  2919/2919/2919 2917/2917/2917 2916/2916/2916
f  2920/2920/2920 2917/2917/2917 2919/2919/2919
f  2917/2917/2917 2920/2920/2920 2921/2921/2921
f  2922/2922/2922 2921/2921/2921 2920/2920/2920
f  2921/2921/2921 2922/2922/2922 2923/2923/2923
f  2658/2658/2658 2924/2924/2924 2660/2660/2660
f  2659/2659/2659 2660/2660/2660 2925/2925/2925
f  2925/2925/2925 2660/2660/2660 2924/2924/2924
f  2659/2659/2659 2925/2925/2925 2926/2926/2926
f  2926/2926/2926 2927/2927/2927 2659/2659/2659
f  2661/2661/2661 2659/2659/2659 2927/2927/2927
f  2924/2924/2924 2928/2928/2928 2925/2925/2925
f  2929/2929/2929 2926/2926/2926 2925/2925/2925
f  2929/2929/2929 2925/2925/2925 2928/2928/2928
f  2926/2926/2926 2929/2929/2929 2930/2930/2930
f  2930/2930/2930 2931/2931/2931 2926/2926/2926
f  2927/2927/2927 2926/2926/2926 2931/2931/2931
f  2929/2929/2929 2928/2928/2928 2932/2932/2932
f  2933/2933/2933 2930/2930/2930 2929/2929/2929
f  2934/2934/2934 2929/2929/2929 2932/2932/2932
f  2929/2929/2929 2934/2934/2934 2933/2933/2933
f  2930/2930/2930 2933/2933/2933 2935/2935/2935
f  2935/2935/2935 2936/2936/2936 2930/2930/2930
f  2931/2931/2931 2930/2930/2930 2936/2936/2936
f  2933/2933/2933 2937/2937/2937 2935/2935/2935
f  2937/2937/2937 2933/2933/2933 2938/2938/2938
f  2934/2934/2934 2938/2938/2938 2933/2933/2933
f  2938/2938/2938 2934/2934/2934 2939/2939/2939
f  2936/2936/2936 2935/2935/2935 2940/2940/2940
f  2941/2941/2941 2940/2940/2940 2935/2935/2935
f  2935/2935/2935 2937/2937/2937 2941/2941/2941
f  2938/2938/2938 2942/2942/2942 2937/2937/2937
f  2938/2938/2938 2943/2943/2943 2942/2942/2942
f  2943/2943/2943 2938/2938/2938 2939/2939/2939
f  2942/2942/2942 2944/2944/2944 2937/2937/2937
f  2937/2937/2937 2945/2945/2945 2941/2941/2941
f  2937/2937/2937 2944/2944/2944 2945/2945/2945
f  2946/2946/2946 2942/2942/2942 2943/2943/2943
f  2942/2942/2942 2947/2947/2947 2944/2944/2944
f  2942/2942/2942 2946/2946/2946 2948/2948/2948
f  2947/2947/2947 2942/2942/2942 2948/2948/2948
f  2944/2944/2944 2949/2949/2949 2945/2945/2945
f  2949/2949/2949 2944/2944/2944 2947/2947/2947
f  2950/2950/2950 2948/2948/2948 2946/2946/2946
f  2951/2951/2951 2947/2947/2947 2948/2948/2948
f  2948/2948/2948 2950/2950/2950 2951/2951/2951
f  2947/2947/2947 2951/2951/2951 2952/2952/2952
f  2953/2953/2953 2947/2947/2947 2952/2952/2952
f  2947/2947/2947 2953/2953/2953 2949/2949/2949
f  2951/2951/2951 2954/2954/2954 2952/2952/2952
f  2954/2954/2954 2951/2951/2951 2955/2955/2955
f  2950/2950/2950 2955/2955/2955 2951/2951/2951
f  2952/2952/2952 2954/2954/2954 2956/2956/2956
f  2956/2956/2956 2953/2953/2953 2952/2952/2952
f  2955/2955/2955 2950/2950/2950 2957/2957/2957
f  2958/2958/2958 2954/2954/2954 2955/2955/2955
f  2958/2958/2958 2959/2959/2959 2954/2954/2954
f  2959/2959/2959 2956/2956/2956 2954/2954/2954
f  2960/2960/2960 2955/2955/2955 2957/2957/2957
f  2955/2955/2955 2960/2960/2960 2958/2958/2958
f  2956/2956/2956 2959/2959/2959 2961/2961/2961
f  2958/2958/2958 2962/2962/2962 2959/2959/2959
f  2963/2963/2963 2958/2958/2958 2960/2960/2960
f  2962/2962/2962 2958/2958/2958 2963/2963/2963
f  2959/2959/2959 2964/2964/2964 2961/2961/2961
f  2964/2964/2964 2959/2959/2959 2962/2962/2962
f  2960/2960/2960 2965/2965/2965 2963/2963/2963
f  2963/2963/2963 2966/2966/2966 2962/2962/2962
f  2967/2967/2967 2962/2962/2962 2966/2966/2966
f  2962/2962/2962 2967/2967/2967 2964/2964/2964
f  2966/2966/2966 2963/2963/2963 2968/2968/2968
f  2968/2968/2968 2963/2963/2963 2965/2965/2965
f  2968/2968/2968 2965/2965/2965 2969/2969/2969
f  2968/2968/2968 2970/2970/2970 2966/2966/2966
f  2971/2971/2971 2966/2966/2966 2970/2970/2970
f  2971/2971/2971 2967/2967/2967 2966/2966/2966
f  2970/2970/2970 2968/2968/2968 2972/2972/2972
f  2973/2973/2973 2968/2968/2968 2969/2969/2969
f  2968/2968/2968 2973/2973/2973 2972/2972/2972
f  2974/2974/2974 2971/2971/2971 2970/2970/2970
f  2970/2970/2970 2975/2975/2975 2974/2974/2974
f  2972/2972/2972 2975/2975/2975 2970/2970/2970
f  2973/2973/2973 2976/2976/2976 2972/2972/2972
f  2975/2975/2975 2972/2972/2972 2976/2976/2976
f  2976/2976/2976 2974/2974/2974 2975/2975/2975
f  2974/2974/2974 2976/2976/2976 2977/2977/2977
f  2976/2976/2976 2973/2973/2973 2977/2977/2977
f  2978/2978/2978 2979/2979/2979 2980/2980/2980
f  2979/2979/2979 2981/2981/2981 2980/2980/2980
f  2981/2981/2981 2979/2979/2979 2982/2982/2982
f  2983/2983/2983 2981/2981/2981 2982/2982/2982
f  2981/2981/2981 2983/2983/2983 2984/2984/2984
f  2983/2983/2983 2985/2985/2985 2984/2984/2984
f  2985/2985/2985 2983/2983/2983 2986/2986/2986
f  2985/2985/2985 2986/2986/2986 2987/2987/2987
f  2985/2985/2985 2987/2987/2987 2988/2988/2988
f  2988/2988/2988 2987/2987/2987 2989/2989/2989
f  2990/2990/2990 2991/2991/2991 2992/2992/2992
f  2991/2991/2991 2990/2990/2990 2993/2993/2993
f  2993/2993/2993 2990/2990/2990 2994/2994/2994
f  2995/2995/2995 2993/2993/2993 2994/2994/2994
f  2995/2995/2995 2994/2994/2994 2996/2996/2996
f  2997/2997/2997 2995/2995/2995 2996/2996/2996
f  2996/2996/2996 2998/2998/2998 2997/2997/2997
f  2998/2998/2998 2996/2996/2996 2999/2999/2999
f  2999/2999/2999 3000/3000/3000 2998/2998/2998
f  3000/3000/3000 2999/2999/2999 3001/3001/3001
f  3002/3002/3002 3000/3000/3000 3001/3001/3001
f  3000/3000/3000 3002/3002/3002 3003/3003/3003
f  3002/3002/3002 3004/3004/3004 3003/3003/3003
f  3004/3004/3004 3002/3002/3002 3005/3005/3005
f  3005/3005/3005 3006/3006/3006 3004/3004/3004
f  3007/3007/3007 3004/3004/3004 3006/3006/3006
f  3007/3007/3007 3006/3006/3006 3008/3008/3008
f  3009/3009/3009 3007/3007/3007 3008/3008/3008
f  3009/3009/3009 3008/3008/3008 3010/3010/3010
f  3011/3011/3011 3009/3009/3009 3010/3010/3010
f  3012/3012/3012 3013/3013/3013 3014/3014/3014
f  3013/3013/3013 3012/3012/3012 3015/3015/3015
f  3015/3015/3015 3016/3016/3016 3013/3013/3013
f  3016/3016/3016 3015/3015/3015 3017/3017/3017
f  3017/3017/3017 3018/3018/3018 3016/3016/3016
f  3018/3018/3018 3017/3017/3017 3019/3019/3019
f  3018/3018/3018 3019/3019/3019 3020/3020/3020
f  3018/3018/3018 3020/3020/3020 3021/3021/3021
f  3020/3020/3020 3022/3022/3022 3021/3021/3021
f  3022/3022/3022 3023/3023/3023 3021/3021/3021
f  3022/3022/3022 3024/3024/3024 3023/3023/3023
f  3025/3025/3025 3023/3023/3023 3024/3024/3024
f  3024/3024/3024 3026/3026/3026 3025/3025/3025
f  3026/3026/3026 3024/3024/3024 3027/3027/3027
f  3028/3028/3028 3026/3026/3026 3027/3027/3027
f  3026/3026/3026 3028/3028/3028 3029/3029/3029
f  3028/3028/3028 3030/3030/3030 3029/3029/3029
f  3030/3030/3030 3028/3028/3028 3031/3031/3031
f  3031/3031/3031 3032/3032/3032 3030/3030/3030
f  3032/3032/3032 3031/3031/3031 3033/3033/3033
f  3034/3034/3034 3035/3035/3035 3036/3036/3036
f  3035/3035/3035 3034/3034/3034 3037/3037/3037
f  3037/3037/3037 3034/3034/3034 3038/3038/3038
f  3038/3038/3038 3034/3034/3034 3039/3039/3039
f  3040/3040/3040 3041/3041/3041 3042/3042/3042
f  3041/3041/3041 3040/3040/3040 3043/3043/3043
f  3043/3043/3043 3044/3044/3044 3041/3041/3041
f  3044/3044/3044 3043/3043/3043 3045/3045/3045
f  3046/3046/3046 3047/3047/3047 3048/3048/3048
f  3047/3047/3047 3046/3046/3046 3049/3049/3049
f  3046/3046/3046 3050/3050/3050 3049/3049/3049
f  3051/3051/3051 3050/3050/3050 3046/3046/3046
f  3052/3052/3052 3053/3053/3053 3054/3054/3054
f  3053/3053/3053 3052/3052/3052 3055/3055/3055
f  3055/3055/3055 3052/3052/3052 3056/3056/3056
f  3057/3057/3057 3056/3056/3056 3052/3052/3052
f  3058/3058/3058 3059/3059/3059 3060/3060/3060
f  3058/3058/3058 3060/3060/3060 3061/3061/3061
f  3062/3062/3062 3058/3058/3058 3061/3061/3061
f  3062/3062/3062 3061/3061/3061 3063/3063/3063
f  3064/3064/3064 3062/3062/3062 3063/3063/3063
f  3064/3064/3064 3063/3063/3063 3065/3065/3065
f  3065/3065/3065 3066/3066/3066 3064/3064/3064
f  3066/3066/3066 3065/3065/3065 3067/3067/3067
f  3067/3067/3067 3068/3068/3068 3066/3066/3066
f  3068/3068/3068 3067/3067/3067 3069/3069/3069
f  3069/3069/3069 3070/3070/3070 3068/3068/3068
f  3070/3070/3070 3069/3069/3069 3071/3071/3071
f  3071/3071/3071 3072/3072/3072 3070/3070/3070
f  3072/3072/3072 3071/3071/3071 3073/3073/3073
f  3073/3073/3073 3074/3074/3074 3072/3072/3072
f  3075/3075/3075 3074/3074/3074 3073/3073/3073
f  3076/3076/3076 3074/3074/3074 3075/3075/3075
f  3074/3074/3074 3076/3076/3076 3077/3077/3077
f  3078/3078/3078 3077/3077/3077 3076/3076/3076
f  3077/3077/3077 3078/3078/3078 3079/3079/3079
f  3080/3080/3080 3081/3081/3081 3082/3082/3082
f  3081/3081/3081 3080/3080/3080 3083/3083/3083
f  3084/3084/3084 3083/3083/3083 3080/3080/3080
f  3085/3085/3085 3083/3083/3083 3084/3084/3084
f  3086/3086/3086 3087/3087/3087 3088/3088/3088
f  3087/3087/3087 3086/3086/3086 3089/3089/3089
f  3090/3090/3090 3087/3087/3087 3089/3089/3089
f  3091/3091/3091 3087/3087/3087 3090/3090/3090
f  3092/3092/3092 3093/3093/3093 3094/3094/3094
f  3095/3095/3095 3092/3092/3092 3094/3094/3094
f  3096/3096/3096 3092/3092/3092 3095/3095/3095
f  3097/3097/3097 3092/3092/3092 3096/3096/3096
f  3098/3098/3098 3099/3099/3099 3100/3100/3100
f  3101/3101/3101 3100/3100/3100 3099/3099/3099
f  3102/3102/3102 3100/3100/3100 3101/3101/3101
f  3100/3100/3100 3102/3102/3102 3103/3103/3103
f  3102/3102/3102 3104/3104/3104 3103/3103/3103
f  3104/3104/3104 3102/3102/3102 3105/3105/3105
f  3104/3104/3104 3105/3105/3105 3106/3106/3106
f  3107/3107/3107 3106/3106/3106 3105/3105/3105
f  3108/3108/3108 3109/3109/3109 3110/3110/3110
f  3108/3108/3108 3111/3111/3111 3109/3109/3109
f  3112/3112/3112 3111/3111/3111 3108/3108/3108
f  3108/3108/3108 3113/3113/3113 3112/3112/3112
f  3114/3114/3114 3111/3111/3111 3112/3112/3112
f  3112/3112/3112 3113/3113/3113 3115/3115/3115
f  3116/3116/3116 3117/3117/3117 3118/3118/3118
f  3117/3117/3117 3119/3119/3119 3118/3118/3118
f  3120/3120/3120 3117/3117/3117 3116/3116/3116
f  3116/3116/3116 3121/3121/3121 3120/3120/3120
f  3120/3120/3120 3122/3122/3122 3117/3117/3117
f  3119/3119/3119 3117/3117/3117 3123/3123/3123
f  3122/3122/3122 3123/3123/3123 3117/3117/3117
f  3122/3122/3122 3124/3124/3124 3123/3123/3123
f  3124/3124/3124 3119/3119/3119 3123/3123/3123
f  3125/3125/3125 3119/3119/3119 3124/3124/3124
f  3122/3122/3122 3126/3126/3126 3124/3124/3124
f  3124/3124/3124 3126/3126/3126 3125/3125/3125
f  3122/3122/3122 3120/3120/3120 3127/3127/3127
f  3120/3120/3120 3121/3121/3121 3128/3128/3128
f  3127/3127/3127 3120/3120/3120 3128/3128/3128
f  3129/3129/3129 3128/3128/3128 3121/3121/3121
f  3127/3127/3127 3128/3128/3128 3130/3130/3130
f  3128/3128/3128 3129/3129/3129 3130/3130/3130
f  3127/3127/3127 3130/3130/3130 3131/3131/3131
f  3129/3129/3129 3131/3131/3131 3130/3130/3130
f  3132/3132/3132 3125/3125/3125 3126/3126/3126
f  3122/3122/3122 3133/3133/3133 3126/3126/3126
f  3126/3126/3126 3134/3134/3134 3132/3132/3132
f  3133/3133/3133 3134/3134/3134 3126/3126/3126
f  3122/3122/3122 3135/3135/3135 3133/3133/3133
f  3131/3131/3131 3129/3129/3129 3136/3136/3136
f  3137/3137/3137 3127/3127/3127 3131/3131/3131
f  3136/3136/3136 3138/3138/3138 3131/3131/3131
f  3131/3131/3131 3138/3138/3138 3137/3137/3137
f  3127/3127/3127 3137/3137/3137 3139/3139/3139
f  3134/3134/3134 3133/3133/3133 3140/3140/3140
f  3135/3135/3135 3141/3141/3141 3133/3133/3133
f  3142/3142/3142 3133/3133/3133 3141/3141/3141
f  3133/3133/3133 3142/3142/3142 3140/3140/3140
f  3137/3137/3137 3138/3138/3138 3143/3143/3143
f  3139/3139/3139 3137/3137/3137 3144/3144/3144
f  3137/3137/3137 3143/3143/3143 3145/3145/3145
f  3144/3144/3144 3137/3137/3137 3145/3145/3145
f  3135/3135/3135 3139/3139/3139 3146/3146/3146
f  3139/3139/3139 3144/3144/3144 3147/3147/3147
f  3139/3139/3139 3147/3147/3147 3146/3146/3146
f  3145/3145/3145 3147/3147/3147 3144/3144/3144
f  3135/3135/3135 3148/3148/3148 3141/3141/3141
f  3149/3149/3149 3141/3141/3141 3148/3148/3148
f  3141/3141/3141 3149/3149/3149 3142/3142/3142
f  3150/3150/3150 3146/3146/3146 3147/3147/3147
f  3147/3147/3147 3145/3145/3145 3150/3150/3150
f  3146/3146/3146 3150/3150/3150 3151/3151/3151
f  3152/3152/3152 3146/3146/3146 3151/3151/3151
f  3135/3135/3135 3146/3146/3146 3152/3152/3152
f  3135/3135/3135 3152/3152/3152 3148/3148/3148
f  3148/3148/3148 3152/3152/3152 3149/3149/3149
f  3152/3152/3152 3151/3151/3151 3153/3153/3153
f  3153/3153/3153 3149/3149/3149 3152/3152/3152
f  3154/3154/3154 3155/3155/3155 3156/3156/3156
f  3155/3155/3155 3157/3157/3157 3156/3156/3156
f  3155/3155/3155 3154/3154/3154 3158/3158/3158
f  3159/3159/3159 3158/3158/3158 3154/3154/3154
f  3155/3155/3155 3160/3160/3160 3157/3157/3157
f  3158/3158/3158 3161/3161/3161 3155/3155/3155
f  3160/3160/3160 3155/3155/3155 3161/3161/3161
f  3161/3161/3161 3157/3157/3157 3160/3160/3160
f  2922/2922/2922 3162/3162/3162 2923/2923/2923
f  3163/3163/3163 3162/3162/3162 2922/2922/2922
f  3164/3164/3164 3165/3165/3165 3166/3166/3166
f  3164/3164/3164 3166/3166/3166 3167/3167/3167
f  3168/3168/3168 3169/3169/3169 3170/3170/3170
f  3168/3168/3168 3170/3170/3170 3171/3171/3171
f  3172/3172/3172 3173/3173/3173 3174/3174/3174
f  3172/3172/3172 3175/3175/3175 3173/3173/3173
f  3176/3176/3176 3177/3177/3177 3178/3178/3178
f  3177/3177/3177 3176/3176/3176 3179/3179/3179
f  3180/3180/3180 3181/3181/3181 3182/3182/3182
f  3181/3181/3181 3180/3180/3180 3183/3183/3183
f  3183/3183/3183 3184/3184/3184 3181/3181/3181
f  3185/3185/3185 3181/3181/3181 3184/3184/3184
f  3184/3184/3184 3186/3186/3186 3185/3185/3185
f  3186/3186/3186 3184/3184/3184 3187/3187/3187
f  3188/3188/3188 3189/3189/3189 3190/3190/3190
f  3191/3191/3191 3190/3190/3190 3189/3189/3189
f  3189/3189/3189 3192/3192/3192 3191/3191/3191
f  3192/3192/3192 3189/3189/3189 3193/3193/3193
f  3194/3194/3194 3192/3192/3192 3193/3193/3193
f  3192/3192/3192 3194/3194/3194 3195/3195/3195
f  3196/3196/3196 3197/3197/3197 3198/3198/3198
f  3197/3197/3197 3196/3196/3196 3199/3199/3199
f  3200/3200/3200 3201/3201/3201 3202/3202/3202
f  3201/3201/3201 3200/3200/3200 3203/3203/3203
f  3204/3204/3204 3205/3205/3205 3206/3206/3206
f  3205/3205/3205 3204/3204/3204 3207/3207/3207
f  3208/3208/3208 3209/3209/3209 3210/3210/3210
f  3209/3209/3209 3208/3208/3208 3211/3211/3211
f  3211/3211/3211 3212/3212/3212 3209/3209/3209
f  3211/3211/3211 3208/3208/3208 3213/3213/3213
f  3214/3214/3214 3213/3213/3213 3208/3208/3208
f  3213/3213/3213 3215/3215/3215 3211/3211/3211
f  3212/3212/3212 3211/3211/3211 3216/3216/3216
f  3216/3216/3216 3211/3211/3211 3215/3215/3215
f  3216/3216/3216 3217/3217/3217 3212/3212/3212
f  3214/3214/3214 3218/3218/3218 3213/3213/3213
f  3219/3219/3219 3213/3213/3213 3218/3218/3218
f  3215/3215/3215 3213/3213/3213 3219/3219/3219
f  3218/3218/3218 3214/3214/3214 3220/3220/3220
f  3215/3215/3215 3221/3221/3221 3216/3216/3216
f  3215/3215/3215 3222/3222/3222 3221/3221/3221
f  3222/3222/3222 3215/3215/3215 3219/3219/3219
f  3223/3223/3223 3216/3216/3216 3221/3221/3221
f  3217/3217/3217 3216/3216/3216 3223/3223/3223
f  3221/3221/3221 3224/3224/3224 3223/3223/3223
f  3222/3222/3222 3224/3224/3224 3221/3221/3221
f  3225/3225/3225 3218/3218/3218 3220/3220/3220
f  3218/3218/3218 3225/3225/3225 3226/3226/3226
f  3226/3226/3226 3219/3219/3219 3218/3218/3218
f  3219/3219/3219 3226/3226/3226 3227/3227/3227
f  3227/3227/3227 3222/3222/3222 3219/3219/3219
f  3228/3228/3228 3223/3223/3223 3224/3224/3224
f  3223/3223/3223 3228/3228/3228 3217/3217/3217
f  3217/3217/3217 3228/3228/3228 3229/3229/3229
f  3222/3222/3222 3227/3227/3227 3230/3230/3230
f  3224/3224/3224 3222/3222/3222 3231/3231/3231
f  3230/3230/3230 3231/3231/3231 3222/3222/3222
f  3232/3232/3232 3224/3224/3224 3231/3231/3231
f  3233/3233/3233 3224/3224/3224 3232/3232/3232
f  3224/3224/3224 3233/3233/3233 3228/3228/3228
f  3231/3231/3231 3230/3230/3230 3234/3234/3234
f  3234/3234/3234 3232/3232/3232 3231/3231/3231
f  3235/3235/3235 3228/3228/3228 3233/3233/3233
f  3236/3236/3236 3228/3228/3228 3235/3235/3235
f  3228/3228/3228 3236/3236/3236 3229/3229/3229
f  3237/3237/3237 3233/3233/3233 3232/3232/3232
f  3238/3238/3238 3237/3237/3237 3232/3232/3232
f  3232/3232/3232 3234/3234/3234 3238/3238/3238
f  3233/3233/3233 3239/3239/3239 3235/3235/3235
f  3239/3239/3239 3233/3233/3233 3237/3237/3237
f  3235/3235/3235 3239/3239/3239 3240/3240/3240
f  3241/3241/3241 3235/3235/3235 3240/3240/3240
f  3235/3235/3235 3241/3241/3241 3236/3236/3236
f  3237/3237/3237 3238/3238/3238 3242/3242/3242
f  3243/3243/3243 3237/3237/3237 3242/3242/3242
f  3243/3243/3243 3239/3239/3239 3237/3237/3237
f  3244/3244/3244 3240/3240/3240 3239/3239/3239
f  3239/3239/3239 3243/3243/3243 3244/3244/3244
f  3240/3240/3240 3244/3244/3244 3245/3245/3245
f  3240/3240/3240 3245/3245/3245 3246/3246/3246
f  3246/3246/3246 3241/3241/3241 3240/3240/3240
f  3243/3243/3243 3247/3247/3247 3244/3244/3244
f  3247/3247/3247 3245/3245/3245 3244/3244/3244
f  3245/3245/3245 3247/3247/3247 3248/3248/3248
f  3248/3248/3248 3246/3246/3246 3245/3245/3245
f  3242/3242/3242 3249/3249/3249 3243/3243/3243
f  3247/3247/3247 3243/3243/3243 3250/3250/3250
f  3249/3249/3249 3250/3250/3250 3243/3243/3243
f  3251/3251/3251 3248/3248/3248 3247/3247/3247
f  3250/3250/3250 3251/3251/3251 3247/3247/3247
f  3246/3246/3246 3248/3248/3248 3252/3252/3252
f  3248/3248/3248 3251/3251/3251 3253/3253/3253
f  3252/3252/3252 3248/3248/3248 3253/3253/3253
f  3250/3250/3250 3249/3249/3249 3254/3254/3254
f  3254/3254/3254 3255/3255/3255 3250/3250/3250
f  3251/3251/3251 3250/3250/3250 3255/3255/3255
f  3251/3251/3251 3256/3256/3256 3253/3253/3253
f  3255/3255/3255 3257/3257/3257 3251/3251/3251
f  3256/3256/3256 3251/3251/3251 3257/3257/3257
f  3258/3258/3258 3252/3252/3252 3253/3253/3253
f  3253/3253/3253 3256/3256/3256 3258/3258/3258
f  3255/3255/3255 3254/3254/3254 3259/3259/3259
f  3259/3259/3259 3260/3260/3260 3255/3255/3255
f  3257/3257/3257 3255/3255/3255 3261/3261/3261
f  3261/3261/3261 3255/3255/3255 3260/3260/3260
f  3262/3262/3262 3258/3258/3258 3256/3256/3256
f  3257/3257/3257 3263/3263/3263 3256/3256/3256
f  3264/3264/3264 3256/3256/3256 3263/3263/3263
f  3264/3264/3264 3262/3262/3262 3256/3256/3256
f  3257/3257/3257 3265/3265/3265 3263/3263/3263
f  3261/3261/3261 3266/3266/3266 3257/3257/3257
f  3265/3265/3265 3257/3257/3257 3266/3266/3266
f  3261/3261/3261 3267/3267/3267 3266/3266/3266
f  3267/3267/3267 3261/3261/3261 3260/3260/3260
f  3268/3268/3268 3263/3263/3263 3265/3265/3265
f  3266/3266/3266 3268/3268/3268 3265/3265/3265
f  3266/3266/3266 3269/3269/3269 3268/3268/3268
f  3269/3269/3269 3266/3266/3266 3267/3267/3267
f  3263/3263/3263 3268/3268/3268 3270/3270/3270
f  3271/3271/3271 3263/3263/3263 3270/3270/3270
f  3263/3263/3263 3271/3271/3271 3264/3264/3264
f  3269/3269/3269 3267/3267/3267 3272/3272/3272
f  3273/3273/3273 3274/3274/3274 3275/3275/3275
f  3274/3274/3274 3273/3273/3273 3276/3276/3276
f  3277/3277/3277 3278/3278/3278 3279/3279/3279
f  3278/3278/3278 3277/3277/3277 3280/3280/3280
f  3281/3281/3281 3280/3280/3280 3277/3277/3277
f  3281/3281/3281 3282/3282/3282 3280/3280/3280
f  3283/3283/3283 3282/3282/3282 3281/3281/3281
f  3283/3283/3283 3284/3284/3284 3282/3282/3282
f  3285/3285/3285 3284/3284/3284 3283/3283/3283
f  3284/3284/3284 3285/3285/3285 3286/3286/3286
f  3287/3287/3287 3286/3286/3286 3285/3285/3285
f  3286/3286/3286 3287/3287/3287 3288/3288/3288
f  3289/3289/3289 3288/3288/3288 3287/3287/3287
f  3289/3289/3289 3290/3290/3290 3288/3288/3288
f  3289/3289/3289 3291/3291/3291 3290/3290/3290
f  3291/3291/3291 3289/3289/3289 3292/3292/3292
f  3291/3291/3291 3292/3292/3292 3293/3293/3293
f  3294/3294/3294 3293/3293/3293 3292/3292/3292
f  3294/3294/3294 3295/3295/3295 3293/3293/3293
f  3295/3295/3295 3296/3296/3296 3293/3293/3293
f  3293/3293/3293 3296/3296/3296 3297/3297/3297
f  3298/3298/3298 3293/3293/3293 3297/3297/3297
f  3293/3293/3293 3298/3298/3298 3299/3299/3299
f  3300/3300/3300 3298/3298/3298 3297/3297/3297
f  3295/3295/3295 3294/3294/3294 3301/3301/3301
f  3301/3301/3301 3302/3302/3302 3295/3295/3295
f  3298/3298/3298 3303/3303/3303 3299/3299/3299
f  3298/3298/3298 3300/3300/3300 3304/3304/3304
f  3305/3305/3305 3304/3304/3304 3300/3300/3300
f  3306/3306/3306 3305/3305/3305 3302/3302/3302
f  3302/3302/3302 3301/3301/3301 3306/3306/3306
f  3301/3301/3301 3294/3294/3294 3307/3307/3307
f  3299/3299/3299 3303/3303/3303 3308/3308/3308
f  3308/3308/3308 3309/3309/3309 3299/3299/3299
f  3309/3309/3309 3310/3310/3310 3299/3299/3299
f  3304/3304/3304 3305/3305/3305 3311/3311/3311
f  3305/3305/3305 3312/3312/3312 3311/3311/3311
f  3305/3305/3305 3306/3306/3306 3312/3312/3312
f  3313/3313/3313 3311/3311/3311 3312/3312/3312
f  3313/3313/3313 3314/3314/3314 3311/3311/3311
f  3309/3309/3309 3308/3308/3308 3315/3315/3315
f  3316/3316/3316 3308/3308/3308 3314/3314/3314
f  3308/3308/3308 3316/3316/3316 3315/3315/3315
f  3314/3314/3314 3313/3313/3313 3316/3316/3316
f  3317/3317/3317 3313/3313/3313 3312/3312/3312
f  3313/3313/3313 3317/3317/3317 3318/3318/3318
f  3315/3315/3315 3319/3319/3319 3309/3309/3309
f  3317/3317/3317 3320/3320/3320 3318/3318/3318
f  3307/3307/3307 3294/3294/3294 3320/3320/3320
f  3294/3294/3294 3309/3309/3309 3320/3320/3320
f  3320/3320/3320 3309/3309/3309 3321/3321/3321
f  3320/3320/3320 3321/3321/3321 3318/3318/3318
f  3321/3321/3321 3309/3309/3309 3319/3319/3319
f  3310/3310/3310 3309/3309/3309 3322/3322/3322
f  3323/3323/3323 3310/3310/3310 3322/3322/3322
f  3310/3310/3310 3323/3323/3323 3324/3324/3324
f  3325/3325/3325 3324/3324/3324 3323/3323/3323
f  3325/3325/3325 3326/3326/3326 3324/3324/3324
f  3327/3327/3327 3326/3326/3326 3325/3325/3325
f  3327/3327/3327 3328/3328/3328 3326/3326/3326
f  3328/3328/3328 3327/3327/3327 3329/3329/3329
f  3328/3328/3328 3329/3329/3329 3330/3330/3330
f  3330/3330/3330 3329/3329/3329 3331/3331/3331
f  3330/3330/3330 3331/3331/3331 3332/3332/3332
f  3332/3332/3332 3331/3331/3331 3333/3333/3333
f  3332/3332/3332 3333/3333/3333 3334/3334/3334
f  3335/3335/3335 3336/3336/3336 3337/3337/3337
f  3336/3336/3336 3335/3335/3335 3338/3338/3338
f  3339/3339/3339 3340/3340/3340 3341/3341/3341
f  3339/3339/3339 3341/3341/3341 3342/3342/3342
f  3342/3342/3342 3343/3343/3343 3339/3339/3339
f  3339/3339/3339 3343/3343/3343 3344/3344/3344
f  3345/3345/3345 3344/3344/3344 3343/3343/3343
f  3344/3344/3344 3345/3345/3345 3346/3346/3346
f  3345/3345/3345 3347/3347/3347 3346/3346/3346
f  3345/3345/3345 3348/3348/3348 3347/3347/3347
f  3349/3349/3349 3347/3347/3347 3348/3348/3348
f  3350/3350/3350 3347/3347/3347 3349/3349/3349
f  3351/3351/3351 3352/3352/3352 3353/3353/3353
f  3352/3352/3352 3351/3351/3351 3354/3354/3354
f  3355/3355/3355 3356/3356/3356 3357/3357/3357
f  3357/3357/3357 3358/3358/3358 3355/3355/3355
f  3359/3359/3359 3355/3355/3355 3358/3358/3358
f  3355/3355/3355 3359/3359/3359 3360/3360/3360
f  3361/3361/3361 3362/3362/3362 3363/3363/3363
f  3363/3363/3363 3362/3362/3362 3364/3364/3364
f  3364/3364/3364 3362/3362/3362 3365/3365/3365
f  3362/3362/3362 3366/3366/3366 3365/3365/3365
f  3366/3366/3366 3367/3367/3367 3365/3365/3365
f  3368/3368/3368 3369/3369/3369 3370/3370/3370
f  3368/3368/3368 3371/3371/3371 3369/3369/3369
f  3372/3372/3372 3371/3371/3371 3368/3368/3368
f  3369/3369/3369 3371/3371/3371 3373/3373/3373
f  3369/3369/3369 3373/3373/3373 3374/3374/3374
f  3372/3372/3372 3375/3375/3375 3371/3371/3371
f  3372/3372/3372 3376/3376/3376 3375/3375/3375
f  3376/3376/3376 3372/3372/3372 3377/3377/3377
f  3376/3376/3376 3377/3377/3377 3378/3378/3378
f  3379/3379/3379 3378/3378/3378 3377/3377/3377
f  3380/3380/3380 3378/3378/3378 3379/3379/3379
f  3380/3380/3380 3379/3379/3379 3381/3381/3381
f  3381/3381/3381 3382/3382/3382 3380/3380/3380
f  3382/3382/3382 3381/3381/3381 3383/3383/3383
f  3384/3384/3384 3382/3382/3382 3383/3383/3383
f  3382/3382/3382 3384/3384/3384 3385/3385/3385
f  3384/3384/3384 3386/3386/3386 3385/3385/3385
f  3386/3386/3386 3387/3387/3387 3385/3385/3385
f  3387/3387/3387 3386/3386/3386 3388/3388/3388
f  3388/3388/3388 3386/3386/3386 3389/3389/3389
f  3388/3388/3388 3389/3389/3389 3390/3390/3390
f  3388/3388/3388 3390/3390/3390 3391/3391/3391
f  3392/3392/3392 3393/3393/3393 3394/3394/3394
f  3395/3395/3395 3393/3393/3393 3392/3392/3392
f  3396/3396/3396 3395/3395/3395 3392/3392/3392
f  3396/3396/3396 3397/3397/3397 3395/3395/3395
f  3398/3398/3398 3397/3397/3397 3396/3396/3396
f  3399/3399/3399 3397/3397/3397 3398/3398/3398
f  3400/3400/3400 3399/3399/3399 3398/3398/3398
f  3401/3401/3401 3400/3400/3400 3398/3398/3398
f  3402/3402/3402 3400/3400/3400 3401/3401/3401
f  3401/3401/3401 3403/3403/3403 3402/3402/3402
f  3404/3404/3404 3402/3402/3402 3403/3403/3403
f  3405/3405/3405 3404/3404/3404 3403/3403/3403
f  3406/3406/3406 3405/3405/3405 3403/3403/3403
f  3407/3407/3407 3405/3405/3405 3406/3406/3406
f  3407/3407/3407 3408/3408/3408 3405/3405/3405
f  3409/3409/3409 3408/3408/3408 3407/3407/3407
f  3408/3408/3408 3409/3409/3409 3410/3410/3410
f  3411/3411/3411 3412/3412/3412 3413/3413/3413
f  3412/3412/3412 3411/3411/3411 3414/3414/3414
f  3414/3414/3414 3415/3415/3415 3412/3412/3412
f  3415/3415/3415 3414/3414/3414 3416/3416/3416
f  3157/3157/3157 3161/3161/3161 3417/3417/3417
f  3418/3418/3418 3417/3417/3417 3161/3161/3161
f  3158/3158/3158 3418/3418/3418 3161/3161/3161
f  3158/3158/3158 3159/3159/3159 3419/3419/3419
f  3419/3419/3419 3418/3418/3418 3158/3158/3158
f  3417/3417/3417 3418/3418/3418 3420/3420/3420
f  3418/3418/3418 3421/3421/3421 3420/3420/3420
f  3422/3422/3422 3421/3421/3421 3418/3418/3418
f  3418/3418/3418 3419/3419/3419 3422/3422/3422
f  3159/3159/3159 3423/3423/3423 3419/3419/3419
f  3423/3423/3423 3422/3422/3422 3419/3419/3419
f  3423/3423/3423 3159/3159/3159 3424/3424/3424
f  3421/3421/3421 3422/3422/3422 3425/3425/3425
f  3422/3422/3422 3426/3426/3426 3425/3425/3425
f  3422/3422/3422 3423/3423/3423 3426/3426/3426
f  3427/3427/3427 3423/3423/3423 3424/3424/3424
f  3423/3423/3423 3427/3427/3427 3428/3428/3428
f  3426/3426/3426 3423/3423/3423 3428/3428/3428
f  3427/3427/3427 3425/3425/3425 3426/3426/3426
f  3427/3427/3427 3426/3426/3426 3428/3428/3428
f  3429/3429/3429 3430/3430/3430 3431/3431/3431
f  3430/3430/3430 3432/3432/3432 3431/3431/3431
f  3430/3430/3430 3429/3429/3429 3433/3433/3433
f  3434/3434/3434 3433/3433/3433 3429/3429/3429
f  3430/3430/3430 3435/3435/3435 3432/3432/3432
f  3433/3433/3433 3436/3436/3436 3430/3430/3430
f  3435/3435/3435 3430/3430/3430 3436/3436/3436
f  3436/3436/3436 3432/3432/3432 3435/3435/3435
f  3432/3432/3432 3436/3436/3436 3437/3437/3437
f  3438/3438/3438 3437/3437/3437 3436/3436/3436
f  3433/3433/3433 3438/3438/3438 3436/3436/3436
f  3433/3433/3433 3434/3434/3434 3439/3439/3439
f  3439/3439/3439 3438/3438/3438 3433/3433/3433
f  3437/3437/3437 3438/3438/3438 3440/3440/3440
f  3438/3438/3438 3441/3441/3441 3440/3440/3440
f  3442/3442/3442 3441/3441/3441 3438/3438/3438
f  3438/3438/3438 3439/3439/3439 3442/3442/3442
f  3434/3434/3434 3443/3443/3443 3439/3439/3439
f  3443/3443/3443 3442/3442/3442 3439/3439/3439
f  3443/3443/3443 3434/3434/3434 3444/3444/3444
f  3441/3441/3441 3442/3442/3442 3445/3445/3445
f  3442/3442/3442 3446/3446/3446 3445/3445/3445
f  3442/3442/3442 3443/3443/3443 3446/3446/3446
f  3447/3447/3447 3443/3443/3443 3444/3444/3444
f  3443/3443/3443 3447/3447/3447 3448/3448/3448
f  3446/3446/3446 3443/3443/3443 3448/3448/3448
f  3447/3447/3447 3445/3445/3445 3446/3446/3446
f  3447/3447/3447 3446/3446/3446 3448/3448/3448
f  3449/3449/3449 3450/3450/3450 3451/3451/3451
f  3451/3451/3451 3452/3452/3452 3449/3449/3449
f  3450/3450/3450 3449/3449/3449 3453/3453/3453
f  3449/3449/3449 3454/3454/3454 3453/3453/3453
f  3455/3455/3455 3454/3454/3454 3449/3449/3449
f  3449/3449/3449 3452/3452/3452 3455/3455/3455
f  3452/3452/3452 3454/3454/3454 3455/3455/3455
f  3453/3453/3453 3456/3456/3456 3450/3450/3450
f  3454/3454/3454 3452/3452/3452 3457/3457/3457
f  3457/3457/3457 3458/3458/3458 3454/3454/3454
f  3453/3453/3453 3454/3454/3454 3458/3458/3458
f  3456/3456/3456 3453/3453/3453 3459/3459/3459
f  3453/3453/3453 3458/3458/3458 3459/3459/3459
f  3458/3458/3458 3457/3457/3457 3460/3460/3460
f  3458/3458/3458 3460/3460/3460 3461/3461/3461
f  3459/3459/3459 3458/3458/3458 3462/3462/3462
f  3458/3458/3458 3461/3461/3461 3462/3462/3462
f  3456/3456/3456 3459/3459/3459 3463/3463/3463
f  3459/3459/3459 3462/3462/3462 3463/3463/3463
f  3463/3463/3463 3464/3464/3464 3456/3456/3456
f  3461/3461/3461 3465/3465/3465 3462/3462/3462
f  3462/3462/3462 3465/3465/3465 3466/3466/3466
f  3463/3463/3463 3462/3462/3462 3466/3466/3466
f  3463/3463/3463 3467/3467/3467 3464/3464/3464
f  3467/3467/3467 3463/3463/3463 3468/3468/3468
f  3466/3466/3466 3468/3468/3468 3463/3463/3463
f  3467/3467/3467 3466/3466/3466 3465/3465/3465
f  3466/3466/3466 3467/3467/3467 3468/3468/3468
f  3469/3469/3469 3470/3470/3470 3471/3471/3471
f  3471/3471/3471 3472/3472/3472 3469/3469/3469
f  3470/3470/3470 3469/3469/3469 3473/3473/3473
f  3469/3469/3469 3474/3474/3474 3473/3473/3473
f  3475/3475/3475 3474/3474/3474 3469/3469/3469
f  3469/3469/3469 3472/3472/3472 3475/3475/3475
f  3472/3472/3472 3474/3474/3474 3475/3475/3475
f  3473/3473/3473 3476/3476/3476 3470/3470/3470
f  3474/3474/3474 3472/3472/3472 3477/3477/3477
f  3477/3477/3477 3478/3478/3478 3474/3474/3474
f  3473/3473/3473 3474/3474/3474 3478/3478/3478
f  3476/3476/3476 3473/3473/3473 3479/3479/3479
f  3473/3473/3473 3478/3478/3478 3479/3479/3479
f  3478/3478/3478 3477/3477/3477 3480/3480/3480
f  3478/3478/3478 3480/3480/3480 3481/3481/3481
f  3479/3479/3479 3478/3478/3478 3482/3482/3482
f  3478/3478/3478 3481/3481/3481 3482/3482/3482
f  3476/3476/3476 3479/3479/3479 3483/3483/3483
f  3479/3479/3479 3482/3482/3482 3483/3483/3483
f  3483/3483/3483 3484/3484/3484 3476/3476/3476
f  3481/3481/3481 3485/3485/3485 3482/3482/3482
f  3482/3482/3482 3485/3485/3485 3486/3486/3486
f  3483/3483/3483 3482/3482/3482 3486/3486/3486
f  3483/3483/3483 3487/3487/3487 3484/3484/3484
f  3487/3487/3487 3483/3483/3483 3488/3488/3488
f  3486/3486/3486 3488/3488/3488 3483/3483/3483
f  3487/3487/3487 3486/3486/3486 3485/3485/3485
f  3486/3486/3486 3487/3487/3487 3488/3488/3488
f  3489/3489/3489 3490/3490/3490 3491/3491/3491
f  3492/3492/3492 3489/3489/3489 3491/3491/3491
f  3490/3490/3490 3489/3489/3489 3493/3493/3493
f  3489/3489/3489 3492/3492/3492 3494/3494/3494
f  3495/3495/3495 3490/3490/3490 3493/3493/3493
f  3490/3490/3490 3495/3495/3495 3496/3496/3496
f  3492/3492/3492 3497/3497/3497 3494/3494/3494
f  3497/3497/3497 3492/3492/3492 3498/3498/3498
f  3499/3499/3499 3496/3496/3496 3495/3495/3495
f  3496/3496/3496 3499/3499/3499 3500/3500/3500
f  3501/3501/3501 3497/3497/3497 3498/3498/3498
f  3498/3498/3498 3502/3502/3502 3501/3501/3501
f  3499/3499/3499 3503/3503/3503 3500/3500/3500
f  3503/3503/3503 3499/3499/3499 3504/3504/3504
f  3505/3505/3505 3501/3501/3501 3502/3502/3502
f  3501/3501/3501 3505/3505/3505 3506/3506/3506
f  3507/3507/3507 3503/3503/3503 3504/3504/3504
f  3505/3505/3505 3507/3507/3507 3506/3506/3506
f  3507/3507/3507 3505/3505/3505 3508/3508/3508
f  3503/3503/3503 3507/3507/3507 3508/3508/3508
f  3509/3509/3509 3510/3510/3510 3511/3511/3511
f  3512/3512/3512 3511/3511/3511 3510/3510/3510
f  3513/3513/3513 3509/3509/3509 3511/3511/3511
f  3509/3509/3509 3513/3513/3513 3514/3514/3514
f  3511/3511/3511 3512/3512/3512 3515/3515/3515
f  3512/3512/3512 3516/3516/3516 3515/3515/3515
f  3517/3517/3517 3514/3514/3514 3513/3513/3513
f  3518/3518/3518 3517/3517/3517 3513/3513/3513
f  3516/3516/3516 3519/3519/3519 3515/3515/3515
f  3520/3520/3520 3519/3519/3519 3516/3516/3516
f  3521/3521/3521 3517/3517/3517 3518/3518/3518
f  3522/3522/3522 3519/3519/3519 3520/3520/3520
f  3519/3519/3519 3522/3522/3522 3523/3523/3523
f  3518/3518/3518 3524/3524/3524 3521/3521/3521
f  3518/3518/3518 3525/3525/3525 3524/3524/3524
f  3522/3522/3522 3526/3526/3526 3523/3523/3523
f  3527/3527/3527 3524/3524/3524 3525/3525/3525
f  3528/3528/3528 3527/3527/3527 3525/3525/3525
f  3529/3529/3529 3523/3523/3523 3526/3526/3526
f  3523/3523/3523 3529/3529/3529 3530/3530/3530
f  3527/3527/3527 3528/3528/3528 3531/3531/3531
f  3529/3529/3529 3532/3532/3532 3530/3530/3530
f  3533/3533/3533 3530/3530/3530 3532/3532/3532
f  3528/3528/3528 3534/3534/3534 3531/3531/3531
f  3528/3528/3528 3535/3535/3535 3534/3534/3534
f  3533/3533/3533 3532/3532/3532 3536/3536/3536
f  3537/3537/3537 3534/3534/3534 3535/3535/3535
f  3538/3538/3538 3537/3537/3537 3535/3535/3535
f  3539/3539/3539 3533/3533/3533 3536/3536/3536
f  3533/3533/3533 3539/3539/3539 3538/3538/3538
f  3539/3539/3539 3540/3540/3540 3538/3538/3538
f  3537/3537/3537 3538/3538/3538 3540/3540/3540
f  3541/3541/3541 3542/3542/3542 3543/3543/3543
f  3544/3544/3544 3543/3543/3543 3542/3542/3542
f  3545/3545/3545 3541/3541/3541 3543/3543/3543
f  3541/3541/3541 3545/3545/3545 3546/3546/3546
f  3543/3543/3543 3544/3544/3544 3547/3547/3547
f  3544/3544/3544 3548/3548/3548 3547/3547/3547
f  3549/3549/3549 3546/3546/3546 3545/3545/3545
f  3550/3550/3550 3549/3549/3549 3545/3545/3545
f  3548/3548/3548 3551/3551/3551 3547/3547/3547
f  3552/3552/3552 3551/3551/3551 3548/3548/3548
f  3553/3553/3553 3549/3549/3549 3550/3550/3550
f  3554/3554/3554 3553/3553/3553 3550/3550/3550
f  3555/3555/3555 3551/3551/3551 3552/3552/3552
f  3551/3551/3551 3555/3555/3555 3556/3556/3556
f  3553/3553/3553 3554/3554/3554 3557/3557/3557
f  3555/3555/3555 3558/3558/3558 3556/3556/3556
f  3559/3559/3559 3557/3557/3557 3554/3554/3554
f  3560/3560/3560 3559/3559/3559 3554/3554/3554
f  3561/3561/3561 3556/3556/3556 3558/3558/3558
f  3556/3556/3556 3561/3561/3561 3562/3562/3562
f  3559/3559/3559 3560/3560/3560 3563/3563/3563
f  3561/3561/3561 3564/3564/3564 3562/3562/3562
f  3565/3565/3565 3562/3562/3562 3564/3564/3564
f  3560/3560/3560 3566/3566/3566 3563/3563/3563
f  3560/3560/3560 3567/3567/3567 3566/3566/3566
f  3565/3565/3565 3564/3564/3564 3568/3568/3568
f  3569/3569/3569 3566/3566/3566 3567/3567/3567
f  3570/3570/3570 3565/3565/3565 3568/3568/3568
f  3565/3565/3565 3570/3570/3570 3571/3571/3571
f  3567/3567/3567 3572/3572/3572 3569/3569/3569
f  3567/3567/3567 3571/3571/3571 3572/3572/3572
f  3570/3570/3570 3572/3572/3572 3571/3571/3571
f  3573/3573/3573 3574/3574/3574 3575/3575/3575
f  3576/3576/3576 3575/3575/3575 3574/3574/3574
f  3577/3577/3577 3573/3573/3573 3575/3575/3575
f  3573/3573/3573 3577/3577/3577 3578/3578/3578
f  3575/3575/3575 3576/3576/3576 3579/3579/3579
f  3576/3576/3576 3580/3580/3580 3579/3579/3579
f  3581/3581/3581 3578/3578/3578 3577/3577/3577
f  3582/3582/3582 3581/3581/3581 3577/3577/3577
f  3580/3580/3580 3583/3583/3583 3579/3579/3579
f  3584/3584/3584 3583/3583/3583 3580/3580/3580
f  3585/3585/3585 3581/3581/3581 3582/3582/3582
f  3586/3586/3586 3585/3585/3585 3582/3582/3582
f  3587/3587/3587 3583/3583/3583 3584/3584/3584
f  3583/3583/3583 3587/3587/3587 3588/3588/3588
f  3585/3585/3585 3586/3586/3586 3589/3589/3589
f  3587/3587/3587 3590/3590/3590 3588/3588/3588
f  3591/3591/3591 3589/3589/3589 3586/3586/3586
f  3592/3592/3592 3591/3591/3591 3586/3586/3586
f  3593/3593/3593 3588/3588/3588 3590/3590/3590
f  3588/3588/3588 3593/3593/3593 3594/3594/3594
f  3591/3591/3591 3592/3592/3592 3595/3595/3595
f  3593/3593/3593 3596/3596/3596 3594/3594/3594
f  3597/3597/3597 3594/3594/3594 3596/3596/3596
f  3592/3592/3592 3598/3598/3598 3595/3595/3595
f  3592/3592/3592 3599/3599/3599 3598/3598/3598
f  3597/3597/3597 3596/3596/3596 3600/3600/3600
f  3601/3601/3601 3598/3598/3598 3599/3599/3599
f  3602/3602/3602 3597/3597/3597 3600/3600/3600
f  3597/3597/3597 3602/3602/3602 3603/3603/3603
f  3599/3599/3599 3604/3604/3604 3601/3601/3601
f  3599/3599/3599 3603/3603/3603 3604/3604/3604
f  3602/3602/3602 3604/3604/3604 3603/3603/3603
f  3605/3605/3605 3606/3606/3606 3607/3607/3607
f  3605/3605/3605 3608/3608/3608 3606/3606/3606
f  3606/3606/3606 3609/3609/3609 3607/3607/3607
f  3608/3608/3608 3610/3610/3610 3606/3606/3606
f  3606/3606/3606 3611/3611/3611 3609/3609/3609
f  3610/3610/3610 3612/3612/3612 3606/3606/3606
f  3606/3606/3606 3613/3613/3613 3611/3611/3611
f  3612/3612/3612 3614/3614/3614 3606/3606/3606
f  3606/3606/3606 3614/3614/3614 3615/3615/3615
f  3606/3606/3606 3615/3615/3615 3613/3613/3613
f  3616/3616/3616 3617/3617/3617 3618/3618/3618
f  3616/3616/3616 3619/3619/3619 3617/3617/3617
f  3617/3617/3617 3620/3620/3620 3618/3618/3618
f  3619/3619/3619 3621/3621/3621 3617/3617/3617
f  3617/3617/3617 3622/3622/3622 3620/3620/3620
f  3623/3623/3623 3617/3617/3617 3621/3621/3621
f  3617/3617/3617 3624/3624/3624 3622/3622/3622
f  3617/3617/3617 3625/3625/3625 3624/3624/3624
f  3617/3617/3617 3626/3626/3626 3625/3625/3625
f  3623/3623/3623 3626/3626/3626 3617/3617/3617
f  3627/3627/3627 3628/3628/3628 3629/3629/3629
f  3627/3627/3627 3630/3630/3630 3628/3628/3628
f  3628/3628/3628 3631/3631/3631 3629/3629/3629
f  3630/3630/3630 3632/3632/3632 3628/3628/3628
f  3628/3628/3628 3633/3633/3633 3631/3631/3631
f  3632/3632/3632 3634/3634/3634 3628/3628/3628
f  3628/3628/3628 3635/3635/3635 3633/3633/3633
f  3634/3634/3634 3636/3636/3636 3628/3628/3628
f  3628/3628/3628 3636/3636/3636 3637/3637/3637
f  3628/3628/3628 3637/3637/3637 3635/3635/3635
f  3638/3638/3638 3639/3639/3639 3640/3640/3640
f  3638/3638/3638 3641/3641/3641 3639/3639/3639
f  3639/3639/3639 3642/3642/3642 3640/3640/3640
f  3641/3641/3641 3643/3643/3643 3639/3639/3639
f  3639/3639/3639 3644/3644/3644 3642/3642/3642
f  3645/3645/3645 3639/3639/3639 3643/3643/3643
f  3416/3416/3416 3646/3646/3646 3415/3415/3415
f  3646/3646/3646 3416/3416/3416 3647/3647/3647
f  3648/3648/3648 3646/3646/3646 3647/3647/3647
f  3647/3647/3647 3649/3649/3649 3648/3648/3648
f  3648/3648/3648 3649/3649/3649 3650/3650/3650
f  3649/3649/3649 3651/3651/3651 3650/3650/3650
f  3651/3651/3651 3649/3649/3649 3652/3652/3652
f  3651/3651/3651 3652/3652/3652 3653/3653/3653
f  3651/3651/3651 3653/3653/3653 3654/3654/3654
f  3654/3654/3654 3653/3653/3653 3655/3655/3655
f  3653/3653/3653 3656/3656/3656 3655/3655/3655
f  3657/3657/3657 3655/3655/3655 3656/3656/3656
f  3656/3656/3656 3658/3658/3658 3657/3657/3657
f  3659/3659/3659 3660/3660/3660 3661/3661/3661
f  3660/3660/3660 3659/3659/3659 3662/3662/3662
f  3659/3659/3659 3663/3663/3663 3662/3662/3662
f  3663/3663/3663 3659/3659/3659 3664/3664/3664
f  3664/3664/3664 3665/3665/3665 3663/3663/3663
f  3665/3665/3665 3664/3664/3664 3666/3666/3666
f  3666/3666/3666 3667/3667/3667 3665/3665/3665
f  3668/3668/3668 3665/3665/3665 3667/3667/3667
f  3669/3669/3669 3668/3668/3668 3667/3667/3667
f  3667/3667/3667 3670/3670/3670 3669/3669/3669
f  3671/3671/3671 3672/3672/3672 3673/3673/3673
f  3672/3672/3672 3671/3671/3671 3674/3674/3674
f  3675/3675/3675 3674/3674/3674 3671/3671/3671
f  3674/3674/3674 3675/3675/3675 3676/3676/3676
f  3677/3677/3677 3676/3676/3676 3675/3675/3675
f  3678/3678/3678 3679/3679/3679 3680/3680/3680
f  3680/3680/3680 3679/3679/3679 3681/3681/3681
f  3679/3679/3679 3682/3682/3682 3681/3681/3681
f  3682/3682/3682 3679/3679/3679 3683/3683/3683
f  3684/3684/3684 3685/3685/3685 3686/3686/3686
f  3684/3684/3684 3687/3687/3687 3685/3685/3685
f  3688/3688/3688 3685/3685/3685 3687/3687/3687
f  3689/3689/3689 3687/3687/3687 3684/3684/3684
f  3689/3689/3689 3684/3684/3684 3690/3690/3690
f  3688/3688/3688 3687/3687/3687 3691/3691/3691
f  3688/3688/3688 3691/3691/3691 3692/3692/3692
f  3688/3688/3688 3692/3692/3692 3693/3693/3693
f  3692/3692/3692 3694/3694/3694 3693/3693/3693
f  3693/3693/3693 3694/3694/3694 3695/3695/3695
f  3694/3694/3694 3696/3696/3696 3695/3695/3695
f  3695/3695/3695 3696/3696/3696 3697/3697/3697
f  3698/3698/3698 3697/3697/3697 3696/3696/3696
f  3697/3697/3697 3698/3698/3698 3699/3699/3699
f  3698/3698/3698 3700/3700/3700 3699/3699/3699
f  3701/3701/3701 3700/3700/3700 3698/3698/3698
f  3701/3701/3701 3702/3702/3702 3700/3700/3700
f  3702/3702/3702 3701/3701/3701 3703/3703/3703
f  3702/3702/3702 3703/3703/3703 3704/3704/3704
f  3702/3702/3702 3704/3704/3704 3705/3705/3705
f  3705/3705/3705 3704/3704/3704 3706/3706/3706
f  3706/3706/3706 3704/3704/3704 3707/3707/3707
f  3708/3708/3708 3709/3709/3709 3710/3710/3710
f  3711/3711/3711 3710/3710/3710 3709/3709/3709
f  3711/3711/3711 3712/3712/3712 3710/3710/3710
f  3712/3712/3712 3711/3711/3711 3713/3713/3713
f  3713/3713/3713 3714/3714/3714 3712/3712/3712
f  3713/3713/3713 3715/3715/3715 3714/3714/3714
f  3715/3715/3715 3713/3713/3713 3716/3716/3716
f  3715/3715/3715 3716/3716/3716 3717/3717/3717
f  3715/3715/3715 3717/3717/3717 3718/3718/3718
f  3718/3718/3718 3717/3717/3717 3719/3719/3719
f  3720/3720/3720 3721/3721/3721 3722/3722/3722
f  3721/3721/3721 3720/3720/3720 3723/3723/3723
f  3724/3724/3724 3723/3723/3723 3720/3720/3720
f  3723/3723/3723 3724/3724/3724 3725/3725/3725
f  3726/3726/3726 3725/3725/3725 3724/3724/3724
f  3725/3725/3725 3726/3726/3726 3727/3727/3727
f  3726/3726/3726 3728/3728/3728 3727/3727/3727
f  3728/3728/3728 3726/3726/3726 3729/3729/3729
f  3729/3729/3729 3730/3730/3730 3728/3728/3728
f  3730/3730/3730 3729/3729/3729 3731/3731/3731
f  3730/3730/3730 3731/3731/3731 3732/3732/3732
f  3733/3733/3733 3730/3730/3730 3732/3732/3732
f  3732/3732/3732 3734/3734/3734 3733/3733/3733
f  3734/3734/3734 3732/3732/3732 3735/3735/3735
f  3736/3736/3736 3734/3734/3734 3735/3735/3735
f  3734/3734/3734 3736/3736/3736 3737/3737/3737
f  3738/3738/3738 3737/3737/3737 3736/3736/3736
f  3737/3737/3737 3738/3738/3738 3739/3739/3739
f  3740/3740/3740 3739/3739/3739 3738/3738/3738
f  3739/3739/3739 3740/3740/3740 3741/3741/3741
f  3742/3742/3742 3743/3743/3743 3744/3744/3744
f  3743/3743/3743 3742/3742/3742 3745/3745/3745
f  3745/3745/3745 3746/3746/3746 3743/3743/3743
f  3746/3746/3746 3747/3747/3747 3743/3743/3743
f  3746/3746/3746 3748/3748/3748 3747/3747/3747
f  3749/3749/3749 3747/3747/3747 3748/3748/3748
f  3748/3748/3748 3750/3750/3750 3749/3749/3749
f  3750/3750/3750 3748/3748/3748 3751/3751/3751
f  3752/3752/3752 3750/3750/3750 3751/3751/3751
f  3750/3750/3750 3752/3752/3752 3753/3753/3753
f  3754/3754/3754 3753/3753/3753 3752/3752/3752
f  3753/3753/3753 3754/3754/3754 3755/3755/3755
f  3755/3755/3755 3754/3754/3754 3756/3756/3756
f  3755/3755/3755 3756/3756/3756 3757/3757/3757
f  3756/3756/3756 3758/3758/3758 3757/3757/3757
f  3758/3758/3758 3759/3759/3759 3757/3757/3757
f  3758/3758/3758 3760/3760/3760 3759/3759/3759
f  3760/3760/3760 3758/3758/3758 3761/3761/3761
f  3761/3761/3761 3762/3762/3762 3760/3760/3760
f  3762/3762/3762 3761/3761/3761 3763/3763/3763
f  3764/3764/3764 3765/3765/3765 3766/3766/3766
f  3765/3765/3765 3764/3764/3764 3767/3767/3767
f  3764/3764/3764 3768/3768/3768 3767/3767/3767
f  3768/3768/3768 3764/3764/3764 3769/3769/3769
f  3768/3768/3768 3769/3769/3769 3770/3770/3770
f  3771/3771/3771 3768/3768/3768 3770/3770/3770
f  3770/3770/3770 3772/3772/3772 3771/3771/3771
f  3772/3772/3772 3770/3770/3770 3773/3773/3773
f  3773/3773/3773 3774/3774/3774 3772/3772/3772
f  3774/3774/3774 3773/3773/3773 3775/3775/3775
f  3776/3776/3776 3774/3774/3774 3775/3775/3775
f  3774/3774/3774 3776/3776/3776 3777/3777/3777
f  3778/3778/3778 3777/3777/3777 3776/3776/3776
f  3777/3777/3777 3778/3778/3778 3779/3779/3779
f  3778/3778/3778 3780/3780/3780 3779/3779/3779
f  3780/3780/3780 3778/3778/3778 3781/3781/3781
f  3781/3781/3781 3782/3782/3782 3780/3780/3780
f  3782/3782/3782 3781/3781/3781 3783/3783/3783
f  3783/3783/3783 3784/3784/3784 3782/3782/3782
f  3784/3784/3784 3783/3783/3783 3785/3785/3785
f  3786/3786/3786 3787/3787/3787 3788/3788/3788
f  3787/3787/3787 3786/3786/3786 3789/3789/3789
f  3790/3790/3790 3787/3787/3787 3789/3789/3789
f  3787/3787/3787 3790/3790/3790 3791/3791/3791
f  3790/3790/3790 3792/3792/3792 3791/3791/3791
f  3792/3792/3792 3790/3790/3790 3793/3793/3793
f  3793/3793/3793 3794/3794/3794 3792/3792/3792
f  3794/3794/3794 3793/3793/3793 3795/3795/3795
f  3795/3795/3795 3796/3796/3796 3794/3794/3794
f  3796/3796/3796 3795/3795/3795 3797/3797/3797
f  3797/3797/3797 3798/3798/3798 3796/3796/3796
f  3798/3798/3798 3799/3799/3799 3796/3796/3796
f  3798/3798/3798 3800/3800/3800 3799/3799/3799
f  3800/3800/3800 3798/3798/3798 3801/3801/3801
f  3802/3802/3802 3800/3800/3800 3801/3801/3801
f  3800/3800/3800 3802/3802/3802 3803/3803/3803
f  3802/3802/3802 3804/3804/3804 3803/3803/3803
f  3804/3804/3804 3802/3802/3802 3805/3805/3805
f  3805/3805/3805 3806/3806/3806 3804/3804/3804
f  3806/3806/3806 3805/3805/3805 3807/3807/3807
f  3808/3808/3808 3809/3809/3809 3810/3810/3810
f  3808/3808/3808 3811/3811/3811 3809/3809/3809
f  3811/3811/3811 3808/3808/3808 3812/3812/3812
f  3812/3812/3812 3813/3813/3813 3811/3811/3811
f  3813/3813/3813 3812/3812/3812 3814/3814/3814
f  3813/3813/3813 3814/3814/3814 3815/3815/3815
f  3815/3815/3815 3816/3816/3816 3813/3813/3813
f  3816/3816/3816 3815/3815/3815 3817/3817/3817
f  3816/3816/3816 3817/3817/3817 3818/3818/3818
f  3819/3819/3819 3818/3818/3818 3817/3817/3817
f  3820/3820/3820 3821/3821/3821 3822/3822/3822
f  3821/3821/3821 3820/3820/3820 3823/3823/3823
f  3820/3820/3820 3824/3824/3824 3823/3823/3823
f  3824/3824/3824 3820/3820/3820 3825/3825/3825
f  3824/3824/3824 3825/3825/3825 3826/3826/3826
f  3827/3827/3827 3824/3824/3824 3826/3826/3826
f  3826/3826/3826 3828/3828/3828 3827/3827/3827
f  3828/3828/3828 3826/3826/3826 3829/3829/3829
f  3829/3829/3829 3830/3830/3830 3828/3828/3828
f  3830/3830/3830 3829/3829/3829 3831/3831/3831
f  3832/3832/3832 3830/3830/3830 3831/3831/3831
f  3830/3830/3830 3832/3832/3832 3833/3833/3833
f  3834/3834/3834 3833/3833/3833 3832/3832/3832
f  3833/3833/3833 3834/3834/3834 3835/3835/3835
f  3834/3834/3834 3836/3836/3836 3835/3835/3835
f  3836/3836/3836 3834/3834/3834 3837/3837/3837
f  3837/3837/3837 3838/3838/3838 3836/3836/3836
f  3838/3838/3838 3837/3837/3837 3839/3839/3839
f  3839/3839/3839 3840/3840/3840 3838/3838/3838
f  3840/3840/3840 3839/3839/3839 3841/3841/3841
f  3842/3842/3842 3843/3843/3843 3844/3844/3844
f  3843/3843/3843 3842/3842/3842 3845/3845/3845
f  3846/3846/3846 3843/3843/3843 3845/3845/3845
f  3843/3843/3843 3846/3846/3846 3847/3847/3847
f  3846/3846/3846 3848/3848/3848 3847/3847/3847
f  3848/3848/3848 3846/3846/3846 3849/3849/3849
f  3849/3849/3849 3850/3850/3850 3848/3848/3848
f  3850/3850/3850 3849/3849/3849 3851/3851/3851
f  3851/3851/3851 3852/3852/3852 3850/3850/3850
f  3852/3852/3852 3851/3851/3851 3853/3853/3853
f  3853/3853/3853 3854/3854/3854 3852/3852/3852
f  3854/3854/3854 3853/3853/3853 3855/3855/3855
f  3856/3856/3856 3854/3854/3854 3855/3855/3855
f  3854/3854/3854 3856/3856/3856 3857/3857/3857
f  3858/3858/3858 3857/3857/3857 3856/3856/3856
f  3857/3857/3857 3858/3858/3858 3859/3859/3859
f  3858/3858/3858 3860/3860/3860 3859/3859/3859
f  3860/3860/3860 3858/3858/3858 3861/3861/3861
f  3862/3862/3862 3860/3860/3860 3861/3861/3861
f  3860/3860/3860 3862/3862/3862 3863/3863/3863
f  3864/3864/3864 3865/3865/3865 3866/3866/3866
f  3867/3867/3867 3865/3865/3865 3864/3864/3864
f  3867/3867/3867 3868/3868/3868 3865/3865/3865
f  3867/3867/3867 3869/3869/3869 3868/3868/3868
f  3869/3869/3869 3867/3867/3867 3870/3870/3870
f  3869/3869/3869 3870/3870/3870 3871/3871/3871
f  3871/3871/3871 3872/3872/3872 3869/3869/3869
f  3872/3872/3872 3871/3871/3871 3873/3873/3873
f  3872/3872/3872 3873/3873/3873 3874/3874/3874
f  3875/3875/3875 3874/3874/3874 3873/3873/3873
f  3876/3876/3876 3877/3877/3877 3878/3878/3878
f  3876/3876/3876 3879/3879/3879 3877/3877/3877
f  3876/3876/3876 3880/3880/3880 3879/3879/3879
f  3880/3880/3880 3881/3881/3881 3879/3879/3879
f  3882/3882/3882 3883/3883/3883 3884/3884/3884
f  3883/3883/3883 3882/3882/3882 3885/3885/3885
f  3885/3885/3885 3886/3886/3886 3883/3883/3883
f  3886/3886/3886 3885/3885/3885 3887/3887/3887
f  3888/3888/3888 3886/3886/3886 3887/3887/3887
f  3888/3888/3888 3889/3889/3889 3886/3886/3886
f  3888/3888/3888 3890/3890/3890 3889/3889/3889
f  3890/3890/3890 3888/3888/3888 3891/3891/3891
f  3892/3892/3892 3890/3890/3890 3891/3891/3891
f  3892/3892/3892 3893/3893/3893 3890/3890/3890
f  3894/3894/3894 3893/3893/3893 3892/3892/3892
f  3895/3895/3895 3893/3893/3893 3894/3894/3894
f  3896/3896/3896 3895/3895/3895 3894/3894/3894
f  3897/3897/3897 3895/3895/3895 3896/3896/3896
f  3897/3897/3897 3896/3896/3896 3898/3898/3898
f  3899/3899/3899 3897/3897/3897 3898/3898/3898
f  3900/3900/3900 3899/3899/3899 3898/3898/3898
f  3901/3901/3901 3899/3899/3899 3900/3900/3900
f  3902/3902/3902 3903/3903/3903 3904/3904/3904
f  3905/3905/3905 3902/3902/3902 3904/3904/3904
f  3905/3905/3905 3904/3904/3904 3906/3906/3906
f  3906/3906/3906 3907/3907/3907 3905/3905/3905
f  3908/3908/3908 3909/3909/3909 3910/3910/3910
f  3911/3911/3911 3909/3909/3909 3908/3908/3908
f  3911/3911/3911 3912/3912/3912 3909/3909/3909
f  3912/3912/3912 3911/3911/3911 3913/3913/3913
f  3913/3913/3913 3914/3914/3914 3912/3912/3912
f  3914/3914/3914 3913/3913/3913 3915/3915/3915
f  3915/3915/3915 3916/3916/3916 3914/3914/3914
f  3917/3917/3917 3916/3916/3916 3915/3915/3915
f  3917/3917/3917 3918/3918/3918 3916/3916/3916
f  3918/3918/3918 3917/3917/3917 3919/3919/3919
f  3920/3920/3920 3921/3921/3921 3922/3922/3922
f  3921/3921/3921 3920/3920/3920 3923/3923/3923
f  3921/3921/3921 3923/3923/3923 3924/3924/3924
f  3923/3923/3923 3920/3920/3920 3925/3925/3925
f  3920/3920/3920 3926/3926/3926 3925/3925/3925
f  3925/3925/3925 3927/3927/3927 3923/3923/3923
f  3923/3923/3923 3927/3927/3927 3928/3928/3928
f  3929/3929/3929 3930/3930/3930 3931/3931/3931
f  3930/3930/3930 3929/3929/3929 3932/3932/3932
f  3933/3933/3933 3932/3932/3932 3929/3929/3929
f  3932/3932/3932 3933/3933/3933 3934/3934/3934
f  3935/3935/3935 3934/3934/3934 3933/3933/3933
f  3935/3935/3935 3933/3933/3933 3936/3936/3936
f  3936/3936/3936 3937/3937/3937 3935/3935/3935
f  3937/3937/3937 3936/3936/3936 3938/3938/3938
f  3939/3939/3939 3940/3940/3940 3941/3941/3941
f  3639/3639/3639 3942/3942/3942 3644/3644/3644
f  3639/3639/3639 3943/3943/3943 3942/3942/3942
f  3639/3639/3639 3944/3944/3944 3943/3943/3943
f  3645/3645/3645 3944/3944/3944 3639/3639/3639
f  3945/3945/3945 3946/3946/3946 3947/3947/3947
f  3945/3945/3945 3948/3948/3948 3946/3946/3946
f  3946/3946/3946 3949/3949/3949 3947/3947/3947
f  3948/3948/3948 3950/3950/3950 3946/3946/3946
f  3946/3946/3946 3951/3951/3951 3949/3949/3949
f  3950/3950/3950 3952/3952/3952 3946/3946/3946
f  3946/3946/3946 3953/3953/3953 3951/3951/3951
f  3952/3952/3952 3954/3954/3954 3946/3946/3946
f  3946/3946/3946 3954/3954/3954 3955/3955/3955
f  3946/3946/3946 3955/3955/3955 3953/3953/3953
f  3956/3956/3956 3957/3957/3957 3958/3958/3958
f  3956/3956/3956 3959/3959/3959 3957/3957/3957
f  3957/3957/3957 3960/3960/3960 3958/3958/3958
f  3959/3959/3959 3961/3961/3961 3957/3957/3957
f  3957/3957/3957 3962/3962/3962 3960/3960/3960
f  3963/3963/3963 3957/3957/3957 3961/3961/3961
f  3957/3957/3957 3964/3964/3964 3962/3962/3962
f  3957/3957/3957 3965/3965/3965 3964/3964/3964
f  3957/3957/3957 3966/3966/3966 3965/3965/3965
f  3963/3963/3963 3966/3966/3966 3957/3957/3957
f  3967/3967/3967 3968/3968/3968 3969/3969/3969
f  3967/3967/3967 3970/3970/3970 3968/3968/3968
f  3968/3968/3968 3971/3971/3971 3969/3969/3969
f  3970/3970/3970 3972/3972/3972 3968/3968/3968
f  3968/3968/3968 3973/3973/3973 3971/3971/3971
f  3972/3972/3972 3974/3974/3974 3968/3968/3968
f  3968/3968/3968 3975/3975/3975 3973/3973/3973
f  3974/3974/3974 3976/3976/3976 3968/3968/3968
f  3968/3968/3968 3976/3976/3976 3977/3977/3977
f  3968/3968/3968 3977/3977/3977 3975/3975/3975
f  3978/3978/3978 3979/3979/3979 3980/3980/3980
f  3978/3978/3978 3981/3981/3981 3979/3979/3979
f  3979/3979/3979 3982/3982/3982 3980/3980/3980
f  3981/3981/3981 3983/3983/3983 3979/3979/3979
f  3979/3979/3979 3984/3984/3984 3982/3982/3982
f  3985/3985/3985 3979/3979/3979 3983/3983/3983
f  3979/3979/3979 3986/3986/3986 3984/3984/3984
f  3979/3979/3979 3987/3987/3987 3986/3986/3986
f  3979/3979/3979 3988/3988/3988 3987/3987/3987
f  3985/3985/3985 3988/3988/3988 3979/3979/3979
f  3989/3989/3989 3990/3990/3990 3991/3991/3991
f  3989/3989/3989 3992/3992/3992 3990/3990/3990
f  3993/3993/3993 3989/3989/3989 3991/3991/3991
f  3994/3994/3994 3992/3992/3992 3989/3989/3989
f  3995/3995/3995 3989/3989/3989 3993/3993/3993
f  3995/3995/3995 3994/3994/3994 3989/3989/3989
f  3992/3992/3992 3994/3994/3994 3996/3996/3996
f  3997/3997/3997 3996/3996/3996 3994/3994/3994
f  3994/3994/3994 3995/3995/3995 3998/3998/3998
f  3998/3998/3998 3997/3997/3997 3994/3994/3994
f  3996/3996/3996 3997/3997/3997 3999/3999/3999
f  3997/3997/3997 3998/3998/3998 4000/4000/4000
f  4001/4001/4001 3999/3999/3999 3997/3997/3997
f  4002/4002/4002 4001/4001/4001 3997/3997/3997
f  4003/4003/4003 3997/3997/3997 4000/4000/4000
f  4002/4002/4002 3997/3997/3997 4003/4003/4003
f  4002/4002/4002 4004/4004/4004 4001/4001/4001
f  4004/4004/4004 4002/4002/4002 4005/4005/4005
f  4006/4006/4006 4002/4002/4002 4003/4003/4003
f  4002/4002/4002 4006/4006/4006 4005/4005/4005
f  4005/4005/4005 4007/4007/4007 4004/4004/4004
f  4007/4007/4007 4005/4005/4005 4008/4008/4008
f  4009/4009/4009 4005/4005/4005 4006/4006/4006
f  4005/4005/4005 4009/4009/4009 4008/4008/4008
f  4010/4010/4010 4011/4011/4011 4012/4012/4012
f  4012/4012/4012 4013/4013/4013 4010/4010/4010
f  4014/4014/4014 4012/4012/4012 4011/4011/4011
f  4011/4011/4011 4015/4015/4015 4014/4014/4014
f  4015/4015/4015 4011/4011/4011 4016/4016/4016
f  4017/4017/4017 4014/4014/4014 4015/4015/4015
f  4018/4018/4018 4012/4012/4012 4014/4014/4014
f  4018/4018/4018 4014/4014/4014 4017/4017/4017
f  4013/4013/4013 4012/4012/4012 4019/4019/4019
f  4020/4020/4020 4019/4019/4019 4012/4012/4012
f  4018/4018/4018 4020/4020/4020 4012/4012/4012
f  4015/4015/4015 4021/4021/4021 4017/4017/4017
f  4015/4015/4015 4022/4022/4022 4021/4021/4021
f  4022/4022/4022 4015/4015/4015 4016/4016/4016
f  4022/4022/4022 4017/4017/4017 4021/4021/4021
f  4017/4017/4017 4023/4023/4023 4018/4018/4018
f  4023/4023/4023 4017/4017/4017 4024/4024/4024
f  4017/4017/4017 4022/4022/4022 4024/4024/4024
f  4025/4025/4025 4018/4018/4018 4023/4023/4023
f  4018/4018/4018 4025/4025/4025 4020/4020/4020
f  4025/4025/4025 4026/4026/4026 4020/4020/4020
f  4026/4026/4026 4019/4019/4019 4020/4020/4020
f  4027/4027/4027 4013/4013/4013 4019/4019/4019
f  4019/4019/4019 4026/4026/4026 4027/4027/4027
f  4026/4026/4026 4025/4025/4025 4028/4028/4028
f  4029/4029/4029 4026/4026/4026 4028/4028/4028
f  4026/4026/4026 4030/4030/4030 4027/4027/4027
f  4026/4026/4026 4029/4029/4029 4030/4030/4030
f  4029/4029/4029 4027/4027/4027 4030/4030/4030
f  4027/4027/4027 4029/4029/4029 4031/4031/4031
f  4013/4013/4013 4027/4027/4027 4031/4031/4031
f  4032/4032/4032 4033/4033/4033 4034/4034/4034
f  4033/4033/4033 4035/4035/4035 4034/4034/4034
f  4033/4033/4033 4036/4036/4036 4035/4035/4035
f  4033/4033/4033 4032/4032/4032 4037/4037/4037
f  4037/4037/4037 4032/4032/4032 4038/4038/4038
f  4037/4037/4037 4039/4039/4039 4033/4033/4033
f  4039/4039/4039 4040/4040/4040 4033/4033/4033
f  4036/4036/4036 4033/4033/4033 4040/4040/4040
f  4040/4040/4040 4041/4041/4041 4036/4036/4036
f  4039/4039/4039 4037/4037/4037 4042/4042/4042
f  4037/4037/4037 4038/4038/4038 4043/4043/4043
f  4042/4042/4042 4037/4037/4037 4043/4043/4043
f  4040/4040/4040 4044/4044/4044 4041/4041/4041
f  4044/4044/4044 4040/4040/4040 4045/4045/4045
f  4040/4040/4040 4039/4039/4039 4045/4045/4045
f  4042/4042/4042 4046/4046/4046 4039/4039/4039
f  4047/4047/4047 4045/4045/4045 4039/4039/4039
f  4039/4039/4039 4046/4046/4046 4047/4047/4047
f  4042/4042/4042 4043/4043/4043 4048/4048/4048
f  4046/4046/4046 4042/4042/4042 4048/4048/4048
f  4045/4045/4045 4047/4047/4047 4049/4049/4049
f  4045/4045/4045 4049/4049/4049 4044/4044/4044
f  4050/4050/4050 4051/4051/4051 4052/4052/4052
f  4052/4052/4052 4053/4053/4053 4050/4050/4050
f  4054/4054/4054 4052/4052/4052 4051/4051/4051
f  4051/4051/4051 4055/4055/4055 4054/4054/4054
f  4055/4055/4055 4051/4051/4051 4056/4056/4056
f  4057/4057/4057 4054/4054/4054 4055/4055/4055
f  4058/4058/4058 4052/4052/4052 4054/4054/4054
f  4058/4058/4058 4054/4054/4054 4057/4057/4057
f  4053/4053/4053 4052/4052/4052 4059/4059/4059
f  4060/4060/4060 4059/4059/4059 4052/4052/4052
f  4058/4058/4058 4060/4060/4060 4052/4052/4052
f  4055/4055/4055 4061/4061/4061 4057/4057/4057
f  4055/4055/4055 4062/4062/4062 4061/4061/4061
f  4062/4062/4062 4055/4055/4055 4056/4056/4056
f  4062/4062/4062 4057/4057/4057 4061/4061/4061
f  4057/4057/4057 4063/4063/4063 4058/4058/4058
f  4063/4063/4063 4057/4057/4057 4064/4064/4064
f  4057/4057/4057 4062/4062/4062 4064/4064/4064
f  4065/4065/4065 4058/4058/4058 4063/4063/4063
f  4058/4058/4058 4065/4065/4065 4060/4060/4060
f  4065/4065/4065 4066/4066/4066 4060/4060/4060
f  4066/4066/4066 4059/4059/4059 4060/4060/4060
f  4067/4067/4067 4053/4053/4053 4059/4059/4059
f  4059/4059/4059 4066/4066/4066 4067/4067/4067
f  4066/4066/4066 4065/4065/4065 4068/4068/4068
f  4069/4069/4069 4066/4066/4066 4068/4068/4068
f  4066/4066/4066 4070/4070/4070 4067/4067/4067
f  4066/4066/4066 4069/4069/4069 4070/4070/4070
f  4069/4069/4069 4067/4067/4067 4070/4070/4070
f  4067/4067/4067 4069/4069/4069 4071/4071/4071
f  4053/4053/4053 4067/4067/4067 4071/4071/4071
f  4072/4072/4072 4073/4073/4073 4074/4074/4074
f  4073/4073/4073 4075/4075/4075 4074/4074/4074
f  4073/4073/4073 4076/4076/4076 4075/4075/4075
f  4073/4073/4073 4072/4072/4072 4077/4077/4077
f  4077/4077/4077 4072/4072/4072 4078/4078/4078
f  4077/4077/4077 4079/4079/4079 4073/4073/4073
f  4079/4079/4079 4080/4080/4080 4073/4073/4073
f  4076/4076/4076 4073/4073/4073 4080/4080/4080
f  4080/4080/4080 4081/4081/4081 4076/4076/4076
f  4079/4079/4079 4077/4077/4077 4082/4082/4082
f  4077/4077/4077 4078/4078/4078 4083/4083/4083
f  4082/4082/4082 4077/4077/4077 4083/4083/4083
f  4080/4080/4080 4084/4084/4084 4081/4081/4081
f  4084/4084/4084 4080/4080/4080 4085/4085/4085
f  4080/4080/4080 4079/4079/4079 4085/4085/4085
f  4082/4082/4082 4086/4086/4086 4079/4079/4079
f  4087/4087/4087 4085/4085/4085 4079/4079/4079
f  4079/4079/4079 4086/4086/4086 4087/4087/4087
f  4082/4082/4082 4083/4083/4083 4088/4088/4088
f  4086/4086/4086 4082/4082/4082 4088/4088/4088
f  4085/4085/4085 4087/4087/4087 4089/4089/4089
f  4085/4085/4085 4089/4089/4089 4084/4084/4084
f  4090/4090/4090 4091/4091/4091 4092/4092/4092
f  4091/4091/4091 4090/4090/4090 4093/4093/4093
f  4091/4091/4091 4093/4093/4093 4094/4094/4094
f  4095/4095/4095 4091/4091/4091 4094/4094/4094
f  4091/4091/4091 4095/4095/4095 4092/4092/4092
f  4092/4092/4092 4095/4095/4095 4096/4096/4096
f  4095/4095/4095 4097/4097/4097 4096/4096/4096
f  4094/4094/4094 4098/4098/4098 4095/4095/4095
f  4097/4097/4097 4095/4095/4095 4098/4098/4098
f  4098/4098/4098 4099/4099/4099 4097/4097/4097
f  4099/4099/4099 4098/4098/4098 4094/4094/4094
f  4100/4100/4100 4101/4101/4101 4102/4102/4102
f  4101/4101/4101 4100/4100/4100 4103/4103/4103
f  4101/4101/4101 4104/4104/4104 4102/4102/4102
f  4105/4105/4105 4104/4104/4104 4101/4101/4101
f  4103/4103/4103 4105/4105/4105 4101/4101/4101
f  4105/4105/4105 4103/4103/4103 4106/4106/4106
f  4106/4106/4106 4107/4107/4107 4105/4105/4105
f  4104/4104/4104 4105/4105/4105 4108/4108/4108
f  4105/4105/4105 4107/4107/4107 4108/4108/4108
f  4108/4108/4108 4109/4109/4109 4104/4104/4104
f  4109/4109/4109 4108/4108/4108 4107/4107/4107
f  4110/4110/4110 4111/4111/4111 4112/4112/4112
f  4113/4113/4113 4110/4110/4110 4112/4112/4112
f  4111/4111/4111 4110/4110/4110 4114/4114/4114
f  4111/4111/4111 4114/4114/4114 4115/4115/4115
f  4115/4115/4115 4114/4114/4114 4116/4116/4116
f  4114/4114/4114 4117/4117/4117 4116/4116/4116
f  4110/4110/4110 4117/4117/4117 4114/4114/4114
f  4116/4116/4116 4117/4117/4117 4118/4118/4118
f  4118/4118/4118 4115/4115/4115 4116/4116/4116
f  4110/4110/4110 4113/4113/4113 4119/4119/4119
f  4117/4117/4117 4110/4110/4110 4120/4120/4120
f  4110/4110/4110 4121/4121/4121 4120/4120/4120
f  4121/4121/4121 4110/4110/4110 4119/4119/4119
f  4122/4122/4122 4117/4117/4117 4120/4120/4120
f  4117/4117/4117 4122/4122/4122 4118/4118/4118
f  4121/4121/4121 4122/4122/4122 4120/4120/4120
f  4123/4123/4123 4119/4119/4119 4113/4113/4113
f  4119/4119/4119 4123/4123/4123 4124/4124/4124
f  4119/4119/4119 4125/4125/4125 4121/4121/4121
f  4125/4125/4125 4119/4119/4119 4124/4124/4124
f  4125/4125/4125 4126/4126/4126 4121/4121/4121
f  4122/4122/4122 4121/4121/4121 4126/4126/4126
f  4127/4127/4127 4124/4124/4124 4123/4123/4123
f  4124/4124/4124 4127/4127/4127 4128/4128/4128
f  4128/4128/4128 4125/4125/4125 4124/4124/4124
f  4126/4126/4126 4125/4125/4125 4129/4129/4129
f  4128/4128/4128 4129/4129/4129 4125/4125/4125
f  4129/4129/4129 4128/4128/4128 4127/4127/4127
f  4130/4130/4130 4131/4131/4131 4132/4132/4132
f  4131/4131/4131 4133/4133/4133 4132/4132/4132
f  4131/4131/4131 4130/4130/4130 4134/4134/4134
f  4134/4134/4134 4135/4135/4135 4131/4131/4131
f  4131/4131/4131 4135/4135/4135 4133/4133/4133
f  4136/4136/4136 4133/4133/4133 4135/4135/4135
f  4134/4134/4134 4136/4136/4136 4135/4135/4135
f  4137/4137/4137 4134/4134/4134 4130/4130/4130
f  4133/4133/4133 4136/4136/4136 4138/4138/4138
f  4134/4134/4134 4137/4137/4137 4139/4139/4139
f  4134/4134/4134 4140/4140/4140 4136/4136/4136
f  4140/4140/4140 4134/4134/4134 4139/4139/4139
f  4136/4136/4136 4140/4140/4140 4141/4141/4141
f  4141/4141/4141 4138/4138/4138 4136/4136/4136
f  4142/4142/4142 4141/4141/4141 4140/4140/4140
f  4139/4139/4139 4142/4142/4142 4140/4140/4140
f  4143/4143/4143 4139/4139/4139 4137/4137/4137
f  4142/4142/4142 4139/4139/4139 4143/4143/4143
f  4137/4137/4137 4144/4144/4144 4143/4143/4143
f  4141/4141/4141 4142/4142/4142 4145/4145/4145
f  4146/4146/4146 4145/4145/4145 4142/4142/4142
f  4142/4142/4142 4147/4147/4147 4146/4146/4146
f  4142/4142/4142 4143/4143/4143 4147/4147/4147
f  4143/4143/4143 4148/4148/4148 4147/4147/4147
f  4148/4148/4148 4143/4143/4143 4144/4144/4144
f  4146/4146/4146 4147/4147/4147 4148/4148/4148
f  4145/4145/4145 4146/4146/4146 4149/4149/4149
f  4146/4146/4146 4148/4148/4148 4149/4149/4149
f  4150/4150/4150 4151/4151/4151 4152/4152/4152
f  4153/4153/4153 4152/4152/4152 4151/4151/4151
f  4152/4152/4152 4154/4154/4154 4150/4150/4150
f  4155/4155/4155 4154/4154/4154 4152/4152/4152
f  3941/3941/3941 3940/3940/3940 4156/4156/4156
f  4157/4157/4157 3941/3941/3941 4156/4156/4156
f  4157/4157/4157 4156/4156/4156 4158/4158/4158
f  4159/4159/4159 4160/4160/4160 4161/4161/4161
f  4162/4162/4162 4160/4160/4160 4159/4159/4159
f  4163/4163/4163 4162/4162/4162 4159/4159/4159
f  4162/4162/4162 4163/4163/4163 4164/4164/4164
f  4163/4163/4163 4165/4165/4165 4164/4164/4164
f  4165/4165/4165 4163/4163/4163 4166/4166/4166
f  4167/4167/4167 4165/4165/4165 4166/4166/4166
f  4167/4167/4167 4168/4168/4168 4165/4165/4165
f  4167/4167/4167 4169/4169/4169 4168/4168/4168
f  4169/4169/4169 4167/4167/4167 4170/4170/4170
f  4171/4171/4171 4169/4169/4169 4170/4170/4170
f  4172/4172/4172 4171/4171/4171 4170/4170/4170
f  4173/4173/4173 4171/4171/4171 4172/4172/4172
f  4174/4174/4174 4173/4173/4173 4172/4172/4172
f  4174/4174/4174 4175/4175/4175 4173/4173/4173
f  4175/4175/4175 4174/4174/4174 4176/4176/4176
f  4176/4176/4176 4177/4177/4177 4175/4175/4175
f  4177/4177/4177 4176/4176/4176 4178/4178/4178
f  4179/4179/4179 4180/4180/4180 4181/4181/4181
f  4180/4180/4180 4179/4179/4179 4182/4182/4182
f  4183/4183/4183 4182/4182/4182 4179/4179/4179
f  4182/4182/4182 4183/4183/4183 4184/4184/4184
f  4184/4184/4184 4183/4183/4183 4185/4185/4185
f  4186/4186/4186 4184/4184/4184 4185/4185/4185
f  4186/4186/4186 4185/4185/4185 4187/4187/4187
f  4187/4187/4187 4188/4188/4188 4186/4186/4186
f  4189/4189/4189 4188/4188/4188 4187/4187/4187
f  4188/4188/4188 4189/4189/4189 4190/4190/4190
f  4191/4191/4191 4192/4192/4192 4193/4193/4193
f  4191/4191/4191 4194/4194/4194 4192/4192/4192
f  4191/4191/4191 4195/4195/4195 4194/4194/4194
f  4195/4195/4195 4196/4196/4196 4194/4194/4194
f  4197/4197/4197 4198/4198/4198 4199/4199/4199
f  4198/4198/4198 4197/4197/4197 4200/4200/4200
f  4200/4200/4200 4201/4201/4201 4198/4198/4198
f  4201/4201/4201 4200/4200/4200 4202/4202/4202
f  4202/4202/4202 4203/4203/4203 4201/4201/4201
f  4201/4201/4201 4203/4203/4203 4204/4204/4204
f  4204/4204/4204 4203/4203/4203 4205/4205/4205
f  4203/4203/4203 4206/4206/4206 4205/4205/4205
f  4206/4206/4206 4207/4207/4207 4205/4205/4205
f  4205/4205/4205 4207/4207/4207 4208/4208/4208
f  4208/4208/4208 4207/4207/4207 4209/4209/4209
f  4208/4208/4208 4209/4209/4209 4210/4210/4210
f  4210/4210/4210 4209/4209/4209 4211/4211/4211
f  4210/4210/4210 4211/4211/4211 4212/4212/4212
f  4211/4211/4211 4213/4213/4213 4212/4212/4212
f  4212/4212/4212 4213/4213/4213 4214/4214/4214
f  4213/4213/4213 4215/4215/4215 4214/4214/4214
f  4214/4214/4214 4215/4215/4215 4216/4216/4216
f  4217/4217/4217 4218/4218/4218 4219/4219/4219
f  4218/4218/4218 4217/4217/4217 4220/4220/4220
f  4221/4221/4221 4220/4220/4220 4217/4217/4217
f  4221/4221/4221 4222/4222/4222 4220/4220/4220
f  4223/4223/4223 4224/4224/4224 4225/4225/4225
f  4226/4226/4226 4224/4224/4224 4223/4223/4223
f  4226/4226/4226 4227/4227/4227 4224/4224/4224
f  4227/4227/4227 4226/4226/4226 4228/4228/4228
f  4228/4228/4228 4229/4229/4229 4227/4227/4227
f  4229/4229/4229 4228/4228/4228 4230/4230/4230
f  4230/4230/4230 4231/4231/4231 4229/4229/4229
f  4232/4232/4232 4231/4231/4231 4230/4230/4230
f  4232/4232/4232 4233/4233/4233 4231/4231/4231
f  4233/4233/4233 4232/4232/4232 4234/4234/4234
f  4235/4235/4235 4236/4236/4236 4237/4237/4237
f  4236/4236/4236 4235/4235/4235 4238/4238/4238
f  4236/4236/4236 4238/4238/4238 4239/4239/4239
f  4238/4238/4238 4235/4235/4235 4240/4240/4240
f  4235/4235/4235 4241/4241/4241 4240/4240/4240
f  4242/4242/4242 4238/4238/4238 4240/4240/4240
f  4242/4242/4242 4243/4243/4243 4238/4238/4238
f  4244/4244/4244 4245/4245/4245 4246/4246/4246
f  4245/4245/4245 4244/4244/4244 4247/4247/4247
f  4248/4248/4248 4247/4247/4247 4244/4244/4244
f  4247/4247/4247 4248/4248/4248 4249/4249/4249
f  4248/4248/4248 4250/4250/4250 4249/4249/4249
f  4248/4248/4248 4251/4251/4251 4250/4250/4250
f  4251/4251/4251 4252/4252/4252 4250/4250/4250
f  4252/4252/4252 4251/4251/4251 4253/4253/4253
f  4254/4254/4254 4255/4255/4255 4256/4256/4256
f  4256/4256/4256 4255/4255/4255 4257/4257/4257
f  4257/4257/4257 4258/4258/4258 4256/4256/4256
f  4258/4258/4258 4257/4257/4257 4259/4259/4259
f  4260/4260/4260 4261/4261/4261 4262/4262/4262
f  4262/4262/4262 4261/4261/4261 4263/4263/4263
f  4264/4264/4264 4263/4263/4263 4261/4261/4261
f  4263/4263/4263 4264/4264/4264 4265/4265/4265
f  4265/4265/4265 4264/4264/4264 4266/4266/4266
f  4264/4264/4264 4267/4267/4267 4266/4266/4266
f  4267/4267/4267 4268/4268/4268 4266/4266/4266
f  4266/4266/4266 4268/4268/4268 4269/4269/4269
f  4269/4269/4269 4268/4268/4268 4270/4270/4270
f  4268/4268/4268 4271/4271/4271 4270/4270/4270
f  4271/4271/4271 4272/4272/4272 4270/4270/4270
f  4272/4272/4272 4271/4271/4271 4273/4273/4273
f  4273/4273/4273 4274/4274/4274 4272/4272/4272
f  4274/4274/4274 4273/4273/4273 4275/4275/4275
f  4275/4275/4275 4276/4276/4276 4274/4274/4274
f  4276/4276/4276 4275/4275/4275 4277/4277/4277
f  4277/4277/4277 4278/4278/4278 4276/4276/4276
f  4278/4278/4278 4277/4277/4277 4279/4279/4279
f  4280/4280/4280 4281/4281/4281 4282/4282/4282
f  4281/4281/4281 4280/4280/4280 4283/4283/4283
f  4284/4284/4284 4283/4283/4283 4280/4280/4280
f  4283/4283/4283 4284/4284/4284 4285/4285/4285
f  4286/4286/4286 4285/4285/4285 4284/4284/4284
f  4285/4285/4285 4286/4286/4286 4287/4287/4287
f  4288/4288/4288 4287/4287/4287 4286/4286/4286
f  4288/4288/4288 4289/4289/4289 4287/4287/4287
f  4290/4290/4290 4289/4289/4289 4288/4288/4288
f  4289/4289/4289 4290/4290/4290 4291/4291/4291
f  4292/4292/4292 4293/4293/4293 4294/4294/4294
f  4292/4292/4292 4295/4295/4295 4293/4293/4293
f  4292/4292/4292 4296/4296/4296 4295/4295/4295
f  4296/4296/4296 4297/4297/4297 4295/4295/4295
f  4298/4298/4298 4299/4299/4299 4300/4300/4300
f  4299/4299/4299 4298/4298/4298 4301/4301/4301
f  4301/4301/4301 4302/4302/4302 4299/4299/4299
f  4302/4302/4302 4301/4301/4301 4303/4303/4303
f  4303/4303/4303 4304/4304/4304 4302/4302/4302
f  4302/4302/4302 4304/4304/4304 4305/4305/4305
f  4305/4305/4305 4304/4304/4304 4306/4306/4306
f  4304/4304/4304 4307/4307/4307 4306/4306/4306
f  4307/4307/4307 4308/4308/4308 4306/4306/4306
f  4306/4306/4306 4308/4308/4308 4309/4309/4309
f  4309/4309/4309 4308/4308/4308 4310/4310/4310
f  4309/4309/4309 4310/4310/4310 4311/4311/4311
f  4311/4311/4311 4310/4310/4310 4312/4312/4312
f  4311/4311/4311 4312/4312/4312 4313/4313/4313
f  4312/4312/4312 4314/4314/4314 4313/4313/4313
f  4313/4313/4313 4314/4314/4314 4315/4315/4315
f  4314/4314/4314 4316/4316/4316 4315/4315/4315
f  4315/4315/4315 4316/4316/4316 4317/4317/4317
f  4318/4318/4318 4319/4319/4319 4320/4320/4320
f  4319/4319/4319 4318/4318/4318 4321/4321/4321
f  4322/4322/4322 4321/4321/4321 4318/4318/4318
f  4322/4322/4322 4323/4323/4323 4321/4321/4321
f  4324/4324/4324 4325/4325/4325 4326/4326/4326
f  4327/4327/4327 4325/4325/4325 4324/4324/4324
f  4327/4327/4327 4328/4328/4328 4325/4325/4325
f  4328/4328/4328 4327/4327/4327 4329/4329/4329
f  4329/4329/4329 4330/4330/4330 4328/4328/4328
f  4330/4330/4330 4329/4329/4329 4331/4331/4331
f  4331/4331/4331 4332/4332/4332 4330/4330/4330
f  4333/4333/4333 4332/4332/4332 4331/4331/4331
f  4333/4333/4333 4334/4334/4334 4332/4332/4332
f  4334/4334/4334 4333/4333/4333 4335/4335/4335
f  4336/4336/4336 4337/4337/4337 4338/4338/4338
f  4337/4337/4337 4336/4336/4336 4339/4339/4339
f  4337/4337/4337 4339/4339/4339 4340/4340/4340
f  4339/4339/4339 4336/4336/4336 4341/4341/4341
f  4336/4336/4336 4342/4342/4342 4341/4341/4341
f  4343/4343/4343 4339/4339/4339 4341/4341/4341
f  4343/4343/4343 4344/4344/4344 4339/4339/4339
f  4345/4345/4345 4346/4346/4346 4347/4347/4347
f  4346/4346/4346 4345/4345/4345 4348/4348/4348
f  4349/4349/4349 4348/4348/4348 4345/4345/4345
f  4348/4348/4348 4349/4349/4349 4350/4350/4350
f  4349/4349/4349 4351/4351/4351 4350/4350/4350
f  4349/4349/4349 4352/4352/4352 4351/4351/4351
f  4352/4352/4352 4353/4353/4353 4351/4351/4351
f  4353/4353/4353 4352/4352/4352 4354/4354/4354
f  4355/4355/4355 4356/4356/4356 4357/4357/4357
f  4357/4357/4357 4356/4356/4356 4358/4358/4358
f  4358/4358/4358 4359/4359/4359 4357/4357/4357
f  4359/4359/4359 4358/4358/4358 4360/4360/4360
f  4361/4361/4361 4362/4362/4362 4363/4363/4363
f  4363/4363/4363 4362/4362/4362 4364/4364/4364
f  4365/4365/4365 4364/4364/4364 4362/4362/4362
f  4364/4364/4364 4365/4365/4365 4366/4366/4366
f  4366/4366/4366 4365/4365/4365 4367/4367/4367
f  4365/4365/4365 4368/4368/4368 4367/4367/4367
f  4368/4368/4368 4369/4369/4369 4367/4367/4367
f  4367/4367/4367 4369/4369/4369 4370/4370/4370
f  4370/4370/4370 4369/4369/4369 4371/4371/4371
f  4369/4369/4369 4372/4372/4372 4371/4371/4371
f  4372/4372/4372 4373/4373/4373 4371/4371/4371
f  4373/4373/4373 4372/4372/4372 4374/4374/4374
f  4374/4374/4374 4375/4375/4375 4373/4373/4373
f  4375/4375/4375 4374/4374/4374 4376/4376/4376
f  4376/4376/4376 4377/4377/4377 4375/4375/4375
f  4377/4377/4377 4376/4376/4376 4378/4378/4378
f  4378/4378/4378 4379/4379/4379 4377/4377/4377
f  4379/4379/4379 4378/4378/4378 4380/4380/4380
f  4381/4381/4381 4382/4382/4382 4383/4383/4383
f  4382/4382/4382 4381/4381/4381 4384/4384/4384
f  4385/4385/4385 4384/4384/4384 4381/4381/4381
f  4384/4384/4384 4385/4385/4385 4386/4386/4386
f  4387/4387/4387 4386/4386/4386 4385/4385/4385
f  4386/4386/4386 4387/4387/4387 4388/4388/4388
f  4389/4389/4389 4388/4388/4388 4387/4387/4387
f  4389/4389/4389 4390/4390/4390 4388/4388/4388
f  4391/4391/4391 4390/4390/4390 4389/4389/4389
f  4390/4390/4390 4391/4391/4391 4392/4392/4392
f  4393/4393/4393 4394/4394/4394 4395/4395/4395
f  4393/4393/4393 4396/4396/4396 4394/4394/4394
f  4393/4393/4393 4397/4397/4397 4396/4396/4396
f  4397/4397/4397 4398/4398/4398 4396/4396/4396
f  4399/4399/4399 4400/4400/4400 4401/4401/4401
f  4400/4400/4400 4399/4399/4399 4402/4402/4402
f  4402/4402/4402 4403/4403/4403 4400/4400/4400
f  4403/4403/4403 4402/4402/4402 4404/4404/4404
f  4405/4405/4405 4403/4403/4403 4404/4404/4404
f  4405/4405/4405 4406/4406/4406 4403/4403/4403
f  4405/4405/4405 4407/4407/4407 4406/4406/4406
f  4407/4407/4407 4405/4405/4405 4408/4408/4408
f  4409/4409/4409 4407/4407/4407 4408/4408/4408
f  4409/4409/4409 4410/4410/4410 4407/4407/4407
f  4411/4411/4411 4410/4410/4410 4409/4409/4409
f  4412/4412/4412 4410/4410/4410 4411/4411/4411
f  4413/4413/4413 4412/4412/4412 4411/4411/4411
f  4414/4414/4414 4412/4412/4412 4413/4413/4413
f  4414/4414/4414 4413/4413/4413 4415/4415/4415
f  4416/4416/4416 4414/4414/4414 4415/4415/4415
f  4417/4417/4417 4416/4416/4416 4415/4415/4415
f  4418/4418/4418 4416/4416/4416 4417/4417/4417
f  4419/4419/4419 4420/4420/4420 4421/4421/4421
f  4422/4422/4422 4419/4419/4419 4421/4421/4421
f  4422/4422/4422 4421/4421/4421 4423/4423/4423
f  4423/4423/4423 4424/4424/4424 4422/4422/4422
f  4425/4425/4425 4426/4426/4426 4427/4427/4427
f  4428/4428/4428 4426/4426/4426 4425/4425/4425
f  4428/4428/4428 4429/4429/4429 4426/4426/4426
f  4429/4429/4429 4428/4428/4428 4430/4430/4430
f  4430/4430/4430 4431/4431/4431 4429/4429/4429
f  4431/4431/4431 4430/4430/4430 4432/4432/4432
f  4432/4432/4432 4433/4433/4433 4431/4431/4431
f  4434/4434/4434 4433/4433/4433 4432/4432/4432
f  4434/4434/4434 4435/4435/4435 4433/4433/4433
f  4435/4435/4435 4434/4434/4434 4436/4436/4436
f  4437/4437/4437 4438/4438/4438 4439/4439/4439
f  4438/4438/4438 4437/4437/4437 4440/4440/4440
f  4438/4438/4438 4440/4440/4440 4441/4441/4441
f  4440/4440/4440 4437/4437/4437 4442/4442/4442
f  4437/4437/4437 4443/4443/4443 4442/4442/4442
f  4442/4442/4442 4444/4444/4444 4440/4440/4440
f  4440/4440/4440 4444/4444/4444 4445/4445/4445
f  4446/4446/4446 4447/4447/4447 4448/4448/4448
f  4447/4447/4447 4446/4446/4446 4449/4449/4449
f  4450/4450/4450 4449/4449/4449 4446/4446/4446
f  4449/4449/4449 4450/4450/4450 4451/4451/4451
f  4452/4452/4452 4451/4451/4451 4450/4450/4450
f  4452/4452/4452 4450/4450/4450 4453/4453/4453
f  4453/4453/4453 4454/4454/4454 4452/4452/4452
f  4454/4454/4454 4453/4453/4453 4455/4455/4455
f  4456/4456/4456 4457/4457/4457 4458/4458/4458
f  4458/4458/4458 4457/4457/4457 4459/4459/4459
f  4460/4460/4460 4458/4458/4458 4459/4459/4459
f  4460/4460/4460 4459/4459/4459 4461/4461/4461
f  4462/4462/4462 4463/4463/4463 4464/4464/4464
f  4465/4465/4465 4463/4463/4463 4462/4462/4462
f  254/254/254 4465/4465/4465 4462/4462/4462
f  4465/4465/4465 254/254/254 256/256/256
f  4152/4152/4152 4153/4153/4153 4155/4155/4155
f  4466/4466/4466 4155/4155/4155 4153/4153/4153
f  4155/4155/4155 4466/4466/4466 4467/4467/4467
f  4467/4467/4467 4154/4154/4154 4155/4155/4155
f  4468/4468/4468 4150/4150/4150 4154/4154/4154
f  4154/4154/4154 4469/4469/4469 4468/4468/4468
f  4154/4154/4154 4467/4467/4467 4469/4469/4469
f  4150/4150/4150 4468/4468/4468 4470/4470/4470
f  4467/4467/4467 4471/4471/4471 4469/4469/4469
f  4471/4471/4471 4467/4467/4467 4466/4466/4466
f  4472/4472/4472 4470/4470/4470 4468/4468/4468
f  4468/4468/4468 4473/4473/4473 4472/4472/4472
f  4468/4468/4468 4469/4469/4469 4473/4473/4473
f  4474/4474/4474 4469/4469/4469 4471/4471/4471
f  4469/4469/4469 4474/4474/4474 4473/4473/4473
f  4470/4470/4470 4472/4472/4472 4475/4475/4475
f  4476/4476/4476 4475/4475/4475 4472/4472/4472
f  4477/4477/4477 4476/4476/4476 4472/4472/4472
f  4473/4473/4473 4477/4477/4477 4472/4472/4472
f  4474/4474/4474 4478/4478/4478 4473/4473/4473
f  4477/4477/4477 4473/4473/4473 4478/4478/4478
f  4478/4478/4478 4476/4476/4476 4477/4477/4477
f  4478/4478/4478 4474/4474/4474 4479/4479/4479
f  4476/4476/4476 4478/4478/4478 4479/4479/4479
f  4480/4480/4480 4481/4481/4481 4482/4482/4482
f  4483/4483/4483 4482/4482/4482 4481/4481/4481
f  4482/4482/4482 4484/4484/4484 4480/4480/4480
f  4485/4485/4485 4484/4484/4484 4482/4482/4482
f  4482/4482/4482 4483/4483/4483 4485/4485/4485
f  4486/4486/4486 4485/4485/4485 4483/4483/4483
f  4485/4485/4485 4486/4486/4486 4487/4487/4487
f  4487/4487/4487 4484/4484/4484 4485/4485/4485
f  4488/4488/4488 4480/4480/4480 4484/4484/4484
f  4484/4484/4484 4489/4489/4489 4488/4488/4488
f  4484/4484/4484 4487/4487/4487 4489/4489/4489
f  4480/4480/4480 4488/4488/4488 4490/4490/4490
f  4487/4487/4487 4491/4491/4491 4489/4489/4489
f  4491/4491/4491 4487/4487/4487 4486/4486/4486
f  4492/4492/4492 4490/4490/4490 4488/4488/4488
f  4488/4488/4488 4493/4493/4493 4492/4492/4492
f  4488/4488/4488 4489/4489/4489 4493/4493/4493
f  4494/4494/4494 4489/4489/4489 4491/4491/4491
f  4489/4489/4489 4494/4494/4494 4493/4493/4493
f  4490/4490/4490 4492/4492/4492 4495/4495/4495
f  4496/4496/4496 4495/4495/4495 4492/4492/4492
f  4497/4497/4497 4496/4496/4496 4492/4492/4492
f  4493/4493/4493 4497/4497/4497 4492/4492/4492
f  4494/4494/4494 4498/4498/4498 4493/4493/4493
f  4497/4497/4497 4493/4493/4493 4498/4498/4498
f  4498/4498/4498 4496/4496/4496 4497/4497/4497
f  4498/4498/4498 4494/4494/4494 4499/4499/4499
f  4496/4496/4496 4498/4498/4498 4499/4499/4499
f  4500/4500/4500 4501/4501/4501 4502/4502/4502
f  4503/4503/4503 4502/4502/4502 4501/4501/4501
f  4502/4502/4502 4504/4504/4504 4500/4500/4500
f  4505/4505/4505 4504/4504/4504 4502/4502/4502
f  4502/4502/4502 4503/4503/4503 4505/4505/4505
f  4506/4506/4506 4505/4505/4505 4503/4503/4503
f  4505/4505/4505 4506/4506/4506 4507/4507/4507
f  4507/4507/4507 4504/4504/4504 4505/4505/4505
f  4508/4508/4508 4500/4500/4500 4504/4504/4504
f  4504/4504/4504 4509/4509/4509 4508/4508/4508
f  4504/4504/4504 4507/4507/4507 4509/4509/4509
f  4500/4500/4500 4508/4508/4508 4510/4510/4510
f  4507/4507/4507 4511/4511/4511 4509/4509/4509
f  4511/4511/4511 4507/4507/4507 4506/4506/4506
f  4512/4512/4512 4510/4510/4510 4508/4508/4508
f  4508/4508/4508 4513/4513/4513 4512/4512/4512
f  4508/4508/4508 4509/4509/4509 4513/4513/4513
f  4514/4514/4514 4509/4509/4509 4511/4511/4511
f  4509/4509/4509 4514/4514/4514 4513/4513/4513
f  4510/4510/4510 4512/4512/4512 4515/4515/4515
f  4516/4516/4516 4515/4515/4515 4512/4512/4512
f  4517/4517/4517 4516/4516/4516 4512/4512/4512
f  4513/4513/4513 4517/4517/4517 4512/4512/4512
f  4514/4514/4514 4518/4518/4518 4513/4513/4513
f  4517/4517/4517 4513/4513/4513 4518/4518/4518
f  4518/4518/4518 4516/4516/4516 4517/4517/4517
f  4518/4518/4518 4514/4514/4514 4519/4519/4519
f  4516/4516/4516 4518/4518/4518 4519/4519/4519
f  4520/4520/4520 4521/4521/4521 4522/4522/4522
f  4522/4522/4522 4523/4523/4523 4520/4520/4520
f  4520/4520/4520 4524/4524/4524 4521/4521/4521
f  4525/4525/4525 4520/4520/4520 4523/4523/4523
f  4526/4526/4526 4521/4521/4521 4524/4524/4524
f  4525/4525/4525 4523/4523/4523 4527/4527/4527
f  4528/4528/4528 4526/4526/4526 4524/4524/4524
f  4526/4526/4526 4528/4528/4528 4529/4529/4529
f  4530/4530/4530 4525/4525/4525 4527/4527/4527
f  4525/4525/4525 4530/4530/4530 4531/4531/4531
f  4528/4528/4528 4532/4532/4532 4529/4529/4529
f  4528/4528/4528 4533/4533/4533 4532/4532/4532
f  4530/4530/4530 4534/4534/4534 4531/4531/4531
f  4535/4535/4535 4532/4532/4532 4533/4533/4533
f  4536/4536/4536 4531/4531/4531 4534/4534/4534
f  4531/4531/4531 4536/4536/4536 4537/4537/4537
f  4535/4535/4535 4533/4533/4533 4538/4538/4538
f  4538/4538/4538 4533/4533/4533 4539/4539/4539
f  4536/4536/4536 4540/4540/4540 4537/4537/4537
f  4537/4537/4537 4540/4540/4540 4541/4541/4541
f  4542/4542/4542 4538/4538/4538 4539/4539/4539
f  4543/4543/4543 4542/4542/4542 4539/4539/4539
f  4540/4540/4540 4544/4544/4544 4541/4541/4541
f  4542/4542/4542 4543/4543/4543 4545/4545/4545
f  4546/4546/4546 4541/4541/4541 4544/4544/4544
f  4541/4541/4541 4546/4546/4546 4547/4547/4547
f  4545/4545/4545 4543/4543/4543 4548/4548/4548
f  4548/4548/4548 4543/4543/4543 4549/4549/4549
f  4547/4547/4547 4550/4550/4550 4549/4549/4549
f  4550/4550/4550 4548/4548/4548 4549/4549/4549
f  4546/4546/4546 4551/4551/4551 4547/4547/4547
f  4550/4550/4550 4547/4547/4547 4551/4551/4551
f  4552/4552/4552 4553/4553/4553 4554/4554/4554
f  4555/4555/4555 4552/4552/4552 4554/4554/4554
f  4553/4553/4553 4552/4552/4552 4556/4556/4556
f  4557/4557/4557 4556/4556/4556 4552/4552/4552
f  4552/4552/4552 4555/4555/4555 4557/4557/4557
f  4558/4558/4558 4553/4553/4553 4556/4556/4556
f  4559/4559/4559 4557/4557/4557 4555/4555/4555
f  4557/4557/4557 4559/4559/4559 4560/4560/4560
f  4560/4560/4560 4556/4556/4556 4557/4557/4557
f  4558/4558/4558 4556/4556/4556 4561/4561/4561
f  4562/4562/4562 4556/4556/4556 4560/4560/4560
f  4562/4562/4562 4561/4561/4561 4556/4556/4556
f  4563/4563/4563 4560/4560/4560 4559/4559/4559
f  4560/4560/4560 4563/4563/4563 4562/4562/4562
f  4564/4564/4564 4558/4558/4558 4561/4561/4561
f  4561/4561/4561 4565/4565/4565 4564/4564/4564
f  4562/4562/4562 4565/4565/4565 4561/4561/4561
f  4563/4563/4563 4566/4566/4566 4562/4562/4562
f  4565/4565/4565 4562/4562/4562 4566/4566/4566
f  4567/4567/4567 4564/4564/4564 4565/4565/4565
f  4566/4566/4566 4567/4567/4567 4565/4565/4565
f  4566/4566/4566 4563/4563/4563 4568/4568/4568
f  4569/4569/4569 4566/4566/4566 4568/4568/4568
f  4567/4567/4567 4566/4566/4566 4569/4569/4569
f  4569/4569/4569 4570/4570/4570 4567/4567/4567
f  4564/4564/4564 4567/4567/4567 4570/4570/4570
f  4568/4568/4568 4571/4571/4571 4569/4569/4569
f  4570/4570/4570 4569/4569/4569 4571/4571/4571
f  4572/4572/4572 4573/4573/4573 4574/4574/4574
f  4573/4573/4573 4575/4575/4575 4574/4574/4574
f  4573/4573/4573 4572/4572/4572 4576/4576/4576
f  4577/4577/4577 4576/4576/4576 4572/4572/4572
f  4573/4573/4573 4578/4578/4578 4575/4575/4575
f  4579/4579/4579 4578/4578/4578 4573/4573/4573
f  4576/4576/4576 4579/4579/4579 4573/4573/4573
f  4576/4576/4576 4577/4577/4577 4580/4580/4580
f  4576/4576/4576 4580/4580/4580 4579/4579/4579
f  4581/4581/4581 4575/4575/4575 4578/4578/4578
f  4578/4578/4578 4579/4579/4579 4581/4581/4581
f  4577/4577/4577 4582/4582/4582 4580/4580/4580
f  4579/4579/4579 4580/4580/4580 4582/4582/4582
f  4575/4575/4575 4581/4581/4581 4583/4583/4583
f  4584/4584/4584 4583/4583/4583 4581/4581/4581
f  4581/4581/4581 4579/4579/4579 4584/4584/4584
f  4582/4582/4582 4577/4577/4577 4585/4585/4585
f  4586/4586/4586 4582/4582/4582 4585/4585/4585
f  4582/4582/4582 4586/4586/4586 4587/4587/4587
f  4587/4587/4587 4579/4579/4579 4582/4582/4582
f  4584/4584/4584 4579/4579/4579 4588/4588/4588
f  4579/4579/4579 4587/4587/4587 4589/4589/4589
f  4588/4588/4588 4579/4579/4579 4589/4589/4589
f  4586/4586/4586 4589/4589/4589 4587/4587/4587
f  4583/4583/4583 4584/4584/4584 4590/4590/4590
f  4588/4588/4588 4591/4591/4591 4584/4584/4584
f  4584/4584/4584 4591/4591/4591 4590/4590/4590
f  4591/4591/4591 4588/4588/4588 4592/4592/4592
f  4588/4588/4588 4589/4589/4589 4592/4592/4592
f  4589/4589/4589 4586/4586/4586 4592/4592/4592

g
v  -12.655730 83.644737 50.998287
v  13.584789 84.098778 50.401669
v  13.584789 83.644737 50.998287
v  -12.655730 84.098778 50.401669
v  13.584789 84.842461 50.496571
v  -12.655730 84.842461 50.496571
v  13.584789 85.132095 51.188057
v  -12.655730 85.132095 51.188057
v  13.584789 84.678108 51.784676
v  -12.655730 84.678108 51.784676
v  13.584789 83.934402 51.689785
v  -12.655730 83.934402 51.689785
v  13.584789 83.644737 50.998287
v  -12.655730 83.644737 50.998287
v  -13.906674 80.485817 49.825180
v  -13.897795 80.827156 49.993408
v  -13.888920 81.226219 49.755444
v  -13.906668 80.450668 49.991539
v  -13.903377 79.313210 49.360214
v  -13.903372 79.137444 49.705673
v  -13.694632 78.848724 49.164734
v  -13.694626 78.647041 49.589653
v  -13.190664 78.443886 49.541561
v  -13.190670 78.656319 49.083740
v  14.869167 80.827156 49.993408
v  14.860299 80.485817 49.825180
v  14.878042 81.226219 49.755444
v  14.860293 80.450668 49.991539
v  14.863621 79.313210 49.360214
v  14.863616 79.137444 49.705673
v  14.654878 78.848724 49.164734
v  14.654872 78.647041 49.589653
v  14.150908 78.443886 49.541561
v  14.150914 78.656319 49.083740
v  -13.888920 81.226219 49.755444
v  14.869167 80.827156 49.993408
v  14.878042 81.226219 49.755444
v  -13.897795 80.827156 49.993408
v  14.860293 80.450668 49.991539
v  -13.906668 80.450668 49.991539
v  -13.903372 79.137444 49.705673
v  14.863616 79.137444 49.705673
v  -13.694626 78.647041 49.589653
v  14.654872 78.647041 49.589653
v  14.150908 78.443886 49.541561
v  -13.190664 78.443886 49.541561
v  14.150908 78.443886 49.541561
v  -13.190664 78.443886 49.541561
v  -13.190670 78.656319 49.083740
v  14.150914 78.656319 49.083740
v  -36.324657 39.840378 31.176886
v  -36.324657 39.840378 29.827034
v  -36.324657 39.450706 30.501965
v  -36.324657 40.619720 29.827023
v  -36.324657 41.009392 30.501965
v  -36.324657 40.619720 31.176895
v  36.324665 40.619720 31.176891
v  -36.324657 41.009392 30.501965
v  -36.324657 40.619720 31.176895
v  36.324665 41.009399 30.501955
v  -36.324657 40.619720 29.827023
v  36.324665 40.619720 29.827023
v  -36.324657 39.840378 29.827034
v  36.324665 39.840378 29.827026
v  36.324665 39.450706 30.501959
v  -36.324657 39.450706 30.501965
v  -36.324657 39.840378 31.176886
v  36.324665 39.840378 31.176889
v  -36.324657 40.619720 31.176895
v  36.324665 40.619720 31.176891
v  36.324665 40.619720 29.827023
v  36.324665 39.450706 30.501959
v  36.324665 39.840378 29.827026
v  36.324665 39.840378 31.176889
v  36.324665 40.619720 31.176891
v  36.324665 41.009399 30.501955
v  14.324715 83.824326 52.045429
v  12.932875 80.356377 49.381031
v  14.841684 80.359360 49.378708
v  13.399725 83.824326 52.045429
v  14.253222 84.497818 52.253620
v  13.462858 84.497818 52.253620
v  14.201153 85.144791 52.025421
v  13.507674 85.144791 52.025421
v  14.191095 85.505409 51.409275
v  13.514580 85.505409 51.409275
v  13.482770 85.411186 50.758755
v  14.225204 85.411186 50.758755
v  13.063936 82.874069 47.530670
v  14.685715 82.874069 47.530670
v  14.685715 82.874069 47.530670
v  14.324715 83.824326 52.045429
v  14.841684 80.359360 49.378708
v  14.225204 85.411186 50.758755
v  14.253222 84.497818 52.253620
v  14.191095 85.505409 51.409275
v  14.201153 85.144791 52.025421
v  12.932875 80.356377 49.381031
v  13.399725 83.824326 52.045429
v  13.063936 82.874069 47.530670
v  13.482770 85.411186 50.758755
v  13.462858 84.497818 52.253620
v  13.514580 85.505409 51.409275
v  13.507674 85.144791 52.025421
v  -11.978967 80.356377 49.381031
v  -13.376570 83.824326 52.045429
v  -13.887776 80.359360 49.378708
v  -12.451581 83.824326 52.045429
v  -13.305077 84.497818 52.253620
v  -12.514713 84.497818 52.253620
v  -13.253008 85.144791 52.025421
v  -12.559530 85.144791 52.025421
v  -13.242952 85.505409 51.409275
v  -12.566434 85.505409 51.409275
v  -12.534627 85.411186 50.758755
v  -13.277060 85.411186 50.758755
v  -12.110027 82.874069 47.530670
v  -13.731806 82.874069 47.530670
v  -13.376570 83.824326 52.045429
v  -13.731806 82.874069 47.530670
v  -13.887776 80.359360 49.378708
v  -13.277060 85.411186 50.758755
v  -13.305077 84.497818 52.253620
v  -13.242952 85.505409 51.409275
v  -13.253008 85.144791 52.025421
v  -12.110027 82.874069 47.530670
v  -12.451581 83.824326 52.045429
v  -11.978967 80.356377 49.381031
v  -12.534627 85.411186 50.758755
v  -12.514713 84.497818 52.253620
v  -12.566434 85.505409 51.409275
v  -12.559530 85.144791 52.025421
v  -38.319313 39.726433 31.438604
v  38.319313 39.726433 31.438604
v  -38.319313 60.592270 41.239891
v  38.319313 60.592270 41.239891
v  38.304295 80.256569 49.822678
v  -38.334328 80.257294 49.822983
v  38.304295 80.775330 49.926739
v  -38.334328 80.775330 49.926739
v  -38.334328 81.223824 49.754066
v  38.304295 81.223824 49.754066
v  38.301235 82.188499 48.488113
v  -38.337345 82.188499 48.488113
v  -38.319180 83.550735 47.982372
v  38.319145 83.550735 47.982372
v  38.305454 85.355629 48.078217
v  -38.331974 85.355629 48.078217
v  38.296608 86.008156 46.765945
v  -38.342442 86.008156 46.765945
v  -38.331974 85.355629 48.078217
v  -38.342442 86.008156 46.765945
v  -38.319008 41.139595 28.146856
v  -38.319180 83.550735 47.982372
v  -38.319313 39.726433 31.438604
v  -38.337345 82.188499 48.488113
v  -38.319313 60.592270 41.239891
v  -38.334328 81.223824 49.754066
v  -38.334328 80.257294 49.822983
v  -38.334328 80.775330 49.926739
v  -38.319008 41.139595 28.146856
v  38.319008 41.139595 28.146856
v  -38.319313 39.726433 31.438604
v  38.319313 39.726433 31.438604
v  38.305454 85.355629 48.078217
v  38.319008 41.139595 28.146856
v  38.296608 86.008156 46.765945
v  38.319145 83.550735 47.982372
v  38.319313 39.726433 31.438604
v  38.301235 82.188499 48.488113
v  38.319313 60.592270 41.239891
v  38.304295 81.223824 49.754066
v  38.304295 80.256569 49.822678
v  38.304295 80.775330 49.926739
v  34.963200 47.000893 30.810669
v  34.962986 54.722286 31.307783
v  34.962116 54.504711 33.994110
v  34.963146 47.196205 30.326574
v  34.963234 53.776997 26.672813
v  34.963226 47.479359 26.973673
v  34.963234 55.121868 27.297583
v  34.963226 55.832047 30.319231
v  34.963230 53.027695 24.790981
v  34.963234 50.886185 21.230148
v  34.963230 46.109661 22.724951
v  34.963230 48.050446 18.037830
v  34.963230 43.249886 19.517265
v  34.963238 45.327526 15.912716
v  34.727131 54.720341 31.309055
v  34.726257 54.502754 33.995384
v  34.962116 54.504711 33.994110
v  34.962986 54.722286 31.307783
v  34.727371 55.830097 30.320496
v  34.963226 55.832047 30.319231
v  34.727375 55.119926 27.298855
v  34.963234 55.121868 27.297583
v  34.963234 53.776997 26.672813
v  34.727375 53.775059 26.674089
v  34.727375 53.025745 24.792252
v  34.963230 53.027695 24.790981
v  34.727371 50.884235 21.231421
v  34.963234 50.886185 21.230148
v  34.727375 48.048500 18.039093
v  34.963230 48.050446 18.037830
v  34.963238 45.327526 15.912716
v  34.727367 45.325581 15.913982
v  34.727131 54.720341 31.309055
v  34.727333 46.998951 30.811930
v  34.726257 54.502754 33.995384
v  34.727280 47.194256 30.327850
v  34.727375 53.775059 26.674089
v  34.727371 47.477409 26.974947
v  34.727375 55.119926 27.298855
v  34.727371 55.830097 30.320496
v  34.727375 53.025745 24.792252
v  34.727371 50.884235 21.231421
v  34.727371 46.107716 22.726223
v  34.727375 48.048500 18.039093
v  34.727371 43.247936 19.518532
v  34.727367 45.325581 15.913982
v  34.727333 46.998951 30.811930
v  34.727280 47.194256 30.327850
v  34.963200 47.000893 30.810669
v  34.963146 47.196205 30.326574
v  34.727371 47.477409 26.974947
v  34.963226 47.479359 26.973673
v  34.727371 46.107716 22.726223
v  34.963230 46.109661 22.724951
v  34.727371 43.247936 19.518532
v  34.963230 43.249886 19.517265
v  -34.962986 54.722286 31.307783
v  -34.963200 47.000893 30.810669
v  -34.962116 54.504711 33.994110
v  -34.963146 47.196205 30.326574
v  -34.963234 53.776997 26.672813
v  -34.963226 47.479359 26.973673
v  -34.963234 55.121868 27.297583
v  -34.963226 55.832047 30.319231
v  -34.963230 53.027695 24.790981
v  -34.963234 50.886185 21.230148
v  -34.963230 46.109661 22.724951
v  -34.963230 48.050446 18.037830
v  -34.963230 43.249886 19.517265
v  -34.963238 45.327526 15.912716
v  -34.726257 54.502754 33.995384
v  -34.727131 54.720341 31.309055
v  -34.962116 54.504711 33.994110
v  -34.962986 54.722286 31.307783
v  -34.727371 55.830097 30.320496
v  -34.963226 55.832047 30.319231
v  -34.727375 55.119926 27.298855
v  -34.963234 55.121868 27.297583
v  -34.963234 53.776997 26.672813
v  -34.727375 53.775059 26.674089
v  -34.727375 53.025745 24.792252
v  -34.963230 53.027695 24.790981
v  -34.727371 50.884235 21.231421
v  -34.963234 50.886185 21.230148
v  -34.727375 48.048500 18.039093
v  -34.963230 48.050446 18.037830
v  -34.963238 45.327526 15.912716
v  -34.727367 45.325581 15.913982
v  -34.727333 46.998951 30.811930
v  -34.727131 54.720341 31.309055
v  -34.726257 54.502754 33.995384
v  -34.727280 47.194256 30.327850
v  -34.727375 53.775059 26.674089
v  -34.727371 47.477409 26.974947
v  -34.727375 55.119926 27.298855
v  -34.727371 55.830097 30.320496
v  -34.727375 53.025745 24.792252
v  -34.727371 50.884235 21.231421
v  -34.727371 46.107716 22.726223
v  -34.727375 48.048500 18.039093
v  -34.727371 43.247936 19.518532
v  -34.727367 45.325581 15.913982
v  -34.727280 47.194256 30.327850
v  -34.727333 46.998951 30.811930
v  -34.963200 47.000893 30.810669
v  -34.963146 47.196205 30.326574
v  -34.727371 47.477409 26.974947
v  -34.963226 47.479359 26.973673
v  -34.727371 46.107716 22.726223
v  -34.963230 46.109661 22.724951
v  -34.727371 43.247936 19.518532
v  -34.963230 43.249886 19.517265
v  -38.319008 41.139595 28.146856
v  -38.342442 86.008156 46.765945
v  -28.870157 79.109665 44.000851
v  -26.820141 81.003036 44.800613
v  38.296608 86.008156 46.765945
v  -28.781662 47.104984 30.482050
v  -27.628910 78.693604 42.817318
v  -27.606260 48.220036 30.020803
v  -26.721174 45.211826 29.682377
v  38.319008 41.139595 28.146856
v  -25.575066 80.588669 43.613098
v  26.855200 81.003036 44.800613
v  28.915648 79.109665 44.000851
v  -25.549603 46.325188 29.225111
v  25.700253 80.588669 43.613098
v  27.756872 78.693604 42.817318
v  26.953384 45.211826 29.682377
v  25.724983 46.325188 29.225111
v  29.003445 47.104984 30.482050
v  27.778868 48.220036 30.020803

vt  0.567383 -0.800781 0.000000
vt  0.563477 -0.924316 0.000000
vt  0.567383 -0.924316 0.000000
vt  0.563477 -0.800781 0.000000
vt  0.560059 -0.924316 0.000000
vt  0.560059 -0.800781 0.000000
vt  0.556641 -0.924316 0.000000
vt  0.556641 -0.800781 0.000000
vt  0.553223 -0.924316 0.000000
vt  0.553223 -0.800781 0.000000
vt  0.549316 -0.924316 0.000000
vt  0.549316 -0.800781 0.000000
vt  0.545898 -0.924316 0.000000
vt  0.545898 -0.800781 0.000000
vt  0.615234 -0.312988 0.000000
vt  0.613281 -0.312744 0.000000
vt  0.611816 -0.314209 0.000000
vt  0.615234 -0.312256 0.000000
vt  0.621582 -0.313965 0.000000
vt  0.622070 -0.312256 0.000000
vt  0.624023 -0.314697 0.000000
vt  0.625000 -0.312988 0.000000
vt  0.626953 -0.314453 0.000000
vt  0.625488 -0.316162 0.000000
vt  0.632324 -0.311768 0.000000
vt  0.634277 -0.311523 0.000000
vt  0.630859 -0.310303 0.000000
vt  0.634277 -0.312256 0.000000
vt  0.640625 -0.310303 0.000000
vt  0.641113 -0.312256 0.000000
vt  0.643066 -0.309814 0.000000
vt  0.644043 -0.311768 0.000000
vt  0.645996 -0.311035 0.000000
vt  0.645508 -0.309082 0.000000
vt  0.631836 -0.456543 0.000000
vt  0.634766 -0.317383 0.000000
vt  0.631836 -0.317383 0.000000
vt  0.634766 -0.456543 0.000000
vt  0.636719 -0.317383 0.000000
vt  0.636719 -0.456543 0.000000
vt  0.643066 -0.456543 0.000000
vt  0.643066 -0.317383 0.000000
vt  0.645020 -0.455322 0.000000
vt  0.645020 -0.318359 0.000000
vt  0.645996 -0.320801 0.000000
vt  0.645996 -0.452881 0.000000
vt  0.648438 -0.320801 0.000000
vt  0.648438 -0.452881 0.000000
vt  0.652344 -0.452881 0.000000
vt  0.652344 -0.320801 0.000000
vt  0.601563 -0.791016 0.000000
vt  0.607422 -0.787598 0.000000
vt  0.603516 -0.787598 0.000000
vt  0.609375 -0.791016 0.000000
vt  0.607422 -0.794922 0.000000
vt  0.603516 -0.794922 0.000000
vt  0.633789 -0.746094 0.000000
vt  0.994629 -0.749512 0.000000
vt  0.994629 -0.746094 0.000000
vt  0.633789 -0.749512 0.000000
vt  0.994629 -0.753418 0.000000
vt  0.633789 -0.753418 0.000000
vt  0.994629 -0.757324 0.000000
vt  0.633789 -0.757324 0.000000
vt  0.633789 -0.761230 0.000000
vt  0.994629 -0.761230 0.000000
vt  0.994629 -0.765137 0.000000
vt  0.633789 -0.765137 0.000000
vt  0.994629 -0.769043 0.000000
vt  0.633789 -0.769043 0.000000
vt  0.609375 -0.791016 0.000000
vt  0.603516 -0.794922 0.000000
vt  0.607422 -0.794922 0.000000
vt  0.601563 -0.791016 0.000000
vt  0.603516 -0.787598 0.000000
vt  0.607422 -0.787598 0.000000
vt  0.539551 -0.968750 0.000000
vt  0.562500 -0.976074 0.000000
vt  0.562500 -0.965820 0.000000
vt  0.539551 -0.973633 0.000000
vt  0.536133 -0.969238 0.000000
vt  0.536133 -0.973145 0.000000
vt  0.532715 -0.969727 0.000000
vt  0.532715 -0.973145 0.000000
vt  0.529297 -0.969727 0.000000
vt  0.529297 -0.972656 0.000000
vt  0.526367 -0.973145 0.000000
vt  0.526367 -0.969727 0.000000
vt  0.509277 -0.974609 0.000000
vt  0.509277 -0.967773 0.000000
vt  0.575195 -0.979004 0.000000
vt  0.556641 -0.991699 0.000000
vt  0.577637 -0.994141 0.000000
vt  0.555176 -0.981934 0.000000
vt  0.553711 -0.990234 0.000000
vt  0.552734 -0.983887 0.000000
vt  0.552246 -0.987305 0.000000
vt  0.577637 -0.994141 0.000000
vt  0.556641 -0.991699 0.000000
vt  0.575195 -0.979004 0.000000
vt  0.555176 -0.981934 0.000000
vt  0.553711 -0.990234 0.000000
vt  0.552734 -0.983887 0.000000
vt  0.552246 -0.987305 0.000000
vt  0.509277 -0.967773 0.000000
vt  0.526367 -0.973145 0.000000
vt  0.509277 -0.974609 0.000000
vt  0.526367 -0.969727 0.000000
vt  0.529297 -0.972656 0.000000
vt  0.529297 -0.969727 0.000000
vt  0.532715 -0.973145 0.000000
vt  0.532715 -0.969727 0.000000
vt  0.536133 -0.973145 0.000000
vt  0.536133 -0.969238 0.000000
vt  0.539551 -0.968750 0.000000
vt  0.539551 -0.973633 0.000000
vt  0.562500 -0.965820 0.000000
vt  0.562500 -0.975586 0.000000
vt  0.525391 -0.995117 0.000000
vt  0.542480 -0.980469 0.000000
vt  0.546387 -0.995117 0.000000
vt  0.522949 -0.985352 0.000000
vt  0.521973 -0.993652 0.000000
vt  0.520508 -0.987793 0.000000
vt  0.520508 -0.991211 0.000000
vt  0.542480 -0.980469 0.000000
vt  0.525391 -0.995117 0.000000
vt  0.546387 -0.995117 0.000000
vt  0.522949 -0.985352 0.000000
vt  0.521973 -0.993652 0.000000
vt  0.520508 -0.987793 0.000000
vt  0.520508 -0.991211 0.000000
vt  0.004021 -0.262451 0.000000
vt  0.388672 -0.262451 0.000000
vt  0.004021 -0.146729 0.000000
vt  0.388672 -0.146729 0.000000
vt  0.388672 -0.040253 0.000000
vt  0.004021 -0.040253 0.000000
vt  0.388672 -0.037628 0.000000
vt  0.004021 -0.037628 0.000000
vt  0.004021 -0.035248 0.000000
vt  0.388672 -0.035248 0.000000
vt  0.388672 -0.027344 0.000000
vt  0.004021 -0.027344 0.000000
vt  0.004021 -0.020126 0.000000
vt  0.388672 -0.020126 0.000000
vt  0.388672 -0.011154 0.000000
vt  0.004021 -0.011154 0.000000
vt  0.388672 -0.003878 0.000000
vt  0.004021 -0.003878 0.000000
vt  0.409424 -0.286377 0.000000
vt  0.416504 -0.285889 0.000000
vt  0.413574 -0.527344 0.000000
vt  0.406250 -0.294922 0.000000
vt  0.395996 -0.527344 0.000000
vt  0.401367 -0.300049 0.000000
vt  0.392090 -0.412842 0.000000
vt  0.393555 -0.302002 0.000000
vt  0.391357 -0.306152 0.000000
vt  0.391846 -0.303711 0.000000
vt  0.385010 -0.517578 0.000000
vt  0.004528 -0.517578 0.000000
vt  0.385010 -0.535645 0.000000
vt  0.004528 -0.535645 0.000000
vt  0.409424 -0.286377 0.000000
vt  0.413574 -0.527344 0.000000
vt  0.416504 -0.285889 0.000000
vt  0.406250 -0.294922 0.000000
vt  0.395996 -0.527344 0.000000
vt  0.401367 -0.300049 0.000000
vt  0.392090 -0.412842 0.000000
vt  0.393555 -0.302002 0.000000
vt  0.391357 -0.306152 0.000000
vt  0.391846 -0.303711 0.000000
vt  0.547363 -0.083618 0.000000
vt  0.511230 -0.070923 0.000000
vt  0.506836 -0.083618 0.000000
vt  0.547363 -0.080994 0.000000
vt  0.524414 -0.051575 0.000000
vt  0.552734 -0.065125 0.000000
vt  0.517090 -0.051819 0.000000
vt  0.507813 -0.064270 0.000000
vt  0.531738 -0.044434 0.000000
vt  0.548340 -0.032288 0.000000
vt  0.567383 -0.048401 0.000000
vt  0.567383 -0.023209 0.000000
vt  0.586426 -0.039276 0.000000
vt  0.583984 -0.018768 0.000000
vt  0.106262 -0.996094 0.000000
vt  0.119080 -0.996094 0.000000
vt  0.119080 -0.992676 0.000000
vt  0.106262 -0.992676 0.000000
vt  0.099304 -0.996094 0.000000
vt  0.099304 -0.992676 0.000000
vt  0.084595 -0.996094 0.000000
vt  0.084595 -0.992676 0.000000
vt  0.077332 -0.992676 0.000000
vt  0.077332 -0.996094 0.000000
vt  0.067139 -0.996094 0.000000
vt  0.067139 -0.992676 0.000000
vt  0.045654 -0.996094 0.000000
vt  0.045654 -0.992676 0.000000
vt  0.023407 -0.996094 0.000000
vt  0.023407 -0.992676 0.000000
vt  0.005436 -0.992676 0.000000
vt  0.005436 -0.996094 0.000000
vt  0.511230 -0.070923 0.000000
vt  0.547363 -0.083618 0.000000
vt  0.506836 -0.083618 0.000000
vt  0.547363 -0.080994 0.000000
vt  0.524414 -0.051575 0.000000
vt  0.552734 -0.065125 0.000000
vt  0.517090 -0.051819 0.000000
vt  0.507813 -0.064270 0.000000
vt  0.531738 -0.044434 0.000000
vt  0.548340 -0.032288 0.000000
vt  0.567383 -0.048401 0.000000
vt  0.567383 -0.023209 0.000000
vt  0.586426 -0.039276 0.000000
vt  0.583984 -0.018768 0.000000
vt  0.190430 -0.992676 0.000000
vt  0.188110 -0.992676 0.000000
vt  0.190430 -0.996094 0.000000
vt  0.188110 -0.996094 0.000000
vt  0.173706 -0.992676 0.000000
vt  0.173706 -0.996094 0.000000
vt  0.150269 -0.992676 0.000000
vt  0.150269 -0.996094 0.000000
vt  0.126709 -0.992676 0.000000
vt  0.126709 -0.996094 0.000000
vt  0.511230 -0.070923 0.000000
vt  0.547363 -0.083618 0.000000
vt  0.506836 -0.083618 0.000000
vt  0.547363 -0.080994 0.000000
vt  0.524414 -0.051575 0.000000
vt  0.552734 -0.065125 0.000000
vt  0.517090 -0.051819 0.000000
vt  0.507813 -0.064270 0.000000
vt  0.531738 -0.044434 0.000000
vt  0.548340 -0.032288 0.000000
vt  0.567383 -0.048401 0.000000
vt  0.567383 -0.023209 0.000000
vt  0.586426 -0.039276 0.000000
vt  0.583984 -0.018768 0.000000
vt  0.119080 -0.996094 0.000000
vt  0.106262 -0.996094 0.000000
vt  0.119080 -0.992676 0.000000
vt  0.106262 -0.992676 0.000000
vt  0.099304 -0.996094 0.000000
vt  0.099304 -0.992676 0.000000
vt  0.084595 -0.996094 0.000000
vt  0.084595 -0.992676 0.000000
vt  0.077332 -0.992676 0.000000
vt  0.077332 -0.996094 0.000000
vt  0.067139 -0.996094 0.000000
vt  0.067139 -0.992676 0.000000
vt  0.045654 -0.996094 0.000000
vt  0.045654 -0.992676 0.000000
vt  0.023407 -0.996094 0.000000
vt  0.023407 -0.992676 0.000000
vt  0.005436 -0.992676 0.000000
vt  0.005436 -0.996094 0.000000
vt  0.547363 -0.083618 0.000000
vt  0.511230 -0.070923 0.000000
vt  0.506836 -0.083618 0.000000
vt  0.547363 -0.080994 0.000000
vt  0.524414 -0.051575 0.000000
vt  0.552734 -0.065125 0.000000
vt  0.517090 -0.051819 0.000000
vt  0.507813 -0.064270 0.000000
vt  0.531738 -0.044434 0.000000
vt  0.548340 -0.032288 0.000000
vt  0.567383 -0.048401 0.000000
vt  0.567383 -0.023209 0.000000
vt  0.586426 -0.039276 0.000000
vt  0.583984 -0.018768 0.000000
vt  0.188110 -0.992676 0.000000
vt  0.190430 -0.992676 0.000000
vt  0.190430 -0.996094 0.000000
vt  0.188110 -0.996094 0.000000
vt  0.173706 -0.992676 0.000000
vt  0.173706 -0.996094 0.000000
vt  0.150269 -0.992676 0.000000
vt  0.150269 -0.996094 0.000000
vt  0.126709 -0.992676 0.000000
vt  0.126709 -0.996094 0.000000
vt  0.386719 -0.511230 0.000000
vt  0.386963 -0.267334 0.000000
vt  0.340088 -0.305176 0.000000
vt  0.329102 -0.293945 0.000000
vt  0.004162 -0.267334 0.000000
vt  0.339600 -0.478516 0.000000
vt  0.332520 -0.309814 0.000000
vt  0.332520 -0.473877 0.000000
vt  0.328613 -0.489746 0.000000
vt  0.004116 -0.511230 0.000000
vt  0.322754 -0.300049 0.000000
vt  0.061615 -0.293945 0.000000
vt  0.050598 -0.305176 0.000000
vt  0.322754 -0.483887 0.000000
vt  0.067566 -0.300049 0.000000
vt  0.057709 -0.309814 0.000000
vt  0.061096 -0.489746 0.000000
vt  0.067383 -0.483887 0.000000
vt  0.050262 -0.478516 0.000000
vt  0.057495 -0.473877 0.000000

vn  0.000000 -0.992157 -0.124996
vn  0.000000 -0.383504 -0.923539
vn  0.000000 -0.992157 -0.124996
vn  0.000000 -0.383504 -0.923539
vn  0.000000 0.602501 -0.798118
vn  0.000000 0.602501 -0.798118
vn  0.000000 0.992988 0.118213
vn  0.000000 0.992988 0.118213
vn  0.000000 0.379556 0.925169
vn  0.000000 0.379556 0.925169
vn  0.000000 -0.611224 0.791457
vn  0.000000 -0.611224 0.791457
vn  0.000000 -0.992157 -0.124996
vn  0.000000 -0.992157 -0.124996
vn  -1.000000 0.000000 0.000000
vn  -0.999878 0.015623 0.000000
vn  -0.999878 0.015623 0.000000
vn  -1.000000 0.000000 0.000000
vn  -0.989233 -0.132417 -0.062314
vn  -0.983385 -0.163898 -0.078046
vn  -0.687165 -0.655930 -0.312348
vn  -0.657818 -0.681311 -0.321078
vn  -0.007815 -0.906554 -0.422017
vn  -0.007815 -0.906554 -0.422017
vn  0.999721 -0.023615 0.000000
vn  0.999969 -0.007874 0.000000
vn  0.999721 -0.023615 0.000000
vn  1.000000 0.000000 0.000000
vn  0.989065 -0.133445 -0.062798
vn  0.983125 -0.165165 -0.078650
vn  0.683010 -0.659458 -0.314027
vn  0.653341 -0.684827 -0.322735
vn  0.000000 -0.906582 -0.422030
vn  0.000000 -0.906582 -0.422030
vn  0.000000 0.512176 0.858880
vn  0.000000 0.292419 0.956290
vn  0.000000 0.512176 0.858880
vn  0.000000 0.283017 0.959115
vn  0.000000 -0.165678 0.986180
vn  0.000000 -0.173336 0.984863
vn  0.000000 -0.220261 0.975441
vn  0.000000 -0.220261 0.975441
vn  0.000000 -0.227726 0.973725
vn  0.000000 -0.227726 0.973725
vn  0.000000 -0.227726 0.973725
vn  0.000000 -0.227726 0.973725
vn  0.000000 -0.906582 -0.422030
vn  -0.007815 -0.906554 -0.422017
vn  -0.007815 -0.906554 -0.422017
vn  0.000000 -0.906582 -0.422030
vn  -0.007857 -0.502878 0.864322
vn  -0.007804 -0.499482 -0.866289
vn  -0.007812 -0.999969 0.000000
vn  -0.007835 0.493590 -0.869659
vn  -0.007874 0.999969 0.000000
vn  -0.007888 0.496973 0.867730
vn  0.000000 0.496988 0.867757
vn  -0.007874 0.999969 0.000000
vn  -0.007888 0.496973 0.867730
vn  0.000000 1.000000 0.000000
vn  -0.007835 0.493590 -0.869659
vn  0.000000 0.493605 -0.869686
vn  -0.007804 -0.499482 -0.866289
vn  0.000000 -0.499497 -0.866316
vn  0.000000 -1.000000 0.000000
vn  -0.007812 -0.999969 0.000000
vn  -0.007857 -0.502878 0.864322
vn  0.000000 -0.502894 0.864348
vn  -0.007888 0.496973 0.867730
vn  0.000000 0.496988 0.867757
vn  0.000000 0.493605 -0.869686
vn  0.000000 -1.000000 0.000000
vn  0.000000 -0.499497 -0.866316
vn  0.000000 -0.502894 0.864348
vn  0.000000 0.496988 0.867757
vn  0.000000 1.000000 0.000000
vn  0.000000 -0.588638 0.808397
vn  0.000000 -0.615032 0.788502
vn  0.000000 -0.615032 0.788502
vn  0.000000 -0.588638 0.808397
vn  0.000000 -0.023615 0.999721
vn  0.000000 -0.023615 0.999721
vn  0.000000 0.623732 0.781638
vn  0.000000 0.623732 0.781638
vn  0.000000 0.982062 0.188556
vn  0.000000 0.982062 0.188556
vn  0.000000 0.808397 -0.588638
vn  0.000000 0.808397 -0.588638
vn  0.000000 0.784682 -0.619899
vn  0.000000 0.784682 -0.619899
vn  0.993606 0.102515 0.047315
vn  0.994379 0.094703 0.047351
vn  0.993606 0.102515 0.047315
vn  0.994379 0.094703 0.047351
vn  0.995713 0.086927 0.031610
vn  0.995713 0.086927 0.031610
vn  0.995713 0.086927 0.031610
vn  -0.995168 0.086196 0.047016
vn  -0.995168 0.086196 0.047016
vn  -0.995168 0.086196 0.047016
vn  -0.995168 0.086196 0.047016
vn  -0.997006 0.070654 0.031402
vn  -0.997006 0.070654 0.031402
vn  -0.997006 0.070654 0.031402
vn  0.000000 -0.615032 0.788502
vn  0.000000 -0.588638 0.808397
vn  0.000000 -0.615032 0.788502
vn  0.000000 -0.588638 0.808397
vn  0.000000 -0.023615 0.999721
vn  0.000000 -0.023615 0.999721
vn  0.000000 0.623732 0.781638
vn  0.000000 0.623732 0.781638
vn  0.000000 0.982062 0.188556
vn  0.000000 0.982062 0.188556
vn  0.000000 0.808397 -0.588638
vn  0.000000 0.808397 -0.588638
vn  0.000000 0.784682 -0.619899
vn  0.000000 0.784682 -0.619899
vn  -0.994466 0.093965 0.046983
vn  -0.994466 0.093965 0.046983
vn  -0.994466 0.093965 0.046983
vn  -0.994466 0.093965 0.046983
vn  -0.995780 0.086249 0.031363
vn  -0.995780 0.086249 0.031363
vn  -0.995780 0.086249 0.031363
vn  0.995092 0.086873 0.047385
vn  0.995092 0.086873 0.047385
vn  0.995092 0.086873 0.047385
vn  0.995092 0.086873 0.047385
vn  0.996959 0.071211 0.031649
vn  0.996959 0.071211 0.031649
vn  0.996959 0.071211 0.031649
vn  0.000000 -0.560150 0.828391
vn  0.000000 -0.560150 0.828391
vn  0.000000 -0.415574 0.909559
vn  0.000000 -0.415574 0.909559
vn  0.000000 -0.399585 0.916696
vn  0.000000 -0.399585 0.916696
vn  0.000000 0.062868 0.998022
vn  0.000000 0.062868 0.998022
vn  0.000000 0.711046 0.703146
vn  0.000000 0.711046 0.703146
vn  0.000000 0.601265 0.799050
vn  0.000000 0.606280 0.795251
vn  0.000000 0.118213 0.992988
vn  0.000000 0.118213 0.992988
vn  0.000000 0.434528 0.900658
vn  0.000000 0.440904 0.897554
vn  0.000000 0.897554 0.440904
vn  0.000000 0.897554 0.440904
vn  -1.000000 0.000000 0.000000
vn  -1.000000 0.000000 0.000000
vn  -1.000000 0.000000 0.000000
vn  -1.000000 0.000000 0.000000
vn  -1.000000 0.000000 0.000000
vn  -0.999969 0.000000 -0.007812
vn  -1.000000 0.000000 0.000000
vn  -1.000000 0.000000 0.000000
vn  -1.000000 0.000000 0.000000
vn  -1.000000 0.000000 0.000000
vn  0.000000 -0.920752 -0.390149
vn  0.000000 -0.920752 -0.390149
vn  0.000000 -0.560150 0.828391
vn  0.000000 -0.560150 0.828391
vn  0.999969 0.000000 -0.007874
vn  1.000000 0.000000 0.000000
vn  0.999969 0.000000 -0.007874
vn  1.000000 0.000000 0.000000
vn  1.000000 0.000000 0.000000
vn  1.000000 0.000000 0.000000
vn  0.999969 0.000000 -0.007874
vn  0.999969 0.000000 -0.007874
vn  1.000000 0.000000 0.000000
vn  1.000000 0.000000 0.000000
vn  1.000000 0.000000 0.000000
vn  1.000000 0.000000 0.000000
vn  1.000000 0.000000 0.000000
vn  1.000000 0.000000 0.000000
vn  1.000000 0.000000 0.000000
vn  1.000000 0.000000 0.000000
vn  1.000000 0.000000 0.000000
vn  1.000000 0.000000 0.000000
vn  1.000000 0.000000 0.000000
vn  1.000000 0.000000 0.000000
vn  1.000000 0.000000 0.000000
vn  1.000000 0.000000 0.000000
vn  1.000000 0.000000 0.000000
vn  1.000000 0.000000 0.000000
vn  -0.007924 0.942961 0.332810
vn  -0.007854 0.997468 0.070687
vn  -0.007854 0.997468 0.070687
vn  -0.007903 0.940454 0.339828
vn  -0.007901 0.995464 0.094806
vn  -0.007906 0.996180 0.086968
vn  -0.007888 0.867730 -0.496973
vn  -0.007835 0.869659 -0.493590
vn  -0.007873 0.763661 -0.645569
vn  -0.007873 0.763661 -0.645569
vn  -0.007870 0.881453 -0.472207
vn  -0.007870 0.881453 -0.472207
vn  -0.007861 0.801858 -0.597463
vn  -0.007861 0.801858 -0.597463
vn  -0.007852 0.683136 -0.730249
vn  -0.007897 0.687066 -0.726552
vn  -0.007836 0.611206 -0.791433
vn  -0.007836 0.611206 -0.791433
vn  -1.000000 0.000000 0.000000
vn  -1.000000 0.000000 0.000000
vn  -1.000000 0.000000 0.000000
vn  -1.000000 0.000000 0.000000
vn  -1.000000 0.000000 0.000000
vn  -1.000000 0.000000 0.000000
vn  -1.000000 0.000000 0.000000
vn  -1.000000 0.000000 0.000000
vn  -1.000000 0.000000 0.000000
vn  -1.000000 0.000000 0.000000
vn  -1.000000 0.000000 0.000000
vn  -1.000000 0.000000 0.000000
vn  -1.000000 0.000000 0.000000
vn  -1.000000 0.000000 0.000000
vn  0.000000 -0.927398 -0.374076
vn  0.000000 -0.992157 -0.124996
vn  0.000000 -0.927398 -0.374076
vn  0.000000 -0.992157 -0.124996
vn  0.000000 -0.991160 0.132675
vn  0.000000 -0.991160 0.132675
vn  0.000000 -0.873042 0.487645
vn  0.000000 -0.873042 0.487645
vn  0.000000 -0.752577 0.658505
vn  0.000000 -0.752577 0.658505
vn  -1.000000 0.000000 0.000000
vn  -1.000000 0.000000 0.000000
vn  -1.000000 0.000000 0.000000
vn  -1.000000 0.000000 0.000000
vn  -1.000000 0.000000 0.000000
vn  -1.000000 0.000000 0.000000
vn  -1.000000 0.000000 0.000000
vn  -1.000000 0.000000 0.000000
vn  -1.000000 0.000000 0.000000
vn  -1.000000 0.000000 0.000000
vn  -1.000000 0.000000 0.000000
vn  -1.000000 0.000000 0.000000
vn  -1.000000 0.000000 0.000000
vn  -1.000000 0.000000 0.000000
vn  0.000000 0.997498 0.070689
vn  0.000000 0.942990 0.332820
vn  0.000000 0.997498 0.070689
vn  0.000000 0.940484 0.339839
vn  0.000000 0.995495 0.094809
vn  0.000000 0.996211 0.086971
vn  0.000000 0.867757 -0.496988
vn  0.000000 0.869686 -0.493605
vn  0.000000 0.763685 -0.645589
vn  0.000000 0.763685 -0.645589
vn  0.000000 0.881480 -0.472221
vn  0.000000 0.881480 -0.472221
vn  0.000000 0.801883 -0.597481
vn  0.000000 0.801883 -0.597481
vn  0.000000 0.683157 -0.730271
vn  0.000000 0.687087 -0.726575
vn  0.000000 0.611224 -0.791457
vn  0.000000 0.611224 -0.791457
vn  1.000000 0.000000 0.000000
vn  1.000000 0.000000 0.000000
vn  1.000000 0.000000 0.000000
vn  1.000000 0.000000 0.000000
vn  1.000000 0.000000 0.000000
vn  1.000000 0.000000 0.000000
vn  1.000000 0.000000 0.000000
vn  1.000000 0.000000 0.000000
vn  1.000000 0.000000 0.000000
vn  1.000000 0.000000 0.000000
vn  1.000000 0.000000 0.000000
vn  1.000000 0.000000 0.000000
vn  1.000000 0.000000 0.000000
vn  1.000000 0.000000 0.000000
vn  -0.007812 -0.992127 -0.124992
vn  -0.007793 -0.927370 -0.374065
vn  -0.007793 -0.927370 -0.374065
vn  -0.007812 -0.992127 -0.124992
vn  -0.007804 -0.991129 0.132671
vn  -0.007804 -0.991129 0.132671
vn  -0.007865 -0.873015 0.487630
vn  -0.007865 -0.873015 0.487630
vn  -0.007839 -0.752554 0.658484
vn  -0.007839 -0.752554 0.658484
vn  0.000000 0.376798 -0.926295
vn  0.000000 0.376798 -0.926295
vn  -0.039103 0.383210 -0.922833
vn  0.000000 0.399585 -0.916696
vn  0.000000 0.376798 -0.926295
vn  -0.039220 0.376508 -0.925583
vn  -0.243102 0.376416 -0.893987
vn  -0.242796 0.360278 -0.900694
vn  0.000000 0.304492 -0.952515
vn  0.000000 0.370033 -0.929019
vn  0.000000 0.415574 -0.909559
vn  0.000000 0.399585 -0.916696
vn  0.031291 0.383316 -0.923087
vn  0.000000 0.351123 -0.936329
vn  0.000000 0.415574 -0.909559
vn  0.242380 0.383117 -0.891333
vn  0.000000 0.304492 -0.952515
vn  0.000000 0.344255 -0.938876
vn  0.031384 0.376613 -0.925839
vn  0.235405 0.360954 -0.902384

g LODGroup_1_MainMesh_2_Submesh_2
usemtl sm0006_Stove01A_A_Mat
f  4593/4593/4593 4594/4594/4594 4595/4595/4595
f  4594/4594/4594 4593/4593/4593 4596/4596/4596
f  4596/4596/4596 4597/4597/4597 4594/4594/4594
f  4597/4597/4597 4596/4596/4596 4598/4598/4598
f  4597/4597/4597 4598/4598/4598 4599/4599/4599
f  4600/4600/4600 4599/4599/4599 4598/4598/4598
f  4599/4599/4599 4600/4600/4600 4601/4601/4601
f  4602/4602/4602 4601/4601/4601 4600/4600/4600
f  4602/4602/4602 4603/4603/4603 4601/4601/4601
f  4603/4603/4603 4602/4602/4602 4604/4604/4604
f  4604/4604/4604 4605/4605/4605 4603/4603/4603
f  4605/4605/4605 4604/4604/4604 4606/4606/4606
f  4607/4607/4607 4608/4608/4608 4609/4609/4609
f  4608/4608/4608 4607/4607/4607 4610/4610/4610
f  4607/4607/4607 4611/4611/4611 4610/4610/4610
f  4612/4612/4612 4610/4610/4610 4611/4611/4611
f  4613/4613/4613 4612/4612/4612 4611/4611/4611
f  4612/4612/4612 4613/4613/4613 4614/4614/4614
f  4613/4613/4613 4615/4615/4615 4614/4614/4614
f  4615/4615/4615 4613/4613/4613 4616/4616/4616
f  4617/4617/4617 4618/4618/4618 4619/4619/4619
f  4618/4618/4618 4617/4617/4617 4620/4620/4620
f  4620/4620/4620 4621/4621/4621 4618/4618/4618
f  4621/4621/4621 4620/4620/4620 4622/4622/4622
f  4622/4622/4622 4623/4623/4623 4621/4621/4621
f  4623/4623/4623 4622/4622/4622 4624/4624/4624
f  4625/4625/4625 4623/4623/4623 4624/4624/4624
f  4623/4623/4623 4625/4625/4625 4626/4626/4626
f  4627/4627/4627 4628/4628/4628 4629/4629/4629
f  4628/4628/4628 4627/4627/4627 4630/4630/4630
f  4630/4630/4630 4631/4631/4631 4628/4628/4628
f  4631/4631/4631 4630/4630/4630 4632/4632/4632
f  4633/4633/4633 4631/4631/4631 4632/4632/4632
f  4631/4631/4631 4633/4633/4633 4634/4634/4634
f  4634/4634/4634 4633/4633/4633 4635/4635/4635
f  4634/4634/4634 4635/4635/4635 4636/4636/4636
f  4635/4635/4635 4637/4637/4637 4636/4636/4636
f  4637/4637/4637 4635/4635/4635 4638/4638/4638
f  4639/4639/4639 4640/4640/4640 4641/4641/4641
f  4639/4639/4639 4641/4641/4641 4642/4642/4642
f  4643/4643/4643 4644/4644/4644 4645/4645/4645
f  4643/4643/4643 4646/4646/4646 4644/4644/4644
f  4643/4643/4643 4647/4647/4647 4646/4646/4646
f  4647/4647/4647 4643/4643/4643 4648/4648/4648
f  4649/4649/4649 4650/4650/4650 4651/4651/4651
f  4650/4650/4650 4649/4649/4649 4652/4652/4652
f  4652/4652/4652 4653/4653/4653 4650/4650/4650
f  4653/4653/4653 4652/4652/4652 4654/4654/4654
f  4653/4653/4653 4654/4654/4654 4655/4655/4655
f  4656/4656/4656 4655/4655/4655 4654/4654/4654
f  4657/4657/4657 4655/4655/4655 4656/4656/4656
f  4655/4655/4655 4657/4657/4657 4658/4658/4658
f  4658/4658/4658 4657/4657/4657 4659/4659/4659
f  4660/4660/4660 4659/4659/4659 4657/4657/4657
f  4659/4659/4659 4660/4660/4660 4661/4661/4661
f  4662/4662/4662 4661/4661/4661 4660/4660/4660
f  4663/4663/4663 4664/4664/4664 4665/4665/4665
f  4664/4664/4664 4663/4663/4663 4666/4666/4666
f  4663/4663/4663 4667/4667/4667 4666/4666/4666
f  4667/4667/4667 4663/4663/4663 4668/4668/4668
f  4669/4669/4669 4670/4670/4670 4671/4671/4671
f  4670/4670/4670 4669/4669/4669 4672/4672/4672
f  4673/4673/4673 4672/4672/4672 4669/4669/4669
f  4672/4672/4672 4673/4673/4673 4674/4674/4674
f  4675/4675/4675 4674/4674/4674 4673/4673/4673
f  4674/4674/4674 4675/4675/4675 4676/4676/4676
f  4677/4677/4677 4676/4676/4676 4675/4675/4675
f  4676/4676/4676 4677/4677/4677 4678/4678/4678
f  4678/4678/4678 4677/4677/4677 4679/4679/4679
f  4677/4677/4677 4680/4680/4680 4679/4679/4679
f  4681/4681/4681 4679/4679/4679 4680/4680/4680
f  4680/4680/4680 4682/4682/4682 4681/4681/4681
f  4683/4683/4683 4684/4684/4684 4685/4685/4685
f  4684/4684/4684 4683/4683/4683 4686/4686/4686
f  4686/4686/4686 4687/4687/4687 4684/4684/4684
f  4687/4687/4687 4686/4686/4686 4688/4688/4688
f  4688/4688/4688 4689/4689/4689 4687/4687/4687
f  4690/4690/4690 4691/4691/4691 4692/4692/4692
f  4693/4693/4693 4692/4692/4692 4691/4691/4691
f  4693/4693/4693 4691/4691/4691 4694/4694/4694
f  4693/4693/4693 4694/4694/4694 4695/4695/4695
f  4695/4695/4695 4694/4694/4694 4696/4696/4696
f  4697/4697/4697 4698/4698/4698 4699/4699/4699
f  4698/4698/4698 4697/4697/4697 4700/4700/4700
f  4700/4700/4700 4701/4701/4701 4698/4698/4698
f  4701/4701/4701 4700/4700/4700 4702/4702/4702
f  4702/4702/4702 4703/4703/4703 4701/4701/4701
f  4703/4703/4703 4702/4702/4702 4704/4704/4704
f  4704/4704/4704 4705/4705/4705 4703/4703/4703
f  4705/4705/4705 4704/4704/4704 4706/4706/4706
f  4706/4706/4706 4707/4707/4707 4705/4705/4705
f  4705/4705/4705 4707/4707/4707 4708/4708/4708
f  4707/4707/4707 4709/4709/4709 4708/4708/4708
f  4708/4708/4708 4709/4709/4709 4710/4710/4710
f  4711/4711/4711 4712/4712/4712 4713/4713/4713
f  4712/4712/4712 4711/4711/4711 4714/4714/4714
f  4715/4715/4715 4714/4714/4714 4711/4711/4711
f  4714/4714/4714 4715/4715/4715 4716/4716/4716
f  4716/4716/4716 4715/4715/4715 4717/4717/4717
f  4718/4718/4718 4719/4719/4719 4720/4720/4720
f  4718/4718/4718 4721/4721/4721 4719/4719/4719
f  4721/4721/4721 4722/4722/4722 4719/4719/4719
f  4722/4722/4722 4721/4721/4721 4723/4723/4723
f  4722/4722/4722 4723/4723/4723 4724/4724/4724
f  4725/4725/4725 4726/4726/4726 4727/4727/4727
f  4728/4728/4728 4727/4727/4727 4726/4726/4726
f  4729/4729/4729 4727/4727/4727 4728/4728/4728
f  4727/4727/4727 4729/4729/4729 4730/4730/4730
f  4731/4731/4731 4730/4730/4730 4729/4729/4729
f  4730/4730/4730 4731/4731/4731 4732/4732/4732
f  4732/4732/4732 4731/4731/4731 4733/4733/4733
f  4734/4734/4734 4733/4733/4733 4731/4731/4731
f  4735/4735/4735 4733/4733/4733 4734/4734/4734
f  4733/4733/4733 4735/4735/4735 4736/4736/4736
f  4736/4736/4736 4735/4735/4735 4737/4737/4737
f  4738/4738/4738 4737/4737/4737 4735/4735/4735
f  4739/4739/4739 4737/4737/4737 4738/4738/4738
f  4737/4737/4737 4739/4739/4739 4740/4740/4740
f  4741/4741/4741 4740/4740/4740 4739/4739/4739
f  4740/4740/4740 4741/4741/4741 4742/4742/4742
f  4743/4743/4743 4744/4744/4744 4745/4745/4745
f  4743/4743/4743 4745/4745/4745 4746/4746/4746
f  4747/4747/4747 4746/4746/4746 4745/4745/4745
f  4746/4746/4746 4747/4747/4747 4748/4748/4748
f  4748/4748/4748 4747/4747/4747 4749/4749/4749
f  4749/4749/4749 4750/4750/4750 4748/4748/4748
f  4750/4750/4750 4749/4749/4749 4751/4751/4751
f  4750/4750/4750 4751/4751/4751 4752/4752/4752
f  4753/4753/4753 4754/4754/4754 4755/4755/4755
f  4756/4756/4756 4755/4755/4755 4754/4754/4754
f  4757/4757/4757 4758/4758/4758 4759/4759/4759
f  4758/4758/4758 4757/4757/4757 4760/4760/4760
f  4758/4758/4758 4760/4760/4760 4761/4761/4761
f  4760/4760/4760 4762/4762/4762 4761/4761/4761
f  4761/4761/4761 4762/4762/4762 4763/4763/4763
f  4763/4763/4763 4762/4762/4762 4764/4764/4764
f  4764/4764/4764 4765/4765/4765 4763/4763/4763
f  4765/4765/4765 4764/4764/4764 4766/4766/4766
f  4767/4767/4767 4768/4768/4768 4769/4769/4769
f  4768/4768/4768 4767/4767/4767 4770/4770/4770
f  4770/4770/4770 4771/4771/4771 4768/4768/4768
f  4771/4771/4771 4770/4770/4770 4772/4772/4772
f  4768/4768/4768 4771/4771/4771 4773/4773/4773
f  4768/4768/4768 4773/4773/4773 4774/4774/4774
f  4772/4772/4772 4775/4775/4775 4771/4771/4771
f  4775/4775/4775 4772/4772/4772 4776/4776/4776
f  4776/4776/4776 4772/4772/4772 4777/4777/4777
f  4776/4776/4776 4777/4777/4777 4778/4778/4778
f  4779/4779/4779 4778/4778/4778 4777/4777/4777
f  4780/4780/4780 4778/4778/4778 4779/4779/4779
f  4781/4781/4781 4782/4782/4782 4783/4783/4783
f  4783/4783/4783 4784/4784/4784 4781/4781/4781
f  4784/4784/4784 4785/4785/4785 4781/4781/4781
f  4785/4785/4785 4784/4784/4784 4786/4786/4786
f  4787/4787/4787 4785/4785/4785 4786/4786/4786
f  4786/4786/4786 4788/4788/4788 4787/4787/4787
f  4789/4789/4789 4787/4787/4787 4788/4788/4788
f  4790/4790/4790 4787/4787/4787 4789/4789/4789
f  4789/4789/4789 4791/4791/4791 4790/4790/4790
f  4791/4791/4791 4789/4789/4789 4792/4792/4792
f  4793/4793/4793 4791/4791/4791 4792/4792/4792
f  4792/4792/4792 4794/4794/4794 4793/4793/4793
f  4795/4795/4795 4793/4793/4793 4794/4794/4794
f  4794/4794/4794 4796/4796/4796 4795/4795/4795
f  4797/4797/4797 4795/4795/4795 4796/4796/4796
f  4798/4798/4798 4795/4795/4795 4797/4797/4797
f  4799/4799/4799 4800/4800/4800 4801/4801/4801
f  4800/4800/4800 4799/4799/4799 4802/4802/4802
f  4803/4803/4803 4802/4802/4802 4799/4799/4799
f  4802/4802/4802 4803/4803/4803 4804/4804/4804
f  4799/4799/4799 4805/4805/4805 4803/4803/4803
f  4805/4805/4805 4799/4799/4799 4806/4806/4806
f  4804/4804/4804 4803/4803/4803 4807/4807/4807
f  4808/4808/4808 4804/4804/4804 4807/4807/4807
f  4804/4804/4804 4808/4808/4808 4809/4809/4809
f  4809/4809/4809 4808/4808/4808 4810/4810/4810
f  4810/4810/4810 4811/4811/4811 4809/4809/4809
f  4811/4811/4811 4810/4810/4810 4812/4812/4812
f  4813/4813/4813 4814/4814/4814 4815/4815/4815
f  4815/4815/4815 4814/4814/4814 4816/4816/4816
f  4817/4817/4817 4816/4816/4816 4814/4814/4814
f  4816/4816/4816 4817/4817/4817 4818/4818/4818
f  4819/4819/4819 4818/4818/4818 4817/4817/4817
f  4818/4818/4818 4819/4819/4819 4820/4820/4820
f  4819/4819/4819 4821/4821/4821 4820/4820/4820
f  4820/4820/4820 4821/4821/4821 4822/4822/4822
f  4823/4823/4823 4824/4824/4824 4825/4825/4825
f  4824/4824/4824 4823/4823/4823 4826/4826/4826
f  4826/4826/4826 4823/4823/4823 4827/4827/4827
f  4826/4826/4826 4827/4827/4827 4828/4828/4828
f  4827/4827/4827 4823/4823/4823 4829/4829/4829
f  4829/4829/4829 4823/4823/4823 4830/4830/4830
f  4828/4828/4828 4827/4827/4827 4831/4831/4831
f  4828/4828/4828 4831/4831/4831 4832/4832/4832
f  4832/4832/4832 4833/4833/4833 4828/4828/4828
f  4832/4832/4832 4834/4834/4834 4833/4833/4833
f  4835/4835/4835 4833/4833/4833 4834/4834/4834
f  4836/4836/4836 4835/4835/4835 4834/4834/4834
f  4837/4837/4837 4838/4838/4838 4839/4839/4839
f  4839/4839/4839 4838/4838/4838 4840/4840/4840
f  4841/4841/4841 4840/4840/4840 4838/4838/4838
f  4840/4840/4840 4841/4841/4841 4842/4842/4842
f  4841/4841/4841 4843/4843/4843 4842/4842/4842
f  4842/4842/4842 4843/4843/4843 4844/4844/4844
f  4845/4845/4845 4844/4844/4844 4843/4843/4843
f  4843/4843/4843 4846/4846/4846 4845/4845/4845
f  4847/4847/4847 4845/4845/4845 4846/4846/4846
f  4845/4845/4845 4847/4847/4847 4848/4848/4848
f  4847/4847/4847 4849/4849/4849 4848/4848/4848
f  4848/4848/4848 4849/4849/4849 4850/4850/4850
f  4849/4849/4849 4851/4851/4851 4850/4850/4850
f  4850/4850/4850 4851/4851/4851 4852/4852/4852
f  4851/4851/4851 4853/4853/4853 4852/4852/4852
f  4853/4853/4853 4851/4851/4851 4854/4854/4854
f  4855/4855/4855 4856/4856/4856 4857/4857/4857
f  4856/4856/4856 4855/4855/4855 4858/4858/4858
f  4858/4858/4858 4859/4859/4859 4856/4856/4856
f  4859/4859/4859 4858/4858/4858 4860/4860/4860
f  4861/4861/4861 4856/4856/4856 4859/4859/4859
f  4856/4856/4856 4861/4861/4861 4862/4862/4862
f  4860/4860/4860 4863/4863/4863 4859/4859/4859
f  4860/4860/4860 4864/4864/4864 4863/4863/4863
f  4864/4864/4864 4860/4860/4860 4865/4865/4865
f  4865/4865/4865 4866/4866/4866 4864/4864/4864
f  4867/4867/4867 4866/4866/4866 4865/4865/4865
f  4866/4866/4866 4867/4867/4867 4868/4868/4868
f  4869/4869/4869 4870/4870/4870 4871/4871/4871
f  4871/4871/4871 4872/4872/4872 4869/4869/4869
f  4872/4872/4872 4873/4873/4873 4869/4869/4869
f  4873/4873/4873 4872/4872/4872 4874/4874/4874
f  4874/4874/4874 4875/4875/4875 4873/4873/4873
f  4875/4875/4875 4874/4874/4874 4876/4876/4876
f  4877/4877/4877 4875/4875/4875 4876/4876/4876
f  4876/4876/4876 4878/4878/4878 4877/4877/4877
f  4879/4879/4879 4880/4880/4880 4881/4881/4881
f  4881/4881/4881 4880/4880/4880 4882/4882/4882
f  4883/4883/4883 4882/4882/4882 4880/4880/4880
f  4881/4881/4881 4884/4884/4884 4879/4879/4879
f  4881/4881/4881 4882/4882/4882 4885/4885/4885
f  4886/4886/4886 4881/4881/4881 4885/4885/4885
f  4881/4881/4881 4886/4886/4886 4884/4884/4884
f  4886/4886/4886 4887/4887/4887 4884/4884/4884
f  4887/4887/4887 4879/4879/4879 4884/4884/4884
f  4887/4887/4887 4888/4888/4888 4879/4879/4879
f  4885/4885/4885 4882/4882/4882 4889/4889/4889
f  4889/4889/4889 4886/4886/4886 4885/4885/4885
f  4882/4882/4882 4890/4890/4890 4889/4889/4889
f  4882/4882/4882 4883/4883/4883 4890/4890/4890
f  4888/4888/4888 4891/4891/4891 4883/4883/4883
f  4890/4890/4890 4883/4883/4883 4891/4891/4891
f  4887/4887/4887 4886/4886/4886 4892/4892/4892
f  4889/4889/4889 4892/4892/4892 4886/4886/4886
f  4889/4889/4889 4890/4890/4890 4893/4893/4893
f  4893/4893/4893 4892/4892/4892 4889/4889/4889
f  4894/4894/4894 4890/4890/4890 4891/4891/4891
f  4890/4890/4890 4894/4894/4894 4893/4893/4893
f  4888/4888/4888 4887/4887/4887 4895/4895/4895
f  4896/4896/4896 4887/4887/4887 4892/4892/4892
f  4895/4895/4895 4887/4887/4887 4896/4896/4896
f  4892/4892/4892 4893/4893/4893 4896/4896/4896
f  4896/4896/4896 4893/4893/4893 4894/4894/4894
f  4891/4891/4891 4888/4888/4888 4897/4897/4897
f  4897/4897/4897 4888/4888/4888 4895/4895/4895
f  4891/4891/4891 4897/4897/4897 4898/4898/4898
f  4891/4891/4891 4898/4898/4898 4894/4894/4894
f  4897/4897/4897 4895/4895/4895 4898/4898/4898
f  4896/4896/4896 4894/4894/4894 4898/4898/4898
f  4898/4898/4898 4895/4895/4895 4896/4896/4896

g
